delivery_person_id,delivery_person_name,phone_number,gender,date_of_joining,employment_type,vehicle_type,location_id
DEL00001,Ryan Rajan,+91 65412 99207,Female,05-09-2022,Contract,Bike,LOC0005
DEL00002,Saira Ramakrishnan,+91 71030 99253,Female,14-08-2025,Full-Time,Scooter,LOC0093
DEL00003,Nishith Setty,+91 88336 94970,Male,05-07-2024,Contract,EV Bike,LOC0048
DEL00004,Siya Sheth,+91 60019 09540,Female,27-02-2022,Full-Time,EV Bike,LOC0081
DEL00005,Vritika Date,+91 84228 12092,Male,17-07-2021,Full-Time,Bike,LOC0044
DEL00006,Shlok Shroff,+91 92191 98600,Female,27-06-2022,Full-Time,EV Bike,LOC0094
DEL00007,Ryan Kata,+91 89003 45053,Female,18-01-2024,Full-Time,EV Bike,LOC0058
DEL00008,Kabir Cherian,+91 93452 66140,Female,13-02-2022,Contract,Van,LOC0028
DEL00009,Indranil Kunda,+91 87255 58822,Female,02-03-2025,Contract,EV Bike,LOC0102
DEL00010,Siya Sanghvi,+91 67165 45592,Female,06-09-2022,Contract,Scooter,LOC0074
DEL00011,Heer Sant,+91 73450 67472,Male,30-07-2023,Contract,Scooter,LOC0001
DEL00012,Pihu Suresh,+91 76952 99418,Male,21-07-2022,Contract,EV Bike,LOC0065
DEL00013,Farhan Dada,+91 91692 47050,Male,02-05-2024,Full-Time,Bike,LOC0096
DEL00014,Baiju Shere,+91 97313 94039,Male,14-09-2025,Full-Time,EV Bike,LOC0001
DEL00015,Nehmat Chad,+91 87800 90919,Male,04-09-2022,Full-Time,Van,LOC0078
DEL00016,Aarav Atwal,+91 87852 01948,Male,02-03-2022,Contract,Scooter,LOC0045
DEL00017,Nirvaan Bhatnagar,+91 85223 00242,Male,30-01-2023,Contract,Van,LOC0055
DEL00018,Adah Chahal,+91 74466 99402,Female,26-06-2021,Contract,EV Bike,LOC0095
DEL00019,Ehsaan Hora,+91 80969 21713,Female,11-11-2022,Full-Time,Van,LOC0039
DEL00020,Inaaya  Wadhwa,+91 97232 11736,Female,05-05-2022,Full-Time,Van,LOC0055
DEL00021,Advika Kumer,+91 83471 48583,Male,05-09-2021,Full-Time,EV Bike,LOC0061
DEL00022,Vedika Bath,+91 87671 18344,Male,30-05-2021,Full-Time,Van,LOC0083
DEL00023,Adah Varkey,+91 82564 08859,Female,21-03-2022,Full-Time,Van,LOC0025
DEL00024,Rasha Dash,+91 66116 16164,Male,25-11-2024,Contract,Scooter,LOC0098
DEL00025,Tara Kapadia,+91 69309 48523,Male,25-05-2022,Full-Time,Van,LOC0038
DEL00026,Raunak Biswas,+91 79702 50218,Female,24-07-2023,Full-Time,Bike,LOC0049
DEL00027,Shayak Hayer,+91 87950 74466,Male,22-07-2024,Contract,EV Bike,LOC0109
DEL00028,Miraan Karpe,+91 71162 33877,Female,12-10-2024,Contract,EV Bike,LOC0065
DEL00029,Adira Raja,+91 78341 60636,Male,09-05-2022,Contract,EV Bike,LOC0006
DEL00030,Hridaan Solanki,+91 67616 14259,Male,30-05-2024,Contract,EV Bike,LOC0032
DEL00031,Piya Anand,+91 77566 72309,Male,19-11-2022,Contract,Scooter,LOC0041
DEL00032,Khushi Thakkar,+91 68975 54922,Female,31-10-2024,Contract,EV Bike,LOC0107
DEL00033,Rohan Ghosh,+91 89033 14587,Male,17-08-2022,Contract,Bike,LOC0060
DEL00034,Anya Raj,+91 88091 70740,Male,06-03-2022,Contract,Van,LOC0101
DEL00035,Shalv Vala,+91 73370 52284,Male,30-03-2025,Contract,Van,LOC0005
DEL00036,Rohan Chaudhari,+91 80450 61079,Male,29-03-2023,Full-Time,Scooter,LOC0004
DEL00037,Tushar Taneja,+91 95549 99443,Male,12-11-2023,Full-Time,EV Bike,LOC0020
DEL00038,Hunar Kalla,+91 94428 79373,Female,11-02-2026,Full-Time,EV Bike,LOC0093
DEL00039,Lavanya Varughese,+91 69053 54757,Male,15-08-2024,Full-Time,Van,LOC0070
DEL00040,Prisha Sinha,+91 83139 53934,Female,06-04-2024,Contract,Van,LOC0066
DEL00041,Prisha Desai,+91 95109 07927,Female,14-03-2022,Full-Time,EV Bike,LOC0112
DEL00042,Hansh Shan,+91 62815 31902,Female,14-06-2024,Full-Time,EV Bike,LOC0038
DEL00043,Seher Gill,+91 84735 48063,Female,28-11-2024,Full-Time,Bike,LOC0049
DEL00044,Shayak Sibal,+91 74132 74299,Male,14-02-2022,Contract,Bike,LOC0085
DEL00045,Shayak Aurora,+91 87389 62801,Male,08-09-2022,Contract,Bike,LOC0078
DEL00046,Ishaan Khosla,+91 76949 29505,Male,17-12-2025,Contract,Van,LOC0066
DEL00047,Arhaan Butala,+91 81822 68813,Female,04-07-2025,Full-Time,Van,LOC0105
DEL00048,Romil Halder,+91 97023 46569,Male,15-03-2023,Contract,Bike,LOC0034
DEL00049,Devansh Sami,+91 89208 70980,Female,10-11-2024,Contract,Scooter,LOC0112
DEL00050,Kaira Raja,+91 79017 70516,Male,02-08-2021,Full-Time,Bike,LOC0108
DEL00051,Indranil Chanda,+91 95340 26755,Female,06-07-2024,Full-Time,Scooter,LOC0045
DEL00052,Jhanvi Kadakia,+91 93149 81116,Female,13-08-2021,Contract,Bike,LOC0053
DEL00053,Zara Ram,+91 70271 14297,Male,04-01-2026,Full-Time,Van,LOC0032
DEL00054,Divij Manne,+91 80040 98648,Female,04-08-2022,Contract,Scooter,LOC0083
DEL00055,Suhana Rajagopalan,+91 70323 60917,Male,11-01-2022,Contract,Van,LOC0041
DEL00056,Kimaya Dube,+91 79880 35486,Female,01-07-2024,Contract,Scooter,LOC0049
DEL00057,Khushi Garg,+91 79811 31006,Male,24-06-2021,Full-Time,Van,LOC0074
DEL00058,Trisha Saini,+91 97523 27946,Female,27-07-2022,Full-Time,Bike,LOC0033
DEL00059,Drishya Dhillon,+91 89228 38727,Male,22-04-2022,Contract,Scooter,LOC0004
DEL00060,Trisha Singhal,+91 87887 19679,Female,23-11-2025,Contract,Bike,LOC0071
DEL00061,Vivaan Sani,+91 78575 56508,Female,18-08-2025,Contract,EV Bike,LOC0056
DEL00062,Bhamini Malhotra,+91 75216 65443,Male,27-03-2024,Contract,Bike,LOC0090
DEL00063,Charvi Rao,+91 74342 95493,Female,27-07-2022,Full-Time,EV Bike,LOC0098
DEL00064,Charvi Raval,+91 96768 25890,Female,24-02-2022,Contract,Scooter,LOC0017
DEL00065,Anahita Cherian,+91 63876 50782,Male,27-09-2022,Full-Time,EV Bike,LOC0047
DEL00066,Vivaan Wali,+91 91378 52370,Male,25-12-2024,Full-Time,Van,LOC0089
DEL00067,Saanvi Bahl,+91 98010 34217,Male,15-08-2024,Contract,Bike,LOC0008
DEL00068,Mahika Bhandari,+91 88823 45069,Male,12-06-2025,Contract,EV Bike,LOC0106
DEL00069,Eva Kuruvilla,+91 95458 14116,Female,21-09-2024,Full-Time,Scooter,LOC0028
DEL00070,Mehul Tripathi,+91 60876 51078,Female,08-09-2024,Contract,Bike,LOC0014
DEL00071,Azad Bose,+91 81502 39302,Male,24-01-2025,Full-Time,Bike,LOC0073
DEL00072,Ayesha Barad,+91 71408 88447,Female,20-08-2025,Full-Time,Van,LOC0080
DEL00073,Ritvik Kunda,+91 64713 35662,Female,25-07-2025,Contract,Scooter,LOC0109
DEL00074,Neelofar Trivedi,+91 61980 98498,Male,12-12-2023,Full-Time,EV Bike,LOC0047
DEL00075,Miraan Seshadri,+91 64352 53940,Male,16-09-2025,Full-Time,EV Bike,LOC0044
DEL00076,Madhav Koshy,+91 62958 89416,Male,12-04-2022,Contract,Scooter,LOC0043
DEL00077,Piya Thaman,+91 70974 11450,Male,09-08-2021,Full-Time,Scooter,LOC0015
DEL00078,Kashvi Sankar,+91 80559 89479,Male,03-12-2024,Full-Time,Scooter,LOC0004
DEL00079,Samar Gaba,+91 71786 79474,Female,03-06-2024,Contract,Van,LOC0013
DEL00080,Kanav Edwin,+91 76566 40578,Male,04-02-2024,Contract,Van,LOC0031
DEL00081,Diya Khare,+91 84040 36439,Male,18-08-2023,Contract,EV Bike,LOC0028
DEL00082,Saanvi Gandhi,+91 69305 77209,Female,01-08-2025,Full-Time,Bike,LOC0016
DEL00083,Devansh Warrior,+91 65564 57160,Female,17-12-2021,Full-Time,Van,LOC0096
DEL00084,Rati Deshpande,+91 70340 09328,Male,17-03-2024,Full-Time,EV Bike,LOC0080
DEL00085,Advika Luthra,+91 65458 23055,Male,13-07-2023,Full-Time,Scooter,LOC0028
DEL00086,Mannat Thaker,+91 60338 78522,Female,11-10-2025,Full-Time,Van,LOC0091
DEL00087,Bhavin Sarna,+91 77959 34955,Female,16-01-2026,Contract,Van,LOC0089
DEL00088,Priyansh Mani,+91 63137 75154,Male,09-12-2021,Contract,Scooter,LOC0065
DEL00089,Tejas Edwin,+91 90887 77351,Male,31-03-2024,Contract,Bike,LOC0105
DEL00090,Dhanuk Dora,+91 75786 29155,Female,07-01-2025,Contract,Van,LOC0082
DEL00091,Hridaan Thaker,+91 98996 56527,Male,29-08-2022,Contract,Bike,LOC0077
DEL00092,Ahana  Saran,+91 79766 53170,Male,09-05-2024,Full-Time,EV Bike,LOC0039
DEL00093,Adira Swamy,+91 66379 07317,Male,08-06-2023,Full-Time,Van,LOC0069
DEL00094,Farhan Boase,+91 91622 44530,Female,16-08-2023,Full-Time,Van,LOC0035
DEL00095,Pari Lad,+91 60868 91236,Female,04-10-2024,Contract,Scooter,LOC0033
DEL00096,Zain Lal,+91 93473 75915,Male,01-05-2024,Contract,Bike,LOC0039
DEL00097,Advik Kannan,+91 98293 80025,Male,28-11-2023,Contract,Van,LOC0088
DEL00098,Manjari Sarkar,+91 75250 14730,Female,24-07-2023,Full-Time,Van,LOC0082
DEL00099,Gatik Swaminathan,+91 84948 54018,Female,02-04-2021,Contract,Bike,LOC0108
DEL00100,Keya Thaman,+91 68099 89915,Male,22-08-2022,Contract,Scooter,LOC0014
DEL00101,Indranil Dugar,+91 77992 05095,Female,11-06-2024,Full-Time,EV Bike,LOC0033
DEL00102,Aradhya Gupta,+91 98676 16501,Female,15-03-2024,Full-Time,Bike,LOC0064
DEL00103,Samaira Raja,+91 81239 75304,Male,02-02-2022,Full-Time,Scooter,LOC0061
DEL00104,Hridaan Swamy,+91 74046 21155,Female,28-01-2023,Full-Time,Van,LOC0110
DEL00105,Ivan Roy,+91 89561 46942,Female,03-11-2024,Full-Time,Scooter,LOC0033
DEL00106,Charvi Rajagopalan,+91 65315 45586,Female,19-12-2025,Full-Time,Van,LOC0091
DEL00107,Sara Chawla,+91 62942 08278,Female,06-06-2024,Full-Time,Bike,LOC0037
DEL00108,Reyansh Thaker,+91 96203 51852,Male,08-05-2024,Contract,Bike,LOC0086
DEL00109,Pari Garde,+91 80368 69632,Male,07-09-2024,Contract,Scooter,LOC0031
DEL00110,Urvi Saraf,+91 98017 57809,Male,18-05-2024,Contract,Bike,LOC0046
DEL00111,Kiaan Babu,+91 70168 22395,Male,23-03-2025,Full-Time,EV Bike,LOC0052
DEL00112,Azad Batta,+91 62824 91516,Male,05-06-2021,Full-Time,Van,LOC0059
DEL00113,Mishti Kala,+91 88414 52075,Female,02-06-2024,Contract,Bike,LOC0091
DEL00114,Mannat Deshmukh,+91 72534 34349,Male,03-03-2025,Full-Time,Scooter,LOC0099
DEL00115,Vidur Ray,+91 73302 89229,Male,27-07-2025,Contract,Scooter,LOC0055
DEL00116,Neysa Raja,+91 66286 74142,Male,14-11-2025,Contract,EV Bike,LOC0081
DEL00117,Lakshit Bains,+91 96977 13066,Male,18-09-2024,Contract,Scooter,LOC0060
DEL00118,Reyansh Agrawal,+91 80277 36261,Male,26-03-2026,Contract,EV Bike,LOC0093
DEL00119,Shayak Choudhury,+91 92350 17926,Male,24-08-2021,Contract,Van,LOC0077
DEL00120,Raghav Sunder,+91 90643 75809,Male,15-01-2024,Full-Time,Van,LOC0106
DEL00121,Urvi Venkataraman,+91 75556 83469,Female,08-02-2026,Contract,Van,LOC0015
DEL00122,Anaya Kuruvilla,+91 70899 57292,Female,07-01-2022,Full-Time,Scooter,LOC0051
DEL00123,Jayan Sani,+91 76760 32101,Male,18-01-2026,Full-Time,EV Bike,LOC0085
DEL00124,Shayak Hora,+91 64955 22554,Female,05-01-2022,Contract,Van,LOC0027
DEL00125,Vedika Kota,+91 64452 70059,Female,17-08-2021,Full-Time,Bike,LOC0065
DEL00126,Alisha Seshadri,+91 98880 90461,Male,14-12-2025,Full-Time,Bike,LOC0109
DEL00127,Mohanlal Mahal,+91 70711 57052,Male,08-10-2025,Contract,Scooter,LOC0044
DEL00128,Kimaya Garde,+91 88568 45484,Male,18-03-2024,Contract,Van,LOC0007
DEL00129,Tushar Lalla,+91 69012 08651,Male,04-07-2024,Full-Time,Bike,LOC0067
DEL00130,Ivan Kuruvilla,+91 91739 63128,Female,11-02-2025,Contract,Bike,LOC0089
DEL00131,Jayan Taneja,+91 97408 73270,Female,08-12-2021,Contract,EV Bike,LOC0033
DEL00132,Zeeshan Krishnan,+91 65713 65623,Female,19-02-2023,Full-Time,Bike,LOC0072
DEL00133,Tiya Gole,+91 85098 19154,Male,04-04-2025,Contract,Bike,LOC0023
DEL00134,Vedika Tripathi,+91 62712 14707,Female,27-09-2023,Contract,EV Bike,LOC0050
DEL00135,Biju Seth,+91 82183 26326,Male,20-09-2022,Full-Time,Scooter,LOC0025
DEL00136,Yasmin Varughese,+91 96183 09224,Female,24-06-2024,Full-Time,Van,LOC0009
DEL00137,Tanya Srivastava,+91 76198 23590,Male,01-02-2025,Full-Time,Van,LOC0068
DEL00138,Gatik Dubey,+91 94344 13778,Male,17-11-2024,Full-Time,EV Bike,LOC0050
DEL00139,Faiyaz Karnik,+91 75713 49273,Male,25-06-2022,Full-Time,Bike,LOC0070
DEL00140,Tarini Dua,+91 71852 19421,Male,31-01-2024,Full-Time,EV Bike,LOC0059
DEL00141,Biju Bahl,+91 90933 32857,Female,21-04-2022,Full-Time,Scooter,LOC0022
DEL00142,Vaibhav Shere,+91 74357 50974,Female,11-02-2023,Full-Time,Scooter,LOC0011
DEL00143,Riaan Mani,+91 65202 39209,Male,20-09-2024,Full-Time,Scooter,LOC0037
DEL00144,Jivin Chand,+91 62160 64095,Male,05-02-2022,Full-Time,Van,LOC0054
DEL00145,Vihaan Kaul,+91 60012 00634,Male,30-12-2025,Contract,Bike,LOC0048
DEL00146,Charvi Bhalla,+91 95969 08445,Male,30-03-2024,Contract,Van,LOC0004
DEL00147,Riaan Tank,+91 90106 79506,Male,21-07-2022,Full-Time,Scooter,LOC0005
DEL00148,Jayan Suri,+91 65705 62710,Female,16-09-2021,Contract,EV Bike,LOC0009
DEL00149,Saksham Goda,+91 89349 15625,Male,26-09-2023,Contract,Bike,LOC0042
DEL00150,Sara Halder,+91 97020 63582,Female,24-03-2024,Full-Time,Scooter,LOC0072
DEL00151,Zeeshan Doshi,+91 84104 47681,Male,30-06-2024,Contract,Scooter,LOC0076
DEL00152,Kismat Dada,+91 99057 97014,Female,30-01-2026,Full-Time,Bike,LOC0044
DEL00153,Pranay Sibal,+91 68324 33735,Male,20-11-2025,Contract,Van,LOC0002
DEL00154,Dishani Chadha,+91 95493 72077,Male,16-02-2026,Full-Time,Scooter,LOC0081
DEL00155,Neelofar Suri,+91 88657 70575,Female,11-01-2022,Full-Time,Van,LOC0069
DEL00156,Aayush Lalla,+91 77405 91174,Male,22-12-2024,Contract,Van,LOC0070
DEL00157,Ayesha Khare,+91 84788 74880,Female,11-03-2023,Contract,EV Bike,LOC0081
DEL00158,Aniruddh Banerjee,+91 67906 79196,Female,29-03-2026,Contract,Bike,LOC0052
DEL00159,Kashvi Dhar,+91 82881 26610,Male,24-02-2024,Full-Time,EV Bike,LOC0047
DEL00160,Manjari Master,+91 71411 08522,Female,10-07-2022,Full-Time,EV Bike,LOC0095
DEL00161,Mannat Khare,+91 98306 18641,Male,22-05-2025,Contract,EV Bike,LOC0041
DEL00162,Ishita Keer,+91 79831 51991,Male,14-03-2023,Full-Time,Scooter,LOC0018
DEL00163,Jayan Saxena,+91 94250 98945,Female,10-04-2024,Contract,EV Bike,LOC0094
DEL00164,Madhup Krishnan,+91 85798 73221,Male,03-05-2022,Contract,Van,LOC0059
DEL00165,Jayant Gara,+91 97331 22383,Female,16-07-2021,Full-Time,EV Bike,LOC0049
DEL00166,Adira Sant,+91 68829 06186,Male,11-01-2023,Full-Time,EV Bike,LOC0079
DEL00167,Vihaan Raja,+91 65397 83584,Female,10-10-2022,Contract,Scooter,LOC0005
DEL00168,Ivan Varghese,+91 67701 12549,Male,06-01-2024,Contract,Van,LOC0005
DEL00169,Suhana Basu,+91 61108 68118,Female,19-03-2022,Full-Time,EV Bike,LOC0082
DEL00170,Vritika Chaudhari,+91 62007 24122,Male,15-06-2023,Contract,Scooter,LOC0004
DEL00171,Indranil Bora,+91 92657 45909,Female,18-10-2025,Full-Time,Scooter,LOC0094
DEL00172,Dhanush Bhatti,+91 70464 17774,Female,30-10-2021,Full-Time,EV Bike,LOC0102
DEL00173,Mishti Bhalla,+91 71495 54393,Male,26-01-2025,Full-Time,Van,LOC0091
DEL00174,Gatik Sandal,+91 98833 39627,Female,12-11-2021,Contract,Bike,LOC0109
DEL00175,Anvi Taneja,+91 60196 69247,Male,31-08-2021,Full-Time,Scooter,LOC0093
DEL00176,Riya Brahmbhatt,+91 86154 47217,Male,04-08-2025,Contract,Scooter,LOC0093
DEL00177,Yuvaan Rege,+91 62686 65497,Male,10-05-2021,Full-Time,Van,LOC0043
DEL00178,Eshani Majumdar,+91 84927 70173,Male,14-12-2022,Full-Time,Scooter,LOC0041
DEL00179,Purab Keer,+91 60391 52240,Female,06-03-2024,Contract,Scooter,LOC0030
DEL00180,Shamik Gour,+91 88470 78805,Male,06-05-2022,Contract,EV Bike,LOC0109
DEL00181,Kimaya Kurian,+91 64926 19937,Female,11-04-2023,Contract,EV Bike,LOC0072
DEL00182,Arnav Sachar,+91 99308 70018,Female,21-11-2024,Full-Time,Van,LOC0101
DEL00183,Tejas Ray,+91 69769 33414,Male,09-04-2021,Full-Time,Scooter,LOC0034
DEL00184,Eva Dora,+91 68398 60544,Female,09-04-2024,Contract,EV Bike,LOC0001
DEL00185,Riya Majumdar,+91 72826 85403,Female,14-03-2025,Full-Time,EV Bike,LOC0107
DEL00186,Shaan Bahri,+91 90472 03485,Female,18-10-2021,Contract,Bike,LOC0001
DEL00187,Krish Koshy,+91 61862 99019,Female,03-09-2022,Full-Time,Van,LOC0016
DEL00188,Alisha Bedi,+91 64535 07823,Female,10-01-2025,Contract,Van,LOC0013
DEL00189,Shanaya Handa,+91 82999 54983,Female,07-04-2021,Full-Time,Bike,LOC0084
DEL00190,Alia Sandhu,+91 61438 47346,Male,15-03-2023,Full-Time,Van,LOC0091
DEL00191,Romil Walla,+91 64870 30549,Male,27-10-2021,Full-Time,Bike,LOC0009
DEL00192,Yuvaan Kale,+91 75365 60947,Male,23-10-2023,Full-Time,Scooter,LOC0112
DEL00193,Emir Seth,+91 74817 35754,Male,30-12-2023,Contract,Van,LOC0088
DEL00194,Raunak Mallick,+91 77240 96262,Female,25-07-2021,Full-Time,Van,LOC0013
DEL00195,Urvi Mander,+91 85638 19666,Male,26-05-2022,Contract,Scooter,LOC0082
DEL00196,Tanya Sangha,+91 66320 76286,Male,14-05-2021,Contract,Van,LOC0035
DEL00197,Aaina Sankar,+91 82396 98979,Female,06-03-2024,Contract,Bike,LOC0046
DEL00198,Zoya Agarwal,+91 86453 91953,Male,04-10-2025,Contract,Scooter,LOC0101
DEL00199,Kiaan Chhabra,+91 88320 52173,Male,19-08-2023,Contract,Van,LOC0019
DEL00200,Uthkarsh Banerjee,+91 68165 96619,Male,07-07-2025,Full-Time,Scooter,LOC0017
DEL00201,Madhav Rastogi,+91 91099 39835,Female,26-05-2024,Contract,Van,LOC0095
DEL00202,Prerak Chana,+91 98666 63685,Male,26-10-2024,Full-Time,Scooter,LOC0061
DEL00203,Madhup Sachdeva,+91 76770 59288,Male,19-10-2024,Contract,EV Bike,LOC0016
DEL00204,Neelofar Kanda,+91 69291 14714,Male,14-03-2023,Contract,Scooter,LOC0049
DEL00205,Keya Choudhury,+91 63980 65401,Male,17-05-2022,Full-Time,Scooter,LOC0112
DEL00206,Yakshit Sengupta,+91 94081 84663,Male,03-07-2021,Full-Time,Van,LOC0010
DEL00207,Biju Dass,+91 81756 84930,Female,09-05-2021,Contract,Bike,LOC0095
DEL00208,Kashvi Solanki,+91 67194 96289,Male,12-05-2025,Contract,EV Bike,LOC0042
DEL00209,Hazel Ramanathan,+91 80952 36160,Male,29-06-2021,Full-Time,Bike,LOC0079
DEL00210,Suhana Goel,+91 61661 25152,Male,03-11-2023,Contract,EV Bike,LOC0015
DEL00211,Madhup Yadav,+91 94816 61452,Female,07-04-2025,Full-Time,EV Bike,LOC0040
DEL00212,Advik Borde,+91 60444 21696,Female,08-03-2026,Full-Time,Scooter,LOC0096
DEL00213,Gokul Dara,+91 91731 21804,Male,17-12-2021,Contract,EV Bike,LOC0017
DEL00214,Miraya Baria,+91 70949 41222,Female,09-06-2022,Contract,Bike,LOC0012
DEL00215,Vanya Bhardwaj,+91 95770 70117,Female,01-04-2023,Contract,Bike,LOC0097
DEL00216,Damini Chandra,+91 73940 81458,Male,31-12-2021,Contract,Van,LOC0045
DEL00217,Mannat Sodhi,+91 93340 86385,Female,03-08-2024,Full-Time,Bike,LOC0004
DEL00218,Darshit Dada,+91 74101 31544,Female,15-02-2022,Contract,EV Bike,LOC0009
DEL00219,Samaira Deep,+91 99776 63060,Female,29-01-2023,Contract,Bike,LOC0096
DEL00220,Bhavin Mahajan,+91 74528 84368,Female,18-04-2025,Contract,EV Bike,LOC0021
DEL00221,Pihu Kara,+91 78500 72243,Male,12-11-2025,Full-Time,Scooter,LOC0112
DEL00222,Zain Barad,+91 83782 71928,Female,18-09-2023,Contract,EV Bike,LOC0062
DEL00223,Alia Sharaf,+91 83029 86766,Male,06-01-2026,Contract,EV Bike,LOC0033
DEL00224,Raunak Sarna,+91 88750 99266,Male,21-04-2021,Contract,Scooter,LOC0040
DEL00225,Aarush Maharaj,+91 73136 07088,Male,05-04-2023,Contract,Van,LOC0100
DEL00226,Kanav Swamy,+91 65550 73908,Male,29-11-2025,Contract,Scooter,LOC0077
DEL00227,Jayant Sani,+91 87202 41741,Female,06-01-2022,Contract,Van,LOC0063
DEL00228,Shalv Koshy,+91 79126 27563,Female,31-07-2021,Contract,Bike,LOC0029
DEL00229,Pari Krish,+91 75073 08719,Male,28-02-2025,Contract,Van,LOC0095
DEL00230,Manikya Bhatti,+91 99838 39948,Male,03-05-2025,Contract,EV Bike,LOC0005
DEL00231,Reyansh Hayre,+91 90844 92415,Female,09-07-2024,Contract,Van,LOC0020
DEL00232,Mamooty Bajaj,+91 75570 39772,Male,30-05-2023,Contract,Bike,LOC0011
DEL00233,Vivaan Baral,+91 82444 52254,Male,23-12-2024,Full-Time,Bike,LOC0012
DEL00234,Sana Deo,+91 80753 52476,Male,26-02-2023,Contract,Bike,LOC0038
DEL00235,Vardaniya Basu,+91 98664 55957,Male,13-03-2024,Contract,EV Bike,LOC0024
DEL00236,Shlok Zachariah,+91 89555 91153,Female,28-09-2021,Contract,Scooter,LOC0030
DEL00237,Rohan Rout,+91 61775 07667,Male,04-06-2021,Full-Time,EV Bike,LOC0080
DEL00238,Shamik Banerjee,+91 95698 01919,Male,21-05-2022,Full-Time,Van,LOC0060
DEL00239,Urvi Kulkarni,+91 77637 33397,Male,14-11-2023,Contract,Bike,LOC0045
DEL00240,Hansh Lalla,+91 73073 31615,Male,12-10-2025,Full-Time,Van,LOC0076
DEL00241,Oorja Edwin,+91 67780 28578,Female,21-10-2021,Full-Time,Van,LOC0009
DEL00242,Biju Dubey,+91 96193 89292,Female,21-03-2025,Full-Time,Scooter,LOC0069
DEL00243,Alia Seshadri,+91 85296 09565,Male,16-08-2024,Full-Time,Van,LOC0105
DEL00244,Darshit Bahri,+91 67708 64323,Male,25-03-2025,Full-Time,Van,LOC0067
DEL00245,Fateh Bedi,+91 61261 99643,Female,16-06-2024,Full-Time,EV Bike,LOC0092
DEL00246,Zeeshan Chaudhuri,+91 70941 78967,Male,10-05-2021,Full-Time,Bike,LOC0011
DEL00247,Tejas Majumdar,+91 86990 78188,Female,17-01-2024,Contract,Scooter,LOC0013
DEL00248,Kartik Korpal,+91 87319 20249,Female,22-04-2021,Full-Time,Bike,LOC0090
DEL00249,Chirag Khurana,+91 87016 24520,Female,13-04-2024,Contract,Scooter,LOC0065
DEL00250,Pihu Chaudhari,+91 81422 25929,Male,10-07-2023,Contract,Van,LOC0016
DEL00251,Suhana Basu,+91 61569 11060,Female,05-08-2025,Full-Time,EV Bike,LOC0012
DEL00252,Arnav Upadhyay,+91 63093 02247,Female,10-09-2023,Full-Time,Scooter,LOC0039
DEL00253,Dhanush Amble,+91 86699 31811,Female,23-03-2023,Contract,Bike,LOC0093
DEL00254,Samarth Gopal,+91 96512 22528,Female,22-04-2022,Full-Time,Van,LOC0019
DEL00255,Adira Bumb,+91 89467 94400,Female,03-05-2024,Full-Time,Van,LOC0007
DEL00256,Himmat Karan,+91 85879 12096,Male,28-11-2021,Contract,Scooter,LOC0105
DEL00257,Madhav Sangha,+91 63116 12448,Female,19-04-2023,Full-Time,Scooter,LOC0074
DEL00258,Elakshi Uppal,+91 79673 52957,Female,18-01-2022,Contract,EV Bike,LOC0007
DEL00259,Shayak Balay,+91 92616 62507,Female,12-08-2021,Contract,Van,LOC0039
DEL00260,Aarna Sura,+91 64161 65335,Female,23-09-2021,Contract,Scooter,LOC0094
DEL00261,Tara Vala,+91 88638 01682,Female,09-03-2026,Full-Time,Scooter,LOC0093
DEL00262,Shalv Sawhney,+91 97596 91566,Male,28-03-2026,Contract,Scooter,LOC0072
DEL00263,Samarth Basak,+91 93855 71634,Female,17-11-2023,Contract,EV Bike,LOC0080
DEL00264,Jivika Brahmbhatt,+91 80002 34176,Female,20-06-2023,Contract,EV Bike,LOC0024
DEL00265,Priyansh Magar,+91 95222 40250,Female,08-05-2024,Full-Time,Van,LOC0042
DEL00266,Miraan Dhingra,+91 79414 76484,Female,25-06-2024,Contract,Van,LOC0057
DEL00267,Rhea Lad,+91 68577 02003,Male,28-11-2025,Contract,Scooter,LOC0070
DEL00268,Charvi Butala,+91 82844 77120,Female,04-07-2021,Contract,EV Bike,LOC0079
DEL00269,Amira Kapoor,+91 64801 07883,Female,25-09-2023,Contract,EV Bike,LOC0042
DEL00270,Ivana Yogi,+91 98603 83119,Male,01-12-2024,Contract,Bike,LOC0088
DEL00271,Ryan Jain,+91 85174 51435,Male,05-01-2026,Contract,Van,LOC0003
DEL00272,Uthkarsh Bal,+91 98901 00070,Female,16-01-2025,Full-Time,Bike,LOC0095
DEL00273,Vardaniya Konda,+91 60767 28327,Female,03-05-2022,Contract,EV Bike,LOC0028
DEL00274,Aarav Sathe,+91 84381 75967,Male,14-08-2024,Full-Time,Van,LOC0113
DEL00275,Kavya Yohannan,+91 99380 27323,Female,07-04-2025,Full-Time,Van,LOC0097
DEL00276,Dhanuk Hari,+91 62673 74024,Female,12-12-2023,Full-Time,EV Bike,LOC0035
DEL00277,Samar Choudhry,+91 69382 53340,Female,21-08-2023,Full-Time,Scooter,LOC0089
DEL00278,Mohanlal Grewal,+91 97881 93788,Female,24-12-2021,Contract,Scooter,LOC0082
DEL00279,Ishaan Boase,+91 95385 35043,Male,12-08-2025,Full-Time,EV Bike,LOC0111
DEL00280,Badal Keer,+91 80154 21562,Female,03-04-2023,Full-Time,EV Bike,LOC0081
DEL00281,Saanvi Ramesh,+91 98377 51384,Female,16-03-2022,Contract,Van,LOC0107
DEL00282,Aaryahi Kar,+91 64133 28211,Female,11-03-2023,Full-Time,Bike,LOC0081
DEL00283,Zaina Chand,+91 84346 35290,Male,22-08-2021,Contract,Bike,LOC0017
DEL00284,Devansh Sama,+91 74814 70016,Male,08-05-2021,Contract,Bike,LOC0088
DEL00285,Shray Sabharwal,+91 93258 22383,Female,21-10-2022,Contract,EV Bike,LOC0059
DEL00286,Krish Randhawa,+91 93561 92570,Female,07-02-2025,Contract,Scooter,LOC0095
DEL00287,Ayesha Mani,+91 66622 59905,Female,06-04-2021,Full-Time,Van,LOC0088
DEL00288,Aaryahi Bala,+91 66472 81679,Female,07-10-2023,Contract,EV Bike,LOC0110
DEL00289,Hiran Virk,+91 76761 28521,Female,20-12-2025,Full-Time,Bike,LOC0053
DEL00290,Neelofar Hayer,+91 89876 06037,Male,25-05-2025,Contract,Bike,LOC0055
DEL00291,Kabir Srinivasan,+91 95156 26833,Male,06-12-2021,Contract,EV Bike,LOC0055
DEL00292,Aarav Kanda,+91 74804 38324,Male,29-01-2022,Contract,Bike,LOC0046
DEL00293,Tushar Bassi,+91 62279 00717,Male,31-05-2021,Contract,Bike,LOC0032
DEL00294,Darshit Kumar,+91 84508 13230,Male,30-03-2022,Contract,EV Bike,LOC0113
DEL00295,Myra Joshi,+91 85826 73357,Female,12-07-2022,Full-Time,Bike,LOC0035
DEL00296,Aaina Bahri,+91 94965 96272,Male,13-12-2022,Full-Time,EV Bike,LOC0047
DEL00297,Lakshay Krishnan,+91 68432 74181,Male,09-07-2021,Contract,Scooter,LOC0047
DEL00298,Vritika Dugar,+91 95049 79704,Male,29-09-2025,Full-Time,EV Bike,LOC0108
DEL00299,Madhup Handa,+91 78462 06565,Female,30-12-2023,Full-Time,Van,LOC0054
DEL00300,Akarsh Bala,+91 67525 05978,Male,07-12-2024,Full-Time,EV Bike,LOC0095
DEL00301,Navya Kar,+91 75645 91140,Female,24-09-2023,Contract,Bike,LOC0045
DEL00302,Aaryahi Amble,+91 79407 34840,Male,29-06-2025,Full-Time,Bike,LOC0108
DEL00303,Jiya Bandi,+91 68856 24755,Female,05-07-2024,Full-Time,Bike,LOC0095
DEL00304,Tarini Talwar,+91 67673 05333,Female,23-08-2023,Contract,Van,LOC0057
DEL00305,Samaira Sehgal,+91 93906 54962,Male,13-07-2021,Contract,EV Bike,LOC0040
DEL00306,Mishti Koshy,+91 91532 09288,Female,11-11-2025,Contract,EV Bike,LOC0059
DEL00307,Keya Kala,+91 69334 52273,Female,24-11-2021,Contract,Scooter,LOC0045
DEL00308,Baiju Chakraborty,+91 75298 63465,Female,22-12-2021,Contract,Van,LOC0080
DEL00309,Rati Basu,+91 71095 02212,Female,14-04-2023,Full-Time,Van,LOC0104
DEL00310,Myra Dhingra,+91 70687 19938,Male,26-04-2024,Full-Time,EV Bike,LOC0081
DEL00311,Tushar Sharaf,+91 90428 64193,Female,21-10-2022,Contract,EV Bike,LOC0002
DEL00312,Gatik Comar,+91 97722 49685,Male,31-10-2023,Full-Time,Bike,LOC0037
DEL00313,Samaira Kuruvilla,+91 98226 44633,Female,21-11-2021,Contract,Scooter,LOC0044
DEL00314,Pranay Tak,+91 76763 70310,Male,21-07-2022,Contract,Van,LOC0112
DEL00315,Diya Sule,+91 64176 65043,Female,26-11-2025,Contract,EV Bike,LOC0060
DEL00316,Eva Sharaf,+91 89169 33585,Male,21-12-2021,Full-Time,Scooter,LOC0111
DEL00317,Kashvi Dey,+91 82345 26518,Female,15-06-2023,Contract,EV Bike,LOC0012
DEL00318,Farhan Agate,+91 95771 46500,Female,28-08-2024,Contract,Bike,LOC0066
DEL00319,Fateh Iyer,+91 82627 80535,Female,25-03-2023,Full-Time,Scooter,LOC0085
DEL00320,Purab Kala,+91 61543 81694,Male,26-05-2022,Full-Time,Bike,LOC0075
DEL00321,Sahil Char,+91 65190 82619,Female,03-11-2021,Full-Time,EV Bike,LOC0046
DEL00322,Ayesha Loyal,+91 85250 89048,Male,25-08-2022,Full-Time,Bike,LOC0113
DEL00323,Tarini Aurora,+91 98936 90137,Female,26-03-2025,Full-Time,EV Bike,LOC0112
DEL00324,Damini Sidhu,+91 76511 28135,Male,27-12-2022,Contract,Bike,LOC0098
DEL00325,Manikya Koshy,+91 90597 64278,Female,25-12-2024,Contract,Bike,LOC0051
DEL00326,Prisha Chaudhary,+91 88334 23243,Female,18-07-2025,Full-Time,Bike,LOC0005
DEL00327,Mehul Chana,+91 90934 46404,Female,14-08-2025,Contract,Bike,LOC0051
DEL00328,Eva Cherian,+91 72525 20168,Male,13-03-2023,Full-Time,Van,LOC0007
DEL00329,Shamik Kala,+91 82525 35190,Female,02-12-2022,Contract,Van,LOC0068
DEL00330,Ayesha Malhotra,+91 69450 73051,Female,14-08-2021,Full-Time,Van,LOC0049
DEL00331,Romil Chauhan,+91 70739 65615,Female,01-07-2025,Full-Time,Bike,LOC0052
DEL00332,Diya Soni,+91 72379 83218,Female,20-05-2021,Full-Time,EV Bike,LOC0015
DEL00333,Jiya Dey,+91 61647 05389,Male,11-05-2024,Full-Time,Scooter,LOC0079
DEL00334,Nitara Batta,+91 90676 11018,Male,19-07-2022,Full-Time,Scooter,LOC0093
DEL00335,Farhan Varkey,+91 63333 98349,Male,31-12-2024,Full-Time,Scooter,LOC0109
DEL00336,Shaan Buch,+91 89480 01801,Female,11-10-2023,Contract,EV Bike,LOC0018
DEL00337,Dhruv Shroff,+91 67545 34149,Female,03-12-2023,Full-Time,EV Bike,LOC0022
DEL00338,Mannat Sahota,+91 93030 24674,Female,09-01-2023,Full-Time,Scooter,LOC0009
DEL00339,Neysa Barad,+91 86119 95520,Male,24-11-2025,Contract,EV Bike,LOC0060
DEL00340,Mehul Jayaraman,+91 96078 76522,Male,12-02-2024,Contract,EV Bike,LOC0067
DEL00341,Sara Kamdar,+91 88264 11732,Female,04-12-2023,Full-Time,Bike,LOC0002
DEL00342,Dhanuk Varkey,+91 77931 02513,Female,16-07-2021,Contract,Van,LOC0094
DEL00343,Zara Sachdeva,+91 64685 18343,Male,29-08-2021,Full-Time,Bike,LOC0072
DEL00344,Aaina Verma,+91 76812 59110,Female,27-10-2023,Full-Time,Van,LOC0073
DEL00345,Tara Dave,+91 86005 47462,Male,14-02-2025,Contract,EV Bike,LOC0049
DEL00346,Saanvi Verma,+91 76711 08308,Male,17-12-2021,Contract,Van,LOC0084
DEL00347,Ivan Gara,+91 92603 54184,Female,21-05-2022,Contract,Van,LOC0075
DEL00348,Raunak Kar,+91 89634 77221,Female,01-12-2021,Full-Time,Scooter,LOC0027
DEL00349,Samiha Contractor,+91 91418 65558,Male,15-04-2023,Full-Time,EV Bike,LOC0108
DEL00350,Aaina Doshi,+91 85911 96596,Male,11-01-2024,Contract,Scooter,LOC0112
DEL00351,Renee Soman,+91 80067 37134,Male,14-04-2022,Contract,Van,LOC0108
DEL00352,Riaan Dayal,+91 60555 16037,Female,21-10-2025,Full-Time,Scooter,LOC0009
DEL00353,Taimur Sethi,+91 80830 69434,Male,23-11-2025,Contract,Bike,LOC0088
DEL00354,Amani Ghose,+91 67030 80008,Female,31-12-2024,Contract,Bike,LOC0080
DEL00355,Badal Dubey,+91 89467 29488,Male,22-07-2021,Full-Time,Van,LOC0045
DEL00356,Charvi Gola,+91 78800 68103,Male,26-07-2024,Contract,Van,LOC0063
DEL00357,Jayan Solanki,+91 76758 11628,Female,31-08-2025,Full-Time,Scooter,LOC0068
DEL00358,Zoya Kothari,+91 84080 80843,Male,06-09-2024,Full-Time,Van,LOC0093
DEL00359,Renee Dubey,+91 81806 84276,Male,05-06-2025,Contract,Scooter,LOC0016
DEL00360,Faiyaz Sachdev,+91 66208 80794,Male,24-10-2024,Contract,Scooter,LOC0042
DEL00361,Himmat Raja,+91 71962 22041,Female,09-04-2024,Full-Time,Van,LOC0020
DEL00362,Lavanya Bhavsar,+91 66758 32569,Male,09-12-2023,Full-Time,Scooter,LOC0047
DEL00363,Ivana Chaudhari,+91 69456 66825,Male,06-03-2023,Contract,Van,LOC0104
DEL00364,Inaaya  Sawhney,+91 68990 10128,Male,11-11-2024,Full-Time,Bike,LOC0097
DEL00365,Shalv Jaggi,+91 90901 61521,Male,20-06-2021,Full-Time,Van,LOC0089
DEL00366,Tarini Sood,+91 68943 79784,Male,17-01-2025,Contract,Van,LOC0047
DEL00367,Mohanlal Bhardwaj,+91 74765 91807,Male,21-06-2022,Full-Time,Scooter,LOC0038
DEL00368,Adah Sridhar,+91 76442 48238,Male,13-05-2022,Contract,Van,LOC0058
DEL00369,Shalv Aggarwal,+91 85328 76244,Female,03-08-2023,Full-Time,EV Bike,LOC0070
DEL00370,Mamooty Iyengar,+91 75510 47011,Male,07-02-2022,Contract,Scooter,LOC0028
DEL00371,Kimaya Sanghvi,+91 62022 08702,Male,08-07-2021,Full-Time,EV Bike,LOC0064
DEL00372,Adah Guha,+91 82938 25743,Female,26-12-2023,Contract,EV Bike,LOC0063
DEL00373,Hansh Venkataraman,+91 71013 24678,Male,08-09-2023,Full-Time,Van,LOC0015
DEL00374,Mehul Loyal,+91 60937 71560,Male,06-04-2023,Full-Time,EV Bike,LOC0052
DEL00375,Pranay Bhatti,+91 67175 66747,Male,15-08-2025,Full-Time,Bike,LOC0033
DEL00376,Shalv Shenoy,+91 73955 67394,Male,06-03-2025,Full-Time,Van,LOC0037
DEL00377,Hridaan Biswas,+91 78947 01035,Female,07-10-2023,Contract,Scooter,LOC0062
DEL00378,Eva Ramaswamy,+91 67189 65296,Female,22-11-2024,Full-Time,Scooter,LOC0017
DEL00379,Suhana Chakrabarti,+91 84795 60135,Male,10-06-2021,Contract,Bike,LOC0084
DEL00380,Emir Chhabra,+91 71294 28144,Male,27-01-2025,Contract,Van,LOC0023
DEL00381,Krish Ratti,+91 68519 32039,Female,25-12-2022,Full-Time,Van,LOC0112
DEL00382,Prisha Grewal,+91 87178 09684,Male,07-10-2025,Contract,EV Bike,LOC0111
DEL00383,Yasmin Sachdev,+91 76382 60705,Female,07-06-2025,Contract,Van,LOC0038
DEL00384,Siya Mandal,+91 78920 05173,Male,19-12-2024,Full-Time,Scooter,LOC0113
DEL00385,Keya Verma,+91 99646 38334,Male,28-12-2021,Contract,Van,LOC0067
DEL00386,Prisha Cheema,+91 83320 45486,Female,13-10-2022,Contract,Bike,LOC0036
DEL00387,Umang Yohannan,+91 88425 17097,Male,06-04-2023,Contract,Bike,LOC0108
DEL00388,Aaina Thaman,+91 78726 31353,Female,18-11-2021,Contract,Scooter,LOC0023
DEL00389,Jayant Rattan,+91 77889 39526,Male,21-01-2022,Contract,Bike,LOC0028
DEL00390,Jivika Dhingra,+91 69490 97829,Female,15-10-2021,Full-Time,Bike,LOC0062
DEL00391,Armaan Kapoor,+91 73600 05987,Female,03-04-2021,Contract,EV Bike,LOC0082
DEL00392,Purab Ganesh,+91 73335 36598,Male,08-12-2022,Full-Time,Van,LOC0033
DEL00393,Anay Swaminathan,+91 65338 43529,Female,25-11-2023,Full-Time,Scooter,LOC0097
DEL00394,Biju Shanker,+91 68189 73860,Female,26-07-2025,Full-Time,Van,LOC0005
DEL00395,Arhaan Yadav,+91 67344 06755,Male,30-10-2024,Contract,Bike,LOC0077
DEL00396,Drishya Shenoy,+91 97113 13018,Male,10-09-2021,Full-Time,Scooter,LOC0005
DEL00397,Nitya Kala,+91 97354 33555,Male,06-06-2022,Contract,Scooter,LOC0046
DEL00398,Damini Konda,+91 79578 91730,Male,04-01-2026,Full-Time,Van,LOC0073
DEL00399,Himmat Saini,+91 60507 91127,Female,29-01-2023,Contract,Van,LOC0055
DEL00400,Pranay Biswas,+91 75028 66655,Female,28-07-2025,Contract,Van,LOC0106
DEL00401,Ivana Mann,+91 75486 11668,Female,25-05-2022,Contract,Van,LOC0014
DEL00402,Samar Bal,+91 62094 77367,Female,20-02-2024,Contract,EV Bike,LOC0004
DEL00403,Vaibhav Kapoor,+91 71674 33525,Female,25-03-2022,Contract,Scooter,LOC0089
DEL00404,Ishita Choudhury,+91 87499 42982,Male,12-02-2025,Full-Time,Van,LOC0098
DEL00405,Taimur Karnik,+91 68516 69733,Female,27-11-2023,Contract,Scooter,LOC0003
DEL00406,Anvi Tailor,+91 67915 41177,Male,08-02-2025,Full-Time,Van,LOC0098
DEL00407,Dhanush Gupta,+91 65441 37776,Male,22-10-2021,Contract,Scooter,LOC0084
DEL00408,Ira Bobal,+91 78579 95075,Female,02-08-2025,Contract,Scooter,LOC0110
DEL00409,Indranil Khare,+91 76172 78236,Male,06-08-2025,Contract,Scooter,LOC0048
DEL00410,Kiara Bahri,+91 65035 01728,Female,24-02-2023,Full-Time,Bike,LOC0039
DEL00411,Kashvi Ganesh,+91 80268 09978,Male,27-11-2025,Full-Time,Bike,LOC0109
DEL00412,Sahil Roy,+91 97706 02639,Female,03-10-2025,Contract,Van,LOC0063
DEL00413,Manjari Bala,+91 62864 01488,Female,01-04-2024,Full-Time,EV Bike,LOC0099
DEL00414,Anvi Suri,+91 83449 95146,Male,06-02-2023,Full-Time,Scooter,LOC0034
DEL00415,Krish Randhawa,+91 73803 94352,Female,09-06-2024,Contract,EV Bike,LOC0054
DEL00416,Taran Rajan,+91 68679 78060,Male,03-02-2024,Full-Time,Bike,LOC0111
DEL00417,Kanav Dhawan,+91 76217 90249,Male,30-05-2023,Contract,EV Bike,LOC0081
DEL00418,Anaya Wadhwa,+91 88826 04800,Female,09-05-2021,Contract,EV Bike,LOC0104
DEL00419,Reyansh Sethi,+91 78313 10258,Male,10-06-2024,Full-Time,Scooter,LOC0072
DEL00420,Piya Keer,+91 75804 32500,Male,30-08-2023,Contract,Van,LOC0071
DEL00421,Abram Gopal,+91 64838 20882,Female,13-09-2025,Full-Time,EV Bike,LOC0035
DEL00422,Ranbir Chaudhari,+91 87361 72669,Female,27-01-2024,Full-Time,EV Bike,LOC0066
DEL00423,Nirvaan Srinivasan,+91 85443 11907,Female,22-06-2021,Full-Time,EV Bike,LOC0089
DEL00424,Nayantara Badal,+91 60908 19793,Male,21-04-2021,Contract,Bike,LOC0044
DEL00425,Chirag Batta,+91 76623 96269,Female,12-01-2023,Contract,Van,LOC0093
DEL00426,Aaina Dave,+91 95489 36705,Male,23-12-2024,Full-Time,Scooter,LOC0031
DEL00427,Biju Bhalla,+91 81190 78561,Female,01-03-2026,Full-Time,Van,LOC0070
DEL00428,Prerak Dara,+91 65882 96493,Male,04-08-2023,Full-Time,Van,LOC0066
DEL00429,Hridaan Ramaswamy,+91 90631 25052,Female,16-01-2025,Full-Time,Van,LOC0039
DEL00430,Riya Tak,+91 73195 90457,Female,31-05-2021,Contract,Van,LOC0038
DEL00431,Hansh Hayre,+91 73952 77846,Male,06-04-2024,Full-Time,Bike,LOC0086
DEL00432,Shlok Suri,+91 69650 58675,Female,24-12-2023,Full-Time,Van,LOC0060
DEL00433,Pari Dey,+91 98815 86769,Female,06-12-2024,Full-Time,EV Bike,LOC0100
DEL00434,Hridaan Sodhi,+91 68738 86493,Female,18-02-2022,Full-Time,Van,LOC0094
DEL00435,Vaibhav Tripathi,+91 87784 71153,Male,27-01-2023,Contract,Van,LOC0014
DEL00436,Yuvaan Maharaj,+91 70788 58546,Female,12-01-2022,Full-Time,Van,LOC0050
DEL00437,Ranbir Chhabra,+91 76386 79531,Male,07-12-2023,Full-Time,EV Bike,LOC0113
DEL00438,Vaibhav Ranganathan,+91 79852 74735,Male,26-04-2021,Contract,EV Bike,LOC0066
DEL00439,Hunar Khalsa,+91 80369 00143,Female,28-02-2024,Contract,Van,LOC0059
DEL00440,Neysa Loke,+91 67282 17116,Female,19-12-2021,Contract,Scooter,LOC0077
DEL00441,Vedika Kumar,+91 81121 40118,Female,02-03-2023,Full-Time,Scooter,LOC0026
DEL00442,Alisha Mannan,+91 67756 44141,Male,03-03-2023,Full-Time,Van,LOC0018
DEL00443,Inaaya  Issac,+91 85202 79321,Female,19-08-2023,Full-Time,Van,LOC0083
DEL00444,Myra Rajagopal,+91 60144 95602,Female,27-10-2021,Contract,Van,LOC0088
DEL00445,Mehul Viswanathan,+91 85689 01182,Female,27-12-2022,Full-Time,Van,LOC0061
DEL00446,Miraan Biswas,+91 81985 27670,Female,27-11-2021,Full-Time,Scooter,LOC0061
DEL00447,Raghav Mangat,+91 64444 76009,Female,07-03-2025,Full-Time,Van,LOC0064
DEL00448,Ela Kannan,+91 99387 76330,Male,27-08-2025,Full-Time,Van,LOC0069
DEL00449,Zain Divan,+91 91975 55781,Male,04-11-2025,Full-Time,Scooter,LOC0099
DEL00450,Faiyaz Doshi,+91 76159 65104,Male,08-09-2022,Contract,Scooter,LOC0095
DEL00451,Ishita Atwal,+91 87781 74741,Male,05-04-2023,Contract,EV Bike,LOC0092
DEL00452,Lakshay Loyal,+91 78645 27288,Male,26-12-2023,Full-Time,Scooter,LOC0050
DEL00453,Saksham Rama,+91 67506 29392,Female,31-08-2025,Full-Time,Bike,LOC0051
DEL00454,Ranbir Barman,+91 73274 23107,Male,30-09-2023,Contract,Bike,LOC0091
DEL00455,Jivin Hegde,+91 80464 62601,Female,14-06-2023,Full-Time,Van,LOC0052
DEL00456,Charvi Sinha,+91 79984 83416,Female,28-10-2023,Contract,EV Bike,LOC0055
DEL00457,Shray Srinivas,+91 72117 34286,Male,24-05-2022,Contract,Scooter,LOC0089
DEL00458,Aaryahi Deep,+91 63747 52522,Male,26-07-2023,Full-Time,Bike,LOC0055
DEL00459,Ivana Kant,+91 85809 60954,Female,30-09-2022,Contract,Bike,LOC0053
DEL00460,Anaya Chaudhari,+91 74235 11673,Male,09-02-2024,Full-Time,Van,LOC0060
DEL00461,Alia Saraf,+91 93421 06631,Male,03-02-2023,Full-Time,Scooter,LOC0069
DEL00462,Shanaya Sandal,+91 90333 03015,Female,09-09-2022,Contract,Van,LOC0071
DEL00463,Ishita Chaudhry,+91 61009 84619,Female,10-10-2023,Contract,Scooter,LOC0067
DEL00464,Neelofar Krishnan,+91 97750 49322,Female,01-11-2025,Contract,EV Bike,LOC0005
DEL00465,Devansh Banik,+91 82295 05286,Male,20-12-2024,Full-Time,Van,LOC0045
DEL00466,Jhanvi Lanka,+91 63970 92638,Male,30-06-2024,Contract,Bike,LOC0095
DEL00467,Prerak Kashyap,+91 77424 94679,Male,01-10-2024,Contract,Bike,LOC0017
DEL00468,Oorja Chada,+91 95223 50476,Male,08-05-2024,Full-Time,Scooter,LOC0021
DEL00469,Nakul Shukla,+91 82799 27237,Male,08-10-2022,Full-Time,EV Bike,LOC0086
DEL00470,Shray Jha,+91 69953 46788,Male,04-05-2025,Full-Time,Van,LOC0045
DEL00471,Prerak Dhar,+91 77226 08968,Male,24-02-2023,Full-Time,EV Bike,LOC0040
DEL00472,Baiju Bhagat,+91 77421 15872,Male,15-11-2023,Contract,EV Bike,LOC0088
DEL00473,Aaryahi Chaudhuri,+91 79066 32944,Female,21-01-2022,Contract,Scooter,LOC0101
DEL00474,Neelofar Chandra,+91 63466 76005,Female,09-03-2024,Full-Time,Scooter,LOC0003
DEL00475,Navya Yogi,+91 92899 01591,Female,23-11-2021,Contract,Van,LOC0111
DEL00476,Pranay Din,+91 70762 57244,Male,31-05-2025,Contract,Bike,LOC0090
DEL00477,Dhanush Khurana,+91 76265 06017,Female,25-08-2023,Contract,Bike,LOC0088
DEL00478,Yakshit Chana,+91 83318 13410,Male,21-12-2024,Contract,Scooter,LOC0039
DEL00479,Zaina Konda,+91 80713 30104,Female,28-02-2026,Contract,Bike,LOC0113
DEL00480,Pihu Raja,+91 83334 45712,Male,08-02-2023,Contract,EV Bike,LOC0085
DEL00481,Yasmin Wali,+91 97344 68921,Male,18-09-2024,Full-Time,Van,LOC0087
DEL00482,Neysa Kumar,+91 63565 93303,Female,26-08-2022,Full-Time,Bike,LOC0026
DEL00483,Onkar Dora,+91 85137 66372,Male,04-11-2024,Contract,Bike,LOC0029
DEL00484,Arhaan Sheth,+91 68368 94051,Female,27-02-2022,Contract,EV Bike,LOC0077
DEL00485,Ishita Sahni,+91 76716 12089,Female,03-01-2026,Contract,EV Bike,LOC0061
DEL00486,Anay Ratti,+91 75512 28576,Female,30-03-2023,Contract,Van,LOC0036
DEL00487,Abram Saha,+91 95668 47551,Male,06-09-2023,Contract,EV Bike,LOC0072
DEL00488,Mamooty Grover,+91 97682 24806,Female,03-11-2022,Contract,EV Bike,LOC0003
DEL00489,Madhav Ramaswamy,+91 78755 60697,Male,23-12-2021,Contract,Van,LOC0071
DEL00490,Priyansh Doshi,+91 68767 48774,Female,25-12-2023,Full-Time,EV Bike,LOC0074
DEL00491,Hunar Dhaliwal,+91 97413 16471,Female,10-09-2025,Contract,Van,LOC0098
DEL00492,Charvi Tiwari,+91 60893 94700,Female,02-04-2021,Contract,EV Bike,LOC0111
DEL00493,Hazel Choudhry,+91 79712 52628,Male,19-10-2024,Contract,Van,LOC0063
DEL00494,Saksham Mann,+91 99394 24114,Female,10-11-2022,Contract,EV Bike,LOC0086
DEL00495,Raghav Dubey,+91 77769 98170,Female,02-09-2025,Contract,EV Bike,LOC0065
DEL00496,Jiya Goda,+91 78775 43278,Male,06-09-2025,Full-Time,Scooter,LOC0026
DEL00497,Uthkarsh Hegde,+91 61276 92942,Female,07-07-2021,Full-Time,Scooter,LOC0051
DEL00498,Purab Konda,+91 78941 72624,Male,16-03-2026,Contract,Scooter,LOC0006
DEL00499,Navya Bedi,+91 69392 54878,Male,06-11-2021,Contract,EV Bike,LOC0067
DEL00500,Tiya Wali,+91 86284 20300,Female,18-01-2026,Contract,EV Bike,LOC0054
DEL00501,Vritika Bumb,+91 62044 62924,Male,06-05-2024,Full-Time,EV Bike,LOC0055
DEL00502,Nitya Tandon,+91 86811 72393,Male,29-06-2023,Full-Time,Bike,LOC0065
DEL00503,Vedika Talwar,+91 66206 46928,Male,05-04-2022,Contract,Van,LOC0006
DEL00504,Inaaya  Tailor,+91 96350 39808,Male,30-04-2024,Full-Time,EV Bike,LOC0026
DEL00505,Shray Sarma,+91 73492 46362,Male,18-04-2021,Contract,EV Bike,LOC0094
DEL00506,Divit Rajagopal,+91 96619 17325,Female,08-06-2025,Full-Time,Scooter,LOC0010
DEL00507,Ojas Mall,+91 81254 65420,Female,27-11-2021,Full-Time,Bike,LOC0063
DEL00508,Sara Warrior,+91 81410 10625,Female,21-10-2025,Contract,EV Bike,LOC0063
DEL00509,Anya Hora,+91 98251 30629,Male,11-08-2022,Contract,Van,LOC0050
DEL00510,Emir Sandhu,+91 96450 30626,Female,08-04-2022,Contract,Van,LOC0080
DEL00511,Tarini Lall,+91 75628 28651,Female,29-12-2022,Full-Time,Scooter,LOC0105
DEL00512,Vidur Rattan,+91 98850 00103,Male,21-01-2026,Full-Time,Van,LOC0113
DEL00513,Riaan Chaudhry,+91 97664 66777,Male,03-03-2026,Full-Time,Van,LOC0073
DEL00514,Amira Khosla,+91 86151 33162,Male,27-12-2023,Full-Time,Bike,LOC0062
DEL00515,Siya Rama,+91 65654 87117,Male,10-11-2023,Contract,EV Bike,LOC0004
DEL00516,Ivan Singhal,+91 64370 13457,Female,10-12-2023,Full-Time,EV Bike,LOC0070
DEL00517,Renee Bahri,+91 60793 94797,Male,25-11-2024,Full-Time,Scooter,LOC0099
DEL00518,Yasmin Tata,+91 95699 00250,Female,01-11-2021,Full-Time,Van,LOC0053
DEL00519,Kabir Hegde,+91 86640 07942,Female,04-02-2025,Full-Time,Van,LOC0074
DEL00520,Tanya Bains,+91 78768 58265,Male,11-10-2021,Contract,Van,LOC0049
DEL00521,Kavya Bath,+91 88877 83083,Female,13-02-2022,Contract,EV Bike,LOC0020
DEL00522,Aarav Kohli,+91 69959 87577,Male,04-05-2025,Full-Time,Van,LOC0086
DEL00523,Krish Hans,+91 73159 70262,Female,18-03-2025,Full-Time,Scooter,LOC0012
DEL00524,Kiara Sawhney,+91 96987 06256,Male,08-02-2022,Contract,Van,LOC0046
DEL00525,Azad Lala,+91 98986 76556,Female,27-12-2024,Full-Time,EV Bike,LOC0108
DEL00526,Renee Khosla,+91 68177 55878,Male,18-12-2021,Contract,EV Bike,LOC0022
DEL00527,Pihu Ratta,+91 88364 45797,Female,06-11-2023,Full-Time,EV Bike,LOC0096
DEL00528,Hridaan Lal,+91 86243 50621,Female,04-02-2024,Full-Time,Van,LOC0068
DEL00529,Nirvi Korpal,+91 83680 93435,Female,27-08-2021,Contract,EV Bike,LOC0099
DEL00530,Anika Lall,+91 73438 07372,Male,01-06-2023,Full-Time,Scooter,LOC0056
DEL00531,Indrans Ram,+91 64967 19156,Male,21-07-2021,Contract,Scooter,LOC0020
DEL00532,Fateh Mammen,+91 68589 20189,Male,07-02-2024,Contract,EV Bike,LOC0091
DEL00533,Nitya Contractor,+91 69930 31567,Female,05-07-2022,Contract,Van,LOC0061
DEL00534,Zain Lalla,+91 97140 32316,Male,18-10-2025,Contract,Van,LOC0102
DEL00535,Ranbir Kant,+91 92525 04586,Male,19-08-2025,Full-Time,EV Bike,LOC0004
DEL00536,Bhamini Hans,+91 66352 50040,Male,09-04-2022,Full-Time,EV Bike,LOC0053
DEL00537,Badal Bobal,+91 79653 99375,Female,18-04-2024,Contract,EV Bike,LOC0009
DEL00538,Samar Dass,+91 74328 17959,Male,22-11-2021,Full-Time,EV Bike,LOC0074
DEL00539,Pranay Trivedi,+91 86509 73574,Female,04-10-2021,Contract,Van,LOC0075
DEL00540,Nayantara Kapadia,+91 66782 22518,Male,27-08-2022,Full-Time,Van,LOC0078
DEL00541,Faiyaz Shankar,+91 65016 95951,Female,27-03-2023,Full-Time,Scooter,LOC0066
DEL00542,Kanav Dhingra,+91 82242 77249,Female,03-05-2022,Full-Time,Scooter,LOC0103
DEL00543,Neysa Dutt,+91 67477 10764,Male,25-06-2022,Full-Time,EV Bike,LOC0031
DEL00544,Kavya Soman,+91 85782 27949,Male,15-12-2024,Contract,EV Bike,LOC0079
DEL00545,Nehmat Vohra,+91 71349 19509,Female,14-09-2022,Full-Time,Van,LOC0090
DEL00546,Aarna Dhingra,+91 62295 81824,Female,19-05-2024,Full-Time,Van,LOC0101
DEL00547,Stuvan Bera,+91 69526 49202,Male,14-09-2024,Contract,Scooter,LOC0105
DEL00548,Kismat Dara,+91 67113 48815,Female,14-08-2024,Contract,Bike,LOC0106
DEL00549,Ehsaan Boase,+91 89196 98346,Female,28-05-2023,Full-Time,Bike,LOC0100
DEL00550,Anika Shan,+91 84764 22782,Female,25-10-2022,Contract,Scooter,LOC0104
DEL00551,Baiju Dugar,+91 91339 55445,Male,21-04-2021,Contract,EV Bike,LOC0035
DEL00552,Jayant Ray,+91 98342 69570,Male,13-07-2022,Contract,Bike,LOC0071
DEL00553,Onkar Rege,+91 80609 83743,Female,25-05-2024,Contract,Scooter,LOC0031
DEL00554,Lagan Madan,+91 66524 28428,Female,29-01-2024,Full-Time,Scooter,LOC0003
DEL00555,Arhaan Lala,+91 95277 09694,Female,04-09-2021,Contract,Van,LOC0066
DEL00556,Emir Kalita,+91 69368 46843,Male,21-04-2022,Contract,Scooter,LOC0010
DEL00557,Rasha Shankar,+91 97376 37177,Male,30-04-2024,Contract,Scooter,LOC0002
DEL00558,Neysa Rajagopal,+91 85925 69729,Male,08-05-2021,Contract,Van,LOC0113
DEL00559,Darshit Devi,+91 67915 19834,Female,30-12-2025,Contract,EV Bike,LOC0016
DEL00560,Samar Bakshi,+91 92301 61897,Female,07-04-2023,Full-Time,EV Bike,LOC0068
DEL00561,Yuvraj  Issac,+91 65826 52557,Male,30-06-2021,Contract,Van,LOC0057
DEL00562,Veer Butala,+91 70307 66881,Female,29-08-2022,Contract,Scooter,LOC0109
DEL00563,Lavanya Butala,+91 82900 94799,Male,27-04-2022,Contract,EV Bike,LOC0090
DEL00564,Jayesh Tripathi,+91 82417 89832,Female,13-12-2022,Full-Time,Bike,LOC0090
DEL00565,Madhup Taneja,+91 61561 44494,Female,03-09-2024,Contract,EV Bike,LOC0105
DEL00566,Indranil Raval,+91 71197 08618,Male,03-02-2025,Full-Time,EV Bike,LOC0035
DEL00567,Uthkarsh Agarwal,+91 95293 59522,Female,13-11-2025,Contract,Bike,LOC0017
DEL00568,Anahi Zacharia,+91 88818 25713,Female,13-03-2023,Full-Time,Van,LOC0070
DEL00569,Shray Ahluwalia,+91 90799 96530,Male,01-04-2022,Full-Time,Van,LOC0044
DEL00570,Advik Mahajan,+91 76461 38935,Male,22-05-2025,Contract,Van,LOC0005
DEL00571,Suhana Dyal,+91 76007 01729,Female,15-06-2021,Full-Time,Van,LOC0035
DEL00572,Ojas Bhandari,+91 90732 24827,Male,05-07-2023,Contract,Bike,LOC0047
DEL00573,Prerak Cherian,+91 68886 11720,Male,15-06-2023,Full-Time,Van,LOC0099
DEL00574,Reyansh Yogi,+91 92922 88911,Female,14-02-2022,Full-Time,EV Bike,LOC0013
DEL00575,Ela Kara,+91 82133 50572,Female,29-04-2021,Contract,Van,LOC0100
DEL00576,Akarsh Sami,+91 84335 95055,Male,11-05-2023,Full-Time,Scooter,LOC0107
DEL00577,Mehul Mane,+91 97092 15047,Male,18-07-2023,Full-Time,Van,LOC0066
DEL00578,Samar Bhatnagar,+91 95229 64260,Female,30-07-2025,Contract,EV Bike,LOC0059
DEL00579,Ayesha Manda,+91 96924 90121,Female,10-04-2021,Contract,EV Bike,LOC0062
DEL00580,Darshit Cheema,+91 67000 26246,Male,25-08-2024,Contract,Van,LOC0046
DEL00581,Aarush Sharaf,+91 60058 14372,Male,14-10-2022,Contract,Bike,LOC0056
DEL00582,Damini Hegde,+91 93661 99605,Female,12-07-2021,Contract,Scooter,LOC0108
DEL00583,Nishith Bobal,+91 76011 81989,Female,02-12-2022,Contract,EV Bike,LOC0058
DEL00584,Eshani Sani,+91 74510 23466,Male,23-03-2024,Contract,Bike,LOC0073
DEL00585,Heer Jani,+91 67617 98575,Male,13-07-2025,Full-Time,Bike,LOC0050
DEL00586,Madhav Bhandari,+91 79461 23625,Female,23-05-2021,Contract,Bike,LOC0086
DEL00587,Aarush Srinivas,+91 98528 54722,Female,27-11-2023,Contract,Bike,LOC0060
DEL00588,Aniruddh Sengupta,+91 75612 83655,Male,25-09-2022,Full-Time,Bike,LOC0048
DEL00589,Chirag Karpe,+91 70257 13780,Female,07-08-2024,Contract,Van,LOC0032
DEL00590,Onkar Dhawan,+91 84481 53660,Male,13-05-2025,Full-Time,EV Bike,LOC0107
DEL00591,Adira Bhattacharyya,+91 84370 60506,Male,03-02-2026,Contract,Scooter,LOC0054
DEL00592,Vanya Karnik,+91 61733 07737,Female,13-11-2023,Contract,Van,LOC0023
DEL00593,Indranil Baral,+91 81601 45771,Female,17-12-2024,Contract,Scooter,LOC0096
DEL00594,Ehsaan Rege,+91 76969 59411,Male,27-11-2022,Contract,Scooter,LOC0082
DEL00595,Yasmin Raju,+91 84298 68036,Female,10-08-2021,Full-Time,EV Bike,LOC0034
DEL00596,Siya Kala,+91 76818 38535,Female,16-05-2021,Full-Time,EV Bike,LOC0027
DEL00597,Miraya Chauhan,+91 63697 35944,Female,19-03-2025,Full-Time,EV Bike,LOC0029
DEL00598,Alisha Basu,+91 63096 63991,Male,16-01-2022,Full-Time,EV Bike,LOC0043
DEL00599,Vaibhav Thaker,+91 82551 19398,Male,18-03-2023,Full-Time,Scooter,LOC0065
DEL00600,Ayesha Doshi,+91 86873 72298,Male,24-02-2025,Full-Time,Van,LOC0079
DEL00601,Kimaya Garde,+91 66692 05640,Female,15-10-2021,Contract,Bike,LOC0049
DEL00602,Kanav Bansal,+91 91652 84584,Female,15-11-2025,Full-Time,Van,LOC0004
DEL00603,Drishya Kohli,+91 65888 13906,Male,21-03-2024,Contract,Van,LOC0002
DEL00604,Aayush Babu,+91 62461 39635,Female,13-06-2021,Contract,EV Bike,LOC0080
DEL00605,Ahana  Tata,+91 82566 70465,Female,05-06-2021,Contract,Scooter,LOC0084
DEL00606,Myra Kaul,+91 90825 75917,Female,06-10-2022,Contract,EV Bike,LOC0052
DEL00607,Shamik Das,+91 77570 98437,Male,03-07-2022,Full-Time,Van,LOC0045
DEL00608,Purab Dhar,+91 96285 47902,Female,14-05-2021,Contract,Bike,LOC0110
DEL00609,Reyansh Gokhale,+91 80523 84280,Male,09-10-2022,Contract,Bike,LOC0034
DEL00610,Kiaan Sem,+91 98097 71682,Male,28-05-2022,Contract,Bike,LOC0064
DEL00611,Taran Dugar,+91 69540 63301,Female,08-09-2021,Contract,Scooter,LOC0070
DEL00612,Tanya Basu,+91 91375 50953,Male,17-07-2023,Full-Time,Bike,LOC0021
DEL00613,Anika Vohra,+91 62859 98608,Male,08-12-2024,Full-Time,Van,LOC0063
DEL00614,Ira Zachariah,+91 74606 57662,Male,18-05-2022,Contract,Scooter,LOC0057
DEL00615,Adah Sur,+91 83689 74979,Male,30-04-2024,Contract,Bike,LOC0046
DEL00616,Indrajit Khalsa,+91 68611 29613,Female,04-08-2021,Contract,Scooter,LOC0042
DEL00617,Aradhya Chaudhry,+91 72345 17714,Male,14-03-2022,Contract,EV Bike,LOC0020
DEL00618,Zoya Saran,+91 75999 53266,Female,28-08-2021,Contract,Van,LOC0082
DEL00619,Lagan Kumer,+91 85278 57124,Male,28-07-2022,Full-Time,Bike,LOC0035
DEL00620,Fateh Sandal,+91 70354 49810,Male,24-07-2021,Full-Time,Scooter,LOC0077
DEL00621,Reyansh Khatri,+91 98089 96062,Male,05-11-2022,Contract,Scooter,LOC0088
DEL00622,Gokul Rajan,+91 98905 96217,Female,26-04-2024,Contract,EV Bike,LOC0060
DEL00623,Romil Krish,+91 66490 58717,Female,14-06-2021,Contract,Bike,LOC0008
DEL00624,Vihaan Brahmbhatt,+91 83314 72680,Male,10-12-2021,Full-Time,Scooter,LOC0014
DEL00625,Siya Dyal,+91 68842 12180,Male,27-03-2022,Full-Time,Bike,LOC0056
DEL00626,Samar Varkey,+91 81302 10170,Male,26-09-2024,Full-Time,Van,LOC0096
DEL00627,Hridaan Kadakia,+91 76059 15135,Male,04-04-2024,Full-Time,Van,LOC0105
DEL00628,Shray Singhal,+91 71462 03611,Male,15-01-2022,Full-Time,Bike,LOC0097
DEL00629,Taran Kalla,+91 97082 89922,Male,29-06-2024,Contract,EV Bike,LOC0047
DEL00630,Jayan Kapur,+91 75715 60989,Female,19-11-2025,Full-Time,Bike,LOC0096
DEL00631,Mishti Bala,+91 71990 63576,Male,24-02-2026,Contract,Scooter,LOC0017
DEL00632,Romil Grewal,+91 80506 38721,Female,07-11-2024,Contract,Bike,LOC0081
DEL00633,Neysa Cherian,+91 93750 50618,Male,07-04-2021,Contract,EV Bike,LOC0101
DEL00634,Jayan Anne,+91 62331 10295,Male,22-07-2025,Contract,Scooter,LOC0094
DEL00635,Rasha Dutt,+91 70899 88017,Male,27-07-2022,Contract,EV Bike,LOC0046
DEL00636,Hridaan Gara,+91 94262 96700,Female,31-01-2024,Contract,Bike,LOC0098
DEL00637,Aniruddh Bal,+91 66796 73742,Male,20-11-2023,Full-Time,Bike,LOC0061
DEL00638,Kanav Bhatnagar,+91 73457 35997,Female,24-02-2026,Contract,Scooter,LOC0111
DEL00639,Rhea Khosla,+91 63293 92978,Male,27-03-2025,Full-Time,Bike,LOC0067
DEL00640,Zaina Raval,+91 75834 33636,Female,03-02-2025,Full-Time,Van,LOC0002
DEL00641,Ishaan Sandhu,+91 95300 29172,Female,04-06-2022,Contract,EV Bike,LOC0064
DEL00642,Shalv Bora,+91 83539 20247,Male,05-09-2021,Contract,Bike,LOC0051
DEL00643,Fateh Chand,+91 77227 19415,Male,02-09-2024,Contract,Scooter,LOC0013
DEL00644,Kiara Chowdhury,+91 98258 80373,Female,31-03-2026,Contract,EV Bike,LOC0072
DEL00645,Onkar Soman,+91 93553 17054,Female,23-02-2024,Contract,Scooter,LOC0005
DEL00646,Adah Dutt,+91 80850 80671,Male,14-12-2021,Contract,Bike,LOC0065
DEL00647,Kiaan Zachariah,+91 79508 05799,Male,24-02-2024,Full-Time,Bike,LOC0109
DEL00648,Lavanya Ahuja,+91 70065 91928,Male,03-08-2025,Contract,Scooter,LOC0016
DEL00649,Farhan Bhandari,+91 85511 97778,Male,26-06-2024,Contract,Van,LOC0040
DEL00650,Piya Goel,+91 68308 45330,Male,03-08-2024,Full-Time,Bike,LOC0082
DEL00651,Eva Jhaveri,+91 70954 51630,Female,01-03-2026,Contract,Scooter,LOC0040
DEL00652,Kismat Mani,+91 96364 46587,Male,18-07-2025,Contract,Scooter,LOC0074
DEL00653,Zara Swamy,+91 65272 76509,Female,23-01-2023,Contract,Scooter,LOC0023
DEL00654,Onkar Kurian,+91 71333 93106,Female,24-02-2024,Contract,Bike,LOC0024
DEL00655,Adah Chaudry,+91 65091 11394,Female,28-03-2024,Full-Time,Bike,LOC0096
DEL00656,Hrishita Raja,+91 86989 29662,Male,31-12-2023,Contract,Van,LOC0029
DEL00657,Kiara Buch,+91 63415 98591,Male,14-08-2022,Full-Time,Scooter,LOC0048
DEL00658,Ritvik Sane,+91 80307 49283,Female,21-10-2022,Contract,EV Bike,LOC0104
DEL00659,Adah Kibe,+91 97663 13168,Male,12-12-2023,Full-Time,Van,LOC0011
DEL00660,Aaina Chaudhari,+91 76580 44400,Male,21-03-2025,Full-Time,Bike,LOC0022
DEL00661,Ishaan Viswanathan,+91 90203 90691,Female,28-06-2024,Contract,Scooter,LOC0010
DEL00662,Aaina Rege,+91 69577 33767,Male,20-01-2026,Full-Time,Van,LOC0110
DEL00663,Taran Ghose,+91 82273 69870,Female,05-09-2021,Contract,Scooter,LOC0067
DEL00664,Nitara Mahal,+91 69205 76507,Female,09-09-2022,Contract,Bike,LOC0024
DEL00665,Tarini Saxena,+91 72812 26110,Male,15-12-2021,Full-Time,Scooter,LOC0105
DEL00666,Samarth Barad,+91 99241 56261,Female,01-01-2024,Contract,Bike,LOC0071
DEL00667,Shlok Cherian,+91 85629 63333,Female,01-04-2021,Contract,Scooter,LOC0090
DEL00668,Jayan Chad,+91 92844 12840,Female,19-04-2024,Contract,Bike,LOC0049
DEL00669,Baiju Viswanathan,+91 60000 57807,Female,05-03-2024,Contract,Bike,LOC0091
DEL00670,Lakshay Comar,+91 94444 61894,Female,12-03-2025,Full-Time,Van,LOC0023
DEL00671,Mamooty Gulati,+91 74993 65795,Female,28-08-2023,Full-Time,Bike,LOC0018
DEL00672,Vidur Ramachandran,+91 68408 97537,Female,07-03-2025,Contract,EV Bike,LOC0104
DEL00673,Nirvaan Jhaveri,+91 80035 56341,Female,17-07-2023,Contract,Van,LOC0069
DEL00674,Anvi Bakshi,+91 72380 13867,Female,23-05-2023,Contract,Bike,LOC0014
DEL00675,Baiju Arora,+91 96879 68147,Male,16-08-2022,Contract,Van,LOC0099
DEL00676,Hridaan Kapur,+91 68743 31198,Male,22-02-2024,Contract,Bike,LOC0086
DEL00677,Khushi Sur,+91 81045 45457,Female,16-12-2021,Contract,Van,LOC0083
DEL00678,Ira Kota,+91 82811 67869,Male,21-04-2021,Full-Time,Bike,LOC0054
DEL00679,Charvi Sangha,+91 89493 34320,Female,22-06-2021,Full-Time,EV Bike,LOC0044
DEL00680,Sahil Walla,+91 88329 63465,Male,28-07-2025,Full-Time,Van,LOC0064
DEL00681,Adah Srinivasan,+91 81557 74529,Female,10-02-2022,Full-Time,EV Bike,LOC0027
DEL00682,Saksham Kant,+91 79293 52144,Female,16-03-2024,Contract,EV Bike,LOC0011
DEL00683,Mamooty Dalal,+91 68639 88292,Male,24-08-2025,Full-Time,Scooter,LOC0042
DEL00684,Kaira Kala,+91 86101 33405,Male,24-04-2023,Full-Time,Van,LOC0027
DEL00685,Mahika Balan,+91 84640 11001,Male,06-11-2021,Contract,Van,LOC0090
DEL00686,Prisha Lall,+91 96282 36834,Female,14-03-2022,Contract,Van,LOC0024
DEL00687,Badal Bhat,+91 78775 77547,Female,24-01-2023,Contract,Scooter,LOC0040
DEL00688,Zaina Sampath,+91 88765 93005,Male,21-12-2021,Full-Time,EV Bike,LOC0024
DEL00689,Samar Dasgupta,+91 72037 39614,Female,26-05-2025,Contract,Bike,LOC0102
DEL00690,Mishti Bahl,+91 77732 20596,Female,21-03-2024,Contract,Scooter,LOC0093
DEL00691,Samiha Kapadia,+91 73904 12399,Male,03-04-2024,Full-Time,Van,LOC0028
DEL00692,Miraan Dubey,+91 80357 78065,Female,03-09-2023,Full-Time,Van,LOC0108
DEL00693,Ishaan Dewan,+91 88875 67079,Female,13-02-2026,Contract,EV Bike,LOC0004
DEL00694,Saira Madan,+91 90832 33132,Male,19-04-2023,Contract,Bike,LOC0002
DEL00695,Ishita Gala,+91 82028 25345,Male,18-08-2023,Contract,EV Bike,LOC0100
DEL00696,Jayant Borde,+91 69237 39200,Male,23-12-2021,Contract,EV Bike,LOC0007
DEL00697,Indranil Bhardwaj,+91 75231 01054,Male,18-08-2022,Contract,Scooter,LOC0054
DEL00698,Gokul Mall,+91 66324 22122,Male,28-10-2023,Contract,Van,LOC0028
DEL00699,Aarav Dara,+91 71111 72178,Female,24-09-2023,Full-Time,Bike,LOC0052
DEL00700,Eva Solanki,+91 81812 15924,Male,25-08-2022,Full-Time,Bike,LOC0013
DEL00701,Kartik Hegde,+91 77098 85985,Male,18-10-2022,Contract,EV Bike,LOC0078
DEL00702,Yakshit Samra,+91 80548 49466,Male,04-12-2024,Contract,Scooter,LOC0051
DEL00703,Sana Arora,+91 65789 36159,Female,10-02-2025,Full-Time,Van,LOC0073
DEL00704,Kavya Rege,+91 92361 51487,Male,30-12-2022,Full-Time,Van,LOC0058
DEL00705,Rania Doctor,+91 92535 39019,Female,12-12-2021,Contract,Scooter,LOC0069
DEL00706,Rati Savant,+91 70177 87911,Male,19-11-2024,Full-Time,Van,LOC0045
DEL00707,Samarth Balakrishnan,+91 63409 64963,Male,28-04-2023,Full-Time,Van,LOC0038
DEL00708,Tara Anne,+91 62721 43570,Female,27-05-2021,Full-Time,Bike,LOC0085
DEL00709,Dishani Balay,+91 77995 85508,Male,14-01-2025,Contract,Bike,LOC0054
DEL00710,Rania Khanna,+91 92435 35475,Male,15-09-2021,Contract,EV Bike,LOC0052
DEL00711,Pari Dutta,+91 83532 53738,Female,10-04-2021,Full-Time,EV Bike,LOC0082
DEL00712,Eshani Seshadri,+91 68236 79268,Male,02-07-2024,Full-Time,EV Bike,LOC0082
DEL00713,Anvi Keer,+91 96435 98697,Male,14-10-2023,Full-Time,Van,LOC0008
DEL00714,Miraan Issac,+91 62247 60002,Male,07-01-2025,Contract,Bike,LOC0002
DEL00715,Farhan Jani,+91 90679 20649,Female,06-02-2024,Full-Time,Scooter,LOC0076
DEL00716,Amira Tailor,+91 64144 65282,Female,03-01-2022,Full-Time,Scooter,LOC0097
DEL00717,Kartik Dugar,+91 77981 75122,Male,08-11-2024,Contract,EV Bike,LOC0063
DEL00718,Shamik Sidhu,+91 77894 29921,Female,10-11-2023,Contract,EV Bike,LOC0017
DEL00719,Renee Cheema,+91 88569 95893,Female,05-05-2025,Contract,Van,LOC0019
DEL00720,Nehmat Sathe,+91 70289 11509,Female,11-04-2024,Contract,Bike,LOC0044
DEL00721,Akarsh Jani,+91 83549 32483,Male,12-08-2023,Contract,EV Bike,LOC0077
DEL00722,Jiya Bhalla,+91 69256 72643,Female,04-02-2022,Contract,Van,LOC0113
DEL00723,Ishita Lata,+91 61696 01552,Female,01-08-2022,Contract,Bike,LOC0062
DEL00724,Dhanuk Ratti,+91 90315 98668,Male,04-07-2023,Contract,Bike,LOC0041
DEL00725,Aaina Samra,+91 70190 82466,Male,15-01-2026,Full-Time,Van,LOC0043
DEL00726,Arnav Dhaliwal,+91 81321 47979,Female,03-11-2025,Contract,Scooter,LOC0104
DEL00727,Yuvaan Bora,+91 67929 28712,Male,11-06-2023,Contract,Van,LOC0032
DEL00728,Anahi Rau,+91 95105 43031,Female,07-06-2025,Contract,EV Bike,LOC0030
DEL00729,Darshit Mandal,+91 94620 57164,Female,30-05-2023,Full-Time,EV Bike,LOC0041
DEL00730,Ehsaan Bhatnagar,+91 60137 62634,Male,30-11-2021,Full-Time,Scooter,LOC0018
DEL00731,Heer Varty,+91 97619 58230,Female,13-01-2024,Contract,Van,LOC0093
DEL00732,Advik Bail,+91 78038 23955,Female,21-01-2022,Full-Time,EV Bike,LOC0050
DEL00733,Divij Kata,+91 74866 54173,Female,27-03-2023,Contract,EV Bike,LOC0060
DEL00734,Vardaniya Rattan,+91 89219 37483,Male,28-10-2022,Full-Time,Scooter,LOC0022
DEL00735,Hunar Barman,+91 78122 72777,Male,03-01-2022,Contract,Scooter,LOC0105
DEL00736,Nishith Chopra,+91 81164 08706,Female,12-05-2022,Contract,EV Bike,LOC0050
DEL00737,Zeeshan Trivedi,+91 99757 71051,Female,31-07-2025,Full-Time,Van,LOC0054
DEL00738,Anaya Mammen,+91 78318 70571,Male,07-06-2025,Contract,Scooter,LOC0109
DEL00739,Uthkarsh Dutta,+91 83943 73115,Female,24-02-2022,Contract,EV Bike,LOC0036
DEL00740,Ira Khanna,+91 60751 53159,Male,27-05-2023,Contract,Van,LOC0012
DEL00741,Neelofar Ray,+91 60770 01353,Male,28-09-2021,Contract,Scooter,LOC0031
DEL00742,Hrishita Dutta,+91 85086 06317,Male,09-10-2021,Contract,Bike,LOC0057
DEL00743,Nehmat Char,+91 67081 09672,Male,11-06-2024,Contract,Van,LOC0044
DEL00744,Aarav Deshpande,+91 84213 26497,Female,03-02-2025,Contract,EV Bike,LOC0036
DEL00745,Elakshi Kibe,+91 77047 52202,Male,11-04-2022,Full-Time,EV Bike,LOC0047
DEL00746,Sumer Upadhyay,+91 98868 20049,Female,13-04-2021,Contract,EV Bike,LOC0026
DEL00747,Hrishita Wadhwa,+91 85524 43274,Female,29-09-2022,Full-Time,Scooter,LOC0032
DEL00748,Veer Ben,+91 87900 06094,Male,26-10-2024,Full-Time,Bike,LOC0054
DEL00749,Akarsh Gara,+91 72299 90634,Female,25-07-2025,Contract,Van,LOC0060
DEL00750,Gatik Lanka,+91 81683 99581,Female,13-01-2023,Full-Time,Scooter,LOC0035
DEL00751,Purab Rajagopalan,+91 96761 82510,Female,01-04-2022,Full-Time,EV Bike,LOC0051
DEL00752,Shaan Goswami,+91 77610 45785,Female,10-11-2022,Full-Time,EV Bike,LOC0003
DEL00753,Hunar Dhillon,+91 94008 66329,Female,25-05-2024,Full-Time,Scooter,LOC0015
DEL00754,Rohan Bath,+91 91688 26680,Female,03-06-2024,Full-Time,Bike,LOC0108
DEL00755,Vaibhav Hans,+91 93529 43023,Female,15-07-2022,Contract,Bike,LOC0066
DEL00756,Raghav Chaudhuri,+91 79021 15790,Female,19-03-2025,Contract,Van,LOC0060
DEL00757,Sahil Golla,+91 98826 96344,Male,08-05-2025,Full-Time,Bike,LOC0058
DEL00758,Kartik Dugal,+91 94108 74849,Female,24-10-2022,Full-Time,Van,LOC0008
DEL00759,Tejas Brar,+91 76701 61622,Female,02-04-2022,Full-Time,EV Bike,LOC0067
DEL00760,Anay Kade,+91 85859 14375,Male,01-12-2024,Full-Time,Bike,LOC0097
DEL00761,Nirvaan Sharma,+91 82825 07753,Female,27-07-2021,Full-Time,EV Bike,LOC0052
DEL00762,Heer Bhagat,+91 96968 23379,Male,24-01-2022,Contract,Scooter,LOC0111
DEL00763,Aayush Dora,+91 81189 44120,Female,16-12-2024,Full-Time,EV Bike,LOC0020
DEL00764,Shanaya Varty,+91 78576 06354,Female,22-01-2024,Full-Time,EV Bike,LOC0019
DEL00765,Anahita Jain,+91 77946 25753,Female,04-05-2021,Full-Time,Scooter,LOC0045
DEL00766,Aarna Chaudhary,+91 74270 05883,Female,26-09-2022,Full-Time,Scooter,LOC0049
DEL00767,Veer Aurora,+91 95702 00788,Male,25-10-2024,Contract,Van,LOC0053
DEL00768,Yuvaan Thakur,+91 70537 32895,Male,02-11-2025,Full-Time,EV Bike,LOC0055
DEL00769,Anay Rao,+91 89977 61018,Female,18-12-2023,Full-Time,Van,LOC0047
DEL00770,Purab Aurora,+91 72809 47583,Female,06-06-2025,Full-Time,EV Bike,LOC0034
DEL00771,Prisha Mahajan,+91 80226 26361,Male,23-09-2024,Contract,Bike,LOC0020
DEL00772,Manikya Zachariah,+91 83851 07695,Female,02-06-2025,Contract,Bike,LOC0013
DEL00773,Riaan Solanki,+91 72376 58990,Female,12-10-2025,Full-Time,Bike,LOC0013
DEL00774,Kavya Toor,+91 76997 47327,Male,19-01-2024,Contract,EV Bike,LOC0006
DEL00775,Jayan Chopra,+91 78224 40082,Female,20-10-2023,Contract,EV Bike,LOC0048
DEL00776,Anay Shroff,+91 82076 55198,Female,15-04-2022,Full-Time,EV Bike,LOC0024
DEL00777,Reyansh Kohli,+91 72037 62268,Female,08-02-2024,Full-Time,EV Bike,LOC0068
DEL00778,Khushi Desai,+91 81640 48674,Female,21-12-2021,Contract,EV Bike,LOC0105
DEL00779,Indranil Vyas,+91 73439 12829,Male,18-11-2021,Full-Time,Bike,LOC0034
DEL00780,Anvi Warrior,+91 60300 57250,Female,09-10-2022,Contract,Bike,LOC0028
DEL00781,Purab Majumdar,+91 66514 60786,Female,14-04-2024,Full-Time,EV Bike,LOC0054
DEL00782,Seher Devan,+91 86198 34596,Female,07-04-2024,Contract,EV Bike,LOC0069
DEL00783,Parinaaz Soman,+91 74321 08783,Male,12-11-2021,Full-Time,Bike,LOC0102
DEL00784,Aarav Suri,+91 99777 90860,Male,17-09-2022,Contract,Bike,LOC0006
DEL00785,Aayush Sanghvi,+91 76304 06786,Female,08-07-2023,Full-Time,Bike,LOC0015
DEL00786,Veer Srivastava,+91 73766 91243,Male,08-12-2022,Contract,EV Bike,LOC0013
DEL00787,Oorja Tank,+91 87869 14181,Male,20-04-2024,Full-Time,Van,LOC0062
DEL00788,Tara Varma,+91 63013 79559,Male,27-05-2021,Contract,Bike,LOC0091
DEL00789,Kavya Buch,+91 94832 38198,Male,06-03-2023,Contract,Scooter,LOC0046
DEL00790,Taran Krishnamurthy,+91 92208 40096,Male,01-12-2022,Full-Time,Van,LOC0068
DEL00791,Hridaan Dave,+91 75888 82589,Male,27-11-2023,Contract,Scooter,LOC0080
DEL00792,Mohanlal Bedi,+91 66258 89986,Male,15-01-2026,Contract,Van,LOC0007
DEL00793,Kimaya Atwal,+91 99715 69614,Male,07-03-2023,Contract,Bike,LOC0104
DEL00794,Eva Lala,+91 74313 56148,Male,28-05-2023,Full-Time,Bike,LOC0086
DEL00795,Umang Dutta,+91 82434 05369,Female,04-05-2024,Contract,Van,LOC0067
DEL00796,Inaaya  Din,+91 86910 20186,Female,30-09-2024,Full-Time,Bike,LOC0083
DEL00797,Aarush Kari,+91 87974 33463,Male,13-04-2022,Full-Time,Van,LOC0090
DEL00798,Dhanush Ratta,+91 77594 70225,Female,21-09-2025,Contract,EV Bike,LOC0008
DEL00799,Siya Choudhury,+91 82787 75360,Female,27-05-2022,Full-Time,Scooter,LOC0065
DEL00800,Trisha Sant,+91 62475 33394,Male,01-07-2022,Contract,Bike,LOC0058
DEL00801,Rania Master,+91 83169 05463,Male,01-10-2022,Full-Time,EV Bike,LOC0060
DEL00802,Shray Johal,+91 66969 20436,Female,10-11-2023,Full-Time,Van,LOC0042
DEL00803,Bhavin Lala,+91 69810 02053,Male,19-10-2025,Full-Time,EV Bike,LOC0085
DEL00804,Baiju Rao,+91 77227 22659,Female,23-02-2024,Contract,Scooter,LOC0053
DEL00805,Jiya Sandhu,+91 69247 91880,Male,05-09-2023,Full-Time,Scooter,LOC0045
DEL00806,Taran Char,+91 73508 73827,Male,22-01-2024,Contract,Bike,LOC0014
DEL00807,Yuvraj  Shah,+91 87824 46701,Female,25-07-2021,Full-Time,Bike,LOC0054
DEL00808,Zoya Rajan,+91 77340 26058,Female,12-09-2025,Full-Time,Bike,LOC0034
DEL00809,Siya Choudhary,+91 62454 62033,Female,11-02-2025,Contract,Van,LOC0012
DEL00810,Dishani Bora,+91 60925 96612,Male,05-07-2022,Full-Time,Bike,LOC0102
DEL00811,Lakshit Lad,+91 94546 86715,Female,02-04-2025,Full-Time,Van,LOC0016
DEL00812,Chirag Warrior,+91 79918 73425,Male,28-05-2023,Contract,Bike,LOC0077
DEL00813,Gatik Kothari,+91 87102 99575,Male,13-11-2023,Contract,Van,LOC0106
DEL00814,Shlok Bora,+91 75674 51955,Male,16-06-2024,Full-Time,Van,LOC0001
DEL00815,Anaya Tripathi,+91 84702 29415,Female,06-09-2021,Full-Time,Van,LOC0062
DEL00816,Kashvi Singh,+91 93707 45886,Male,19-08-2021,Full-Time,Bike,LOC0031
DEL00817,Siya Anand,+91 66744 11351,Female,20-07-2025,Full-Time,EV Bike,LOC0085
DEL00818,Tarini Hayer,+91 75885 24928,Male,22-01-2024,Contract,Bike,LOC0056
DEL00819,Prisha Wable,+91 90125 90242,Female,23-06-2021,Full-Time,Bike,LOC0039
DEL00820,Amira Toor,+91 85206 83921,Male,20-02-2024,Full-Time,Bike,LOC0100
DEL00821,Lakshay Aggarwal,+91 78286 32430,Male,24-10-2022,Full-Time,Bike,LOC0079
DEL00822,Indranil Raman,+91 99051 24312,Male,22-03-2022,Contract,Scooter,LOC0077
DEL00823,Sahil Mani,+91 92831 92018,Male,22-11-2023,Contract,Scooter,LOC0018
DEL00824,Samarth Chacko,+91 72747 35360,Female,09-10-2023,Full-Time,Van,LOC0070
DEL00825,Armaan Kannan,+91 67385 81226,Male,10-07-2022,Contract,EV Bike,LOC0103
DEL00826,Baiju Hans,+91 75472 92530,Female,30-09-2021,Full-Time,Scooter,LOC0074
DEL00827,Divij Bhargava,+91 64718 06710,Male,26-06-2022,Contract,Van,LOC0017
DEL00828,Dhanuk Hayer,+91 77301 29135,Male,19-03-2023,Full-Time,Scooter,LOC0061
DEL00829,Aniruddh Dyal,+91 73369 33668,Female,11-09-2021,Contract,Van,LOC0008
DEL00830,Zaina Sant,+91 61436 93283,Female,27-01-2022,Full-Time,Scooter,LOC0108
DEL00831,Jiya Malhotra,+91 65998 03281,Female,19-06-2024,Contract,Bike,LOC0056
DEL00832,Rasha Wason,+91 89642 18516,Female,25-07-2021,Full-Time,Van,LOC0077
DEL00833,Tanya Dass,+91 67915 21376,Male,26-01-2022,Full-Time,Bike,LOC0065
DEL00834,Lakshit Bahl,+91 86209 07883,Female,07-11-2021,Contract,EV Bike,LOC0030
DEL00835,Jayesh Khalsa,+91 84737 50685,Female,23-10-2023,Contract,EV Bike,LOC0103
DEL00836,Hiran Bumb,+91 95268 38327,Male,06-07-2024,Full-Time,EV Bike,LOC0012
DEL00837,Shray Som,+91 98256 18391,Female,04-05-2025,Full-Time,Van,LOC0023
DEL00838,Ira Ratti,+91 77334 02793,Male,13-11-2025,Full-Time,EV Bike,LOC0083
DEL00839,Lakshit Mall,+91 81475 39305,Female,08-03-2026,Full-Time,Scooter,LOC0004
DEL00840,Vritika Khare,+91 97892 26347,Male,07-06-2025,Full-Time,Scooter,LOC0113
DEL00841,Mannat Rastogi,+91 71348 69251,Male,05-11-2024,Contract,Van,LOC0085
DEL00842,Ishita Banik,+91 77307 22670,Female,11-05-2023,Full-Time,Scooter,LOC0025
DEL00843,Drishya Magar,+91 98400 89482,Female,14-07-2022,Full-Time,Bike,LOC0052
DEL00844,Yuvaan Contractor,+91 74100 73963,Female,31-12-2025,Full-Time,Van,LOC0024
DEL00845,Nishith Mand,+91 90955 09767,Female,24-07-2021,Full-Time,Bike,LOC0064
DEL00846,Vardaniya Mangat,+91 64886 76548,Male,03-03-2026,Full-Time,Bike,LOC0069
DEL00847,Tanya Kale,+91 69467 99860,Male,26-06-2025,Full-Time,EV Bike,LOC0070
DEL00848,Dharmajan Krishna,+91 69247 52823,Female,07-02-2024,Contract,Scooter,LOC0103
DEL00849,Madhav Sani,+91 85600 42032,Male,07-06-2025,Full-Time,Van,LOC0046
DEL00850,Shlok Warrior,+91 73762 23920,Female,13-09-2023,Full-Time,Scooter,LOC0080
DEL00851,Aarav Sachdeva,+91 92110 77027,Male,16-11-2022,Contract,Scooter,LOC0105
DEL00852,Ranbir Loyal,+91 60064 74505,Female,29-02-2024,Full-Time,EV Bike,LOC0093
DEL00853,Fateh Dua,+91 84598 24649,Female,19-07-2022,Full-Time,Scooter,LOC0012
DEL00854,Kismat Master,+91 96259 61850,Female,13-07-2022,Contract,Scooter,LOC0080
DEL00855,Sahil Bedi,+91 64479 40568,Male,14-08-2023,Full-Time,EV Bike,LOC0080
DEL00856,Drishya Bedi,+91 88674 60515,Male,18-11-2024,Contract,EV Bike,LOC0066
DEL00857,Aarush Dixit,+91 75575 05083,Female,29-08-2023,Contract,Van,LOC0098
DEL00858,Eshani Kota,+91 84294 56531,Female,22-06-2025,Full-Time,EV Bike,LOC0035
DEL00859,Kartik Kumer,+91 80015 72662,Female,13-10-2024,Full-Time,Scooter,LOC0083
DEL00860,Advik Tata,+91 79344 84884,Female,20-10-2023,Contract,Van,LOC0078
DEL00861,Urvi Mand,+91 61345 07049,Female,22-05-2021,Contract,EV Bike,LOC0076
DEL00862,Adah Dugar,+91 61114 93577,Male,07-06-2025,Contract,Bike,LOC0032
DEL00863,Nayantara Hora,+91 94158 03202,Female,24-09-2022,Contract,Scooter,LOC0027
DEL00864,Nirvi Balasubramanian,+91 80325 39700,Female,12-07-2023,Full-Time,Van,LOC0011
DEL00865,Pari Arya,+91 97527 22808,Female,12-06-2021,Full-Time,Van,LOC0002
DEL00866,Charvi Hora,+91 66864 65245,Female,22-06-2024,Contract,Van,LOC0006
DEL00867,Sahil Balay,+91 67674 61349,Female,28-10-2024,Contract,Bike,LOC0052
DEL00868,Anvi Sankar,+91 63919 13839,Female,13-08-2022,Contract,Van,LOC0049
DEL00869,Arnav Devi,+91 80507 99255,Male,04-01-2023,Contract,Van,LOC0025
DEL00870,Mamooty Gala,+91 72890 02634,Female,27-07-2024,Full-Time,Van,LOC0053
DEL00871,Vidur Ben,+91 99826 80945,Female,17-07-2023,Full-Time,EV Bike,LOC0096
DEL00872,Himmat Sundaram,+91 61865 77810,Female,05-04-2022,Full-Time,EV Bike,LOC0061
DEL00873,Kartik Bassi,+91 97211 42658,Male,16-10-2025,Full-Time,Scooter,LOC0049
DEL00874,Drishya Gala,+91 66925 94424,Male,04-07-2023,Full-Time,Van,LOC0009
DEL00875,Anika Maharaj,+91 92412 82462,Male,15-01-2025,Contract,Van,LOC0015
DEL00876,Biju Roy,+91 65573 27297,Female,18-06-2024,Contract,Bike,LOC0093
DEL00877,Rohan Mahajan,+91 77713 61940,Female,15-04-2025,Contract,Van,LOC0052
DEL00878,Fateh Chander,+91 69271 07111,Male,09-01-2022,Contract,Scooter,LOC0042
DEL00879,Kismat Randhawa,+91 88810 97574,Female,02-03-2024,Full-Time,Van,LOC0108
DEL00880,Hansh Rajagopal,+91 60747 92232,Female,23-11-2024,Contract,Van,LOC0111
DEL00881,Mehul Kaur,+91 97472 86405,Female,01-08-2022,Contract,Van,LOC0044
DEL00882,Shalv Sangha,+91 91451 13892,Male,06-01-2023,Contract,EV Bike,LOC0064
DEL00883,Urvi Sethi,+91 60614 19575,Male,15-09-2021,Contract,Bike,LOC0090
DEL00884,Romil Lad,+91 92135 46551,Female,24-04-2025,Full-Time,Scooter,LOC0017
DEL00885,Ira Doctor,+91 68943 33158,Male,22-06-2021,Full-Time,Bike,LOC0050
DEL00886,Anay Chander,+91 77791 17091,Male,29-09-2025,Full-Time,Van,LOC0108
DEL00887,Aarush Khosla,+91 83906 73660,Male,19-09-2025,Contract,Bike,LOC0012
DEL00888,Priyansh Rau,+91 83793 38489,Female,01-09-2022,Full-Time,Bike,LOC0015
DEL00889,Tejas Toor,+91 92667 36950,Female,02-01-2022,Full-Time,Bike,LOC0067
DEL00890,Alia Sabharwal,+91 62161 08110,Male,09-05-2021,Contract,Bike,LOC0019
DEL00891,Mishti Dass,+91 73553 73538,Female,16-06-2025,Contract,EV Bike,LOC0059
DEL00892,Dishani Barad,+91 60879 31217,Male,20-04-2025,Contract,Bike,LOC0019
DEL00893,Zoya Sahni,+91 82798 89313,Male,10-02-2022,Full-Time,Bike,LOC0022
DEL00894,Damini Dani,+91 99709 22438,Male,07-04-2024,Contract,Van,LOC0087
DEL00895,Seher Kulkarni,+91 82113 48253,Male,28-09-2021,Full-Time,Van,LOC0022
DEL00896,Amira Raju,+91 70989 56255,Female,23-03-2025,Full-Time,Bike,LOC0029
DEL00897,Jayan Iyengar,+91 98095 77598,Male,14-11-2024,Full-Time,Van,LOC0094
DEL00898,Eva Deol,+91 61657 04631,Male,31-01-2022,Full-Time,Bike,LOC0089
DEL00899,Rhea Sagar,+91 63823 90837,Male,28-04-2021,Full-Time,EV Bike,LOC0059
DEL00900,Mamooty Khatri,+91 69699 57949,Female,05-08-2024,Full-Time,Van,LOC0086
DEL00901,Dishani Madan,+91 80672 29674,Male,01-12-2025,Contract,Scooter,LOC0054
DEL00902,Vardaniya Kapur,+91 81083 09982,Female,01-12-2024,Full-Time,Van,LOC0005
DEL00903,Rasha Ben,+91 70074 12122,Female,08-05-2025,Contract,Scooter,LOC0016
DEL00904,Jayant Arora,+91 71322 02523,Female,07-11-2025,Full-Time,Bike,LOC0075
DEL00905,Tushar Manne,+91 76448 36761,Male,13-03-2026,Full-Time,Scooter,LOC0071
DEL00906,Anya Kale,+91 83582 86528,Female,14-05-2025,Full-Time,Scooter,LOC0073
DEL00907,Vritika Kant,+91 91538 32363,Female,09-07-2023,Contract,EV Bike,LOC0022
DEL00908,Manikya Kalla,+91 75433 89063,Female,14-11-2022,Contract,Van,LOC0101
DEL00909,Lavanya Ganguly,+91 65458 99367,Female,01-03-2023,Full-Time,Scooter,LOC0044
DEL00910,Zeeshan Bhagat,+91 93125 42245,Female,16-01-2023,Full-Time,Bike,LOC0091
DEL00911,Hazel Contractor,+91 96549 40539,Male,03-05-2022,Full-Time,EV Bike,LOC0045
DEL00912,Advik Aggarwal,+91 89243 81312,Female,01-10-2023,Full-Time,Bike,LOC0023
DEL00913,Pari Johal,+91 84806 22667,Female,14-03-2026,Contract,Van,LOC0040
DEL00914,Heer Sarraf,+91 79966 47377,Female,03-08-2023,Contract,Bike,LOC0045
DEL00915,Heer Wali,+91 99997 53178,Female,23-09-2023,Full-Time,EV Bike,LOC0101
DEL00916,Piya Handa,+91 79565 62974,Male,05-04-2021,Contract,Van,LOC0088
DEL00917,Shaan Edwin,+91 71440 18173,Female,03-12-2022,Full-Time,Van,LOC0010
DEL00918,Manikya Dora,+91 69168 97775,Female,11-06-2024,Contract,Bike,LOC0109
DEL00919,Stuvan Kapur,+91 79263 53269,Female,30-05-2025,Contract,Scooter,LOC0044
DEL00920,Amani Kothari,+91 85119 07484,Female,11-05-2023,Full-Time,Van,LOC0018
DEL00921,Krish Dani,+91 61976 56173,Female,30-07-2024,Full-Time,Scooter,LOC0049
DEL00922,Akarsh Wali,+91 82603 09631,Male,01-02-2023,Contract,Scooter,LOC0027
DEL00923,Indrans Raj,+91 84073 68307,Female,10-03-2023,Contract,EV Bike,LOC0044
DEL00924,Madhup Gole,+91 98783 60654,Female,17-01-2024,Full-Time,Van,LOC0025
DEL00925,Ayesha Raman,+91 66782 17428,Male,14-02-2025,Contract,Scooter,LOC0066
DEL00926,Yuvaan Borra,+91 62880 12998,Female,10-02-2026,Full-Time,Van,LOC0049
DEL00927,Lakshit Bala,+91 98910 48203,Male,11-06-2022,Contract,Scooter,LOC0037
DEL00928,Alisha Dewan,+91 60660 15862,Female,20-11-2025,Contract,Scooter,LOC0082
DEL00929,Nirvaan Sundaram,+91 84229 41678,Male,28-08-2024,Contract,Van,LOC0054
DEL00930,Uthkarsh Banerjee,+91 93119 14277,Male,22-04-2024,Full-Time,Bike,LOC0056
DEL00931,Nehmat Butala,+91 75587 98919,Female,08-03-2023,Full-Time,Scooter,LOC0076
DEL00932,Eva Luthra,+91 67055 01762,Female,09-07-2022,Contract,Van,LOC0031
DEL00933,Indranil Jhaveri,+91 78766 38421,Male,15-09-2024,Contract,EV Bike,LOC0056
DEL00934,Prisha Bhargava,+91 78898 73268,Female,10-10-2025,Full-Time,Bike,LOC0070
DEL00935,Romil Dar,+91 95127 65973,Male,13-07-2023,Contract,Scooter,LOC0017
DEL00936,Lakshay Sarkar,+91 74521 87839,Male,31-10-2024,Full-Time,Scooter,LOC0093
DEL00937,Diya Bakshi,+91 98530 57834,Female,03-05-2025,Full-Time,Van,LOC0088
DEL00938,Mehul Ghosh,+91 71618 63577,Male,07-12-2025,Full-Time,EV Bike,LOC0060
DEL00939,Manikya Dara,+91 95874 78665,Male,04-03-2024,Full-Time,Bike,LOC0009
DEL00940,Manikya Chanda,+91 84222 48245,Female,23-02-2023,Full-Time,Scooter,LOC0099
DEL00941,Kashvi Golla,+91 87989 89016,Female,24-12-2022,Contract,Van,LOC0014
DEL00942,Anaya Sachdev,+91 68597 89499,Female,11-01-2024,Full-Time,Bike,LOC0014
DEL00943,Bhamini De,+91 76187 70465,Male,09-01-2026,Contract,Bike,LOC0079
DEL00944,Kiara Kalita,+91 68067 76848,Female,09-11-2021,Full-Time,EV Bike,LOC0044
DEL00945,Saira Dixit,+91 89142 01980,Female,07-06-2022,Full-Time,Bike,LOC0039
DEL00946,Ahana  Banerjee,+91 98972 08171,Female,23-01-2026,Contract,Scooter,LOC0096
DEL00947,Madhav Contractor,+91 61172 84538,Male,19-12-2021,Full-Time,Bike,LOC0009
DEL00948,Lavanya Ghose,+91 66058 25110,Female,14-01-2023,Contract,EV Bike,LOC0047
DEL00949,Raghav Chad,+91 92354 74910,Male,01-04-2024,Full-Time,Bike,LOC0053
DEL00950,Nehmat Bose,+91 69331 98890,Female,25-06-2023,Full-Time,Bike,LOC0033
DEL00951,Heer Bhat,+91 77834 86151,Male,01-01-2026,Full-Time,Van,LOC0056
DEL00952,Nehmat Dugar,+91 91798 48004,Male,17-03-2026,Full-Time,Scooter,LOC0022
DEL00953,Krish Tank,+91 76296 37415,Female,29-08-2022,Contract,Van,LOC0091
DEL00954,Nehmat Dewan,+91 67472 72308,Female,25-08-2022,Contract,Bike,LOC0007
DEL00955,Vritika Kumer,+91 63566 48609,Female,20-02-2025,Contract,Bike,LOC0074
DEL00956,Shamik Varma,+91 91621 79894,Female,04-06-2024,Full-Time,EV Bike,LOC0101
DEL00957,Elakshi Sahni,+91 66557 14294,Male,13-04-2025,Full-Time,EV Bike,LOC0086
DEL00958,Rania Shah,+91 60921 81071,Male,26-10-2025,Contract,Scooter,LOC0042
DEL00959,Oorja Cherian,+91 97935 76465,Male,03-07-2025,Full-Time,Scooter,LOC0070
DEL00960,Sahil Lanka,+91 66080 71324,Female,26-06-2025,Full-Time,Van,LOC0022
DEL00961,Zoya Sahni,+91 83693 05229,Male,16-04-2022,Full-Time,Bike,LOC0031
DEL00962,Adira Saini,+91 96845 03351,Female,25-11-2023,Contract,Van,LOC0072
DEL00963,Samarth Verma,+91 83132 71630,Male,05-06-2025,Contract,Scooter,LOC0061
DEL00964,Dishani Setty,+91 84063 62765,Female,29-08-2021,Contract,Bike,LOC0024
DEL00965,Vritika Kashyap,+91 62214 18607,Male,11-02-2024,Full-Time,EV Bike,LOC0106
DEL00966,Nitya Goel,+91 80224 81897,Male,05-03-2026,Full-Time,Scooter,LOC0004
DEL00967,Romil Luthra,+91 79868 44053,Female,29-06-2023,Full-Time,EV Bike,LOC0083
DEL00968,Nayantara Upadhyay,+91 60829 46873,Female,07-06-2023,Full-Time,Scooter,LOC0011
DEL00969,Aniruddh Bajwa,+91 64778 27765,Female,16-01-2022,Contract,EV Bike,LOC0036
DEL00970,Charvi Kara,+91 92939 45810,Female,17-05-2025,Full-Time,EV Bike,LOC0010
DEL00971,Ahana  Bhatia,+91 70709 77293,Male,20-07-2024,Full-Time,Bike,LOC0104
DEL00972,Zaina Iyengar,+91 67283 67241,Male,11-07-2025,Full-Time,Bike,LOC0055
DEL00973,Shayak Handa,+91 90871 51200,Male,31-07-2021,Full-Time,Scooter,LOC0082
DEL00974,Siya D’Alia,+91 69091 72772,Female,23-02-2024,Full-Time,Van,LOC0084
DEL00975,Vivaan De,+91 73497 50184,Male,26-12-2021,Full-Time,Bike,LOC0097
DEL00976,Ivan Sem,+91 77401 32841,Male,01-11-2023,Contract,Van,LOC0044
DEL00977,Biju Dyal,+91 74521 39238,Female,23-07-2025,Full-Time,Bike,LOC0072
DEL00978,Alisha Goel,+91 79039 36530,Female,07-01-2022,Full-Time,Van,LOC0050
DEL00979,Shray Sampath,+91 77567 34432,Male,20-06-2021,Full-Time,Van,LOC0080
DEL00980,Gokul Sankaran,+91 84652 39482,Female,21-05-2022,Full-Time,Van,LOC0021
DEL00981,Himmat Grover,+91 89219 10976,Female,30-11-2023,Full-Time,Bike,LOC0074
DEL00982,Anya Mangat,+91 92543 73524,Female,26-12-2024,Contract,Scooter,LOC0072
DEL00983,Chirag Dugal,+91 88423 85315,Female,05-01-2026,Full-Time,Scooter,LOC0106
DEL00984,Purab Bedi,+91 60317 71553,Male,17-04-2023,Contract,Bike,LOC0108
DEL00985,Hansh Doshi,+91 60083 42465,Female,24-07-2024,Full-Time,Bike,LOC0113
DEL00986,Advika Upadhyay,+91 61864 02039,Male,27-12-2022,Full-Time,Scooter,LOC0034
DEL00987,Vanya Sen,+91 80174 77648,Female,06-12-2021,Full-Time,Van,LOC0092
DEL00988,Uthkarsh Doctor,+91 97920 60931,Male,07-04-2024,Contract,Bike,LOC0057
DEL00989,Sahil Sheth,+91 70300 14744,Male,27-04-2024,Contract,Scooter,LOC0069
DEL00990,Divit Soman,+91 99073 90902,Male,26-07-2024,Full-Time,EV Bike,LOC0106
DEL00991,Yuvraj  Arya,+91 78445 97611,Male,11-09-2024,Contract,Bike,LOC0024
DEL00992,Uthkarsh Bajwa,+91 71506 95273,Female,20-01-2023,Contract,Van,LOC0006
DEL00993,Anvi Deshpande,+91 98702 64989,Male,10-12-2025,Full-Time,Bike,LOC0078
DEL00994,Madhup Shan,+91 68171 28471,Female,08-09-2025,Full-Time,Scooter,LOC0059
DEL00995,Pari Sarma,+91 78380 27230,Female,20-11-2025,Contract,Van,LOC0022
DEL00996,Jivin Sarraf,+91 95272 17096,Female,08-08-2024,Full-Time,Van,LOC0021
DEL00997,Yakshit Sandhu,+91 87698 22937,Male,04-09-2022,Contract,Van,LOC0100
DEL00998,Misha Kurian,+91 72019 73996,Male,27-04-2025,Full-Time,Bike,LOC0108
DEL00999,Shamik Gopal,+91 66351 63344,Male,25-10-2025,Contract,Van,LOC0080
DEL01000,Arhaan Chaudry,+91 85410 49076,Female,23-10-2025,Full-Time,Bike,LOC0093
DEL01001,Yakshit Kibe,+91 99069 81526,Male,17-01-2022,Contract,EV Bike,LOC0037
DEL01002,Neelofar Kalla,+91 61107 48411,Female,17-10-2023,Contract,Scooter,LOC0017
DEL01003,Priyansh Rajan,+91 99806 95417,Female,25-12-2022,Contract,Scooter,LOC0081
DEL01004,Samaira Sibal,+91 83823 15256,Male,05-04-2022,Contract,Van,LOC0052
DEL01005,Miraan Saran,+91 99854 23095,Male,31-12-2021,Contract,Scooter,LOC0010
DEL01006,Vivaan Badal,+91 63894 86660,Male,01-12-2024,Full-Time,Van,LOC0049
DEL01007,Madhup Ganesh,+91 65321 32464,Female,05-03-2024,Contract,Bike,LOC0108
DEL01008,Pihu Yogi,+91 70734 71066,Female,21-07-2024,Contract,Bike,LOC0046
DEL01009,Nayantara Dube,+91 63085 49373,Female,22-10-2025,Full-Time,Bike,LOC0054
DEL01010,Arnav Shere,+91 99055 64309,Male,11-11-2024,Contract,EV Bike,LOC0055
DEL01011,Yuvaan Bandi,+91 96277 23864,Female,27-07-2024,Contract,EV Bike,LOC0071
DEL01012,Anahi Hayre,+91 70237 99683,Male,03-04-2023,Full-Time,EV Bike,LOC0024
DEL01013,Priyansh Dugal,+91 69853 26234,Male,07-05-2025,Full-Time,Van,LOC0091
DEL01014,Suhana Bhatti,+91 98486 98396,Male,13-01-2023,Contract,Van,LOC0109
DEL01015,Suhana Ravel,+91 66119 23239,Female,04-06-2025,Full-Time,EV Bike,LOC0111
DEL01016,Jivin Dutt,+91 71390 07413,Female,07-03-2025,Contract,Van,LOC0014
DEL01017,Samaira Babu,+91 96311 29458,Female,10-01-2023,Contract,Bike,LOC0103
DEL01018,Kabir Dhar,+91 60553 28509,Male,13-03-2022,Full-Time,EV Bike,LOC0068
DEL01019,Ivan Ravel,+91 94554 99922,Male,21-06-2023,Contract,Bike,LOC0044
DEL01020,Tara Hayer,+91 92211 37140,Male,02-09-2023,Full-Time,EV Bike,LOC0065
DEL01021,Kashvi Jain,+91 60954 70228,Male,19-09-2021,Contract,Van,LOC0087
DEL01022,Riya Srivastava,+91 99347 82543,Male,25-08-2023,Contract,Scooter,LOC0082
DEL01023,Abram Jain,+91 73328 58744,Male,25-10-2025,Contract,Van,LOC0004
DEL01024,Tanya Khare,+91 67395 84818,Male,09-08-2021,Contract,Scooter,LOC0045
DEL01025,Faiyaz Rajagopal,+91 67934 02141,Female,21-09-2025,Contract,Bike,LOC0070
DEL01026,Vedika Sankaran,+91 68713 32902,Female,04-12-2021,Full-Time,EV Bike,LOC0031
DEL01027,Riya Sidhu,+91 98760 30755,Male,08-07-2024,Contract,Van,LOC0079
DEL01028,Aaina Chokshi,+91 95710 28918,Male,27-12-2022,Full-Time,EV Bike,LOC0059
DEL01029,Hunar Sachdev,+91 79919 87550,Male,01-12-2021,Full-Time,Scooter,LOC0074
DEL01030,Sumer Kulkarni,+91 70362 10246,Male,23-12-2025,Full-Time,Bike,LOC0052
DEL01031,Oorja Biswas,+91 82747 91713,Male,27-03-2023,Contract,EV Bike,LOC0090
DEL01032,Sahil Sagar,+91 87403 97512,Female,20-08-2024,Full-Time,Van,LOC0033
DEL01033,Faiyaz Sur,+91 75673 93061,Female,04-09-2022,Full-Time,Bike,LOC0112
DEL01034,Gatik Sawhney,+91 81919 91626,Male,07-05-2025,Contract,Bike,LOC0081
DEL01035,Nirvi Goda,+91 96420 87229,Female,12-10-2021,Contract,Scooter,LOC0010
DEL01036,Indranil Yadav,+91 62767 45655,Female,27-02-2025,Full-Time,Van,LOC0065
DEL01037,Baiju Kota,+91 60497 66436,Male,01-11-2023,Contract,EV Bike,LOC0085
DEL01038,Aarush Bakshi,+91 83054 68299,Male,20-10-2024,Full-Time,Bike,LOC0044
DEL01039,Shalv Chaudhry,+91 87801 15314,Female,14-04-2021,Contract,EV Bike,LOC0006
DEL01040,Trisha Setty,+91 92852 49371,Female,11-04-2021,Full-Time,Bike,LOC0034
DEL01041,Anahita Suri,+91 70509 56130,Male,15-03-2022,Full-Time,Van,LOC0011
DEL01042,Akarsh Tiwari,+91 70800 41643,Female,22-01-2025,Contract,EV Bike,LOC0044
DEL01043,Manjari Hegde,+91 68909 21002,Male,07-08-2024,Contract,EV Bike,LOC0063
DEL01044,Adira Dada,+91 84638 98972,Male,11-05-2025,Contract,Bike,LOC0055
DEL01045,Inaaya  Vaidya,+91 66778 08932,Female,06-04-2023,Contract,EV Bike,LOC0002
DEL01046,Neelofar Trivedi,+91 96890 74793,Female,15-08-2021,Full-Time,Scooter,LOC0090
DEL01047,Urvi Arora,+91 95466 73247,Female,24-06-2023,Contract,Bike,LOC0070
DEL01048,Mahika Lall,+91 87023 66574,Female,15-05-2022,Full-Time,Bike,LOC0003
DEL01049,Ojas Banik,+91 83026 46556,Male,04-10-2022,Full-Time,Van,LOC0005
DEL01050,Emir Ganesan,+91 99661 94896,Female,06-01-2026,Contract,Scooter,LOC0056
DEL01051,Divij Dhawan,+91 96318 63035,Female,08-11-2023,Full-Time,Bike,LOC0084
DEL01052,Shlok Bhasin,+91 85081 68608,Male,27-03-2024,Full-Time,EV Bike,LOC0044
DEL01053,Dishani Date,+91 71364 65898,Female,20-06-2024,Contract,Scooter,LOC0058
DEL01054,Aarav Mahajan,+91 83791 08597,Female,21-04-2023,Full-Time,Van,LOC0078
DEL01055,Jivin Kanda,+91 76722 25874,Female,18-07-2024,Contract,Bike,LOC0010
DEL01056,Saira Apte,+91 90681 33054,Female,12-11-2023,Contract,Bike,LOC0033
DEL01057,Lavanya Tiwari,+91 71493 87215,Female,01-11-2023,Full-Time,Van,LOC0113
DEL01058,Yuvaan Dugar,+91 95773 62363,Male,28-12-2021,Contract,Bike,LOC0014
DEL01059,Divyansh Yohannan,+91 83253 59094,Male,14-11-2022,Full-Time,Scooter,LOC0037
DEL01060,Gatik Dayal,+91 61145 33246,Female,14-08-2024,Full-Time,EV Bike,LOC0020
DEL01061,Elakshi Acharya,+91 94136 14704,Female,22-12-2024,Contract,EV Bike,LOC0030
DEL01062,Miraya Subramanian,+91 90927 69656,Female,02-08-2023,Full-Time,Van,LOC0085
DEL01063,Saksham Kari,+91 81876 76635,Male,18-09-2021,Full-Time,Scooter,LOC0063
DEL01064,Kashvi Sur,+91 76086 99429,Male,11-11-2023,Contract,EV Bike,LOC0097
DEL01065,Tushar Dhawan,+91 60663 38617,Male,16-04-2023,Full-Time,EV Bike,LOC0051
DEL01066,Priyansh Chauhan,+91 97439 59193,Female,28-05-2023,Full-Time,Van,LOC0032
DEL01067,Aarush Sagar,+91 63279 50928,Female,03-02-2025,Contract,Van,LOC0039
DEL01068,Ritvik Gokhale,+91 73615 48637,Female,11-07-2025,Contract,EV Bike,LOC0012
DEL01069,Miraya Biswas,+91 99535 24117,Male,16-12-2022,Contract,Van,LOC0021
DEL01070,Sana Saraf,+91 80021 31624,Female,10-10-2021,Contract,Bike,LOC0108
DEL01071,Shaan Shetty,+91 63848 72567,Female,03-03-2025,Full-Time,Van,LOC0025
DEL01072,Rhea Rout,+91 80972 31300,Male,26-06-2025,Full-Time,Bike,LOC0023
DEL01073,Kimaya Devan,+91 70854 53974,Male,28-06-2022,Full-Time,Scooter,LOC0058
DEL01074,Devansh Chopra,+91 80336 41932,Male,15-06-2023,Contract,Scooter,LOC0093
DEL01075,Lakshit Kapadia,+91 96989 21319,Female,22-11-2024,Contract,EV Bike,LOC0016
DEL01076,Charvi Kade,+91 63425 45471,Female,23-06-2024,Full-Time,EV Bike,LOC0061
DEL01077,Romil Gala,+91 81351 82129,Male,16-02-2025,Full-Time,Scooter,LOC0043
DEL01078,Mahika Chanda,+91 70996 74854,Male,20-09-2023,Contract,Van,LOC0058
DEL01079,Vardaniya Bhasin,+91 88974 34663,Male,30-05-2023,Full-Time,EV Bike,LOC0004
DEL01080,Umang Yohannan,+91 71618 32219,Male,01-10-2022,Full-Time,Van,LOC0095
DEL01081,Shayak Cherian,+91 86009 70545,Male,02-07-2024,Full-Time,Scooter,LOC0088
DEL01082,Eshani Shroff,+91 73070 73527,Male,06-08-2022,Full-Time,Bike,LOC0089
DEL01083,Shaan Ghose,+91 73866 62368,Male,23-04-2022,Contract,Scooter,LOC0076
DEL01084,Mishti Bhardwaj,+91 86922 52674,Female,27-07-2022,Contract,EV Bike,LOC0083
DEL01085,Nakul Krishna,+91 62238 51171,Female,10-10-2021,Contract,Scooter,LOC0057
DEL01086,Gatik Soni,+91 98248 02233,Male,25-11-2021,Full-Time,Scooter,LOC0082
DEL01087,Hrishita Maharaj,+91 90962 51572,Male,17-07-2024,Full-Time,EV Bike,LOC0039
DEL01088,Faiyaz Vora,+91 99777 53964,Male,22-09-2023,Full-Time,Van,LOC0073
DEL01089,Anahita Dada,+91 65476 63521,Male,01-06-2025,Contract,Bike,LOC0097
DEL01090,Saira Rama,+91 97868 78253,Female,07-11-2025,Contract,EV Bike,LOC0043
DEL01091,Tiya Kala,+91 84407 54448,Male,11-04-2024,Contract,EV Bike,LOC0012
DEL01092,Seher Gala,+91 65382 49254,Female,04-08-2022,Contract,Bike,LOC0031
DEL01093,Saksham Sehgal,+91 76742 55281,Male,05-04-2025,Full-Time,Bike,LOC0018
DEL01094,Bhamini Acharya,+91 87677 50606,Female,22-09-2023,Full-Time,Van,LOC0010
DEL01095,Ryan Kale,+91 95632 65100,Male,20-12-2024,Contract,Scooter,LOC0076
DEL01096,Yasmin Bhavsar,+91 81821 43811,Male,19-06-2025,Contract,Bike,LOC0026
DEL01097,Aarav Dugar,+91 83703 74299,Male,09-08-2023,Contract,Van,LOC0087
DEL01098,Divit Bhardwaj,+91 67048 24160,Female,28-02-2022,Contract,Van,LOC0078
DEL01099,Sumer Tailor,+91 67482 89444,Female,25-02-2022,Contract,Bike,LOC0078
DEL01100,Yakshit Karan,+91 99287 12822,Male,14-11-2022,Full-Time,Scooter,LOC0083
DEL01101,Neelofar Saini,+91 66147 37312,Female,15-01-2025,Full-Time,Scooter,LOC0032
DEL01102,Hunar Brar,+91 61926 59333,Male,03-11-2024,Full-Time,Bike,LOC0086
DEL01103,Anvi Tella,+91 64019 81452,Female,13-02-2024,Full-Time,EV Bike,LOC0075
DEL01104,Shalv Aurora,+91 67568 16328,Female,05-12-2025,Full-Time,EV Bike,LOC0029
DEL01105,Ivan Chhabra,+91 91338 16307,Female,16-10-2024,Full-Time,Van,LOC0050
DEL01106,Purab Devi,+91 72106 96076,Male,21-08-2024,Contract,Scooter,LOC0045
DEL01107,Jhanvi Saran,+91 93247 46816,Female,05-11-2023,Contract,Van,LOC0050
DEL01108,Jayant Kurian,+91 69373 08710,Female,17-03-2022,Full-Time,Scooter,LOC0059
DEL01109,Jayan Balay,+91 71526 00555,Female,06-11-2024,Contract,Scooter,LOC0063
DEL01110,Ritvik Swamy,+91 74833 74597,Female,25-07-2021,Full-Time,Bike,LOC0039
DEL01111,Vivaan Sethi,+91 60082 00223,Female,26-05-2022,Full-Time,EV Bike,LOC0073
DEL01112,Sana Mani,+91 85475 19254,Female,13-11-2024,Contract,Bike,LOC0062
DEL01113,Vihaan Kurian,+91 75919 44807,Female,26-03-2025,Full-Time,EV Bike,LOC0046
DEL01114,Veer Tata,+91 95407 64516,Male,17-07-2025,Full-Time,EV Bike,LOC0112
DEL01115,Aayush Bahl,+91 91552 86653,Female,22-09-2025,Contract,Bike,LOC0008
DEL01116,Manikya Manda,+91 64137 18010,Female,29-03-2024,Full-Time,Scooter,LOC0074
DEL01117,Anay Badami,+91 71526 74513,Male,07-11-2021,Full-Time,EV Bike,LOC0044
DEL01118,Ayesha Magar,+91 89632 21254,Male,09-01-2024,Contract,EV Bike,LOC0058
DEL01119,Jayan Ray,+91 84817 28239,Male,25-08-2023,Full-Time,Bike,LOC0069
DEL01120,Neysa D’Alia,+91 81878 66298,Female,08-01-2024,Full-Time,EV Bike,LOC0002
DEL01121,Tara Kibe,+91 80535 27345,Male,20-11-2021,Full-Time,Bike,LOC0043
DEL01122,Romil Acharya,+91 91354 12805,Male,05-01-2022,Full-Time,Van,LOC0084
DEL01123,Ahana  Balan,+91 79266 73118,Female,16-09-2021,Full-Time,Scooter,LOC0098
DEL01124,Dhanush Butala,+91 99257 13486,Female,21-09-2023,Contract,EV Bike,LOC0111
DEL01125,Yashvi Shukla,+91 76496 24098,Female,22-10-2021,Contract,Van,LOC0042
DEL01126,Taimur Dugar,+91 62098 33317,Female,06-04-2022,Contract,Scooter,LOC0071
DEL01127,Kabir Gour,+91 85453 42461,Female,16-05-2023,Contract,Scooter,LOC0087
DEL01128,Drishya Rajagopalan,+91 79432 75829,Male,01-09-2023,Contract,Van,LOC0018
DEL01129,Hrishita Din,+91 92262 19499,Male,24-01-2024,Contract,Van,LOC0083
DEL01130,Tejas Bhagat,+91 92890 91641,Female,25-04-2024,Full-Time,EV Bike,LOC0112
DEL01131,Alisha Bhakta,+91 84231 97973,Female,15-12-2023,Full-Time,EV Bike,LOC0086
DEL01132,Chirag Kaul,+91 79459 88012,Female,01-05-2022,Contract,Scooter,LOC0041
DEL01133,Aarna Sood,+91 63883 65977,Female,25-09-2023,Contract,Bike,LOC0055
DEL01134,Pari Raman,+91 85345 95665,Female,23-06-2023,Contract,Scooter,LOC0009
DEL01135,Zaina Bhasin,+91 82787 72939,Male,04-03-2024,Contract,EV Bike,LOC0039
DEL01136,Ranbir Sami,+91 83773 90324,Male,12-06-2023,Full-Time,Van,LOC0012
DEL01137,Vaibhav Bhalla,+91 65985 09884,Male,21-04-2025,Contract,Scooter,LOC0014
DEL01138,Aayush Wagle,+91 64559 72174,Male,11-07-2023,Full-Time,Scooter,LOC0009
DEL01139,Kartik Uppal,+91 71364 06712,Female,15-04-2025,Full-Time,Scooter,LOC0040
DEL01140,Gokul Chand,+91 60198 86942,Male,21-06-2024,Contract,Scooter,LOC0096
DEL01141,Mahika Keer,+91 93988 61383,Male,14-02-2024,Contract,Bike,LOC0066
DEL01142,Yuvaan Jayaraman,+91 77663 63044,Male,01-09-2021,Full-Time,Van,LOC0015
DEL01143,Madhup Gole,+91 91640 46680,Female,23-03-2025,Contract,EV Bike,LOC0106
DEL01144,Aniruddh Shankar,+91 94784 85246,Male,01-04-2024,Full-Time,Scooter,LOC0082
DEL01145,Myra Chakrabarti,+91 65439 61810,Male,14-06-2024,Contract,EV Bike,LOC0065
DEL01146,Aniruddh Sarna,+91 68256 34506,Male,12-02-2025,Contract,Bike,LOC0027
DEL01147,Divij Dar,+91 89575 81449,Female,06-02-2025,Full-Time,Scooter,LOC0103
DEL01148,Pranay Sangha,+91 86023 02559,Female,20-08-2022,Contract,Bike,LOC0046
DEL01149,Nitara Hayre,+91 91636 88078,Female,22-07-2023,Full-Time,Scooter,LOC0059
DEL01150,Aaryahi Srivastava,+91 72124 34203,Female,04-10-2022,Contract,Bike,LOC0016
DEL01151,Dhanuk Bhatti,+91 93375 83605,Female,25-08-2023,Full-Time,Bike,LOC0063
DEL01152,Rhea Bala,+91 66880 68813,Female,15-02-2024,Full-Time,EV Bike,LOC0042
DEL01153,Jivika Ramachandran,+91 65427 96853,Male,19-02-2024,Contract,Van,LOC0082
DEL01154,Vivaan Bora,+91 66592 36901,Male,10-07-2025,Contract,Bike,LOC0047
DEL01155,Mishti Ramanathan,+91 73920 96253,Male,11-02-2024,Full-Time,Van,LOC0090
DEL01156,Parinaaz Chokshi,+91 95259 13603,Male,02-07-2021,Full-Time,Scooter,LOC0023
DEL01157,Zara Rama,+91 84446 67222,Male,25-01-2022,Full-Time,Bike,LOC0113
DEL01158,Rohan De,+91 81995 85667,Female,25-12-2022,Full-Time,EV Bike,LOC0034
DEL01159,Anika Mann,+91 96121 04539,Female,28-11-2023,Full-Time,Scooter,LOC0066
DEL01160,Divit Bahri,+91 71727 26581,Male,23-02-2022,Contract,Bike,LOC0031
DEL01161,Jivin Acharya,+91 68773 70852,Female,23-08-2025,Full-Time,Bike,LOC0018
DEL01162,Khushi Sarma,+91 62856 06372,Female,19-05-2025,Full-Time,Bike,LOC0087
DEL01163,Kimaya Kaur,+91 85258 35499,Female,26-08-2025,Full-Time,Bike,LOC0042
DEL01164,Inaaya  Kohli,+91 82344 25809,Female,31-03-2025,Contract,EV Bike,LOC0104
DEL01165,Aniruddh Kata,+91 82415 90803,Male,19-04-2022,Full-Time,Van,LOC0031
DEL01166,Navya Bakshi,+91 65695 59828,Male,20-06-2025,Full-Time,Scooter,LOC0112
DEL01167,Trisha Vyas,+91 60631 18830,Male,29-08-2024,Full-Time,Van,LOC0033
DEL01168,Jayan Badami,+91 73079 31745,Female,08-12-2021,Full-Time,EV Bike,LOC0105
DEL01169,Nitya Raju,+91 69191 45085,Female,09-02-2023,Full-Time,Bike,LOC0006
DEL01170,Veer Shetty,+91 65195 88909,Female,22-12-2024,Full-Time,Van,LOC0018
DEL01171,Rati Wable,+91 60645 28025,Male,18-04-2025,Contract,Scooter,LOC0037
DEL01172,Saanvi Rastogi,+91 70544 57295,Male,25-11-2024,Full-Time,Van,LOC0063
DEL01173,Mehul Goyal,+91 98658 97562,Male,17-11-2021,Contract,Bike,LOC0018
DEL01174,Sumer Manda,+91 81544 88779,Male,14-11-2023,Full-Time,Van,LOC0022
DEL01175,Vidur Tailor,+91 85999 07132,Female,16-01-2024,Full-Time,EV Bike,LOC0058
DEL01176,Shamik Majumdar,+91 68094 21297,Male,16-05-2024,Contract,Scooter,LOC0090
DEL01177,Onkar De,+91 62436 76434,Male,19-05-2024,Contract,Bike,LOC0079
DEL01178,Indranil Buch,+91 71431 29654,Male,04-09-2022,Contract,Van,LOC0075
DEL01179,Bhavin Boase,+91 72651 33397,Female,21-04-2024,Contract,Bike,LOC0071
DEL01180,Onkar Arora,+91 67462 73609,Male,12-02-2023,Contract,Scooter,LOC0012
DEL01181,Lavanya Ray,+91 95188 84740,Female,13-04-2025,Contract,EV Bike,LOC0110
DEL01182,Akarsh Dada,+91 74078 78737,Female,24-10-2024,Full-Time,EV Bike,LOC0111
DEL01183,Tara Kannan,+91 96092 07319,Male,04-09-2023,Full-Time,Scooter,LOC0063
DEL01184,Vritika Shah,+91 64528 26206,Female,01-10-2021,Full-Time,Bike,LOC0037
DEL01185,Aayush Banerjee,+91 63630 67892,Male,03-10-2023,Full-Time,EV Bike,LOC0073
DEL01186,Yasmin Kata,+91 90755 13648,Female,19-03-2024,Full-Time,Bike,LOC0060
DEL01187,Nitya Gokhale,+91 71677 02239,Female,06-06-2025,Full-Time,Scooter,LOC0096
DEL01188,Shayak Varty,+91 79411 48190,Female,27-12-2025,Contract,Scooter,LOC0012
DEL01189,Mamooty Dar,+91 73373 19670,Male,13-12-2023,Full-Time,EV Bike,LOC0097
DEL01190,Madhup Dara,+91 81979 79406,Male,30-01-2025,Full-Time,Bike,LOC0055
DEL01191,Shaan Chacko,+91 67913 00214,Female,19-05-2022,Contract,Bike,LOC0094
DEL01192,Samaira Khatri,+91 69733 75275,Female,28-08-2023,Full-Time,Bike,LOC0059
DEL01193,Eshani Shukla,+91 78035 22888,Male,07-08-2024,Full-Time,Bike,LOC0036
DEL01194,Lavanya Uppal,+91 87209 02432,Female,05-09-2022,Contract,Bike,LOC0006
DEL01195,Mohanlal Khatri,+91 71305 17739,Male,05-03-2022,Contract,EV Bike,LOC0005
DEL01196,Kabir Baral,+91 66063 42745,Male,17-03-2025,Full-Time,EV Bike,LOC0070
DEL01197,Jayant Chacko,+91 94952 88959,Female,29-03-2026,Contract,Van,LOC0023
DEL01198,Sumer Butala,+91 90071 27874,Male,08-04-2024,Contract,Scooter,LOC0072
DEL01199,Vivaan Sharma,+91 90107 72390,Male,25-11-2022,Contract,EV Bike,LOC0018
DEL01200,Heer Venkataraman,+91 97921 71776,Female,13-07-2024,Contract,Bike,LOC0054
DEL01201,Kabir Chaudhari,+91 65991 31705,Male,22-11-2022,Full-Time,EV Bike,LOC0064
DEL01202,Tanya Krishnan,+91 67949 17482,Female,02-06-2023,Contract,EV Bike,LOC0066
DEL01203,Adira Gara,+91 71711 97965,Male,05-03-2026,Contract,Van,LOC0111
DEL01204,Zara Kale,+91 86591 34472,Female,22-08-2022,Full-Time,EV Bike,LOC0098
DEL01205,Priyansh Sandal,+91 60028 59756,Male,08-08-2022,Full-Time,Van,LOC0064
DEL01206,Mannat Bains,+91 97628 00540,Male,24-07-2021,Contract,Bike,LOC0038
DEL01207,Ritvik Kumer,+91 60328 02576,Male,22-09-2023,Full-Time,Van,LOC0067
DEL01208,Umang Lall,+91 82397 09355,Male,14-09-2025,Contract,Scooter,LOC0064
DEL01209,Neysa Dutt,+91 84435 47668,Male,08-08-2023,Full-Time,Van,LOC0093
DEL01210,Nakul Thaman,+91 91568 24320,Male,10-06-2023,Contract,Bike,LOC0019
DEL01211,Hrishita Johal,+91 76695 74037,Male,16-01-2023,Contract,Scooter,LOC0031
DEL01212,Raunak Yohannan,+91 77456 39734,Female,21-02-2025,Contract,Scooter,LOC0057
DEL01213,Akarsh Sarma,+91 79990 06973,Male,10-09-2023,Full-Time,EV Bike,LOC0063
DEL01214,Jivin Chanda,+91 64237 21332,Female,12-11-2023,Contract,EV Bike,LOC0049
DEL01215,Vihaan Bobal,+91 98443 01990,Female,24-05-2025,Contract,Van,LOC0091
DEL01216,Tejas Kaul,+91 78860 25555,Male,05-12-2022,Full-Time,Scooter,LOC0011
DEL01217,Eshani Khanna,+91 63173 94729,Female,15-07-2024,Contract,Van,LOC0009
DEL01218,Suhana Lad,+91 93478 43104,Female,14-03-2026,Full-Time,EV Bike,LOC0111
DEL01219,Shayak Dutt,+91 85596 94473,Male,09-02-2024,Full-Time,Bike,LOC0022
DEL01220,Farhan Dua,+91 86378 40816,Male,22-06-2024,Contract,Scooter,LOC0113
DEL01221,Nitara Cheema,+91 80369 92738,Male,03-11-2021,Contract,EV Bike,LOC0002
DEL01222,Himmat Biswas,+91 67789 44199,Female,16-12-2023,Contract,EV Bike,LOC0087
DEL01223,Nirvaan Ray,+91 81896 06060,Male,04-06-2022,Full-Time,Scooter,LOC0088
DEL01224,Mehul Bakshi,+91 71020 15190,Male,26-04-2023,Full-Time,Scooter,LOC0089
DEL01225,Aarna Datta,+91 87213 35694,Male,30-11-2025,Contract,EV Bike,LOC0105
DEL01226,Zeeshan Ramaswamy,+91 60539 39318,Male,01-01-2024,Full-Time,Bike,LOC0066
DEL01227,Hazel Bava,+91 81875 29079,Female,12-05-2022,Full-Time,Van,LOC0046
DEL01228,Tiya Keer,+91 76462 00672,Female,06-10-2025,Contract,EV Bike,LOC0016
DEL01229,Zaina Grewal,+91 76778 79055,Female,21-03-2026,Full-Time,EV Bike,LOC0112
DEL01230,Madhav Char,+91 67252 94389,Male,27-01-2025,Contract,Bike,LOC0073
DEL01231,Purab Singh,+91 60839 83062,Male,17-07-2025,Contract,EV Bike,LOC0108
DEL01232,Kanav Bajwa,+91 79546 66855,Male,15-08-2022,Full-Time,Bike,LOC0028
DEL01233,Piya Hayer,+91 98047 67377,Female,29-05-2023,Full-Time,Bike,LOC0070
DEL01234,Darshit Dalal,+91 75372 70907,Female,14-12-2025,Full-Time,Scooter,LOC0110
DEL01235,Kartik Raman,+91 65835 06258,Female,02-08-2022,Full-Time,Van,LOC0042
DEL01236,Yakshit Lad,+91 94307 54888,Female,27-02-2023,Contract,EV Bike,LOC0032
DEL01237,Advik Balay,+91 70248 06621,Male,16-03-2022,Full-Time,Bike,LOC0102
DEL01238,Yashvi Singh,+91 84258 87643,Male,21-07-2021,Full-Time,Van,LOC0112
DEL01239,Shanaya Walla,+91 94568 41871,Male,07-11-2021,Contract,Van,LOC0094
DEL01240,Ranbir Viswanathan,+91 85640 87507,Female,29-09-2024,Full-Time,Bike,LOC0070
DEL01241,Hansh Dhingra,+91 88101 92813,Male,31-12-2025,Full-Time,Bike,LOC0098
DEL01242,Fateh Rajagopal,+91 91018 88411,Female,17-04-2025,Full-Time,Scooter,LOC0042
DEL01243,Nayantara Kaur,+91 71062 28287,Female,06-08-2022,Contract,Van,LOC0095
DEL01244,Mannat Keer,+91 98439 56718,Female,24-11-2021,Full-Time,Bike,LOC0059
DEL01245,Miraya Bhasin,+91 93985 04971,Female,04-10-2022,Contract,Bike,LOC0087
DEL01246,Sumer Dutta,+91 71447 90380,Female,08-11-2021,Full-Time,Van,LOC0050
DEL01247,Miraya Sahni,+91 97361 76976,Male,28-11-2024,Full-Time,EV Bike,LOC0008
DEL01248,Miraan Saxena,+91 83100 69279,Female,27-04-2022,Full-Time,Bike,LOC0095
DEL01249,Nishith Shere,+91 64372 67780,Male,10-12-2023,Full-Time,Scooter,LOC0102
DEL01250,Umang Sane,+91 66841 53060,Female,04-07-2024,Full-Time,EV Bike,LOC0092
DEL01251,Advik Karnik,+91 63976 00277,Female,11-09-2021,Full-Time,Bike,LOC0053
DEL01252,Ishita Chaudhry,+91 67490 26884,Male,14-12-2024,Full-Time,EV Bike,LOC0010
DEL01253,Ela Sabharwal,+91 86999 40691,Female,19-09-2022,Full-Time,Bike,LOC0032
DEL01254,Neysa Ahluwalia,+91 77658 28522,Male,31-08-2024,Full-Time,EV Bike,LOC0074
DEL01255,Lakshit Cherian,+91 70790 31830,Female,21-07-2022,Full-Time,Bike,LOC0052
DEL01256,Charvi Agate,+91 79883 19317,Male,05-06-2021,Full-Time,Van,LOC0085
DEL01257,Aarush Tank,+91 67609 86655,Male,27-10-2022,Full-Time,EV Bike,LOC0069
DEL01258,Romil Kar,+91 95282 32183,Female,07-06-2025,Full-Time,Bike,LOC0076
DEL01259,Hrishita Agarwal,+91 82421 67538,Female,22-02-2026,Full-Time,EV Bike,LOC0086
DEL01260,Vihaan Raju,+91 60138 84877,Male,17-09-2024,Contract,Scooter,LOC0026
DEL01261,Dhanuk Borah,+91 83628 56404,Female,13-09-2023,Contract,EV Bike,LOC0097
DEL01262,Ivana Dutta,+91 97811 53346,Male,14-10-2022,Full-Time,Bike,LOC0095
DEL01263,Navya Rau,+91 74323 62816,Male,03-05-2023,Full-Time,Scooter,LOC0088
DEL01264,Onkar Keer,+91 89729 40073,Male,26-09-2022,Contract,Van,LOC0059
DEL01265,Badal Borra,+91 72993 04187,Female,09-04-2021,Full-Time,Van,LOC0012
DEL01266,Nirvaan Varkey,+91 78865 05700,Female,04-08-2025,Contract,Bike,LOC0016
DEL01267,Shamik Char,+91 65282 49328,Female,21-10-2024,Contract,Van,LOC0068
DEL01268,Vritika Sarma,+91 62928 70674,Female,30-01-2025,Full-Time,EV Bike,LOC0068
DEL01269,Divyansh Khalsa,+91 75282 51740,Female,03-02-2024,Full-Time,Bike,LOC0036
DEL01270,Darshit Khatri,+91 80184 11768,Male,14-04-2025,Full-Time,EV Bike,LOC0107
DEL01271,Damini Dua,+91 66355 67546,Female,02-11-2025,Full-Time,Van,LOC0010
DEL01272,Shray Arora,+91 95479 77689,Male,17-07-2021,Contract,Bike,LOC0065
DEL01273,Arnav Balan,+91 75231 04232,Male,13-12-2024,Contract,EV Bike,LOC0112
DEL01274,Devansh Lal,+91 95790 46604,Male,21-08-2021,Full-Time,Bike,LOC0109
DEL01275,Saira Soman,+91 75760 16491,Male,15-08-2025,Contract,Bike,LOC0053
DEL01276,Drishya Joshi,+91 71810 47966,Female,12-03-2026,Contract,Van,LOC0078
DEL01277,Ela Din,+91 96890 67336,Male,29-09-2023,Full-Time,Bike,LOC0040
DEL01278,Amani Karan,+91 82077 25709,Male,19-09-2022,Contract,EV Bike,LOC0050
DEL01279,Zoya Bhargava,+91 82819 41857,Female,30-01-2024,Full-Time,Van,LOC0044
DEL01280,Madhav Mani,+91 71069 54760,Male,09-12-2021,Full-Time,Bike,LOC0048
DEL01281,Taimur Karan,+91 97671 99985,Male,08-11-2024,Full-Time,Scooter,LOC0081
DEL01282,Vidur Seshadri,+91 94579 05643,Female,23-11-2023,Contract,Van,LOC0018
DEL01283,Charvi Garde,+91 87850 76743,Male,20-10-2024,Contract,Van,LOC0021
DEL01284,Kaira Dutt,+91 95937 53949,Female,21-12-2022,Full-Time,Bike,LOC0034
DEL01285,Adira Verma,+91 84134 15025,Female,16-08-2024,Contract,Scooter,LOC0059
DEL01286,Abram Goyal,+91 78663 61318,Male,22-07-2025,Full-Time,Scooter,LOC0066
DEL01287,Oorja Khanna,+91 77565 22491,Male,27-04-2023,Full-Time,Van,LOC0045
DEL01288,Keya Bhatia,+91 62382 50627,Male,03-11-2025,Contract,EV Bike,LOC0018
DEL01289,Vivaan Master,+91 87873 56704,Female,18-05-2022,Contract,Scooter,LOC0025
DEL01290,Vaibhav Kalita,+91 70371 21869,Male,16-09-2024,Full-Time,Bike,LOC0085
DEL01291,Kiara Sanghvi,+91 98283 60745,Male,01-07-2024,Contract,Bike,LOC0005
DEL01292,Ojas Ratta,+91 99295 54483,Male,18-07-2021,Contract,Van,LOC0020
DEL01293,Nitara Balakrishnan,+91 76177 00470,Male,19-04-2024,Contract,Scooter,LOC0025
DEL01294,Krish Grewal,+91 71804 90736,Female,04-05-2025,Full-Time,Van,LOC0012
DEL01295,Ayesha Desai,+91 92746 35294,Female,09-05-2022,Contract,Van,LOC0107
DEL01296,Tarini Ahuja,+91 77512 63223,Male,30-06-2022,Full-Time,Scooter,LOC0060
DEL01297,Samar Banik,+91 95710 05654,Male,15-10-2021,Full-Time,Scooter,LOC0103
DEL01298,Kaira Bansal,+91 65612 06261,Male,25-12-2025,Full-Time,Scooter,LOC0053
DEL01299,Zoya Jaggi,+91 78310 91246,Male,08-08-2021,Full-Time,EV Bike,LOC0035
DEL01300,Madhup Soman,+91 73160 84881,Male,20-06-2023,Full-Time,Van,LOC0072
DEL01301,Taran Khalsa,+91 81554 90363,Female,10-04-2021,Full-Time,EV Bike,LOC0017
DEL01302,Saksham Bava,+91 94871 96286,Female,06-01-2026,Contract,Van,LOC0005
DEL01303,Raunak Chander,+91 68372 97365,Female,28-05-2025,Contract,Van,LOC0022
DEL01304,Jhanvi Khanna,+91 73699 28706,Female,23-03-2023,Full-Time,Scooter,LOC0005
DEL01305,Damini Barad,+91 99834 84933,Female,24-06-2024,Contract,Scooter,LOC0020
DEL01306,Navya Sane,+91 92825 79588,Male,23-09-2025,Contract,Van,LOC0019
DEL01307,Hunar Sachdev,+91 98300 49091,Female,02-01-2023,Contract,Scooter,LOC0073
DEL01308,Shanaya Ramanathan,+91 78125 34283,Female,29-04-2022,Contract,Van,LOC0103
DEL01309,Jhanvi Acharya,+91 95352 24097,Female,16-12-2022,Contract,Bike,LOC0041
DEL01310,Hansh Saraf,+91 92375 86988,Female,13-10-2021,Contract,Scooter,LOC0102
DEL01311,Sumer Hora,+91 72066 89195,Male,17-12-2023,Contract,EV Bike,LOC0057
DEL01312,Tanya Khatri,+91 74377 28187,Male,10-06-2021,Contract,Van,LOC0033
DEL01313,Rhea Chauhan,+91 86481 05765,Male,04-09-2022,Contract,EV Bike,LOC0015
DEL01314,Renee Chaudhari,+91 62844 07917,Female,29-02-2024,Contract,Van,LOC0020
DEL01315,Jivin Sani,+91 92210 70434,Female,09-03-2026,Full-Time,Scooter,LOC0062
DEL01316,Fateh Deshmukh,+91 65965 41542,Male,19-07-2022,Full-Time,Bike,LOC0064
DEL01317,Lavanya Brahmbhatt,+91 83216 77374,Male,26-08-2024,Contract,EV Bike,LOC0111
DEL01318,Hiran Tandon,+91 87732 72847,Male,25-11-2023,Contract,Van,LOC0081
DEL01319,Tanya Tiwari,+91 78842 09895,Female,03-08-2025,Contract,Bike,LOC0088
DEL01320,Adah Borde,+91 70858 63968,Male,18-05-2023,Contract,Scooter,LOC0062
DEL01321,Samarth Setty,+91 91892 57919,Male,29-04-2023,Full-Time,Van,LOC0082
DEL01322,Vihaan Sani,+91 88123 66764,Female,22-04-2021,Full-Time,Scooter,LOC0080
DEL01323,Keya Cherian,+91 70664 95134,Female,20-01-2024,Contract,Scooter,LOC0100
DEL01324,Sana Varma,+91 93839 04778,Female,23-12-2022,Full-Time,Scooter,LOC0047
DEL01325,Gatik Borra,+91 69298 67795,Female,17-04-2023,Contract,EV Bike,LOC0005
DEL01326,Shalv Raju,+91 85450 75442,Female,25-11-2024,Contract,Van,LOC0100
DEL01327,Dhruv Balasubramanian,+91 93572 11729,Male,28-03-2026,Full-Time,Scooter,LOC0033
DEL01328,Yuvaan Lad,+91 84380 22585,Female,27-10-2025,Full-Time,Bike,LOC0042
DEL01329,Shayak Lala,+91 95944 68492,Female,29-05-2023,Contract,Scooter,LOC0048
DEL01330,Drishya Ram,+91 91455 34573,Male,30-04-2021,Full-Time,EV Bike,LOC0064
DEL01331,Ehsaan Kata,+91 97479 88605,Male,10-06-2025,Contract,Van,LOC0083
DEL01332,Nirvi Ray,+91 82835 88597,Male,11-09-2025,Contract,Van,LOC0064
DEL01333,Jhanvi Bhagat,+91 65573 55310,Male,21-10-2022,Contract,Scooter,LOC0064
DEL01334,Ishaan Seshadri,+91 67033 91737,Female,07-03-2026,Full-Time,Van,LOC0068
DEL01335,Arnav Apte,+91 62417 21150,Female,11-06-2022,Full-Time,Bike,LOC0020
DEL01336,Miraan Shukla,+91 76723 69677,Female,14-03-2023,Full-Time,Van,LOC0059
DEL01337,Shayak Lad,+91 93031 24255,Female,10-05-2025,Full-Time,Scooter,LOC0061
DEL01338,Adah Mangat,+91 89447 64522,Male,21-10-2025,Contract,EV Bike,LOC0098
DEL01339,Shayak Lanka,+91 76621 50246,Male,06-06-2025,Contract,Scooter,LOC0012
DEL01340,Nirvaan Chand,+91 78822 45791,Female,21-01-2025,Contract,Van,LOC0090
DEL01341,Samarth Bali,+91 79972 48989,Male,11-12-2025,Contract,Van,LOC0050
DEL01342,Kashvi Bumb,+91 80383 11763,Male,22-06-2025,Full-Time,Van,LOC0041
DEL01343,Vivaan Thaker,+91 84515 08292,Female,25-07-2024,Contract,Van,LOC0052
DEL01344,Madhup Behl,+91 87186 23034,Male,17-07-2022,Full-Time,Scooter,LOC0014
DEL01345,Nakul Ratta,+91 94854 45537,Female,10-06-2025,Contract,Scooter,LOC0063
DEL01346,Shanaya Gola,+91 99172 41732,Female,22-07-2023,Full-Time,EV Bike,LOC0109
DEL01347,Shayak Bedi,+91 84220 71176,Male,27-05-2022,Full-Time,EV Bike,LOC0006
DEL01348,Shlok Bali,+91 65975 77200,Female,05-02-2023,Full-Time,EV Bike,LOC0104
DEL01349,Indranil Korpal,+91 65553 07569,Male,04-04-2022,Contract,Scooter,LOC0095
DEL01350,Dhanush Dayal,+91 71039 87660,Male,18-08-2023,Full-Time,Bike,LOC0052
DEL01351,Rasha Chana,+91 78850 10856,Female,15-07-2021,Contract,Scooter,LOC0078
DEL01352,Hunar Choudhry,+91 84579 97708,Male,17-08-2025,Contract,EV Bike,LOC0068
DEL01353,Madhup Dara,+91 97083 58113,Female,27-04-2022,Full-Time,Bike,LOC0003
DEL01354,Tiya Jha,+91 81019 71668,Male,15-02-2023,Contract,Bike,LOC0075
DEL01355,Bhavin Mallick,+91 97484 99139,Male,15-03-2022,Contract,Bike,LOC0111
DEL01356,Ela Rege,+91 98446 69156,Female,05-05-2022,Full-Time,EV Bike,LOC0014
DEL01357,Saira Manda,+91 85676 56489,Male,03-03-2024,Contract,EV Bike,LOC0069
DEL01358,Pranay Lata,+91 94939 14168,Female,13-07-2023,Contract,Van,LOC0109
DEL01359,Anahi Sarin,+91 71214 94762,Male,12-03-2026,Full-Time,Van,LOC0002
DEL01360,Tiya Bhandari,+91 84608 65135,Female,25-10-2021,Full-Time,Van,LOC0053
DEL01361,Divyansh Shroff,+91 75271 86003,Male,09-06-2024,Full-Time,Bike,LOC0054
DEL01362,Yuvaan Dubey,+91 84194 28234,Male,07-03-2023,Contract,Scooter,LOC0012
DEL01363,Jiya Devi,+91 94278 99271,Female,10-12-2024,Contract,Scooter,LOC0002
DEL01364,Piya Varty,+91 69955 90390,Male,24-11-2022,Full-Time,Van,LOC0113
DEL01365,Renee Dey,+91 76739 27627,Female,21-12-2021,Contract,Van,LOC0036
DEL01366,Diya Chowdhury,+91 81377 77523,Male,17-07-2023,Full-Time,Scooter,LOC0042
DEL01367,Romil Goda,+91 60565 66469,Female,02-11-2025,Full-Time,Bike,LOC0112
DEL01368,Veer Hari,+91 60544 90896,Female,26-06-2025,Full-Time,Bike,LOC0080
DEL01369,Raghav Kant,+91 68493 32514,Male,14-11-2025,Contract,Van,LOC0032
DEL01370,Indrans Wali,+91 98841 44637,Female,25-08-2023,Full-Time,EV Bike,LOC0045
DEL01371,Neysa Bains,+91 69500 02583,Female,27-09-2021,Full-Time,EV Bike,LOC0076
DEL01372,Armaan Saini,+91 91063 39544,Male,23-10-2022,Full-Time,Bike,LOC0001
DEL01373,Manjari Raj,+91 66874 71974,Female,27-01-2023,Full-Time,EV Bike,LOC0002
DEL01374,Dhruv Grewal,+91 75303 97598,Male,28-02-2023,Contract,Bike,LOC0028
DEL01375,Ehsaan Chauhan,+91 62422 74856,Female,08-06-2023,Contract,EV Bike,LOC0097
DEL01376,Anay Chacko,+91 69199 15902,Male,02-11-2023,Full-Time,Scooter,LOC0019
DEL01377,Rohan Madan,+91 64942 15625,Female,26-01-2022,Full-Time,Scooter,LOC0035
DEL01378,Vihaan Bhat,+91 68008 75036,Male,12-09-2023,Contract,Van,LOC0075
DEL01379,Veer Deo,+91 71507 53575,Female,26-10-2023,Full-Time,Bike,LOC0001
DEL01380,Kismat Sama,+91 70705 15215,Male,25-03-2024,Contract,Van,LOC0063
DEL01381,Anahita Ganesh,+91 65252 87117,Female,24-09-2022,Full-Time,EV Bike,LOC0109
DEL01382,Neelofar Koshy,+91 71350 64795,Female,04-09-2024,Full-Time,Van,LOC0062
DEL01383,Lakshay Soni,+91 79354 05923,Male,18-09-2024,Contract,EV Bike,LOC0097
DEL01384,Armaan Bail,+91 85418 09834,Female,24-09-2022,Full-Time,Van,LOC0095
DEL01385,Oorja Venkataraman,+91 61727 65563,Female,28-06-2021,Contract,Van,LOC0024
DEL01386,Shaan Shroff,+91 72475 28304,Male,13-02-2024,Full-Time,Van,LOC0098
DEL01387,Samiha Wali,+91 87066 09567,Male,12-10-2024,Contract,Scooter,LOC0066
DEL01388,Jivika Manne,+91 63720 39875,Female,02-12-2024,Contract,Scooter,LOC0076
DEL01389,Badal Ramaswamy,+91 95914 36960,Male,05-06-2021,Full-Time,Scooter,LOC0099
DEL01390,Riaan Barad,+91 77966 84666,Female,26-06-2023,Full-Time,Scooter,LOC0042
DEL01391,Jivika Tank,+91 65948 10047,Male,12-03-2022,Contract,EV Bike,LOC0028
DEL01392,Krish Dave,+91 94868 85314,Female,11-08-2021,Contract,Van,LOC0002
DEL01393,Sana Behl,+91 81148 60841,Female,10-06-2023,Full-Time,Van,LOC0046
DEL01394,Manikya Choudhary,+91 83657 27633,Male,04-10-2021,Full-Time,EV Bike,LOC0082
DEL01395,Urvi Ramakrishnan,+91 62210 89413,Male,07-10-2024,Full-Time,Scooter,LOC0096
DEL01396,Onkar Thaman,+91 88295 20247,Female,29-10-2023,Contract,Bike,LOC0034
DEL01397,Siya Dayal,+91 68738 71526,Female,23-12-2023,Full-Time,Scooter,LOC0070
DEL01398,Nehmat Bhatt,+91 75129 08241,Female,19-09-2022,Contract,Scooter,LOC0019
DEL01399,Miraya Kapadia,+91 70741 03176,Female,17-02-2026,Full-Time,EV Bike,LOC0073
DEL01400,Saira Kala,+91 78701 04645,Male,28-07-2023,Contract,Van,LOC0087
DEL01401,Yasmin Mand,+91 81422 30006,Female,25-04-2023,Contract,Bike,LOC0069
DEL01402,Romil Yadav,+91 82661 27289,Female,27-04-2021,Full-Time,Van,LOC0047
DEL01403,Anahita Dugar,+91 88975 40619,Female,01-12-2022,Contract,EV Bike,LOC0064
DEL01404,Sara Virk,+91 77255 33417,Female,02-01-2025,Contract,EV Bike,LOC0072
DEL01405,Tiya Dasgupta,+91 98774 46903,Male,05-11-2025,Contract,Scooter,LOC0064
DEL01406,Oorja Bassi,+91 75754 66041,Male,02-04-2022,Contract,EV Bike,LOC0028
DEL01407,Yasmin Khare,+91 97106 63043,Male,20-07-2021,Contract,Scooter,LOC0096
DEL01408,Zeeshan Vaidya,+91 72119 84693,Female,09-02-2023,Contract,Van,LOC0036
DEL01409,Tanya Krishnamurthy,+91 93448 68440,Female,09-08-2022,Contract,Bike,LOC0047
DEL01410,Urvi Sibal,+91 61431 63739,Male,01-11-2021,Full-Time,Van,LOC0053
DEL01411,Badal Saini,+91 68142 13845,Female,06-08-2021,Contract,EV Bike,LOC0099
DEL01412,Ryan Rajagopal,+91 63007 31152,Female,11-09-2024,Contract,EV Bike,LOC0048
DEL01413,Urvi Dar,+91 92916 73165,Female,04-04-2025,Contract,Bike,LOC0007
DEL01414,Mishti Ahluwalia,+91 91285 05661,Male,24-04-2021,Contract,Bike,LOC0109
DEL01415,Parinaaz Ramaswamy,+91 81898 16925,Male,21-11-2021,Full-Time,Scooter,LOC0055
DEL01416,Kashvi Konda,+91 60370 62637,Male,19-07-2024,Full-Time,EV Bike,LOC0015
DEL01417,Kismat Borah,+91 78780 03650,Female,07-04-2025,Contract,EV Bike,LOC0051
DEL01418,Ryan Sampath,+91 95797 99218,Male,28-10-2024,Full-Time,EV Bike,LOC0013
DEL01419,Taimur Lad,+91 71050 56174,Female,24-06-2025,Full-Time,Bike,LOC0049
DEL01420,Ivan Chad,+91 81284 76160,Female,29-12-2023,Contract,Bike,LOC0022
DEL01421,Urvi Bala,+91 70488 00852,Female,25-03-2022,Contract,Scooter,LOC0018
DEL01422,Tarini Aggarwal,+91 75028 88654,Male,06-09-2022,Full-Time,Van,LOC0070
DEL01423,Suhana Taneja,+91 88614 88489,Male,30-10-2022,Contract,Scooter,LOC0025
DEL01424,Mishti Bera,+91 90973 32921,Male,25-01-2026,Full-Time,Bike,LOC0094
DEL01425,Gokul Sengupta,+91 74000 95998,Female,28-10-2024,Contract,EV Bike,LOC0100
DEL01426,Riya Deol,+91 64528 62136,Male,14-02-2025,Contract,Van,LOC0107
DEL01427,Hiran Cheema,+91 73608 17540,Female,13-10-2025,Full-Time,Van,LOC0022
DEL01428,Dhanush Bala,+91 68080 53755,Male,06-02-2026,Contract,Bike,LOC0010
DEL01429,Shamik Saxena,+91 70026 77879,Male,27-05-2024,Full-Time,Bike,LOC0012
DEL01430,Mehul Sastry,+91 70190 52172,Male,22-12-2025,Contract,Bike,LOC0112
DEL01431,Taran Soni,+91 87032 62912,Male,28-05-2021,Full-Time,EV Bike,LOC0029
DEL01432,Ritvik Sabharwal,+91 72593 07012,Male,27-08-2025,Contract,Van,LOC0051
DEL01433,Nakul Manda,+91 82834 92669,Female,06-07-2021,Contract,EV Bike,LOC0015
DEL01434,Nishith Desai,+91 73762 17611,Female,15-11-2021,Contract,EV Bike,LOC0035
DEL01435,Heer Sachdeva,+91 63775 70728,Male,17-10-2025,Full-Time,Scooter,LOC0110
DEL01436,Kanav Borde,+91 92782 74035,Male,02-07-2024,Contract,EV Bike,LOC0016
DEL01437,Parinaaz Khanna,+91 76696 75354,Male,24-03-2026,Full-Time,Van,LOC0057
DEL01438,Jiya Deshmukh,+91 77897 80449,Male,06-03-2025,Contract,EV Bike,LOC0005
DEL01439,Ivan Buch,+91 67401 69699,Female,23-11-2023,Full-Time,Van,LOC0108
DEL01440,Anvi Kohli,+91 61597 70858,Male,29-05-2025,Contract,Scooter,LOC0014
DEL01441,Kabir Dua,+91 80837 83657,Male,14-03-2022,Contract,Bike,LOC0090
DEL01442,Misha Bora,+91 81124 23541,Female,18-08-2021,Full-Time,Bike,LOC0086
DEL01443,Vritika Yadav,+91 86186 70876,Male,15-08-2021,Full-Time,Van,LOC0029
DEL01444,Taran Krishna,+91 69960 73534,Female,26-10-2024,Contract,Scooter,LOC0042
DEL01445,Shamik Saxena,+91 64265 05109,Female,17-07-2022,Contract,Scooter,LOC0040
DEL01446,Lakshit Sood,+91 97409 00158,Female,13-01-2025,Contract,Van,LOC0070
DEL01447,Ishaan Dass,+91 81211 71310,Male,26-11-2021,Contract,Van,LOC0029
DEL01448,Tushar Gopal,+91 65607 58454,Male,24-07-2021,Contract,EV Bike,LOC0038
DEL01449,Heer Batta,+91 72891 03658,Female,03-02-2022,Full-Time,EV Bike,LOC0057
DEL01450,Tarini Bali,+91 71473 73857,Male,02-10-2023,Contract,Scooter,LOC0013
DEL01451,Prerak Kata,+91 90188 19452,Male,28-03-2022,Contract,Van,LOC0101
DEL01452,Rania Mangat,+91 93615 33787,Female,18-10-2022,Contract,Scooter,LOC0110
DEL01453,Heer Virk,+91 87202 90672,Female,30-03-2022,Contract,Van,LOC0095
DEL01454,Shanaya Varughese,+91 79647 81739,Male,18-10-2024,Contract,EV Bike,LOC0005
DEL01455,Kiaan Bawa,+91 63514 13111,Female,16-12-2023,Contract,Van,LOC0059
DEL01456,Riaan Saran,+91 75685 59184,Female,07-06-2023,Full-Time,Van,LOC0013
DEL01457,Divij Agate,+91 67948 35968,Male,28-09-2023,Contract,Bike,LOC0019
DEL01458,Shanaya Sarraf,+91 67490 40363,Female,25-09-2023,Contract,Bike,LOC0047
DEL01459,Aayush Barad,+91 71990 55378,Male,04-01-2022,Full-Time,EV Bike,LOC0003
DEL01460,Jhanvi Garg,+91 84748 90062,Male,15-06-2023,Contract,Bike,LOC0091
DEL01461,Emir Kala,+91 89467 93023,Male,08-06-2024,Full-Time,Bike,LOC0040
DEL01462,Shanaya Keer,+91 71599 75733,Male,16-11-2023,Full-Time,Van,LOC0051
DEL01463,Drishya Kant,+91 69725 47867,Male,12-06-2025,Contract,EV Bike,LOC0018
DEL01464,Tushar Anne,+91 75944 13609,Female,07-11-2021,Full-Time,Bike,LOC0058
DEL01465,Madhup Shroff,+91 77238 90897,Female,24-06-2025,Contract,EV Bike,LOC0081
DEL01466,Suhana Kapoor,+91 76822 48246,Female,08-04-2023,Full-Time,Bike,LOC0045
DEL01467,Mishti Kakar,+91 63255 34711,Female,08-02-2026,Full-Time,EV Bike,LOC0071
DEL01468,Advika Zacharia,+91 88154 98562,Female,06-04-2021,Full-Time,Scooter,LOC0103
DEL01469,Adira Krish,+91 69335 27378,Female,04-12-2021,Contract,EV Bike,LOC0001
DEL01470,Aradhya Sami,+91 90841 29708,Female,19-05-2025,Contract,EV Bike,LOC0026
DEL01471,Veer Sachdev,+91 82556 67887,Male,17-08-2025,Contract,Scooter,LOC0067
DEL01472,Dharmajan Thaker,+91 78266 32464,Male,06-04-2025,Full-Time,Van,LOC0084
DEL01473,Ryan Anne,+91 73621 95550,Female,31-01-2023,Contract,EV Bike,LOC0103
DEL01474,Indranil Tata,+91 97839 79945,Female,12-06-2022,Contract,Scooter,LOC0009
DEL01475,Tushar Deol,+91 64152 39555,Female,29-08-2022,Contract,Scooter,LOC0046
DEL01476,Vidur Dugar,+91 68417 45846,Female,27-10-2022,Contract,EV Bike,LOC0037
DEL01477,Raunak Madan,+91 62402 36045,Male,05-05-2022,Contract,Scooter,LOC0023
DEL01478,Kavya Walia,+91 69475 97533,Female,06-12-2025,Full-Time,Bike,LOC0004
DEL01479,Kaira Kakar,+91 62705 11784,Male,06-04-2025,Full-Time,Van,LOC0087
DEL01480,Sahil Mann,+91 77846 38236,Male,14-03-2025,Contract,EV Bike,LOC0072
DEL01481,Veer Sethi,+91 65562 05124,Female,21-06-2023,Full-Time,Van,LOC0013
DEL01482,Ayesha Sama,+91 85472 75354,Male,23-05-2024,Contract,Van,LOC0081
DEL01483,Indrans Bora,+91 96715 36401,Female,19-05-2025,Full-Time,EV Bike,LOC0094
DEL01484,Taimur Hayer,+91 96841 73302,Male,13-06-2021,Full-Time,Bike,LOC0093
DEL01485,Shamik Agrawal,+91 79816 28054,Female,25-11-2025,Full-Time,Scooter,LOC0085
DEL01486,Aarush Yogi,+91 78612 62554,Female,04-05-2024,Contract,EV Bike,LOC0012
DEL01487,Ivan Choudhury,+91 68830 54838,Male,07-06-2024,Full-Time,Van,LOC0007
DEL01488,Zain Sethi,+91 73278 55820,Female,24-10-2024,Contract,Scooter,LOC0020
DEL01489,Piya Chada,+91 82516 59042,Female,06-08-2024,Full-Time,Bike,LOC0045
DEL01490,Nakul Bandi,+91 89096 39547,Male,18-06-2025,Full-Time,EV Bike,LOC0038
DEL01491,Indranil Goyal,+91 65707 97910,Female,18-09-2024,Contract,EV Bike,LOC0096
DEL01492,Fateh Randhawa,+91 99739 83391,Male,07-06-2025,Contract,Van,LOC0011
DEL01493,Bhamini Edwin,+91 97586 64906,Male,26-10-2021,Contract,Van,LOC0011
DEL01494,Taimur Shankar,+91 97232 97372,Female,11-09-2025,Contract,EV Bike,LOC0101
DEL01495,Alia Saini,+91 76434 24152,Male,06-05-2025,Contract,Van,LOC0003
DEL01496,Mohanlal Kanda,+91 94518 25542,Female,05-02-2024,Full-Time,Scooter,LOC0032
DEL01497,Amani Choudhary,+91 60211 47297,Male,29-04-2024,Full-Time,Bike,LOC0063
DEL01498,Inaaya  Borra,+91 78463 52395,Male,24-08-2021,Full-Time,Van,LOC0072
DEL01499,Riya Tank,+91 69209 62001,Female,14-04-2025,Full-Time,Scooter,LOC0019
DEL01500,Yashvi Yohannan,+91 82628 28602,Male,06-03-2024,Full-Time,Van,LOC0070
DEL01501,Shray Butala,+91 89216 33307,Female,07-12-2023,Full-Time,Van,LOC0012
DEL01502,Yakshit Bandi,+91 76361 86498,Male,13-03-2025,Full-Time,Van,LOC0013
DEL01503,Onkar Kulkarni,+91 99374 36651,Male,05-01-2022,Contract,Van,LOC0032
DEL01504,Ojas Lall,+91 75446 35068,Male,16-10-2023,Full-Time,Scooter,LOC0030
DEL01505,Aayush Dani,+91 87947 97492,Male,07-05-2024,Full-Time,EV Bike,LOC0033
DEL01506,Saira Apte,+91 87147 69218,Male,26-12-2023,Full-Time,Scooter,LOC0015
DEL01507,Aaina Rege,+91 82817 35007,Female,16-09-2023,Full-Time,EV Bike,LOC0024
DEL01508,Kimaya Kaur,+91 66909 19958,Male,27-09-2022,Contract,Scooter,LOC0044
DEL01509,Nitya Badami,+91 62436 06906,Female,11-12-2021,Full-Time,Scooter,LOC0111
DEL01510,Trisha Bera,+91 60166 52112,Female,13-01-2025,Contract,Scooter,LOC0080
DEL01511,Piya Saraf,+91 62772 15803,Male,02-04-2022,Full-Time,Van,LOC0081
DEL01512,Devansh Kohli,+91 74785 17478,Male,31-10-2025,Contract,Scooter,LOC0083
DEL01513,Lakshay Vig,+91 64062 13018,Male,22-03-2023,Contract,EV Bike,LOC0029
DEL01514,Jivin Dube,+91 86962 33208,Male,24-03-2025,Full-Time,Van,LOC0086
DEL01515,Jayesh Luthra,+91 72439 80614,Female,03-07-2021,Full-Time,Van,LOC0074
DEL01516,Amira Gill,+91 92978 29576,Female,30-08-2025,Contract,Van,LOC0086
DEL01517,Lakshit Dhingra,+91 85417 32720,Female,14-05-2023,Full-Time,Scooter,LOC0029
DEL01518,Adira Koshy,+91 67994 69903,Male,24-05-2023,Contract,EV Bike,LOC0056
DEL01519,Nishith Mahal,+91 63487 50750,Male,17-10-2021,Contract,EV Bike,LOC0029
DEL01520,Aradhya Bandi,+91 68597 05827,Male,20-10-2024,Contract,Bike,LOC0085
DEL01521,Gokul Kumar,+91 77362 43620,Female,06-05-2022,Contract,Van,LOC0055
DEL01522,Riya Ravi,+91 72941 68942,Male,20-11-2025,Contract,EV Bike,LOC0039
DEL01523,Ira Sidhu,+91 77613 24395,Female,13-09-2024,Full-Time,EV Bike,LOC0061
DEL01524,Tanya Dey,+91 65528 95024,Male,26-03-2024,Contract,Scooter,LOC0075
DEL01525,Adah Walla,+91 75308 68039,Male,04-05-2022,Contract,EV Bike,LOC0069
DEL01526,Miraan Sheth,+91 82919 35089,Male,05-01-2023,Full-Time,EV Bike,LOC0080
DEL01527,Aarush Wali,+91 94774 90147,Female,30-12-2022,Full-Time,Van,LOC0006
DEL01528,Anika Sinha,+91 98047 23548,Male,15-04-2024,Full-Time,Van,LOC0103
DEL01529,Charvi Dugar,+91 73689 90248,Male,06-10-2025,Contract,Van,LOC0040
DEL01530,Heer Tiwari,+91 63834 77233,Male,11-10-2022,Full-Time,Scooter,LOC0016
DEL01531,Kiaan Shankar,+91 61881 24946,Female,12-07-2025,Contract,Bike,LOC0011
DEL01532,Nirvaan Konda,+91 85552 62981,Female,13-06-2024,Full-Time,Van,LOC0071
DEL01533,Riaan Raval,+91 60431 21841,Female,19-05-2022,Full-Time,Van,LOC0075
DEL01534,Drishya Bumb,+91 92917 83370,Female,20-05-2025,Full-Time,Bike,LOC0081
DEL01535,Aayush Bhatia,+91 92624 78290,Male,25-03-2024,Contract,Van,LOC0093
DEL01536,Miraya Deep,+91 99732 71314,Male,14-06-2023,Full-Time,Van,LOC0101
DEL01537,Tanya Ganguly,+91 88827 69969,Male,29-06-2024,Contract,EV Bike,LOC0038
DEL01538,Saanvi Kumer,+91 71619 16169,Male,05-08-2024,Contract,EV Bike,LOC0047
DEL01539,Sara Garg,+91 77748 45273,Male,12-07-2023,Full-Time,EV Bike,LOC0089
DEL01540,Dhruv Badami,+91 65774 23601,Male,03-07-2025,Contract,Scooter,LOC0014
DEL01541,Dhanuk Mall,+91 77394 31078,Female,02-10-2024,Contract,Bike,LOC0063
DEL01542,Jhanvi Varty,+91 80329 15760,Male,12-02-2025,Contract,Van,LOC0040
DEL01543,Lavanya Manda,+91 93957 51679,Female,05-12-2023,Full-Time,Scooter,LOC0078
DEL01544,Miraan Ravel,+91 77839 30274,Male,07-01-2024,Full-Time,Van,LOC0076
DEL01545,Aniruddh Karnik,+91 99685 87539,Male,30-09-2022,Contract,EV Bike,LOC0096
DEL01546,Shayak Shanker,+91 60299 35289,Male,15-11-2024,Full-Time,Scooter,LOC0059
DEL01547,Aarav Ghose,+91 65018 80798,Female,20-12-2022,Contract,EV Bike,LOC0007
DEL01548,Elakshi Baral,+91 69341 52608,Female,02-07-2024,Contract,Van,LOC0043
DEL01549,Raghav Ravel,+91 67744 08998,Male,26-02-2025,Contract,Bike,LOC0074
DEL01550,Bhamini Lal,+91 85679 79791,Female,24-11-2022,Full-Time,Scooter,LOC0052
DEL01551,Anvi Sur,+91 98863 20606,Male,07-03-2025,Full-Time,EV Bike,LOC0071
DEL01552,Purab Tandon,+91 69481 91606,Female,18-10-2025,Contract,Bike,LOC0057
DEL01553,Nitya Deep,+91 70183 03563,Female,24-04-2022,Full-Time,EV Bike,LOC0079
DEL01554,Ranbir Kala,+91 89931 87872,Male,26-11-2024,Contract,Scooter,LOC0012
DEL01555,Amani Raju,+91 65114 78030,Female,30-07-2025,Full-Time,Van,LOC0096
DEL01556,Taran Sandal,+91 73647 36435,Female,15-10-2024,Contract,EV Bike,LOC0025
DEL01557,Inaaya  Yogi,+91 99817 75864,Female,26-01-2026,Contract,Scooter,LOC0111
DEL01558,Aaryahi Kuruvilla,+91 85699 01853,Male,01-11-2025,Full-Time,EV Bike,LOC0046
DEL01559,Vihaan Hora,+91 95278 35210,Female,19-02-2022,Contract,Bike,LOC0007
DEL01560,Gokul Mannan,+91 99544 98739,Female,24-03-2022,Contract,Bike,LOC0046
DEL01561,Indrans Din,+91 83421 19128,Female,01-12-2021,Full-Time,Scooter,LOC0103
DEL01562,Ehsaan Walia,+91 60857 75486,Male,25-12-2024,Contract,Van,LOC0031
DEL01563,Ahana  Borde,+91 83894 68326,Female,29-01-2026,Contract,Bike,LOC0021
DEL01564,Mishti Bakshi,+91 84594 84478,Female,18-07-2022,Contract,EV Bike,LOC0066
DEL01565,Samiha Singhal,+91 83525 13081,Female,22-12-2024,Contract,Scooter,LOC0095
DEL01566,Indrajit Bhatti,+91 76537 88627,Female,06-10-2022,Contract,EV Bike,LOC0019
DEL01567,Aarna Vasa,+91 87303 85534,Female,25-06-2024,Contract,Scooter,LOC0066
DEL01568,Yasmin Mani,+91 85192 32753,Female,11-08-2022,Contract,EV Bike,LOC0105
DEL01569,Miraya Joshi,+91 70294 63743,Female,02-01-2024,Full-Time,Scooter,LOC0097
DEL01570,Shanaya Goda,+91 95045 03441,Female,10-09-2021,Contract,EV Bike,LOC0021
DEL01571,Ayesha Bakshi,+91 62009 01068,Female,13-01-2024,Contract,EV Bike,LOC0012
DEL01572,Zara Vasa,+91 98489 53810,Female,25-07-2021,Full-Time,Van,LOC0046
DEL01573,Anahi Mani,+91 72046 66478,Female,29-03-2022,Full-Time,Scooter,LOC0094
DEL01574,Aarav Sagar,+91 85491 78569,Male,17-12-2024,Full-Time,Scooter,LOC0080
DEL01575,Sumer Chatterjee,+91 81090 75198,Male,09-12-2024,Contract,Bike,LOC0063
DEL01576,Sumer Rastogi,+91 67762 98497,Male,23-02-2025,Full-Time,Scooter,LOC0056
DEL01577,Dishani Varty,+91 60348 31908,Female,10-04-2025,Contract,Scooter,LOC0081
DEL01578,Indrans Sengupta,+91 66275 77261,Male,13-05-2023,Contract,Bike,LOC0040
DEL01579,Zara Sharaf,+91 72785 72074,Female,22-12-2021,Full-Time,Van,LOC0090
DEL01580,Yuvaan Dora,+91 99282 01544,Male,15-10-2025,Contract,Van,LOC0091
DEL01581,Hiran Bera,+91 99192 84418,Female,06-11-2024,Contract,Bike,LOC0065
DEL01582,Jiya Chander,+91 80554 74686,Female,28-10-2022,Full-Time,Bike,LOC0065
DEL01583,Kavya Bassi,+91 80619 58470,Female,06-05-2023,Contract,Bike,LOC0102
DEL01584,Shayak Jain,+91 97643 29030,Male,11-05-2023,Contract,EV Bike,LOC0099
DEL01585,Tara Krish,+91 60227 72372,Male,24-12-2022,Full-Time,Scooter,LOC0067
DEL01586,Nitara Saraf,+91 69355 69994,Female,16-08-2021,Full-Time,Scooter,LOC0066
DEL01587,Ira Kar,+91 82832 23893,Female,06-11-2024,Contract,Scooter,LOC0054
DEL01588,Yasmin Ramaswamy,+91 89022 93952,Male,23-07-2025,Contract,Scooter,LOC0059
DEL01589,Prisha D’Alia,+91 74931 69535,Female,16-09-2024,Full-Time,EV Bike,LOC0029
DEL01590,Tara Kaur,+91 88889 57264,Male,21-09-2021,Contract,Scooter,LOC0021
DEL01591,Rati Kanda,+91 94941 86418,Female,19-02-2026,Full-Time,EV Bike,LOC0107
DEL01592,Ira Goyal,+91 95203 94946,Male,03-06-2023,Full-Time,Scooter,LOC0079
DEL01593,Umang Kothari,+91 83617 16860,Female,11-02-2024,Contract,Van,LOC0086
DEL01594,Kismat Chauhan,+91 71869 86958,Male,16-08-2023,Full-Time,Bike,LOC0032
DEL01595,Heer Kohli,+91 62608 14795,Female,27-11-2022,Full-Time,EV Bike,LOC0067
DEL01596,Shaan Boase,+91 65443 16929,Male,05-11-2021,Contract,Van,LOC0020
DEL01597,Samiha Shetty,+91 89905 75944,Female,16-03-2026,Full-Time,EV Bike,LOC0001
DEL01598,Diya Lad,+91 81228 25895,Female,10-03-2024,Full-Time,Scooter,LOC0057
DEL01599,Jiya Bora,+91 87215 02979,Male,22-08-2022,Contract,Scooter,LOC0056
DEL01600,Mishti Keer,+91 83206 31569,Male,28-01-2025,Full-Time,Scooter,LOC0055
DEL01601,Pranay Doshi,+91 69667 55860,Male,01-07-2022,Contract,Van,LOC0053
DEL01602,Ritvik Gera,+91 77261 72388,Female,22-09-2024,Full-Time,Van,LOC0093
DEL01603,Baiju Thaker,+91 85193 28302,Female,10-08-2021,Contract,Van,LOC0016
DEL01604,Miraan Edwin,+91 61631 60615,Male,27-07-2022,Full-Time,Van,LOC0001
DEL01605,Amira Kadakia,+91 74673 97485,Female,01-07-2022,Contract,Bike,LOC0032
DEL01606,Advika Soman,+91 79428 69864,Female,20-12-2021,Full-Time,EV Bike,LOC0016
DEL01607,Manikya Ghosh,+91 93102 68532,Male,06-04-2023,Contract,Bike,LOC0027
DEL01608,Nakul Tak,+91 69326 00090,Female,09-02-2023,Contract,Bike,LOC0085
DEL01609,Pranay Kannan,+91 69267 36881,Male,03-02-2025,Full-Time,Bike,LOC0005
DEL01610,Yakshit Mann,+91 91450 39042,Male,17-10-2025,Contract,Van,LOC0021
DEL01611,Yasmin Bhattacharyya,+91 65892 82164,Female,24-03-2022,Contract,Van,LOC0026
DEL01612,Rohan Chand,+91 96154 94054,Female,04-11-2022,Contract,EV Bike,LOC0078
DEL01613,Tara Khurana,+91 95751 25431,Male,06-12-2024,Contract,Bike,LOC0042
DEL01614,Shray Ray,+91 63325 13113,Male,12-12-2024,Contract,Van,LOC0007
DEL01615,Lagan Mann,+91 92978 00424,Male,18-12-2022,Contract,EV Bike,LOC0034
DEL01616,Jivin Sem,+91 72929 78753,Female,04-06-2024,Contract,EV Bike,LOC0030
DEL01617,Ahana  Kadakia,+91 69632 15556,Male,08-11-2021,Full-Time,Van,LOC0089
DEL01618,Chirag Kala,+91 84970 87932,Male,06-10-2021,Contract,EV Bike,LOC0045
DEL01619,Mehul Kalita,+91 89663 29034,Female,29-06-2023,Contract,Bike,LOC0015
DEL01620,Gatik Dhar,+91 63645 40605,Female,11-04-2021,Full-Time,Van,LOC0072
DEL01621,Amira Kunda,+91 99406 18408,Male,23-09-2023,Full-Time,EV Bike,LOC0037
DEL01622,Yasmin Lalla,+91 68560 34705,Male,28-03-2025,Contract,Scooter,LOC0110
DEL01623,Nishith Sehgal,+91 75196 55025,Male,29-04-2022,Full-Time,Scooter,LOC0072
DEL01624,Lakshit Kar,+91 91605 95410,Male,01-07-2023,Contract,EV Bike,LOC0090
DEL01625,Nirvaan Srivastava,+91 81726 09471,Male,11-12-2022,Contract,Van,LOC0016
DEL01626,Drishya Sinha,+91 62837 76915,Male,23-05-2025,Full-Time,Scooter,LOC0020
DEL01627,Prerak Bhavsar,+91 70392 70360,Male,27-03-2023,Full-Time,Scooter,LOC0104
DEL01628,Veer Raja,+91 96602 76743,Female,23-03-2025,Contract,Bike,LOC0097
DEL01629,Badal Saraf,+91 76064 26612,Female,03-12-2021,Contract,Scooter,LOC0005
DEL01630,Yasmin Badal,+91 76589 39959,Male,09-07-2022,Contract,EV Bike,LOC0104
DEL01631,Kabir Kant,+91 96227 33819,Female,06-05-2021,Full-Time,Scooter,LOC0006
DEL01632,Hiran Chokshi,+91 64441 25720,Female,20-04-2023,Contract,Scooter,LOC0031
DEL01633,Amira Behl,+91 93427 02039,Male,30-04-2022,Contract,Van,LOC0037
DEL01634,Inaaya  Dasgupta,+91 82818 22210,Female,05-11-2024,Full-Time,EV Bike,LOC0030
DEL01635,Aradhya Gopal,+91 91701 48023,Male,04-09-2024,Full-Time,EV Bike,LOC0104
DEL01636,Hrishita Handa,+91 81124 10910,Female,26-01-2026,Contract,Scooter,LOC0009
DEL01637,Diya Mand,+91 87815 56807,Male,19-04-2025,Contract,EV Bike,LOC0074
DEL01638,Badal Som,+91 62627 72897,Female,21-09-2024,Full-Time,Scooter,LOC0026
DEL01639,Lagan Ghose,+91 72140 00009,Male,26-05-2024,Full-Time,Bike,LOC0077
DEL01640,Yakshit Chaudhary,+91 64390 24323,Female,05-07-2022,Contract,EV Bike,LOC0035
DEL01641,Anay Barman,+91 80293 73508,Male,03-03-2025,Full-Time,Scooter,LOC0058
DEL01642,Chirag Rajagopal,+91 99275 99689,Male,07-03-2026,Contract,Bike,LOC0047
DEL01643,Darshit Brahmbhatt,+91 71845 65612,Male,16-06-2022,Full-Time,EV Bike,LOC0079
DEL01644,Nayantara Dash,+91 82836 08660,Female,19-03-2026,Full-Time,Scooter,LOC0081
DEL01645,Diya Kohli,+91 86015 44319,Female,14-12-2022,Full-Time,Scooter,LOC0078
DEL01646,Ivan Krish,+91 68062 97146,Female,25-05-2023,Contract,Van,LOC0016
DEL01647,Siya Sule,+91 81235 87836,Female,02-04-2022,Contract,Van,LOC0081
DEL01648,Aaryahi Ahuja,+91 68060 51450,Male,16-09-2025,Contract,Van,LOC0108
DEL01649,Jayant Ratti,+91 82086 48136,Female,22-07-2025,Contract,Bike,LOC0010
DEL01650,Prerak Wali,+91 69598 24603,Female,02-08-2023,Contract,Scooter,LOC0047
DEL01651,Purab Saha,+91 70341 56078,Female,07-04-2025,Contract,Bike,LOC0019
DEL01652,Riya Din,+91 86491 00408,Female,08-05-2024,Full-Time,Van,LOC0025
DEL01653,Aradhya Tandon,+91 83652 66652,Male,23-08-2025,Full-Time,Scooter,LOC0099
DEL01654,Mamooty Rajan,+91 74040 95158,Male,09-07-2022,Contract,Scooter,LOC0087
DEL01655,Jivin Kale,+91 89375 96973,Male,04-10-2024,Contract,Bike,LOC0082
DEL01656,Kashvi Keer,+91 91491 04488,Male,06-04-2022,Full-Time,EV Bike,LOC0106
DEL01657,Shray Bath,+91 77581 64408,Female,19-11-2021,Full-Time,Scooter,LOC0048
DEL01658,Ivana Srivastava,+91 96952 03924,Male,13-06-2023,Contract,Scooter,LOC0107
DEL01659,Anika Lala,+91 88820 38054,Female,31-10-2023,Full-Time,Bike,LOC0068
DEL01660,Mishti Agrawal,+91 72197 01460,Male,02-10-2023,Contract,EV Bike,LOC0037
DEL01661,Vaibhav Dara,+91 70443 58082,Female,08-02-2026,Contract,Van,LOC0016
DEL01662,Kiaan Jayaraman,+91 84671 64850,Male,29-12-2022,Full-Time,EV Bike,LOC0040
DEL01663,Nirvaan Vora,+91 99200 27592,Male,20-08-2024,Contract,Bike,LOC0087
DEL01664,Uthkarsh Sunder,+91 91679 09330,Male,06-07-2023,Full-Time,Bike,LOC0100
DEL01665,Madhup Sandhu,+91 88123 65717,Male,14-10-2024,Full-Time,EV Bike,LOC0079
DEL01666,Mohanlal Gopal,+91 92140 53815,Female,04-12-2024,Contract,EV Bike,LOC0046
DEL01667,Purab Chadha,+91 67686 63026,Male,27-06-2023,Contract,EV Bike,LOC0090
DEL01668,Piya Ray,+91 68134 94000,Male,07-11-2025,Contract,Van,LOC0054
DEL01669,Bhamini Balan,+91 66709 13024,Female,20-09-2024,Full-Time,Bike,LOC0062
DEL01670,Taran Srinivas,+91 72747 51918,Female,25-02-2026,Full-Time,Van,LOC0016
DEL01671,Yakshit Bhalla,+91 74276 36217,Male,15-12-2021,Contract,Scooter,LOC0032
DEL01672,Nakul Basak,+91 68488 21284,Female,05-01-2023,Contract,Scooter,LOC0065
DEL01673,Shayak Raja,+91 86570 70877,Female,31-07-2024,Contract,EV Bike,LOC0063
DEL01674,Manjari Bakshi,+91 76749 13490,Male,26-05-2024,Full-Time,Van,LOC0058
DEL01675,Vanya Rau,+91 62660 22872,Male,12-09-2021,Contract,Scooter,LOC0053
DEL01676,Inaaya  Subramaniam,+91 91384 40997,Male,16-03-2024,Full-Time,Scooter,LOC0086
DEL01677,Manjari Batta,+91 90187 55249,Male,01-01-2024,Contract,EV Bike,LOC0017
DEL01678,Zain Dhar,+91 70232 33297,Female,29-11-2025,Full-Time,EV Bike,LOC0035
DEL01679,Mohanlal Choudhary,+91 60283 40907,Female,20-11-2024,Contract,Bike,LOC0073
DEL01680,Aniruddh Krishna,+91 77724 21197,Female,31-05-2023,Contract,EV Bike,LOC0036
DEL01681,Sana Chakrabarti,+91 69079 75508,Female,03-02-2024,Contract,EV Bike,LOC0034
DEL01682,Ishita Banerjee,+91 60565 94588,Female,10-08-2023,Contract,Bike,LOC0093
DEL01683,Khushi Dave,+91 87143 48891,Female,08-04-2023,Contract,EV Bike,LOC0101
DEL01684,Manjari Venkatesh,+91 66187 48299,Female,31-12-2021,Full-Time,EV Bike,LOC0081
DEL01685,Mahika Loke,+91 80417 46320,Female,21-10-2023,Full-Time,Van,LOC0007
DEL01686,Jayesh Varghese,+91 83027 58705,Female,29-04-2021,Contract,Scooter,LOC0040
DEL01687,Kavya Cheema,+91 93960 23286,Female,13-11-2021,Full-Time,Scooter,LOC0033
DEL01688,Hansh Srivastava,+91 65574 77946,Female,11-06-2024,Full-Time,Van,LOC0001
DEL01689,Aaryahi Dhingra,+91 86231 21863,Female,05-06-2022,Contract,EV Bike,LOC0042
DEL01690,Ivana Bakshi,+91 98860 57616,Female,02-08-2025,Contract,Scooter,LOC0071
DEL01691,Suhana Manda,+91 92893 79345,Male,03-07-2025,Full-Time,EV Bike,LOC0010
DEL01692,Ryan Sagar,+91 83667 46663,Female,08-06-2024,Contract,Bike,LOC0008
DEL01693,Arhaan Manda,+91 94758 18156,Female,15-01-2022,Contract,Scooter,LOC0041
DEL01694,Prisha Kashyap,+91 78174 46009,Female,27-05-2021,Full-Time,EV Bike,LOC0045
DEL01695,Hrishita Sandal,+91 87101 81035,Male,26-07-2023,Contract,Bike,LOC0020
DEL01696,Madhav Garde,+91 81089 73211,Male,19-04-2021,Contract,Van,LOC0012
DEL01697,Samiha Kamdar,+91 97304 31872,Male,16-09-2025,Contract,EV Bike,LOC0013
DEL01698,Dishani Iyengar,+91 82363 99401,Male,28-08-2023,Contract,Bike,LOC0023
DEL01699,Aarna Mall,+91 82121 62021,Male,20-03-2026,Full-Time,Scooter,LOC0016
DEL01700,Badal Kala,+91 70821 38773,Female,06-03-2026,Contract,EV Bike,LOC0098
DEL01701,Ayesha Dhar,+91 77568 61598,Male,11-04-2024,Contract,Van,LOC0082
DEL01702,Mohanlal Bal,+91 89237 16114,Female,28-06-2024,Full-Time,Bike,LOC0095
DEL01703,Riya Bandi,+91 79054 79008,Female,23-11-2023,Contract,Bike,LOC0005
DEL01704,Uthkarsh Jani,+91 76576 14437,Male,23-01-2023,Contract,EV Bike,LOC0096
DEL01705,Miraan Bhasin,+91 75093 61560,Female,20-06-2024,Full-Time,Bike,LOC0109
DEL01706,Prerak Chadha,+91 76269 14555,Male,16-04-2022,Contract,Scooter,LOC0047
DEL01707,Alia Sarraf,+91 87430 69955,Male,27-07-2021,Contract,Van,LOC0088
DEL01708,Lakshit Kaur,+91 78285 89493,Female,22-12-2025,Contract,EV Bike,LOC0019
DEL01709,Shamik Buch,+91 98036 52427,Male,01-08-2021,Contract,Van,LOC0113
DEL01710,Alisha Kala,+91 91993 66157,Female,08-08-2021,Contract,Van,LOC0057
DEL01711,Samaira Mani,+91 90022 18421,Female,25-02-2022,Full-Time,Van,LOC0063
DEL01712,Gokul Atwal,+91 76237 08981,Female,23-10-2025,Contract,Scooter,LOC0047
DEL01713,Alisha Bhasin,+91 95771 69767,Male,07-03-2024,Contract,Scooter,LOC0047
DEL01714,Chirag Krishna,+91 99163 17173,Male,10-10-2025,Full-Time,EV Bike,LOC0054
DEL01715,Devansh Banik,+91 75183 25212,Female,09-03-2023,Full-Time,Van,LOC0016
DEL01716,Jayesh Shah,+91 78822 14716,Male,22-08-2022,Contract,EV Bike,LOC0058
DEL01717,Krish Sani,+91 97582 97184,Female,29-04-2025,Full-Time,EV Bike,LOC0070
DEL01718,Trisha Vaidya,+91 76229 38832,Male,24-08-2025,Full-Time,Van,LOC0019
DEL01719,Tejas Saran,+91 71555 60443,Female,13-06-2021,Full-Time,Scooter,LOC0080
DEL01720,Dhanuk Toor,+91 95645 16262,Male,31-10-2022,Full-Time,Scooter,LOC0045
DEL01721,Nitara Deo,+91 90618 14492,Female,03-06-2024,Full-Time,Bike,LOC0069
DEL01722,Hrishita Salvi,+91 70104 71543,Male,28-08-2024,Contract,Van,LOC0101
DEL01723,Anya Bassi,+91 72750 12263,Male,08-07-2023,Full-Time,Van,LOC0070
DEL01724,Bhavin Goyal,+91 89046 51235,Male,04-11-2025,Full-Time,Scooter,LOC0100
DEL01725,Kimaya Kakar,+91 87683 66367,Female,31-05-2021,Full-Time,Scooter,LOC0030
DEL01726,Ryan Gour,+91 71916 27059,Female,08-10-2021,Full-Time,Bike,LOC0030
DEL01727,Darshit Arya,+91 66183 89997,Female,25-07-2021,Full-Time,Van,LOC0054
DEL01728,Vardaniya Gara,+91 72767 59924,Male,18-11-2022,Full-Time,Van,LOC0065
DEL01729,Madhav Barad,+91 72921 84200,Male,03-01-2026,Full-Time,Scooter,LOC0011
DEL01730,Renee Dewan,+91 85578 65760,Male,12-12-2025,Contract,Van,LOC0075
DEL01731,Saksham Dyal,+91 89146 07749,Female,04-07-2025,Contract,Bike,LOC0021
DEL01732,Chirag Kurian,+91 76180 82504,Female,20-11-2025,Full-Time,Van,LOC0017
DEL01733,Ojas Bhargava,+91 73388 48830,Male,18-04-2022,Full-Time,Van,LOC0023
DEL01734,Aradhya Dutt,+91 68828 54214,Female,28-04-2024,Contract,Bike,LOC0031
DEL01735,Tarini Singhal,+91 73145 11280,Male,10-12-2021,Contract,Van,LOC0088
DEL01736,Rhea Bose,+91 63465 75015,Female,23-02-2022,Contract,EV Bike,LOC0087
DEL01737,Riya Sethi,+91 97159 93934,Male,12-04-2024,Full-Time,Bike,LOC0070
DEL01738,Kaira Solanki,+91 91206 50722,Female,21-06-2022,Contract,Bike,LOC0016
DEL01739,Jivin Mander,+91 61640 89858,Female,21-10-2024,Contract,Van,LOC0080
DEL01740,Samaira Lata,+91 60535 07840,Female,03-01-2024,Contract,Bike,LOC0071
DEL01741,Kiara Chada,+91 89498 37830,Female,28-08-2023,Full-Time,Scooter,LOC0090
DEL01742,Rati Solanki,+91 88119 45552,Male,04-02-2022,Full-Time,Van,LOC0019
DEL01743,Fateh Devan,+91 87881 74802,Male,19-04-2021,Contract,EV Bike,LOC0100
DEL01744,Farhan Mani,+91 63407 78912,Male,24-02-2026,Full-Time,Scooter,LOC0048
DEL01745,Tiya Banerjee,+91 66033 00789,Female,19-07-2022,Contract,Scooter,LOC0003
DEL01746,Jivin Reddy,+91 91084 05321,Female,02-11-2024,Full-Time,Bike,LOC0070
DEL01747,Samarth Mahal,+91 84633 82989,Male,08-09-2023,Contract,EV Bike,LOC0071
DEL01748,Vaibhav Ganesan,+91 98459 17494,Female,29-12-2023,Full-Time,Bike,LOC0023
DEL01749,Inaaya  Bail,+91 72780 62904,Male,01-05-2025,Contract,Bike,LOC0014
DEL01750,Neelofar Deo,+91 63508 79695,Male,23-11-2023,Full-Time,Scooter,LOC0061
DEL01751,Azad Rana,+91 86074 45238,Male,12-04-2021,Full-Time,Bike,LOC0009
DEL01752,Dishani Ratti,+91 61258 04391,Female,22-03-2025,Contract,Scooter,LOC0052
DEL01753,Ivana Lall,+91 74092 91947,Female,29-07-2023,Contract,Van,LOC0049
DEL01754,Vihaan Cheema,+91 67748 32598,Female,23-09-2022,Full-Time,Van,LOC0086
DEL01755,Ela Sachdev,+91 99054 10900,Female,08-07-2024,Contract,Van,LOC0084
DEL01756,Ela Chakrabarti,+91 99629 39685,Female,30-01-2022,Contract,Scooter,LOC0065
DEL01757,Manjari Sarin,+91 67169 72147,Male,30-10-2024,Contract,EV Bike,LOC0003
DEL01758,Hiran Shanker,+91 84427 01355,Male,19-04-2024,Contract,Bike,LOC0026
DEL01759,Raunak Singhal,+91 95799 95983,Male,29-11-2023,Contract,Scooter,LOC0012
DEL01760,Uthkarsh Date,+91 87703 27340,Male,09-11-2025,Contract,EV Bike,LOC0056
DEL01761,Emir Chaudry,+91 97803 38224,Female,03-01-2024,Contract,Van,LOC0070
DEL01762,Aniruddh Dyal,+91 63146 71205,Male,04-01-2023,Contract,Scooter,LOC0009
DEL01763,Zeeshan Ghose,+91 75318 81686,Female,30-04-2021,Full-Time,Scooter,LOC0078
DEL01764,Ritvik Warrior,+91 97387 76884,Female,18-01-2025,Full-Time,Scooter,LOC0032
DEL01765,Azad Madan,+91 96363 19921,Male,09-06-2024,Full-Time,EV Bike,LOC0094
DEL01766,Nirvi Date,+91 85376 31086,Male,05-11-2025,Full-Time,Scooter,LOC0021
DEL01767,Sara Gokhale,+91 63478 32209,Male,21-08-2024,Full-Time,Bike,LOC0082
DEL01768,Rhea Chaudhari,+91 65368 51341,Male,13-02-2022,Contract,Bike,LOC0053
DEL01769,Vardaniya Rana,+91 71915 15449,Female,11-12-2021,Contract,Scooter,LOC0092
DEL01770,Nitara Sethi,+91 72806 48008,Female,06-05-2025,Full-Time,Scooter,LOC0056
DEL01771,Jivika Kaur,+91 74938 33035,Female,28-03-2022,Full-Time,Van,LOC0017
DEL01772,Sumer Deol,+91 83971 96275,Female,19-06-2025,Contract,Van,LOC0075
DEL01773,Madhup Char,+91 67872 67932,Male,20-06-2025,Contract,Van,LOC0014
DEL01774,Vanya Hora,+91 74794 13188,Male,10-05-2024,Contract,EV Bike,LOC0112
DEL01775,Uthkarsh Issac,+91 68631 16361,Female,22-10-2022,Full-Time,Bike,LOC0025
DEL01776,Prerak Choudhary,+91 73875 72411,Female,15-05-2025,Full-Time,Bike,LOC0071
DEL01777,Jivin Shan,+91 85326 80054,Female,16-12-2023,Full-Time,Bike,LOC0039
DEL01778,Madhup Sridhar,+91 79918 25430,Female,02-04-2022,Contract,Van,LOC0068
DEL01779,Zeeshan Sehgal,+91 60912 58352,Female,05-08-2023,Contract,Scooter,LOC0078
DEL01780,Nayantara Sankaran,+91 68361 18072,Female,10-01-2023,Contract,Van,LOC0013
DEL01781,Fateh Gour,+91 84553 73239,Female,19-09-2025,Full-Time,Scooter,LOC0027
DEL01782,Romil Dhar,+91 96835 35392,Female,09-12-2021,Full-Time,Van,LOC0003
DEL01783,Aaina Kannan,+91 97941 04290,Male,04-09-2021,Full-Time,EV Bike,LOC0072
DEL01784,Taran Bahl,+91 72058 29385,Male,12-11-2022,Full-Time,EV Bike,LOC0084
DEL01785,Siya Chaudhry,+91 88875 96689,Male,15-05-2025,Contract,EV Bike,LOC0056
DEL01786,Nehmat Ghosh,+91 80406 86311,Female,22-06-2022,Contract,EV Bike,LOC0061
DEL01787,Dhruv Baria,+91 97909 90699,Female,02-05-2025,Full-Time,EV Bike,LOC0094
DEL01788,Diya Savant,+91 98705 85415,Female,10-02-2023,Full-Time,Van,LOC0088
DEL01789,Jiya Lall,+91 65313 10059,Male,29-09-2024,Full-Time,Van,LOC0020
DEL01790,Vritika Chadha,+91 80326 45780,Female,03-09-2024,Contract,Bike,LOC0073
DEL01791,Navya Ravel,+91 86562 85795,Male,23-04-2021,Contract,Van,LOC0078
DEL01792,Chirag Goda,+91 95784 57402,Male,14-09-2024,Contract,Bike,LOC0108
DEL01793,Divij Tella,+91 85401 27285,Male,02-12-2025,Full-Time,EV Bike,LOC0082
DEL01794,Bhamini Hans,+91 61249 43280,Female,14-04-2021,Contract,Van,LOC0081
DEL01795,Ela Shah,+91 76164 65885,Male,05-01-2023,Contract,EV Bike,LOC0044
DEL01796,Vihaan Sahota,+91 66192 18282,Male,24-08-2025,Full-Time,Van,LOC0040
DEL01797,Anahita Shere,+91 99883 43715,Female,27-02-2024,Full-Time,Bike,LOC0106
DEL01798,Yakshit Ganesh,+91 88222 18736,Female,28-05-2024,Contract,Van,LOC0060
DEL01799,Shalv Tank,+91 92279 53135,Female,13-01-2026,Full-Time,EV Bike,LOC0015
DEL01800,Kaira Tailor,+91 79092 20955,Male,29-06-2022,Contract,Van,LOC0090
DEL01801,Hazel Raman,+91 77684 39056,Female,02-09-2023,Contract,Scooter,LOC0070
DEL01802,Mannat Ramachandran,+91 98862 10045,Male,11-07-2025,Full-Time,EV Bike,LOC0058
DEL01803,Tarini Saraf,+91 82171 89290,Female,24-08-2024,Contract,EV Bike,LOC0020
DEL01804,Anaya Krishna,+91 93948 08518,Male,08-05-2024,Full-Time,EV Bike,LOC0071
DEL01805,Himmat Sani,+91 79750 80044,Male,12-12-2021,Contract,Van,LOC0058
DEL01806,Ishaan Khanna,+91 85040 43110,Female,04-09-2022,Full-Time,Van,LOC0081
DEL01807,Faiyaz Gaba,+91 64245 56402,Male,28-12-2022,Contract,Scooter,LOC0059
DEL01808,Divij Agate,+91 72517 28239,Female,21-11-2023,Contract,Van,LOC0025
DEL01809,Riya Malhotra,+91 63624 43913,Female,25-10-2021,Full-Time,Van,LOC0048
DEL01810,Zeeshan Shanker,+91 83480 88961,Male,09-10-2021,Contract,Bike,LOC0052
DEL01811,Aaryahi Dewan,+91 62509 29908,Female,25-12-2021,Full-Time,EV Bike,LOC0080
DEL01812,Uthkarsh Dey,+91 66398 92272,Male,05-12-2023,Contract,Scooter,LOC0102
DEL01813,Lagan Tandon,+91 95305 81156,Female,18-05-2022,Full-Time,Bike,LOC0089
DEL01814,Jhanvi Sachar,+91 78605 69883,Male,25-11-2024,Full-Time,EV Bike,LOC0077
DEL01815,Dhruv Sharaf,+91 91254 46742,Female,04-03-2024,Full-Time,Bike,LOC0017
DEL01816,Hridaan Lala,+91 80078 68358,Male,25-03-2022,Contract,Van,LOC0032
DEL01817,Alia Wadhwa,+91 83413 24754,Male,04-01-2023,Full-Time,Scooter,LOC0110
DEL01818,Hiran D’Alia,+91 79042 51122,Female,04-08-2024,Contract,Van,LOC0057
DEL01819,Jayesh Upadhyay,+91 90532 54497,Male,14-04-2022,Full-Time,Van,LOC0014
DEL01820,Tarini Saran,+91 61962 15836,Male,06-10-2021,Contract,Bike,LOC0075
DEL01821,Rati Sodhi,+91 89863 84569,Female,23-08-2025,Contract,Van,LOC0005
DEL01822,Indranil Magar,+91 96012 80753,Female,04-10-2024,Full-Time,EV Bike,LOC0099
DEL01823,Divij Contractor,+91 67539 14723,Female,16-01-2026,Contract,Van,LOC0043
DEL01824,Saira Uppal,+91 90106 87899,Female,14-11-2021,Contract,Bike,LOC0082
DEL01825,Seher Kalla,+91 77929 82895,Female,11-11-2025,Full-Time,Scooter,LOC0093
DEL01826,Shray Deep,+91 81630 19043,Male,02-05-2023,Full-Time,Scooter,LOC0026
DEL01827,Anahi Chander,+91 70629 98487,Female,10-08-2024,Contract,Scooter,LOC0042
DEL01828,Kaira Balan,+91 99357 24406,Male,11-07-2023,Full-Time,Scooter,LOC0106
DEL01829,Misha Chaudhari,+91 78708 72512,Male,25-09-2025,Full-Time,Van,LOC0050
DEL01830,Aniruddh Mann,+91 69501 51684,Male,16-10-2021,Contract,EV Bike,LOC0048
DEL01831,Aradhya Ganesh,+91 91263 37264,Male,04-05-2025,Full-Time,EV Bike,LOC0079
DEL01832,Jivika Chatterjee,+91 63211 69387,Male,18-09-2021,Full-Time,Scooter,LOC0076
DEL01833,Hridaan Bal,+91 75436 71094,Female,17-12-2025,Full-Time,Van,LOC0008
DEL01834,Sana Kanda,+91 92806 13295,Male,18-09-2022,Full-Time,Scooter,LOC0101
DEL01835,Anaya Ghose,+91 67028 02591,Male,22-09-2023,Full-Time,Van,LOC0001
DEL01836,Riaan Dugar,+91 85445 89691,Female,14-09-2023,Contract,Scooter,LOC0069
DEL01837,Hridaan Hans,+91 61451 05493,Female,07-05-2023,Full-Time,EV Bike,LOC0073
DEL01838,Faiyaz Chatterjee,+91 92234 66859,Female,21-07-2025,Full-Time,Scooter,LOC0112
DEL01839,Armaan Bhatnagar,+91 61578 72948,Male,22-04-2022,Contract,Van,LOC0030
DEL01840,Akarsh Tella,+91 86759 31377,Female,24-03-2026,Full-Time,Van,LOC0008
DEL01841,Anika Hegde,+91 91951 52718,Female,07-07-2021,Full-Time,EV Bike,LOC0082
DEL01842,Yuvaan Lad,+91 70137 21535,Male,02-07-2022,Contract,Van,LOC0016
DEL01843,Alia Date,+91 61178 16793,Male,25-05-2023,Contract,EV Bike,LOC0068
DEL01844,Kiara Iyer,+91 90775 40399,Male,09-07-2022,Contract,Van,LOC0018
DEL01845,Saanvi Jayaraman,+91 96463 72690,Female,13-02-2022,Contract,Van,LOC0042
DEL01846,Gatik Sarraf,+91 75156 76950,Male,03-06-2025,Full-Time,Scooter,LOC0080
DEL01847,Dhanush Swamy,+91 90023 54255,Female,25-06-2024,Full-Time,Scooter,LOC0093
DEL01848,Vidur Barad,+91 73020 28531,Female,30-09-2024,Contract,Scooter,LOC0038
DEL01849,Nitara Kadakia,+91 76783 38662,Male,27-12-2023,Contract,Van,LOC0025
DEL01850,Pihu Sehgal,+91 72589 02715,Male,31-01-2023,Full-Time,Bike,LOC0084
DEL01851,Eva Dhar,+91 69570 66527,Female,02-08-2021,Full-Time,Van,LOC0015
DEL01852,Oorja Suresh,+91 92321 33603,Male,15-10-2021,Full-Time,Bike,LOC0052
DEL01853,Inaaya  Dash,+91 85416 10071,Female,14-05-2025,Full-Time,Van,LOC0053
DEL01854,Mishti Gopal,+91 61110 48544,Female,11-09-2021,Contract,Scooter,LOC0008
DEL01855,Nehmat Tata,+91 96670 01356,Male,27-09-2021,Full-Time,Bike,LOC0050
DEL01856,Biju Kumer,+91 91223 90922,Male,11-08-2025,Contract,EV Bike,LOC0023
DEL01857,Anvi Rana,+91 66375 25035,Male,11-12-2024,Full-Time,Van,LOC0045
DEL01858,Kashvi Krishna,+91 62455 01410,Female,13-01-2023,Full-Time,Scooter,LOC0107
DEL01859,Riaan Tara,+91 97861 18818,Female,05-11-2022,Contract,Bike,LOC0040
DEL01860,Adira Dasgupta,+91 90531 27463,Male,09-08-2024,Full-Time,Van,LOC0056
DEL01861,Lagan Shenoy,+91 63773 17372,Female,24-08-2024,Contract,Van,LOC0076
DEL01862,Vanya Wadhwa,+91 93361 35410,Male,22-07-2023,Full-Time,Bike,LOC0112
DEL01863,Ivana Bawa,+91 84353 77122,Male,22-12-2022,Full-Time,Van,LOC0046
DEL01864,Yashvi Gandhi,+91 74937 75489,Male,12-04-2024,Full-Time,Bike,LOC0058
DEL01865,Sumer Deshpande,+91 69597 15781,Female,06-11-2024,Full-Time,Scooter,LOC0005
DEL01866,Tanya Gandhi,+91 70264 61666,Female,23-11-2021,Full-Time,Scooter,LOC0071
DEL01867,Sahil Talwar,+91 79702 15255,Male,15-11-2022,Contract,Bike,LOC0032
DEL01868,Heer Jhaveri,+91 80451 38105,Female,04-07-2022,Contract,Van,LOC0042
DEL01869,Ivana Luthra,+91 99296 51932,Male,22-09-2024,Contract,Scooter,LOC0073
DEL01870,Madhup Basu,+91 90243 96784,Male,06-12-2023,Contract,Scooter,LOC0046
DEL01871,Keya Swamy,+91 63870 17264,Male,10-04-2022,Contract,Bike,LOC0039
DEL01872,Prisha Shanker,+91 80898 68498,Female,17-02-2025,Full-Time,Scooter,LOC0005
DEL01873,Miraya Bhandari,+91 84920 84420,Male,11-05-2021,Full-Time,Scooter,LOC0083
DEL01874,Trisha Borah,+91 61128 47243,Male,04-08-2021,Contract,Bike,LOC0097
DEL01875,Indrajit Divan,+91 73301 74092,Male,17-09-2022,Full-Time,EV Bike,LOC0008
DEL01876,Akarsh Saini,+91 75721 27093,Female,04-02-2025,Contract,Bike,LOC0006
DEL01877,Lakshit Rajagopal,+91 89277 62502,Male,11-07-2022,Full-Time,Van,LOC0098
DEL01878,Darshit Saha,+91 98842 79443,Male,28-06-2024,Contract,Van,LOC0014
DEL01879,Tushar Raju,+91 71214 06846,Male,29-01-2022,Contract,Scooter,LOC0085
DEL01880,Dishani Madan,+91 91909 10542,Female,07-07-2021,Contract,Van,LOC0079
DEL01881,Umang Suresh,+91 67387 27635,Female,30-10-2021,Full-Time,EV Bike,LOC0068
DEL01882,Rohan Khare,+91 86576 44126,Female,13-11-2025,Full-Time,Scooter,LOC0095
DEL01883,Divyansh Venkatesh,+91 75367 73409,Female,02-01-2023,Full-Time,Bike,LOC0092
DEL01884,Indrans Jhaveri,+91 93305 62077,Female,18-07-2022,Full-Time,Van,LOC0020
DEL01885,Yakshit Chad,+91 72405 07164,Male,07-07-2023,Full-Time,Van,LOC0050
DEL01886,Alia Sengupta,+91 62142 13333,Male,27-04-2023,Full-Time,EV Bike,LOC0008
DEL01887,Misha Bora,+91 85793 87643,Male,22-07-2021,Full-Time,Bike,LOC0050
DEL01888,Mannat Mahal,+91 92469 66601,Female,02-10-2025,Full-Time,EV Bike,LOC0052
DEL01889,Prerak Singh,+91 69072 55993,Female,22-04-2021,Contract,Van,LOC0093
DEL01890,Suhana Grover,+91 77565 35744,Male,08-01-2026,Full-Time,Scooter,LOC0111
DEL01891,Ivan Setty,+91 72630 23426,Female,15-12-2025,Contract,Van,LOC0094
DEL01892,Gatik Chahal,+91 68695 30802,Female,16-05-2022,Contract,Bike,LOC0045
DEL01893,Saanvi Shanker,+91 78626 71844,Male,22-04-2024,Full-Time,Scooter,LOC0041
DEL01894,Madhav Bandi,+91 77955 79725,Male,29-12-2023,Full-Time,EV Bike,LOC0049
DEL01895,Aaina Buch,+91 80346 67332,Female,05-06-2022,Full-Time,Bike,LOC0099
DEL01896,Ivan Sankar,+91 79237 86468,Male,03-02-2026,Contract,Bike,LOC0058
DEL01897,Farhan Dara,+91 74510 56531,Female,31-07-2023,Contract,Scooter,LOC0019
DEL01898,Jayesh Kari,+91 76283 55186,Female,24-04-2024,Contract,Van,LOC0001
DEL01899,Alia De,+91 93158 56783,Female,06-12-2025,Contract,Van,LOC0076
DEL01900,Fateh Sama,+91 75776 60874,Female,28-04-2024,Contract,EV Bike,LOC0047
DEL01901,Damini Yohannan,+91 93508 14332,Female,26-09-2023,Full-Time,EV Bike,LOC0064
DEL01902,Neelofar Mandal,+91 72185 04795,Male,05-05-2021,Full-Time,Van,LOC0020
DEL01903,Tejas Halder,+91 80086 09537,Female,04-03-2023,Full-Time,Bike,LOC0089
DEL01904,Kismat Lal,+91 63596 57066,Female,19-12-2025,Contract,EV Bike,LOC0032
DEL01905,Heer Brar,+91 74912 05639,Female,16-06-2022,Contract,Scooter,LOC0088
DEL01906,Chirag Dora,+91 84098 98742,Female,07-07-2024,Contract,Van,LOC0008
DEL01907,Damini Batra,+91 97282 41583,Female,22-12-2022,Full-Time,Van,LOC0068
DEL01908,Myra Agrawal,+91 83090 34437,Male,15-10-2024,Full-Time,Bike,LOC0079
DEL01909,Hiran Divan,+91 68759 93270,Male,12-12-2025,Full-Time,EV Bike,LOC0016
DEL01910,Piya Dube,+91 67182 19446,Female,24-12-2022,Contract,EV Bike,LOC0068
DEL01911,Siya Chawla,+91 77162 25913,Male,12-10-2023,Contract,Scooter,LOC0100
DEL01912,Riaan Acharya,+91 96092 41347,Male,07-01-2023,Contract,EV Bike,LOC0112
DEL01913,Veer Sibal,+91 74389 11901,Female,04-07-2025,Full-Time,EV Bike,LOC0101
DEL01914,Amira Kale,+91 91023 80708,Female,13-09-2024,Full-Time,Scooter,LOC0031
DEL01915,Divyansh Tara,+91 80126 68385,Male,04-06-2021,Contract,Scooter,LOC0078
DEL01916,Ryan Subramaniam,+91 77732 50592,Female,22-07-2022,Full-Time,Van,LOC0051
DEL01917,Uthkarsh Saxena,+91 98169 25474,Female,16-01-2025,Contract,EV Bike,LOC0022
DEL01918,Pari Varma,+91 98814 24139,Female,24-05-2023,Full-Time,Scooter,LOC0090
DEL01919,Rasha Madan,+91 68807 19131,Male,24-06-2025,Full-Time,Bike,LOC0071
DEL01920,Devansh Choudhary,+91 70018 54833,Female,13-08-2023,Contract,Van,LOC0098
DEL01921,Rohan Seth,+91 97885 95016,Male,29-09-2025,Full-Time,Scooter,LOC0051
DEL01922,Saira Subramanian,+91 90086 37441,Male,12-12-2025,Contract,Scooter,LOC0073
DEL01923,Nakul Malhotra,+91 71156 08590,Male,26-11-2025,Full-Time,EV Bike,LOC0006
DEL01924,Farhan Yadav,+91 86095 86679,Female,21-01-2024,Contract,Bike,LOC0024
DEL01925,Heer Ghosh,+91 68586 78768,Male,06-01-2023,Full-Time,EV Bike,LOC0068
DEL01926,Raunak Anne,+91 64944 39506,Male,09-03-2025,Full-Time,Scooter,LOC0092
DEL01927,Emir Roy,+91 86280 58620,Female,22-12-2025,Contract,Bike,LOC0053
DEL01928,Emir Bhatti,+91 67630 41533,Male,03-04-2024,Contract,Van,LOC0045
DEL01929,Alisha Sahota,+91 66963 37224,Male,01-07-2023,Full-Time,EV Bike,LOC0063
DEL01930,Emir Walia,+91 84457 48211,Male,15-11-2023,Full-Time,Bike,LOC0078
DEL01931,Advika Dyal,+91 92053 42568,Male,03-04-2023,Full-Time,Bike,LOC0103
DEL01932,Pari Gaba,+91 61675 52931,Male,26-01-2022,Full-Time,Bike,LOC0019
DEL01933,Chirag Gade,+91 97682 86968,Female,02-11-2024,Contract,Scooter,LOC0051
DEL01934,Krish Wagle,+91 86570 09043,Male,30-12-2022,Contract,Scooter,LOC0010
DEL01935,Taimur Khurana,+91 96200 45057,Female,01-11-2023,Full-Time,Scooter,LOC0077
DEL01936,Mehul Chander,+91 86585 22972,Male,25-06-2021,Contract,Van,LOC0034
DEL01937,Gokul Vala,+91 78902 19198,Female,16-01-2024,Contract,Van,LOC0009
DEL01938,Nitara Rama,+91 99973 30557,Female,26-05-2022,Contract,EV Bike,LOC0070
DEL01939,Shayak Chaudry,+91 68991 32025,Female,21-10-2021,Contract,Van,LOC0081
DEL01940,Madhav Biswas,+91 74923 10227,Female,07-02-2025,Contract,Scooter,LOC0094
DEL01941,Gokul Chakraborty,+91 81568 11939,Female,15-06-2022,Contract,Bike,LOC0008
DEL01942,Amira Comar,+91 68321 32789,Male,17-07-2023,Full-Time,Bike,LOC0051
DEL01943,Saksham Sani,+91 99308 65023,Male,04-03-2023,Contract,Scooter,LOC0088
DEL01944,Jayant Jain,+91 60845 24325,Female,03-07-2021,Contract,Van,LOC0057
DEL01945,Ojas Madan,+91 96840 64970,Male,23-09-2023,Full-Time,Bike,LOC0054
DEL01946,Shanaya Tailor,+91 60306 47002,Female,31-05-2024,Full-Time,Bike,LOC0043
DEL01947,Mahika Dutt,+91 89316 86841,Male,25-09-2021,Contract,EV Bike,LOC0041
DEL01948,Hunar Bera,+91 88742 18687,Female,05-01-2026,Full-Time,Van,LOC0012
DEL01949,Tanya Chauhan,+91 88646 79729,Female,15-11-2025,Contract,Scooter,LOC0070
DEL01950,Shalv Sidhu,+91 75643 56930,Female,26-02-2025,Full-Time,EV Bike,LOC0044
DEL01951,Anaya Sibal,+91 60221 18061,Female,08-11-2021,Full-Time,Scooter,LOC0059
DEL01952,Eva Sanghvi,+91 89843 45098,Female,01-02-2025,Contract,Scooter,LOC0039
DEL01953,Dhanush Datta,+91 68314 99514,Male,09-04-2025,Contract,Bike,LOC0058
DEL01954,Tiya Kannan,+91 80726 39539,Male,09-09-2023,Contract,EV Bike,LOC0092
DEL01955,Taran Uppal,+91 97148 21655,Male,10-12-2025,Full-Time,Scooter,LOC0066
DEL01956,Divij Sarraf,+91 68573 08471,Female,20-08-2022,Full-Time,EV Bike,LOC0029
DEL01957,Jiya Bose,+91 67795 46143,Male,18-11-2022,Full-Time,EV Bike,LOC0008
DEL01958,Jayant Dada,+91 97090 39214,Male,27-02-2022,Full-Time,Scooter,LOC0085
DEL01959,Rati Gala,+91 91974 71259,Male,03-03-2023,Contract,EV Bike,LOC0039
DEL01960,Dishani Chaudhry,+91 99583 25824,Female,27-03-2023,Contract,Scooter,LOC0018
DEL01961,Suhana Rana,+91 91471 68308,Male,21-05-2024,Full-Time,Scooter,LOC0092
DEL01962,Dhruv Chopra,+91 65435 55065,Male,17-09-2022,Full-Time,Scooter,LOC0111
DEL01963,Aaina Bhatti,+91 93635 43516,Male,23-03-2025,Full-Time,Van,LOC0051
DEL01964,Indrans Chandra,+91 88763 47976,Male,14-07-2024,Contract,Bike,LOC0105
DEL01965,Romil Balakrishnan,+91 91056 21265,Male,11-03-2022,Contract,EV Bike,LOC0047
DEL01966,Oorja Walla,+91 89194 74313,Female,28-08-2024,Contract,Van,LOC0005
DEL01967,Kiara Tandon,+91 62718 41015,Female,29-05-2023,Contract,EV Bike,LOC0046
DEL01968,Riaan Sunder,+91 62363 36327,Male,26-04-2022,Contract,Bike,LOC0100
DEL01969,Abram Lalla,+91 78624 39139,Female,19-12-2022,Contract,EV Bike,LOC0091
DEL01970,Mishti Dalal,+91 99468 71793,Female,08-08-2022,Contract,Bike,LOC0062
DEL01971,Krish Iyer,+91 63729 48159,Male,17-10-2024,Contract,Van,LOC0066
DEL01972,Vaibhav Bora,+91 75198 55325,Male,05-07-2025,Full-Time,EV Bike,LOC0023
DEL01973,Pranay Ahluwalia,+91 74777 64389,Male,09-09-2023,Contract,Bike,LOC0065
DEL01974,Vaibhav Kant,+91 70247 40124,Female,13-06-2022,Full-Time,Bike,LOC0035
DEL01975,Onkar Chaudhary,+91 74910 55310,Female,23-07-2025,Full-Time,Van,LOC0023
DEL01976,Dhanush Handa,+91 88305 34340,Female,28-05-2021,Full-Time,Bike,LOC0010
DEL01977,Sahil Bali,+91 90161 31901,Male,19-12-2023,Contract,EV Bike,LOC0017
DEL01978,Nirvaan Rout,+91 66785 04808,Male,07-11-2023,Full-Time,Scooter,LOC0104
DEL01979,Divij Luthra,+91 99030 26941,Male,18-10-2024,Full-Time,Scooter,LOC0045
DEL01980,Farhan Taneja,+91 87240 88473,Female,24-02-2023,Full-Time,Scooter,LOC0003
DEL01981,Yashvi Yogi,+91 69680 68284,Female,27-01-2022,Contract,Scooter,LOC0020
DEL01982,Dishani Ben,+91 65405 94019,Male,11-12-2025,Full-Time,Scooter,LOC0002
DEL01983,Dhruv Sanghvi,+91 98102 99170,Male,09-12-2025,Full-Time,Scooter,LOC0104
DEL01984,Jivin Chhabra,+91 78478 03193,Male,31-01-2026,Contract,Van,LOC0068
DEL01985,Jayan Anand,+91 86828 84200,Male,14-11-2023,Full-Time,EV Bike,LOC0012
DEL01986,Zara Sarin,+91 79033 63207,Male,01-09-2025,Contract,Bike,LOC0102
DEL01987,Hunar Kade,+91 73599 76767,Male,16-04-2021,Contract,Bike,LOC0108
DEL01988,Stuvan Mahajan,+91 64610 19983,Male,04-02-2025,Full-Time,Bike,LOC0004
DEL01989,Shalv Agarwal,+91 90106 54107,Male,23-07-2022,Contract,EV Bike,LOC0086
DEL01990,Zeeshan Doshi,+91 75417 00300,Male,17-12-2025,Full-Time,Scooter,LOC0095
DEL01991,Adah Garg,+91 90593 56971,Male,22-10-2021,Full-Time,Bike,LOC0049
DEL01992,Armaan Sami,+91 84195 56525,Male,23-10-2024,Full-Time,Van,LOC0092
DEL01993,Nishith Divan,+91 86574 27677,Female,15-06-2021,Full-Time,Van,LOC0061
DEL01994,Kimaya Issac,+91 69301 44547,Male,23-02-2024,Full-Time,Scooter,LOC0108
DEL01995,Tanya Rao,+91 66601 91865,Female,23-06-2023,Contract,Scooter,LOC0036
DEL01996,Lakshay Devi,+91 84400 21175,Male,02-08-2025,Contract,Scooter,LOC0051
DEL01997,Drishya Srinivasan,+91 91626 07042,Female,18-07-2024,Contract,Scooter,LOC0085
DEL01998,Azad Garde,+91 97618 96182,Male,10-10-2024,Contract,Scooter,LOC0009
DEL01999,Akarsh Sridhar,+91 95670 77827,Male,15-06-2022,Contract,Van,LOC0039
DEL02000,Amani Brar,+91 66706 71785,Female,29-08-2024,Contract,Bike,LOC0067
DEL02001,Aniruddh Konda,+91 63735 43191,Male,05-09-2021,Full-Time,Scooter,LOC0103
DEL02002,Nitara Sathe,+91 61417 19716,Female,23-01-2023,Full-Time,Bike,LOC0074
DEL02003,Dharmajan Saraf,+91 95908 08561,Female,25-09-2021,Full-Time,Van,LOC0039
DEL02004,Ranbir Soman,+91 65523 45648,Female,16-11-2025,Full-Time,EV Bike,LOC0015
DEL02005,Lakshay Varty,+91 79050 56981,Male,21-02-2023,Contract,Scooter,LOC0048
DEL02006,Azad Thaman,+91 95346 66125,Male,28-08-2024,Contract,Bike,LOC0020
DEL02007,Rania Sengupta,+91 69436 51869,Male,25-07-2023,Full-Time,Van,LOC0009
DEL02008,Yasmin Khurana,+91 95250 70296,Male,09-08-2024,Full-Time,Scooter,LOC0015
DEL02009,Ishita Bora,+91 99469 50967,Male,04-09-2025,Contract,Scooter,LOC0061
DEL02010,Tushar Krish,+91 75165 50991,Male,09-03-2022,Full-Time,Scooter,LOC0075
DEL02011,Keya Trivedi,+91 80541 18286,Male,13-06-2023,Full-Time,Bike,LOC0076
DEL02012,Darshit Date,+91 79800 52255,Female,03-11-2023,Full-Time,Van,LOC0018
DEL02013,Ivan Sura,+91 94192 03427,Male,03-08-2022,Full-Time,EV Bike,LOC0063
DEL02014,Nitya Majumdar,+91 91752 75929,Male,16-04-2022,Full-Time,Van,LOC0061
DEL02015,Yuvraj  Kar,+91 62127 16492,Male,09-05-2025,Contract,Bike,LOC0003
DEL02016,Indrajit Kaul,+91 68403 22166,Male,16-12-2023,Contract,EV Bike,LOC0113
DEL02017,Zain Solanki,+91 90686 18415,Male,13-09-2024,Contract,Scooter,LOC0061
DEL02018,Ojas Kala,+91 63439 96560,Male,29-06-2025,Contract,Van,LOC0043
DEL02019,Yasmin Kalla,+91 95029 88799,Male,07-09-2021,Contract,Bike,LOC0028
DEL02020,Advika Ben,+91 95564 53124,Male,04-01-2024,Contract,Bike,LOC0031
DEL02021,Ivan Sridhar,+91 60389 28629,Female,14-04-2024,Full-Time,Bike,LOC0028
DEL02022,Anika Yohannan,+91 68776 30518,Female,27-05-2023,Full-Time,Van,LOC0051
DEL02023,Hrishita Raman,+91 89297 16845,Female,14-06-2021,Contract,EV Bike,LOC0089
DEL02024,Elakshi Gola,+91 77023 24649,Male,05-04-2021,Contract,EV Bike,LOC0112
DEL02025,Eshani Balay,+91 62149 01987,Female,09-02-2024,Full-Time,Van,LOC0048
DEL02026,Vidur Yogi,+91 77016 79487,Male,21-07-2024,Full-Time,Scooter,LOC0017
DEL02027,Manikya Chatterjee,+91 71338 76934,Male,20-07-2021,Full-Time,Van,LOC0010
DEL02028,Ishaan Hayre,+91 80821 86994,Female,05-04-2021,Full-Time,Van,LOC0073
DEL02029,Samar Sekhon,+91 70525 35665,Female,24-06-2023,Contract,Bike,LOC0112
DEL02030,Rania Vasa,+91 69689 97722,Male,29-06-2024,Full-Time,Van,LOC0036
DEL02031,Romil Dasgupta,+91 72793 55790,Male,12-05-2021,Contract,EV Bike,LOC0099
DEL02032,Ahana  Bajaj,+91 66869 21996,Male,05-11-2021,Full-Time,Bike,LOC0054
DEL02033,Eva Krish,+91 97769 34181,Male,20-03-2024,Full-Time,EV Bike,LOC0015
DEL02034,Mehul Dewan,+91 84992 17946,Female,03-06-2024,Full-Time,Van,LOC0014
DEL02035,Divit Ahluwalia,+91 68441 52405,Female,29-02-2024,Full-Time,EV Bike,LOC0112
DEL02036,Ojas Sathe,+91 66169 95324,Male,16-10-2025,Full-Time,Bike,LOC0025
DEL02037,Vanya Kale,+91 61779 77335,Female,23-10-2022,Full-Time,EV Bike,LOC0027
DEL02038,Vanya Ben,+91 83813 28834,Female,14-01-2026,Contract,Bike,LOC0028
DEL02039,Lakshit Dara,+91 98442 80173,Female,08-09-2023,Full-Time,Scooter,LOC0024
DEL02040,Heer Majumdar,+91 79483 92141,Male,18-07-2023,Full-Time,Scooter,LOC0056
DEL02041,Romil Sangha,+91 90343 36092,Female,15-05-2022,Contract,Bike,LOC0024
DEL02042,Anvi Sani,+91 83627 35807,Male,07-04-2025,Full-Time,EV Bike,LOC0080
DEL02043,Priyansh Kulkarni,+91 76622 85702,Female,02-02-2026,Full-Time,Bike,LOC0030
DEL02044,Indrans Sibal,+91 65122 26673,Male,30-03-2022,Contract,Scooter,LOC0008
DEL02045,Ryan Deep,+91 64884 64148,Male,14-11-2021,Full-Time,Bike,LOC0093
DEL02046,Veer Das,+91 78420 49463,Female,08-10-2021,Full-Time,EV Bike,LOC0084
DEL02047,Alia Sengupta,+91 74433 89988,Male,26-08-2021,Contract,Bike,LOC0106
DEL02048,Hansh Mand,+91 69174 05924,Male,02-05-2024,Full-Time,Bike,LOC0105
DEL02049,Navya Chopra,+91 93385 37193,Female,24-08-2022,Full-Time,Van,LOC0035
DEL02050,Prerak Ahluwalia,+91 74769 63740,Female,02-10-2023,Contract,Scooter,LOC0063
DEL02051,Eshani Aggarwal,+91 87106 54544,Male,10-12-2025,Contract,Bike,LOC0069
DEL02052,Tara Garg,+91 78711 27149,Female,27-04-2022,Full-Time,Scooter,LOC0054
DEL02053,Ranbir Venkataraman,+91 66365 90595,Male,04-02-2026,Full-Time,Scooter,LOC0028
DEL02054,Anaya Ramakrishnan,+91 99976 57073,Male,22-02-2026,Contract,Van,LOC0112
DEL02055,Raunak Kaur,+91 77244 84571,Male,06-10-2023,Full-Time,Scooter,LOC0002
DEL02056,Zeeshan Subramaniam,+91 89059 22415,Male,27-04-2025,Contract,Van,LOC0072
DEL02057,Ojas Choudhury,+91 79048 98744,Male,16-10-2023,Full-Time,Van,LOC0048
DEL02058,Diya Vohra,+91 97333 43559,Male,18-11-2024,Full-Time,Bike,LOC0051
DEL02059,Uthkarsh Tella,+91 93413 72341,Male,22-01-2022,Contract,Scooter,LOC0007
DEL02060,Dhruv Ben,+91 73886 96412,Female,01-05-2024,Contract,Scooter,LOC0059
DEL02061,Vanya Chadha,+91 67975 52119,Female,18-03-2023,Full-Time,Bike,LOC0008
DEL02062,Diya Randhawa,+91 71505 05567,Male,27-08-2024,Full-Time,Scooter,LOC0077
DEL02063,Sana Bains,+91 88458 44155,Male,05-01-2023,Contract,Scooter,LOC0071
DEL02064,Nakul Master,+91 99172 55177,Male,02-11-2024,Full-Time,Scooter,LOC0088
DEL02065,Aayush Sunder,+91 95932 75529,Female,20-10-2023,Full-Time,Van,LOC0032
DEL02066,Krish Sarna,+91 92056 31829,Male,25-11-2024,Contract,EV Bike,LOC0057
DEL02067,Amani Krish,+91 82029 00954,Female,28-04-2025,Full-Time,Scooter,LOC0031
DEL02068,Gokul Bajwa,+91 74303 12322,Female,24-01-2025,Full-Time,Van,LOC0030
DEL02069,Hazel Badal,+91 85291 56535,Female,24-12-2023,Full-Time,Bike,LOC0014
DEL02070,Saksham Varkey,+91 97519 76676,Male,29-10-2021,Contract,Scooter,LOC0043
DEL02071,Anaya Tank,+91 66825 57885,Female,10-02-2024,Full-Time,Scooter,LOC0084
DEL02072,Ela Swaminathan,+91 85116 73990,Male,14-10-2025,Full-Time,Bike,LOC0113
DEL02073,Aaina Cherian,+91 89247 63216,Female,13-12-2024,Contract,Scooter,LOC0105
DEL02074,Anahita Mand,+91 98696 52347,Female,18-05-2025,Contract,Bike,LOC0050
DEL02075,Sana Contractor,+91 63383 41359,Female,08-02-2023,Contract,Bike,LOC0018
DEL02076,Kavya Goel,+91 77226 69793,Male,22-03-2026,Contract,Scooter,LOC0056
DEL02077,Devansh Garg,+91 97998 70113,Female,17-10-2021,Full-Time,Scooter,LOC0097
DEL02078,Alia Agrawal,+91 69728 07778,Male,03-05-2025,Contract,EV Bike,LOC0073
DEL02079,Miraya Kibe,+91 96853 49889,Male,16-11-2025,Full-Time,Bike,LOC0024
DEL02080,Vidur Agrawal,+91 91356 87999,Male,22-09-2022,Contract,Van,LOC0111
DEL02081,Arhaan Devi,+91 87477 30749,Female,24-12-2024,Full-Time,EV Bike,LOC0039
DEL02082,Vaibhav Gala,+91 60455 21930,Female,20-07-2023,Full-Time,Van,LOC0084
DEL02083,Darshit Lad,+91 64018 71600,Female,19-03-2024,Full-Time,Van,LOC0088
DEL02084,Riya Buch,+91 73967 36843,Female,04-04-2021,Contract,EV Bike,LOC0031
DEL02085,Jivin Devan,+91 61278 36922,Male,20-11-2021,Full-Time,EV Bike,LOC0085
DEL02086,Priyansh Sood,+91 68877 47561,Male,04-07-2022,Contract,Bike,LOC0048
DEL02087,Priyansh Hayer,+91 61670 29585,Male,07-04-2021,Full-Time,Van,LOC0024
DEL02088,Sumer Chadha,+91 84790 59639,Female,11-06-2021,Contract,Van,LOC0080
DEL02089,Renee Sani,+91 82443 57342,Female,19-12-2023,Full-Time,Van,LOC0099
DEL02090,Manjari Sachdev,+91 66148 66538,Male,30-06-2021,Full-Time,Scooter,LOC0098
DEL02091,Zain Mannan,+91 74253 03445,Male,29-03-2026,Contract,Scooter,LOC0097
DEL02092,Sara Kapur,+91 83741 36119,Male,15-09-2021,Contract,EV Bike,LOC0095
DEL02093,Kabir Rege,+91 71540 53602,Male,29-11-2021,Full-Time,Scooter,LOC0028
DEL02094,Mohanlal Lad,+91 89831 47436,Male,20-12-2022,Full-Time,Van,LOC0068
DEL02095,Jivika Sandal,+91 60411 34973,Male,14-06-2022,Contract,EV Bike,LOC0095
DEL02096,Diya Butala,+91 65742 12373,Female,26-01-2022,Contract,EV Bike,LOC0016
DEL02097,Shalv Kar,+91 74904 28152,Male,19-06-2021,Full-Time,Bike,LOC0010
DEL02098,Zoya Ramanathan,+91 90599 40875,Male,12-04-2021,Contract,Scooter,LOC0031
DEL02099,Neysa Lala,+91 63092 08334,Female,11-05-2023,Full-Time,Scooter,LOC0067
DEL02100,Kartik Devi,+91 96908 53833,Male,07-03-2023,Full-Time,EV Bike,LOC0072
DEL02101,Prerak Sandhu,+91 60713 65791,Female,15-09-2021,Full-Time,Bike,LOC0036
DEL02102,Samiha Raval,+91 74782 11761,Male,19-03-2025,Contract,Van,LOC0035
DEL02103,Raghav Ramanathan,+91 71747 42136,Male,02-09-2024,Contract,Van,LOC0028
DEL02104,Tejas Jani,+91 81977 52132,Male,27-07-2022,Contract,Scooter,LOC0074
DEL02105,Hridaan Choudhury,+91 68427 58093,Female,05-12-2023,Full-Time,EV Bike,LOC0056
DEL02106,Kimaya Mani,+91 87461 66298,Male,17-03-2023,Full-Time,Scooter,LOC0066
DEL02107,Kavya Dash,+91 75653 96209,Male,16-11-2022,Contract,Scooter,LOC0057
DEL02108,Manjari Kuruvilla,+91 60568 47061,Female,10-01-2026,Full-Time,Van,LOC0099
DEL02109,Saksham Doshi,+91 65677 79122,Female,23-02-2026,Contract,Bike,LOC0052
DEL02110,Lakshit Chander,+91 99935 96573,Female,14-08-2025,Contract,Van,LOC0092
DEL02111,Dhanush Bali,+91 62176 55211,Male,01-04-2025,Full-Time,Bike,LOC0018
DEL02112,Divyansh Babu,+91 65156 20458,Male,03-03-2026,Full-Time,Van,LOC0036
DEL02113,Badal Lad,+91 70078 67308,Male,25-04-2025,Full-Time,Scooter,LOC0032
DEL02114,Hunar Kaur,+91 77724 12585,Female,19-07-2024,Full-Time,Scooter,LOC0016
DEL02115,Shlok Chauhan,+91 86707 35392,Female,20-07-2023,Contract,Van,LOC0093
DEL02116,Renee Thaman,+91 71078 57534,Male,24-10-2022,Contract,EV Bike,LOC0037
DEL02117,Yasmin Seshadri,+91 75930 21947,Female,27-06-2024,Full-Time,EV Bike,LOC0044
DEL02118,Onkar Kapadia,+91 73973 04820,Female,20-12-2021,Full-Time,Van,LOC0079
DEL02119,Miraya Zachariah,+91 99647 61573,Male,02-06-2022,Contract,Bike,LOC0062
DEL02120,Samaira Saha,+91 90128 27075,Female,28-03-2026,Full-Time,Bike,LOC0070
DEL02121,Sara Seshadri,+91 89391 84960,Male,04-06-2023,Full-Time,Scooter,LOC0031
DEL02122,Zaina Ganesan,+91 95405 00688,Female,20-01-2024,Contract,EV Bike,LOC0113
DEL02123,Amira Mannan,+91 60612 65447,Male,02-04-2025,Full-Time,Bike,LOC0084
DEL02124,Yuvraj  Deshpande,+91 86987 58797,Male,07-07-2023,Full-Time,EV Bike,LOC0008
DEL02125,Nitya Chahal,+91 87136 53956,Male,31-08-2022,Contract,Van,LOC0044
DEL02126,Devansh Sheth,+91 62475 84595,Female,28-07-2023,Full-Time,Bike,LOC0030
DEL02127,Yuvaan Gupta,+91 86087 16649,Male,04-06-2023,Contract,Van,LOC0010
DEL02128,Anay Bhat,+91 85271 53862,Male,22-09-2022,Contract,Bike,LOC0070
DEL02129,Keya Sundaram,+91 90221 09527,Male,11-11-2021,Contract,EV Bike,LOC0098
DEL02130,Damini Mann,+91 74484 00465,Female,23-09-2021,Full-Time,Bike,LOC0104
DEL02131,Mohanlal Bhargava,+91 92376 71406,Male,09-04-2021,Full-Time,Bike,LOC0005
DEL02132,Shamik Toor,+91 92060 23232,Female,28-09-2021,Full-Time,Scooter,LOC0095
DEL02133,Aayush Ratta,+91 77766 96132,Male,21-03-2022,Full-Time,Van,LOC0092
DEL02134,Lakshit Lanka,+91 76621 00430,Male,25-03-2024,Contract,EV Bike,LOC0074
DEL02135,Vardaniya Venkatesh,+91 68798 83019,Female,15-06-2025,Contract,EV Bike,LOC0015
DEL02136,Aaina Kata,+91 97455 20974,Female,01-11-2024,Contract,Bike,LOC0069
DEL02137,Hansh Sule,+91 91311 55990,Female,13-06-2022,Full-Time,Scooter,LOC0075
DEL02138,Sahil Kannan,+91 64525 54606,Male,20-01-2026,Full-Time,Van,LOC0058
DEL02139,Samaira Choudhry,+91 98892 65665,Female,10-10-2024,Contract,EV Bike,LOC0063
DEL02140,Mehul Sastry,+91 97412 84149,Male,01-03-2022,Contract,Bike,LOC0088
DEL02141,Shanaya Raju,+91 62580 00941,Female,16-05-2025,Full-Time,Van,LOC0046
DEL02142,Shray Sehgal,+91 88271 90665,Male,27-09-2025,Contract,Bike,LOC0011
DEL02143,Saira Gill,+91 68794 19205,Male,14-09-2025,Full-Time,EV Bike,LOC0040
DEL02144,Suhana Sur,+91 72884 40941,Male,12-03-2026,Contract,Scooter,LOC0055
DEL02145,Pihu Sridhar,+91 70170 99302,Male,07-06-2025,Contract,Van,LOC0017
DEL02146,Nirvi Balasubramanian,+91 62590 70703,Female,20-04-2022,Full-Time,Scooter,LOC0059
DEL02147,Jayan Sani,+91 88731 18281,Female,13-05-2024,Contract,Bike,LOC0101
DEL02148,Shayak Tiwari,+91 73088 98428,Female,14-01-2022,Contract,EV Bike,LOC0023
DEL02149,Rasha Sur,+91 68339 93183,Male,19-08-2021,Contract,Bike,LOC0005
DEL02150,Shanaya Garde,+91 74204 28707,Male,16-08-2024,Contract,Van,LOC0023
DEL02151,Pranay Loyal,+91 83279 99912,Male,07-09-2023,Full-Time,Scooter,LOC0048
DEL02152,Urvi Sabharwal,+91 80768 72065,Female,12-09-2025,Contract,Scooter,LOC0038
DEL02153,Nayantara Rattan,+91 85266 15001,Male,22-07-2023,Contract,EV Bike,LOC0011
DEL02154,Hansh Shukla,+91 78249 59195,Female,08-07-2021,Contract,Bike,LOC0065
DEL02155,Mahika Sane,+91 60976 28069,Female,13-09-2024,Full-Time,Van,LOC0078
DEL02156,Tarini Acharya,+91 60108 12824,Female,04-07-2021,Full-Time,EV Bike,LOC0012
DEL02157,Nayantara Dua,+91 73194 48869,Male,26-02-2022,Contract,Van,LOC0070
DEL02158,Manikya Maharaj,+91 93886 60695,Male,14-09-2021,Contract,EV Bike,LOC0113
DEL02159,Amani Mallick,+91 77822 08839,Male,06-03-2025,Full-Time,EV Bike,LOC0020
DEL02160,Riya Sur,+91 85215 33201,Female,28-07-2024,Full-Time,Bike,LOC0061
DEL02161,Anahi Gole,+91 92311 62973,Male,27-10-2024,Full-Time,Scooter,LOC0110
DEL02162,Madhav Singhal,+91 72357 91420,Male,26-04-2024,Contract,Scooter,LOC0031
DEL02163,Purab Doshi,+91 96339 66833,Female,27-08-2021,Full-Time,Van,LOC0038
DEL02164,Prerak Goel,+91 75649 37125,Female,10-06-2023,Full-Time,Scooter,LOC0113
DEL02165,Nitya Ben,+91 80243 41096,Female,21-04-2021,Contract,EV Bike,LOC0009
DEL02166,Vivaan Sarraf,+91 84372 73927,Male,13-07-2024,Contract,Scooter,LOC0113
DEL02167,Yuvraj  Chand,+91 65003 51122,Male,26-11-2023,Full-Time,Van,LOC0074
DEL02168,Rhea Mani,+91 89113 67761,Female,13-10-2022,Full-Time,EV Bike,LOC0084
DEL02169,Yasmin Bhatia,+91 95054 96618,Female,30-06-2022,Contract,Bike,LOC0111
DEL02170,Vivaan Ravi,+91 86898 86895,Female,06-06-2024,Contract,Scooter,LOC0033
DEL02171,Raunak Badal,+91 79086 76494,Male,03-03-2024,Contract,EV Bike,LOC0056
DEL02172,Reyansh Khosla,+91 73943 02959,Female,08-12-2021,Full-Time,Scooter,LOC0042
DEL02173,Aarush Madan,+91 87911 14291,Female,10-04-2025,Contract,Scooter,LOC0076
DEL02174,Priyansh Chawla,+91 74926 02990,Female,22-05-2024,Contract,Van,LOC0052
DEL02175,Samaira Kota,+91 86451 80758,Female,03-05-2025,Contract,Bike,LOC0113
DEL02176,Stuvan Tandon,+91 63895 01618,Male,12-12-2021,Contract,EV Bike,LOC0084
DEL02177,Yakshit Dhillon,+91 97118 91602,Male,01-11-2023,Full-Time,Bike,LOC0001
DEL02178,Ishita Gulati,+91 89399 21316,Male,30-01-2024,Full-Time,Van,LOC0104
DEL02179,Dishani Bahri,+91 94552 75565,Female,09-07-2024,Contract,Van,LOC0058
DEL02180,Kiaan Barman,+91 99266 52944,Female,28-09-2021,Full-Time,EV Bike,LOC0073
DEL02181,Charvi Mani,+91 94040 99257,Female,17-01-2022,Contract,Scooter,LOC0013
DEL02182,Ivan Chand,+91 69396 21540,Male,19-04-2025,Full-Time,Van,LOC0033
DEL02183,Indrajit Bajwa,+91 63311 88164,Female,20-01-2026,Contract,EV Bike,LOC0016
DEL02184,Shamik Sachdev,+91 73726 14028,Male,02-08-2022,Contract,Scooter,LOC0004
DEL02185,Farhan Biswas,+91 82225 38568,Female,10-09-2023,Contract,EV Bike,LOC0103
DEL02186,Lagan Venkataraman,+91 79361 26695,Male,11-12-2025,Contract,Van,LOC0063
DEL02187,Aradhya Ramesh,+91 77698 32863,Male,09-11-2023,Contract,Van,LOC0007
DEL02188,Faiyaz Kadakia,+91 94705 75566,Male,10-08-2021,Contract,Scooter,LOC0037
DEL02189,Ehsaan Anand,+91 93238 57626,Female,11-11-2021,Contract,EV Bike,LOC0104
DEL02190,Aayush Handa,+91 74968 82060,Female,01-10-2022,Full-Time,Bike,LOC0075
DEL02191,Ryan Raman,+91 82661 99378,Male,04-08-2025,Contract,Scooter,LOC0098
DEL02192,Neelofar Sinha,+91 73551 55310,Female,20-05-2024,Contract,Bike,LOC0095
DEL02193,Alisha Goswami,+91 84129 65003,Female,08-09-2021,Contract,EV Bike,LOC0080
DEL02194,Advika Samra,+91 70407 09410,Male,01-04-2025,Contract,Scooter,LOC0049
DEL02195,Kartik Saraf,+91 78528 84109,Female,03-07-2022,Contract,EV Bike,LOC0039
DEL02196,Yakshit Gour,+91 87137 82399,Male,10-01-2025,Contract,Bike,LOC0080
DEL02197,Jivika Bajaj,+91 73405 29023,Male,12-04-2025,Contract,Van,LOC0108
DEL02198,Raghav Dewan,+91 95072 85818,Male,22-01-2023,Full-Time,EV Bike,LOC0010
DEL02199,Bhamini Dhar,+91 66160 98949,Female,03-10-2023,Full-Time,Scooter,LOC0025
DEL02200,Mamooty Gokhale,+91 61435 65811,Female,05-06-2022,Full-Time,Scooter,LOC0008
DEL02201,Taimur Kapur,+91 95673 19267,Female,26-10-2023,Contract,Van,LOC0056
DEL02202,Pranay Dugar,+91 73132 92385,Female,27-06-2022,Full-Time,Van,LOC0113
DEL02203,Ayesha Kota,+91 81980 97531,Male,14-04-2021,Contract,EV Bike,LOC0105
DEL02204,Krish Setty,+91 80468 85950,Female,08-12-2025,Full-Time,Scooter,LOC0072
DEL02205,Hiran Thaman,+91 72470 02025,Female,11-11-2022,Full-Time,EV Bike,LOC0028
DEL02206,Yakshit Dash,+91 67047 03026,Female,13-08-2021,Full-Time,Scooter,LOC0099
DEL02207,Zara Venkataraman,+91 64902 68971,Female,03-07-2024,Contract,EV Bike,LOC0086
DEL02208,Sahil Bali,+91 89838 87133,Female,04-05-2021,Contract,Bike,LOC0075
DEL02209,Mishti Khare,+91 93596 83101,Female,25-12-2024,Contract,Bike,LOC0009
DEL02210,Bhamini Thakur,+91 82563 87489,Male,12-02-2024,Full-Time,EV Bike,LOC0014
DEL02211,Mamooty Vala,+91 97766 15742,Female,04-06-2022,Full-Time,Bike,LOC0049
DEL02212,Alisha Chhabra,+91 75171 64532,Male,21-03-2023,Full-Time,Bike,LOC0026
DEL02213,Dishani Chandra,+91 87060 84227,Male,15-02-2025,Full-Time,EV Bike,LOC0045
DEL02214,Aarush Krishnamurthy,+91 92938 60899,Male,18-09-2023,Full-Time,Scooter,LOC0033
DEL02215,Lakshay Kapoor,+91 68714 56107,Male,30-08-2022,Contract,Bike,LOC0077
DEL02216,Indrajit Sood,+91 86158 21894,Male,07-06-2021,Full-Time,Scooter,LOC0007
DEL02217,Hridaan Sodhi,+91 64114 96948,Male,25-03-2025,Contract,Scooter,LOC0085
DEL02218,Manjari Sehgal,+91 82063 16965,Male,19-11-2022,Contract,Scooter,LOC0023
DEL02219,Siya Kulkarni,+91 95867 72226,Female,12-05-2025,Full-Time,Van,LOC0067
DEL02220,Ivana Taneja,+91 94785 94797,Female,27-10-2025,Contract,Scooter,LOC0084
DEL02221,Zeeshan Bhavsar,+91 88811 12596,Female,24-04-2023,Full-Time,Bike,LOC0007
DEL02222,Neysa Balay,+91 76852 75810,Male,23-01-2022,Full-Time,Van,LOC0037
DEL02223,Diya Subramanian,+91 73272 49010,Male,18-11-2021,Contract,Bike,LOC0111
DEL02224,Raunak Virk,+91 72728 12317,Male,28-07-2021,Contract,EV Bike,LOC0058
DEL02225,Zara Koshy,+91 68573 72868,Male,20-05-2024,Full-Time,EV Bike,LOC0011
DEL02226,Ritvik Chahal,+91 79508 07307,Male,04-03-2025,Contract,Van,LOC0049
DEL02227,Suhana Saha,+91 70998 67297,Female,03-07-2023,Contract,Bike,LOC0061
DEL02228,Jivika Kannan,+91 68480 68870,Male,18-07-2022,Contract,Van,LOC0071
DEL02229,Shaan Basak,+91 83980 73786,Male,29-03-2024,Full-Time,Van,LOC0061
DEL02230,Ranbir Kapur,+91 74320 13223,Female,05-05-2022,Full-Time,Bike,LOC0108
DEL02231,Armaan Golla,+91 77477 03840,Male,28-11-2021,Contract,Van,LOC0078
DEL02232,Jayesh Chaudhuri,+91 74852 97035,Female,13-02-2024,Contract,Van,LOC0042
DEL02233,Rati Dugar,+91 85568 92447,Male,13-11-2025,Contract,Bike,LOC0068
DEL02234,Drishya Dhingra,+91 97578 69557,Female,10-12-2024,Contract,EV Bike,LOC0046
DEL02235,Vanya Kapadia,+91 86487 57948,Male,24-08-2022,Full-Time,Bike,LOC0090
DEL02236,Khushi Srivastava,+91 74071 23999,Female,25-06-2023,Contract,Van,LOC0043
DEL02237,Shanaya Johal,+91 99990 14231,Female,26-01-2022,Contract,Bike,LOC0018
DEL02238,Uthkarsh Sagar,+91 78361 72874,Male,14-03-2022,Contract,EV Bike,LOC0066
DEL02239,Uthkarsh Mahal,+91 96963 10818,Female,25-10-2025,Full-Time,Van,LOC0043
DEL02240,Mehul Biswas,+91 79760 24990,Female,26-07-2022,Contract,Bike,LOC0084
DEL02241,Mamooty Talwar,+91 83793 22450,Female,27-01-2023,Contract,Van,LOC0090
DEL02242,Stuvan Guha,+91 80284 58572,Female,25-03-2025,Full-Time,Bike,LOC0041
DEL02243,Saksham Kata,+91 60870 82646,Female,04-08-2022,Contract,EV Bike,LOC0101
DEL02244,Nirvaan Sankar,+91 63350 80928,Male,15-07-2023,Full-Time,Bike,LOC0060
DEL02245,Eshani Dutt,+91 94285 80183,Female,22-06-2022,Full-Time,Scooter,LOC0005
DEL02246,Aaina Raju,+91 96981 65739,Female,14-06-2024,Full-Time,Scooter,LOC0024
DEL02247,Manjari Cheema,+91 69986 14204,Male,06-01-2025,Full-Time,EV Bike,LOC0029
DEL02248,Stuvan Bhargava,+91 90124 50312,Male,04-03-2023,Full-Time,Van,LOC0058
DEL02249,Anya Varma,+91 68337 67397,Male,04-05-2024,Contract,Scooter,LOC0020
DEL02250,Hansh Manda,+91 67691 81802,Female,17-10-2025,Full-Time,Scooter,LOC0107
DEL02251,Baiju Ravel,+91 98505 19942,Female,22-06-2022,Full-Time,Bike,LOC0078
DEL02252,Samarth Deep,+91 71216 26765,Male,29-03-2026,Full-Time,Bike,LOC0037
DEL02253,Anya Gandhi,+91 96630 44801,Female,27-02-2025,Full-Time,EV Bike,LOC0040
DEL02254,Bhamini Koshy,+91 97360 51849,Female,06-02-2025,Full-Time,Van,LOC0066
DEL02255,Ela Iyer,+91 71419 41785,Female,30-05-2023,Full-Time,EV Bike,LOC0023
DEL02256,Kashvi Sem,+91 61402 49287,Male,08-10-2025,Full-Time,EV Bike,LOC0048
DEL02257,Kismat Bandi,+91 88772 44160,Male,07-08-2024,Contract,Scooter,LOC0083
DEL02258,Saira Buch,+91 69880 88294,Female,21-04-2025,Contract,EV Bike,LOC0099
DEL02259,Samiha Halder,+91 62211 78746,Male,03-09-2025,Contract,Van,LOC0004
DEL02260,Arhaan Sanghvi,+91 83696 85168,Male,18-12-2023,Full-Time,Van,LOC0063
DEL02261,Anahi Sarna,+91 69310 45733,Male,25-11-2025,Full-Time,EV Bike,LOC0106
DEL02262,Jhanvi Loyal,+91 70182 18860,Female,17-06-2023,Full-Time,EV Bike,LOC0065
DEL02263,Indranil Vohra,+91 76641 12219,Male,23-08-2021,Contract,Scooter,LOC0035
DEL02264,Ritvik Chowdhury,+91 66339 54725,Male,25-10-2025,Contract,Bike,LOC0039
DEL02265,Aayush Yohannan,+91 87721 00504,Male,18-09-2025,Contract,Van,LOC0067
DEL02266,Madhav Bhandari,+91 90042 05121,Male,29-04-2025,Contract,Bike,LOC0012
DEL02267,Tarini Ganesh,+91 92734 59834,Male,23-05-2022,Contract,Van,LOC0062
DEL02268,Vardaniya Ramesh,+91 74706 00219,Male,20-01-2025,Full-Time,Van,LOC0009
DEL02269,Yashvi Sule,+91 89824 43349,Female,29-08-2022,Full-Time,EV Bike,LOC0003
DEL02270,Jivika Anand,+91 82100 87345,Female,30-05-2022,Full-Time,Van,LOC0042
DEL02271,Zara Dube,+91 87683 96224,Female,30-01-2024,Contract,Bike,LOC0061
DEL02272,Aniruddh Singh,+91 89082 31880,Male,29-01-2024,Contract,Scooter,LOC0104
DEL02273,Shray Korpal,+91 88292 78997,Female,20-07-2021,Contract,EV Bike,LOC0105
DEL02274,Priyansh Bir,+91 84898 03486,Male,25-07-2024,Full-Time,Van,LOC0044
DEL02275,Inaaya  Ganesan,+91 80523 05742,Male,25-09-2025,Contract,EV Bike,LOC0111
DEL02276,Kismat Grewal,+91 80984 51242,Female,10-06-2025,Contract,Bike,LOC0030
DEL02277,Navya Khare,+91 91592 13099,Female,01-05-2025,Contract,EV Bike,LOC0077
DEL02278,Rania Kothari,+91 70353 00105,Male,18-09-2021,Contract,Van,LOC0096
DEL02279,Biju Hans,+91 62341 93364,Female,12-11-2022,Full-Time,EV Bike,LOC0043
DEL02280,Vivaan Datta,+91 89682 66152,Female,22-01-2022,Contract,Van,LOC0113
DEL02281,Jayesh Wadhwa,+91 60064 86697,Female,26-03-2024,Full-Time,EV Bike,LOC0012
DEL02282,Manjari Sura,+91 90568 57882,Male,08-04-2022,Contract,Scooter,LOC0107
DEL02283,Vardaniya Ramanathan,+91 60218 12418,Male,11-02-2022,Contract,Van,LOC0096
DEL02284,Anika Bal,+91 72708 21844,Female,11-06-2025,Full-Time,Bike,LOC0098
DEL02285,Umang Subramanian,+91 70167 14155,Male,29-05-2025,Full-Time,Bike,LOC0067
DEL02286,Jiya Mane,+91 99084 93165,Female,11-06-2022,Contract,Van,LOC0052
DEL02287,Dhanush Tailor,+91 86112 80558,Male,24-08-2021,Full-Time,Van,LOC0025
DEL02288,Zeeshan Gade,+91 96470 09257,Female,29-08-2025,Full-Time,Scooter,LOC0063
DEL02289,Samarth Ahluwalia,+91 67822 25138,Male,31-07-2022,Contract,EV Bike,LOC0041
DEL02290,Samiha Mand,+91 74224 80064,Male,01-11-2023,Contract,Scooter,LOC0071
DEL02291,Ira Wali,+91 89050 01319,Male,22-10-2023,Contract,Scooter,LOC0034
DEL02292,Taimur Sharaf,+91 68602 32228,Male,22-03-2025,Contract,Van,LOC0040
DEL02293,Khushi Mani,+91 76727 11161,Female,23-02-2025,Full-Time,Van,LOC0097
DEL02294,Pari Seth,+91 85465 98360,Female,15-03-2026,Contract,Scooter,LOC0007
DEL02295,Khushi Chaudry,+91 82673 20646,Male,03-02-2024,Contract,Van,LOC0045
DEL02296,Samarth Dar,+91 98421 87086,Female,01-09-2023,Contract,Bike,LOC0078
DEL02297,Eva Bawa,+91 89919 18742,Female,21-07-2021,Full-Time,EV Bike,LOC0088
DEL02298,Prerak Bahl,+91 81885 24768,Male,10-05-2025,Contract,Scooter,LOC0067
DEL02299,Ehsaan Chauhan,+91 90654 33257,Female,09-06-2022,Contract,Bike,LOC0054
DEL02300,Renee De,+91 63079 38641,Female,25-04-2024,Contract,Van,LOC0023
DEL02301,Advika Randhawa,+91 66995 48758,Male,25-06-2023,Contract,Bike,LOC0100
DEL02302,Ivana Suri,+91 93110 45896,Female,05-08-2024,Full-Time,Bike,LOC0066
DEL02303,Neysa Chandra,+91 60187 20504,Male,13-05-2021,Full-Time,Scooter,LOC0099
DEL02304,Advika Sami,+91 60761 17324,Female,05-11-2021,Contract,Van,LOC0004
DEL02305,Kiaan Kata,+91 77039 25864,Male,31-01-2025,Full-Time,Van,LOC0018
DEL02306,Zeeshan Chaudhary,+91 96093 23265,Male,28-07-2024,Full-Time,Scooter,LOC0050
DEL02307,Umang Sheth,+91 73518 04739,Female,12-10-2022,Contract,Scooter,LOC0110
DEL02308,Vardaniya Kothari,+91 63561 49734,Female,07-07-2022,Contract,EV Bike,LOC0015
DEL02309,Kiara Suri,+91 85852 33354,Female,10-12-2023,Contract,Van,LOC0019
DEL02310,Yashvi Bobal,+91 92447 80975,Female,13-10-2021,Full-Time,EV Bike,LOC0090
DEL02311,Samarth Acharya,+91 80659 19908,Female,30-06-2025,Contract,Bike,LOC0054
DEL02312,Dishani Divan,+91 64245 51880,Female,31-03-2023,Contract,Van,LOC0091
DEL02313,Vanya Chaudry,+91 60947 53558,Female,12-10-2024,Contract,Bike,LOC0009
DEL02314,Renee Banerjee,+91 90731 53681,Female,10-02-2022,Full-Time,Van,LOC0094
DEL02315,Arhaan Bhagat,+91 74349 42479,Female,28-09-2024,Contract,Scooter,LOC0069
DEL02316,Himmat Kata,+91 71873 85654,Male,05-12-2023,Full-Time,Van,LOC0088
DEL02317,Indrans Dhaliwal,+91 73785 99359,Female,30-04-2022,Contract,Bike,LOC0001
DEL02318,Shlok Mand,+91 72312 57588,Male,03-01-2026,Full-Time,Scooter,LOC0009
DEL02319,Akarsh Choudhry,+91 62590 89524,Male,13-02-2024,Contract,EV Bike,LOC0085
DEL02320,Vanya Khatri,+91 93214 20060,Male,08-06-2025,Contract,EV Bike,LOC0008
DEL02321,Hiran Yohannan,+91 69088 19886,Male,15-01-2023,Contract,EV Bike,LOC0028
DEL02322,Kanav Barman,+91 89681 05343,Male,11-02-2026,Contract,Van,LOC0027
DEL02323,Zara Mane,+91 72839 42231,Male,13-10-2021,Contract,Van,LOC0055
DEL02324,Trisha Dara,+91 76278 17127,Male,29-06-2022,Full-Time,Scooter,LOC0055
DEL02325,Nirvaan Mandal,+91 74234 20943,Male,18-06-2022,Full-Time,Bike,LOC0082
DEL02326,Nirvi Biswas,+91 62020 79478,Female,07-02-2025,Contract,Scooter,LOC0058
DEL02327,Rati Mangal,+91 83499 20759,Female,06-04-2021,Full-Time,Van,LOC0068
DEL02328,Kiaan Deo,+91 68384 58385,Male,08-02-2025,Full-Time,Bike,LOC0083
DEL02329,Mishti Shenoy,+91 60294 88645,Female,27-01-2025,Contract,EV Bike,LOC0045
DEL02330,Mahika Shukla,+91 98058 22446,Male,05-04-2021,Contract,Scooter,LOC0012
DEL02331,Tiya Shah,+91 65027 15958,Female,01-09-2024,Contract,Van,LOC0102
DEL02332,Saksham Dani,+91 97778 43665,Female,11-11-2022,Full-Time,Bike,LOC0012
DEL02333,Miraya Lad,+91 83176 28095,Male,12-11-2021,Contract,Bike,LOC0084
DEL02334,Devansh Trivedi,+91 81397 39377,Male,07-11-2025,Full-Time,Van,LOC0042
DEL02335,Nakul D’Alia,+91 80933 16909,Female,14-06-2021,Contract,Van,LOC0034
DEL02336,Hunar Goswami,+91 61407 77010,Female,20-03-2024,Full-Time,Bike,LOC0057
DEL02337,Veer Bhat,+91 69241 34996,Male,01-05-2022,Full-Time,Bike,LOC0001
DEL02338,Shamik Sibal,+91 96981 89237,Male,27-11-2022,Full-Time,Scooter,LOC0004
DEL02339,Zain Sehgal,+91 69934 94024,Female,08-11-2021,Contract,Van,LOC0100
DEL02340,Emir Randhawa,+91 73973 85490,Male,18-04-2022,Full-Time,Bike,LOC0101
DEL02341,Zeeshan Kapadia,+91 97677 67646,Female,23-04-2023,Contract,Van,LOC0034
DEL02342,Neelofar Andra,+91 74205 33896,Male,26-07-2025,Contract,Scooter,LOC0076
DEL02343,Yasmin Chand,+91 91288 07148,Female,15-02-2023,Full-Time,Bike,LOC0062
DEL02344,Nayantara Kunda,+91 73561 03994,Male,02-01-2022,Full-Time,Scooter,LOC0105
DEL02345,Bhavin Kumar,+91 75919 79729,Female,26-09-2022,Contract,EV Bike,LOC0021
DEL02346,Hrishita Karpe,+91 98750 36811,Female,20-10-2022,Full-Time,EV Bike,LOC0052
DEL02347,Keya Gokhale,+91 74043 86706,Male,14-01-2026,Full-Time,Van,LOC0042
DEL02348,Vihaan Sarraf,+91 70819 64873,Male,28-03-2022,Contract,EV Bike,LOC0105
DEL02349,Ayesha Chahal,+91 63120 32709,Female,02-11-2021,Contract,Bike,LOC0017
DEL02350,Manikya Batta,+91 77245 29902,Female,30-10-2024,Full-Time,Scooter,LOC0043
DEL02351,Hansh Sekhon,+91 95912 99946,Female,18-04-2022,Contract,Bike,LOC0042
DEL02352,Tanya Gupta,+91 68947 21706,Female,12-11-2022,Full-Time,Scooter,LOC0076
DEL02353,Dharmajan Chaudhry,+91 97083 64902,Male,06-06-2021,Contract,EV Bike,LOC0040
DEL02354,Divit Bhattacharyya,+91 61561 07680,Female,28-05-2025,Contract,Van,LOC0065
DEL02355,Krish Verma,+91 72064 81431,Female,29-05-2023,Full-Time,Bike,LOC0075
DEL02356,Lagan Zachariah,+91 95559 85042,Female,13-06-2024,Contract,EV Bike,LOC0087
DEL02357,Jayan Dhillon,+91 66875 24686,Female,01-08-2025,Full-Time,Scooter,LOC0034
DEL02358,Lavanya Koshy,+91 68872 85091,Female,14-04-2024,Contract,Bike,LOC0095
DEL02359,Siya Tandon,+91 90807 85401,Female,10-01-2023,Full-Time,Bike,LOC0025
DEL02360,Alia Dhar,+91 95480 11257,Male,26-02-2024,Full-Time,Bike,LOC0004
DEL02361,Vedika Sangha,+91 90313 67613,Male,09-06-2022,Contract,Van,LOC0023
DEL02362,Jivika Chopra,+91 61793 82884,Male,01-11-2024,Full-Time,Bike,LOC0069
DEL02363,Farhan Chadha,+91 92122 47061,Male,03-06-2025,Full-Time,EV Bike,LOC0064
DEL02364,Armaan Mander,+91 67450 38721,Female,18-03-2026,Full-Time,Bike,LOC0038
DEL02365,Samaira Uppal,+91 77005 40180,Female,18-11-2022,Contract,Scooter,LOC0020
DEL02366,Prisha Kunda,+91 87903 77416,Female,03-07-2021,Contract,Scooter,LOC0095
DEL02367,Ryan Bakshi,+91 75810 89116,Female,04-07-2022,Contract,Scooter,LOC0002
DEL02368,Eshani Bajaj,+91 82833 53977,Female,27-06-2024,Full-Time,EV Bike,LOC0081
DEL02369,Trisha Kamdar,+91 78649 95005,Female,08-07-2023,Full-Time,Van,LOC0095
DEL02370,Onkar Bajaj,+91 97872 84641,Male,26-06-2022,Contract,Scooter,LOC0082
DEL02371,Vedika Kala,+91 74388 18732,Male,19-01-2026,Full-Time,Bike,LOC0090
DEL02372,Vedika Dewan,+91 95211 23256,Female,10-10-2022,Contract,Van,LOC0021
DEL02373,Anay Sule,+91 61300 71316,Female,01-07-2022,Full-Time,Scooter,LOC0051
DEL02374,Myra Dave,+91 96892 11379,Female,21-12-2022,Contract,EV Bike,LOC0020
DEL02375,Emir Seth,+91 89150 33869,Female,21-10-2022,Full-Time,EV Bike,LOC0081
DEL02376,Dhanuk Dora,+91 77030 86145,Male,24-03-2022,Contract,Scooter,LOC0100
DEL02377,Shray Balay,+91 86579 51577,Male,13-03-2026,Full-Time,EV Bike,LOC0060
DEL02378,Arnav Toor,+91 73319 44950,Female,24-10-2021,Contract,Bike,LOC0001
DEL02379,Advika Vala,+91 64377 58395,Female,12-09-2024,Full-Time,Scooter,LOC0090
DEL02380,Ishaan Chandran,+91 99294 94605,Female,27-11-2025,Contract,EV Bike,LOC0108
DEL02381,Kartik Singhal,+91 69822 93348,Female,10-02-2025,Full-Time,EV Bike,LOC0081
DEL02382,Ritvik Mander,+91 75953 89864,Female,19-08-2025,Contract,Van,LOC0001
DEL02383,Hiran Khosla,+91 94036 67592,Male,02-11-2023,Contract,EV Bike,LOC0108
DEL02384,Tushar Mani,+91 96448 42649,Male,24-10-2022,Contract,Van,LOC0004
DEL02385,Dhruv Buch,+91 89312 50665,Male,27-06-2024,Full-Time,Bike,LOC0064
DEL02386,Suhana Tailor,+91 85083 36199,Female,27-10-2022,Full-Time,Scooter,LOC0004
DEL02387,Ivan Acharya,+91 99107 40295,Female,29-06-2021,Contract,Bike,LOC0007
DEL02388,Tushar Keer,+91 74310 47103,Female,11-03-2022,Contract,Scooter,LOC0023
DEL02389,Krish Shanker,+91 77312 20868,Female,20-07-2023,Contract,Van,LOC0037
DEL02390,Samarth Choudhary,+91 67815 24297,Female,21-02-2024,Full-Time,Van,LOC0056
DEL02391,Misha Ben,+91 87933 48877,Female,05-08-2023,Contract,Scooter,LOC0039
DEL02392,Khushi Kurian,+91 77106 78569,Male,08-01-2023,Contract,Scooter,LOC0088
DEL02393,Ritvik Bawa,+91 67828 54687,Male,07-12-2024,Full-Time,EV Bike,LOC0054
DEL02394,Mohanlal Bhardwaj,+91 72757 11877,Female,12-09-2024,Contract,Scooter,LOC0081
DEL02395,Oorja Johal,+91 96635 67810,Male,02-12-2023,Full-Time,Van,LOC0047
DEL02396,Neysa Raman,+91 72500 50261,Male,02-05-2021,Full-Time,Bike,LOC0031
DEL02397,Divyansh Chand,+91 72086 11659,Male,13-06-2025,Full-Time,Bike,LOC0102
DEL02398,Himmat Mani,+91 61524 72316,Female,16-03-2023,Contract,Van,LOC0076
DEL02399,Raunak Dalal,+91 95172 53120,Female,28-02-2024,Contract,Scooter,LOC0056
DEL02400,Faiyaz Varughese,+91 78779 60548,Male,26-11-2022,Contract,Scooter,LOC0023
DEL02401,Tushar Rajagopal,+91 66801 49360,Male,12-12-2023,Full-Time,Van,LOC0097
DEL02402,Yuvaan Ramakrishnan,+91 62781 34826,Male,01-03-2023,Full-Time,Van,LOC0052
DEL02403,Arnav Solanki,+91 96658 92847,Female,23-11-2022,Contract,Scooter,LOC0026
DEL02404,Kiaan Chhabra,+91 84363 46728,Male,23-08-2022,Full-Time,Van,LOC0031
DEL02405,Advik Chandra,+91 63206 69842,Female,11-07-2024,Contract,Bike,LOC0051
DEL02406,Nitya Vala,+91 72574 48139,Male,29-08-2021,Full-Time,EV Bike,LOC0049
DEL02407,Mishti Arora,+91 93682 61918,Male,11-05-2025,Full-Time,Bike,LOC0110
DEL02408,Nirvi Thaker,+91 64700 63038,Male,27-08-2023,Contract,EV Bike,LOC0066
DEL02409,Nirvi Kaul,+91 88478 61692,Male,11-06-2023,Contract,EV Bike,LOC0064
DEL02410,Adah Krishna,+91 81557 98624,Female,28-07-2025,Contract,EV Bike,LOC0071
DEL02411,Divij Garde,+91 97107 39080,Female,02-12-2022,Full-Time,Van,LOC0019
DEL02412,Purab Korpal,+91 84694 87053,Female,30-01-2025,Full-Time,Scooter,LOC0008
DEL02413,Divit Sridhar,+91 79808 35485,Female,07-03-2025,Full-Time,Scooter,LOC0007
DEL02414,Nitara Mani,+91 91218 85433,Female,29-04-2025,Full-Time,EV Bike,LOC0010
DEL02415,Riya Dhingra,+91 80126 67797,Male,15-08-2022,Contract,Van,LOC0032
DEL02416,Hunar Ramanathan,+91 71047 27872,Female,01-02-2022,Contract,Bike,LOC0097
DEL02417,Hridaan Ramachandran,+91 67397 68884,Male,02-10-2021,Contract,Bike,LOC0028
DEL02418,Yuvaan Batra,+91 79578 96349,Female,03-11-2021,Contract,Bike,LOC0065
DEL02419,Sumer Batra,+91 93524 49648,Female,12-02-2023,Contract,Bike,LOC0017
DEL02420,Vedika Mani,+91 62411 52273,Female,03-09-2025,Contract,Van,LOC0034
DEL02421,Manikya Tak,+91 73925 94819,Female,24-06-2024,Contract,Scooter,LOC0064
DEL02422,Riya Saraf,+91 71143 79838,Female,05-08-2021,Full-Time,Van,LOC0055
DEL02423,Stuvan Kaul,+91 81234 41466,Male,22-03-2023,Contract,Scooter,LOC0009
DEL02424,Hansh Srinivasan,+91 72456 93624,Male,16-07-2024,Full-Time,Van,LOC0059
DEL02425,Myra Srinivasan,+91 60986 73494,Male,30-01-2025,Contract,Bike,LOC0044
DEL02426,Tejas Jain,+91 90268 46701,Male,29-06-2025,Full-Time,Bike,LOC0089
DEL02427,Siya Suresh,+91 86944 81426,Female,14-03-2024,Contract,Bike,LOC0079
DEL02428,Pari Vasa,+91 61571 88967,Female,04-12-2021,Contract,Scooter,LOC0058
DEL02429,Siya Din,+91 63093 32490,Male,20-01-2022,Full-Time,Van,LOC0103
DEL02430,Raunak Bhatt,+91 99124 66199,Male,22-05-2022,Contract,Scooter,LOC0112
DEL02431,Rasha Arora,+91 70785 64246,Female,06-04-2022,Full-Time,Van,LOC0059
DEL02432,Yasmin Dugar,+91 74809 18794,Female,23-05-2022,Contract,EV Bike,LOC0018
DEL02433,Aradhya Sule,+91 67158 14995,Female,24-08-2021,Contract,EV Bike,LOC0075
DEL02434,Pihu Raju,+91 81175 35244,Female,01-01-2022,Contract,Scooter,LOC0085
DEL02435,Himmat Thakkar,+91 85417 45932,Male,16-10-2022,Contract,Scooter,LOC0063
DEL02436,Keya Samra,+91 87827 03504,Male,10-12-2023,Contract,Bike,LOC0051
DEL02437,Vihaan Dewan,+91 68274 66021,Female,13-10-2021,Contract,Scooter,LOC0073
DEL02438,Mohanlal Ramakrishnan,+91 72206 31910,Male,08-09-2023,Contract,EV Bike,LOC0001
DEL02439,Amira Lalla,+91 69873 19728,Female,19-10-2025,Full-Time,Bike,LOC0011
DEL02440,Siya Sandal,+91 74321 92561,Male,05-01-2024,Contract,Scooter,LOC0069
DEL02441,Pari Keer,+91 60117 05363,Male,10-01-2025,Full-Time,Scooter,LOC0094
DEL02442,Pranay Batra,+91 94215 07535,Female,07-05-2024,Full-Time,EV Bike,LOC0075
DEL02443,Faiyaz Sama,+91 82716 42007,Male,05-02-2026,Full-Time,Van,LOC0093
DEL02444,Nirvaan Krishnamurthy,+91 75081 37701,Male,23-11-2023,Contract,EV Bike,LOC0044
DEL02445,Neysa Bumb,+91 78071 08029,Female,20-12-2022,Full-Time,Van,LOC0030
DEL02446,Diya Gade,+91 80823 66368,Male,13-11-2022,Contract,Scooter,LOC0106
DEL02447,Trisha Bhakta,+91 95327 01466,Female,03-02-2026,Contract,Bike,LOC0081
DEL02448,Pihu Keer,+91 83953 58968,Female,14-05-2024,Contract,Scooter,LOC0070
DEL02449,Kavya Chauhan,+91 81675 61839,Female,14-03-2026,Full-Time,EV Bike,LOC0086
DEL02450,Mannat Venkatesh,+91 66134 28297,Female,06-12-2024,Full-Time,Scooter,LOC0065
DEL02451,Samiha Bora,+91 92877 75269,Female,23-10-2022,Full-Time,Van,LOC0087
DEL02452,Diya Tailor,+91 71568 40710,Female,23-08-2021,Full-Time,Bike,LOC0026
DEL02453,Sara Bhasin,+91 60321 83390,Female,06-11-2022,Contract,Bike,LOC0106
DEL02454,Samaira Dhaliwal,+91 84575 05682,Female,31-03-2023,Contract,Scooter,LOC0067
DEL02455,Aarna Rout,+91 78743 55283,Female,13-03-2022,Contract,Scooter,LOC0111
DEL02456,Nehmat Jani,+91 82488 44939,Female,06-02-2025,Contract,Scooter,LOC0001
DEL02457,Tiya Thaker,+91 81811 37401,Male,18-02-2023,Full-Time,Bike,LOC0081
DEL02458,Lakshay Brahmbhatt,+91 70244 46163,Male,29-12-2023,Contract,EV Bike,LOC0038
DEL02459,Navya Bora,+91 94702 24785,Male,16-09-2025,Full-Time,Van,LOC0040
DEL02460,Nirvi Dash,+91 81365 35527,Female,31-07-2024,Full-Time,Scooter,LOC0091
DEL02461,Aayush Talwar,+91 60500 89834,Male,10-11-2024,Contract,EV Bike,LOC0078
DEL02462,Renee Sani,+91 79861 79821,Male,12-01-2022,Full-Time,Bike,LOC0071
DEL02463,Rania Bera,+91 97620 12932,Male,13-09-2022,Full-Time,Scooter,LOC0103
DEL02464,Jiya Malhotra,+91 85491 41386,Male,15-10-2023,Full-Time,EV Bike,LOC0026
DEL02465,Tarini Dasgupta,+91 99583 16995,Female,31-01-2023,Full-Time,Van,LOC0081
DEL02466,Jayant Dasgupta,+91 88283 55047,Female,16-08-2023,Full-Time,Bike,LOC0041
DEL02467,Mahika Suri,+91 69929 15821,Female,22-04-2024,Contract,Van,LOC0073
DEL02468,Damini Behl,+91 77329 21331,Female,28-06-2023,Contract,EV Bike,LOC0015
DEL02469,Ishaan Venkatesh,+91 76973 43563,Male,03-12-2022,Contract,Van,LOC0040
DEL02470,Faiyaz Rana,+91 70723 48916,Female,11-05-2021,Contract,EV Bike,LOC0079
DEL02471,Renee Krish,+91 64388 62826,Female,07-09-2023,Full-Time,Van,LOC0065
DEL02472,Samarth Krishnan,+91 69309 68392,Male,13-08-2025,Full-Time,Scooter,LOC0023
DEL02473,Biju Sant,+91 66822 21297,Female,08-07-2021,Contract,EV Bike,LOC0040
DEL02474,Parinaaz Balan,+91 71363 47658,Female,30-01-2025,Full-Time,Scooter,LOC0053
DEL02475,Shray Ranganathan,+91 96366 61253,Male,30-09-2024,Full-Time,Bike,LOC0058
DEL02476,Alia Karan,+91 79067 67843,Female,03-10-2021,Full-Time,Scooter,LOC0045
DEL02477,Samar Dhar,+91 76794 12863,Male,25-02-2023,Contract,Scooter,LOC0060
DEL02478,Pranay Gopal,+91 61665 14602,Female,07-05-2023,Contract,Scooter,LOC0097
DEL02479,Manjari Kar,+91 97684 74848,Female,13-02-2022,Contract,Scooter,LOC0081
DEL02480,Shanaya Grover,+91 65211 65042,Female,05-03-2026,Contract,Scooter,LOC0102
DEL02481,Indrajit Rajagopalan,+91 99443 17279,Female,14-07-2023,Contract,EV Bike,LOC0076
DEL02482,Saksham Chaudhary,+91 64879 37534,Female,24-05-2021,Full-Time,Van,LOC0113
DEL02483,Badal Chowdhury,+91 82640 20321,Female,08-11-2023,Contract,Scooter,LOC0057
DEL02484,Nitara Krishna,+91 81923 08747,Male,12-07-2021,Full-Time,Van,LOC0080
DEL02485,Nakul Kaul,+91 90167 58268,Male,17-09-2021,Contract,EV Bike,LOC0043
DEL02486,Emir Bala,+91 72666 72926,Male,08-04-2021,Full-Time,EV Bike,LOC0018
DEL02487,Mannat Sachdev,+91 93036 81474,Female,07-01-2026,Full-Time,Scooter,LOC0045
DEL02488,Romil Jhaveri,+91 94992 84737,Male,15-06-2021,Contract,Scooter,LOC0103
DEL02489,Tarini Vora,+91 81274 19606,Female,22-11-2024,Contract,Bike,LOC0023
DEL02490,Hrishita Divan,+91 92942 66567,Female,10-01-2023,Contract,EV Bike,LOC0059
DEL02491,Onkar Kakar,+91 89131 25060,Male,22-01-2022,Full-Time,Scooter,LOC0035
DEL02492,Adah Samra,+91 78176 61218,Female,29-06-2022,Full-Time,Bike,LOC0038
DEL02493,Raunak Seshadri,+91 92961 71141,Female,27-06-2024,Full-Time,Bike,LOC0055
DEL02494,Ranbir Uppal,+91 81592 15963,Male,20-05-2023,Full-Time,Bike,LOC0025
DEL02495,Charvi Kakar,+91 62279 79968,Female,12-02-2025,Contract,Scooter,LOC0040
DEL02496,Mahika Bhagat,+91 73304 51885,Female,14-08-2025,Contract,Scooter,LOC0054
DEL02497,Vritika Chawla,+91 85701 02537,Male,21-08-2021,Full-Time,Bike,LOC0065
DEL02498,Keya Hegde,+91 68899 87900,Female,12-07-2021,Contract,EV Bike,LOC0104
DEL02499,Aarna Sampath,+91 83145 87391,Male,30-08-2022,Contract,Scooter,LOC0102
DEL02500,Kartik Chanda,+91 81872 19215,Female,29-08-2025,Full-Time,Bike,LOC0102
DEL02501,Umang Tailor,+91 98101 59785,Male,28-04-2025,Full-Time,Scooter,LOC0019
DEL02502,Arnav Madan,+91 86928 12118,Female,21-09-2021,Contract,EV Bike,LOC0045
DEL02503,Manikya Raju,+91 71730 19186,Female,19-04-2022,Full-Time,Bike,LOC0061
DEL02504,Onkar Sandal,+91 67946 35131,Female,13-11-2021,Contract,Bike,LOC0058
DEL02505,Shaan Behl,+91 92205 82929,Male,07-02-2025,Contract,Scooter,LOC0034
DEL02506,Abram Sant,+91 95628 53640,Male,18-12-2024,Contract,Van,LOC0039
DEL02507,Nayantara Sodhi,+91 77799 58104,Female,17-07-2024,Full-Time,Bike,LOC0109
DEL02508,Himmat Ganesan,+91 78692 11367,Male,04-02-2023,Full-Time,Van,LOC0029
DEL02509,Baiju Sur,+91 93374 72099,Female,20-09-2021,Full-Time,EV Bike,LOC0058
DEL02510,Amani Sachar,+91 69181 54119,Male,01-04-2026,Full-Time,EV Bike,LOC0023
DEL02511,Neelofar Bhasin,+91 89137 59565,Female,15-08-2022,Full-Time,EV Bike,LOC0059
DEL02512,Tejas Varghese,+91 77385 72350,Female,08-12-2024,Contract,Bike,LOC0069
DEL02513,Emir Swaminathan,+91 68967 55832,Female,10-05-2023,Full-Time,Van,LOC0014
DEL02514,Yashvi Dutta,+91 84416 26262,Male,15-03-2023,Full-Time,EV Bike,LOC0026
DEL02515,Aarush Bhatia,+91 65923 99508,Female,24-08-2025,Contract,Bike,LOC0060
DEL02516,Navya Vig,+91 87216 21342,Male,10-02-2023,Full-Time,EV Bike,LOC0112
DEL02517,Rohan Sarma,+91 87222 69745,Female,21-09-2024,Full-Time,EV Bike,LOC0107
DEL02518,Eva Kakar,+91 95563 49765,Male,29-07-2021,Full-Time,Bike,LOC0108
DEL02519,Elakshi Bora,+91 77491 66854,Male,15-08-2023,Full-Time,EV Bike,LOC0086
DEL02520,Zain Mandal,+91 87213 25847,Male,19-11-2022,Contract,Scooter,LOC0005
DEL02521,Keya Lad,+91 64814 11908,Female,17-11-2022,Contract,Scooter,LOC0055
DEL02522,Reyansh Mani,+91 95843 40620,Female,30-03-2023,Contract,Van,LOC0070
DEL02523,Dhruv Behl,+91 82517 18911,Male,12-01-2024,Full-Time,EV Bike,LOC0104
DEL02524,Tushar Dubey,+91 70946 24636,Female,28-03-2023,Full-Time,Scooter,LOC0068
DEL02525,Ishaan Sathe,+91 63346 63263,Male,17-10-2021,Contract,Bike,LOC0098
DEL02526,Rohan Khosla,+91 97234 90287,Female,26-09-2023,Full-Time,Bike,LOC0019
DEL02527,Vihaan Reddy,+91 67006 78882,Male,12-08-2021,Contract,Van,LOC0098
DEL02528,Piya Tandon,+91 83688 21537,Female,21-08-2021,Full-Time,Van,LOC0016
DEL02529,Misha Kulkarni,+91 87529 19004,Female,18-02-2025,Contract,EV Bike,LOC0037
DEL02530,Anvi Vala,+91 96363 50577,Male,19-01-2023,Contract,EV Bike,LOC0073
DEL02531,Ojas Bhatnagar,+91 62911 48215,Male,20-07-2023,Full-Time,Scooter,LOC0109
DEL02532,Baiju Jani,+91 85098 06979,Female,01-03-2025,Full-Time,EV Bike,LOC0031
DEL02533,Samarth Sood,+91 65028 18700,Female,22-04-2022,Contract,Scooter,LOC0089
DEL02534,Keya Barad,+91 73604 69016,Male,01-03-2025,Contract,Van,LOC0037
DEL02535,Ira Balay,+91 72060 31952,Male,02-07-2023,Full-Time,EV Bike,LOC0008
DEL02536,Miraan Ghosh,+91 76199 66272,Male,14-06-2023,Full-Time,Bike,LOC0003
DEL02537,Ayesha Mani,+91 92734 88222,Female,17-12-2021,Contract,Scooter,LOC0072
DEL02538,Ivan Deshpande,+91 93629 61224,Female,31-03-2024,Full-Time,Van,LOC0006
DEL02539,Kaira Badal,+91 82855 22649,Female,22-08-2025,Contract,EV Bike,LOC0049
DEL02540,Ehsaan Sibal,+91 90707 98947,Female,17-06-2022,Contract,Scooter,LOC0033
DEL02541,Jayant Butala,+91 99038 08801,Female,03-12-2021,Full-Time,Bike,LOC0009
DEL02542,Vedika Manne,+91 65944 13083,Male,01-12-2024,Full-Time,EV Bike,LOC0085
DEL02543,Jiya Contractor,+91 61975 00559,Female,06-02-2023,Contract,Van,LOC0002
DEL02544,Jiya Chopra,+91 95856 82410,Female,29-05-2024,Contract,Van,LOC0031
DEL02545,Ishaan Master,+91 63518 00263,Male,19-11-2022,Full-Time,EV Bike,LOC0091
DEL02546,Jayan Khare,+91 71817 69164,Female,06-11-2023,Contract,Scooter,LOC0025
DEL02547,Nirvi Bhakta,+91 62010 34417,Male,15-01-2026,Contract,Bike,LOC0112
DEL02548,Jivin Sekhon,+91 86593 40031,Male,23-04-2021,Contract,Bike,LOC0032
DEL02549,Jivin Guha,+91 66074 29705,Female,16-03-2024,Full-Time,EV Bike,LOC0009
DEL02550,Yashvi Kurian,+91 88508 82724,Male,03-12-2025,Contract,Van,LOC0091
DEL02551,Drishya Solanki,+91 88254 59630,Male,03-03-2024,Contract,Bike,LOC0094
DEL02552,Sana Dhaliwal,+91 86984 98485,Female,12-07-2021,Contract,EV Bike,LOC0022
DEL02553,Vritika Char,+91 63637 22247,Female,12-06-2024,Full-Time,Scooter,LOC0072
DEL02554,Kabir Shah,+91 69983 96487,Female,13-12-2024,Full-Time,Scooter,LOC0113
DEL02555,Vardaniya Gera,+91 93407 80789,Male,03-11-2023,Full-Time,Van,LOC0075
DEL02556,Prerak Gulati,+91 68946 08862,Male,07-07-2024,Contract,Scooter,LOC0080
DEL02557,Dhanuk Raj,+91 95102 47043,Male,25-04-2021,Contract,Van,LOC0076
DEL02558,Jhanvi Brahmbhatt,+91 99552 81086,Female,04-10-2025,Full-Time,Van,LOC0044
DEL02559,Renee Verma,+91 84938 36692,Female,28-10-2022,Full-Time,Scooter,LOC0108
DEL02560,Zoya Master,+91 60567 93805,Female,12-07-2021,Full-Time,Scooter,LOC0031
DEL02561,Tara Dhingra,+91 65762 76178,Female,21-03-2022,Full-Time,Bike,LOC0078
DEL02562,Uthkarsh Kade,+91 72233 64402,Male,06-06-2022,Full-Time,Scooter,LOC0053
DEL02563,Krish Kant,+91 74667 26856,Male,31-01-2025,Contract,Bike,LOC0018
DEL02564,Dishani Lala,+91 77506 68625,Male,10-01-2022,Contract,Scooter,LOC0028
DEL02565,Anaya Bhat,+91 63049 25547,Male,31-10-2021,Contract,Van,LOC0024
DEL02566,Ayesha Bahl,+91 95632 76267,Male,21-06-2024,Contract,Scooter,LOC0100
DEL02567,Oorja Bandi,+91 69877 63662,Female,21-11-2022,Contract,EV Bike,LOC0090
DEL02568,Farhan Bassi,+91 76834 14926,Female,22-12-2022,Full-Time,EV Bike,LOC0045
DEL02569,Reyansh Reddy,+91 91377 11397,Male,08-06-2021,Contract,Bike,LOC0083
DEL02570,Priyansh Sarin,+91 69030 47227,Male,21-09-2023,Contract,Van,LOC0037
DEL02571,Nishith Dash,+91 83370 47938,Female,17-08-2024,Contract,Bike,LOC0072
DEL02572,Anika Rattan,+91 71095 24134,Male,17-08-2024,Full-Time,Scooter,LOC0052
DEL02573,Dhanuk Bala,+91 94098 42738,Male,30-12-2024,Full-Time,EV Bike,LOC0078
DEL02574,Rasha Sampath,+91 60009 13386,Male,15-05-2025,Contract,Scooter,LOC0026
DEL02575,Kiara Kala,+91 90400 92261,Male,18-09-2021,Full-Time,Scooter,LOC0021
DEL02576,Navya Jha,+91 64407 86287,Female,12-10-2022,Contract,EV Bike,LOC0057
DEL02577,Madhup Dara,+91 88197 50766,Female,29-09-2024,Full-Time,Bike,LOC0091
DEL02578,Samar Khatri,+91 86129 27136,Male,01-10-2023,Full-Time,Scooter,LOC0101
DEL02579,Sahil Mani,+91 63359 85731,Male,29-09-2022,Contract,Bike,LOC0022
DEL02580,Tushar Rao,+91 90650 73063,Female,07-02-2026,Contract,EV Bike,LOC0017
DEL02581,Shayak Behl,+91 95733 20301,Male,21-10-2023,Contract,Bike,LOC0004
DEL02582,Aniruddh Chandran,+91 64036 79360,Female,17-07-2023,Contract,Bike,LOC0090
DEL02583,Anika Chanda,+91 75135 61787,Male,16-11-2023,Contract,Scooter,LOC0034
DEL02584,Indrajit Kunda,+91 81434 38782,Female,12-10-2022,Contract,EV Bike,LOC0022
DEL02585,Bhamini Setty,+91 69017 11249,Male,25-12-2022,Contract,EV Bike,LOC0062
DEL02586,Gokul Iyengar,+91 62941 47711,Male,03-06-2022,Full-Time,Scooter,LOC0099
DEL02587,Shray Bal,+91 67369 73799,Female,07-09-2021,Contract,EV Bike,LOC0113
DEL02588,Mehul Cheema,+91 95099 04604,Male,22-07-2025,Contract,Bike,LOC0092
DEL02589,Jayesh Baria,+91 91437 77402,Female,26-01-2025,Full-Time,Van,LOC0030
DEL02590,Tarini Solanki,+91 85536 60154,Male,19-10-2023,Contract,Bike,LOC0044
DEL02591,Eva Sharaf,+91 88616 46367,Female,31-05-2024,Full-Time,Van,LOC0081
DEL02592,Samaira Mand,+91 96087 17028,Male,06-12-2022,Full-Time,EV Bike,LOC0076
DEL02593,Adah Chatterjee,+91 87021 82809,Male,19-12-2023,Contract,Bike,LOC0016
DEL02594,Oorja Krish,+91 99746 77981,Female,04-01-2022,Contract,Scooter,LOC0019
DEL02595,Raunak Devi,+91 82559 12717,Male,28-02-2025,Full-Time,Bike,LOC0039
DEL02596,Vihaan Walia,+91 71719 09096,Male,11-01-2026,Contract,Bike,LOC0009
DEL02597,Aradhya Sundaram,+91 94156 52923,Female,26-09-2022,Contract,EV Bike,LOC0104
DEL02598,Samiha Subramaniam,+91 69783 08535,Female,13-07-2021,Full-Time,Scooter,LOC0071
DEL02599,Romil Lata,+91 62528 06767,Male,17-02-2024,Full-Time,Scooter,LOC0031
DEL02600,Divij Lal,+91 66932 23369,Male,04-06-2025,Contract,Bike,LOC0079
DEL02601,Anya Boase,+91 95103 38159,Male,19-02-2025,Contract,Bike,LOC0033
DEL02602,Farhan Sastry,+91 96610 79838,Female,24-02-2026,Contract,EV Bike,LOC0003
DEL02603,Zaina Sule,+91 73135 86603,Female,28-02-2024,Contract,EV Bike,LOC0103
DEL02604,Pihu Walia,+91 79396 73321,Female,09-04-2022,Contract,Van,LOC0023
DEL02605,Lagan Rama,+91 62734 35802,Male,21-10-2024,Full-Time,Bike,LOC0098
DEL02606,Badal Mander,+91 71792 79884,Female,07-01-2022,Full-Time,Scooter,LOC0110
DEL02607,Amira Bawa,+91 87513 05378,Female,08-06-2024,Full-Time,EV Bike,LOC0019
DEL02608,Hunar Sem,+91 64887 75687,Female,10-06-2025,Contract,Bike,LOC0087
DEL02609,Anay Sekhon,+91 78667 74479,Male,30-01-2026,Full-Time,Bike,LOC0067
DEL02610,Renee Ranganathan,+91 77908 52590,Male,29-04-2022,Contract,EV Bike,LOC0104
DEL02611,Hrishita Choudhary,+91 60903 68582,Male,01-04-2025,Full-Time,Scooter,LOC0047
DEL02612,Emir Kulkarni,+91 66744 92160,Male,21-11-2024,Full-Time,EV Bike,LOC0079
DEL02613,Aniruddh Taneja,+91 80642 58951,Male,26-06-2025,Contract,Van,LOC0074
DEL02614,Tiya Badal,+91 85791 09046,Male,29-03-2022,Full-Time,Van,LOC0074
DEL02615,Shamik Sinha,+91 63613 04769,Male,06-05-2023,Full-Time,Bike,LOC0052
DEL02616,Adira Sarin,+91 88898 17059,Male,10-09-2023,Full-Time,EV Bike,LOC0076
DEL02617,Hiran Mander,+91 79832 89476,Female,19-06-2022,Full-Time,EV Bike,LOC0040
DEL02618,Kismat Mammen,+91 71336 07100,Male,28-01-2025,Contract,EV Bike,LOC0053
DEL02619,Gokul Bumb,+91 73605 48761,Male,21-01-2026,Contract,Bike,LOC0022
DEL02620,Urvi Atwal,+91 72961 23459,Male,18-12-2024,Contract,Van,LOC0076
DEL02621,Aarav Chaudry,+91 72625 94171,Male,03-02-2024,Full-Time,Van,LOC0025
DEL02622,Heer Ravi,+91 86156 63956,Female,18-05-2021,Full-Time,Scooter,LOC0001
DEL02623,Piya Aggarwal,+91 81696 52056,Male,19-01-2026,Contract,EV Bike,LOC0094
DEL02624,Ivana Sridhar,+91 61794 19667,Female,31-10-2025,Full-Time,Van,LOC0043
DEL02625,Adah Kara,+91 88134 79332,Female,14-04-2021,Full-Time,Van,LOC0039
DEL02626,Bhamini Seshadri,+91 64733 56430,Female,29-04-2021,Contract,Van,LOC0001
DEL02627,Kanav Krish,+91 88768 30843,Female,26-09-2022,Contract,Bike,LOC0110
DEL02628,Anya Dube,+91 68974 21186,Male,02-02-2023,Full-Time,Bike,LOC0043
DEL02629,Dhanush Randhawa,+91 85984 29468,Female,22-05-2024,Full-Time,Scooter,LOC0027
DEL02630,Rhea Sethi,+91 66992 60944,Male,12-07-2022,Contract,Bike,LOC0008
DEL02631,Kismat Doshi,+91 84578 69313,Male,22-05-2022,Full-Time,Van,LOC0110
DEL02632,Nirvaan Barad,+91 81028 55290,Female,30-01-2024,Full-Time,Bike,LOC0015
DEL02633,Heer Mani,+91 86761 99673,Female,04-02-2025,Full-Time,Scooter,LOC0060
DEL02634,Aaina Konda,+91 97401 68081,Female,29-10-2023,Full-Time,Bike,LOC0053
DEL02635,Samarth Grover,+91 78578 64244,Female,24-04-2023,Contract,Scooter,LOC0057
DEL02636,Misha Bains,+91 98225 73471,Female,03-05-2023,Full-Time,Bike,LOC0001
DEL02637,Yuvraj  Devi,+91 71024 73717,Female,01-11-2025,Contract,Scooter,LOC0001
DEL02638,Indrans Krishnan,+91 87970 30334,Female,05-09-2025,Contract,Van,LOC0095
DEL02639,Emir Gour,+91 61214 05958,Female,21-08-2024,Contract,Scooter,LOC0075
DEL02640,Anahi Bail,+91 68386 96786,Male,08-08-2022,Contract,Scooter,LOC0044
DEL02641,Miraya Swamy,+91 96654 31204,Male,15-04-2023,Contract,Scooter,LOC0039
DEL02642,Prisha Banerjee,+91 83969 82520,Male,23-08-2025,Full-Time,EV Bike,LOC0104
DEL02643,Prerak Lall,+91 75085 10687,Female,01-01-2025,Contract,Bike,LOC0066
DEL02644,Kavya Datta,+91 90247 04359,Female,08-06-2024,Contract,Bike,LOC0058
DEL02645,Renee Hayre,+91 83278 32452,Female,21-01-2022,Contract,Bike,LOC0063
DEL02646,Eva Srinivasan,+91 90404 03660,Male,28-09-2021,Contract,Scooter,LOC0018
DEL02647,Yashvi Deshpande,+91 75003 10579,Male,20-12-2023,Contract,EV Bike,LOC0102
DEL02648,Purab Sastry,+91 67901 89768,Male,21-08-2024,Contract,Scooter,LOC0006
DEL02649,Amani Dyal,+91 64390 46997,Male,15-04-2023,Contract,Bike,LOC0081
DEL02650,Purab Wadhwa,+91 92905 63622,Female,14-10-2024,Contract,EV Bike,LOC0080
DEL02651,Ryan Deol,+91 68502 40661,Male,26-10-2025,Contract,Van,LOC0053
DEL02652,Hridaan Bandi,+91 89525 49663,Female,28-11-2023,Contract,Scooter,LOC0010
DEL02653,Adira Doshi,+91 91546 61856,Male,06-04-2024,Full-Time,Van,LOC0018
DEL02654,Mamooty Das,+91 65369 67496,Female,13-07-2021,Contract,Bike,LOC0032
DEL02655,Tara Sankaran,+91 69792 10413,Male,30-10-2021,Contract,Scooter,LOC0108
DEL02656,Hrishita Swaminathan,+91 73275 29832,Female,31-07-2024,Full-Time,Van,LOC0102
DEL02657,Divit Kibe,+91 69699 78011,Male,19-08-2024,Full-Time,Scooter,LOC0068
DEL02658,Miraya Sagar,+91 81170 27064,Female,25-05-2023,Full-Time,EV Bike,LOC0078
DEL02659,Anaya Jhaveri,+91 78092 55366,Female,05-09-2022,Contract,Van,LOC0104
DEL02660,Samiha Kamdar,+91 90920 16650,Female,07-05-2022,Full-Time,Bike,LOC0048
DEL02661,Mannat Sarin,+91 68162 06504,Female,17-01-2022,Contract,Scooter,LOC0101
DEL02662,Tarini Kara,+91 96061 39755,Male,28-12-2023,Contract,Bike,LOC0082
DEL02663,Vivaan Krish,+91 73832 95486,Female,24-08-2021,Full-Time,EV Bike,LOC0063
DEL02664,Azad Chad,+91 94263 61347,Female,01-06-2022,Contract,EV Bike,LOC0047
DEL02665,Miraya Dara,+91 75377 10044,Male,15-02-2024,Full-Time,Van,LOC0102
DEL02666,Zeeshan Das,+91 90996 31261,Female,29-02-2024,Contract,Bike,LOC0082
DEL02667,Nakul Khatri,+91 89252 92657,Male,13-11-2024,Contract,EV Bike,LOC0028
DEL02668,Myra Dubey,+91 92011 13843,Male,11-04-2024,Full-Time,Bike,LOC0109
DEL02669,Indrans Hayre,+91 69924 11403,Female,12-06-2024,Contract,EV Bike,LOC0044
DEL02670,Stuvan Talwar,+91 84158 48355,Male,28-07-2021,Full-Time,Scooter,LOC0026
DEL02671,Nehmat Dani,+91 86470 18591,Male,31-07-2022,Full-Time,Van,LOC0081
DEL02672,Madhup Tella,+91 81160 54733,Female,01-03-2025,Full-Time,Van,LOC0010
DEL02673,Zaina Kapoor,+91 80394 17860,Male,08-04-2024,Contract,Scooter,LOC0039
DEL02674,Jivin Sant,+91 76972 87059,Male,27-05-2025,Full-Time,Scooter,LOC0097
DEL02675,Rasha Loyal,+91 79554 99824,Male,21-11-2021,Contract,Van,LOC0097
DEL02676,Chirag Shroff,+91 75005 90263,Male,08-07-2025,Full-Time,Van,LOC0038
DEL02677,Shray Srivastava,+91 70187 31798,Female,25-03-2026,Full-Time,EV Bike,LOC0113
DEL02678,Manjari Thaman,+91 93491 11310,Female,19-10-2022,Contract,Bike,LOC0037
DEL02679,Zoya Bhat,+91 84550 40074,Male,24-07-2021,Contract,Bike,LOC0099
DEL02680,Rohan Bumb,+91 77572 17814,Female,18-10-2023,Full-Time,Van,LOC0031
DEL02681,Samiha Anand,+91 70739 43034,Female,10-02-2026,Contract,Scooter,LOC0051
DEL02682,Akarsh Shanker,+91 64418 81953,Male,20-05-2022,Contract,EV Bike,LOC0050
DEL02683,Aarav Saran,+91 79165 53745,Female,30-11-2023,Full-Time,Scooter,LOC0046
DEL02684,Mehul Khare,+91 80199 12026,Female,14-02-2024,Contract,Scooter,LOC0023
DEL02685,Madhup Suresh,+91 66212 45956,Female,04-04-2024,Full-Time,Bike,LOC0111
DEL02686,Aarna De,+91 84149 67818,Male,29-11-2021,Full-Time,Bike,LOC0061
DEL02687,Yashvi Dube,+91 72808 72758,Female,15-07-2024,Contract,Van,LOC0022
DEL02688,Vardaniya Bhattacharyya,+91 85174 94888,Male,30-08-2022,Contract,Bike,LOC0072
DEL02689,Renee Dubey,+91 80727 91294,Female,12-04-2025,Contract,Scooter,LOC0078
DEL02690,Lavanya Sibal,+91 74749 30541,Male,29-08-2022,Contract,Van,LOC0083
DEL02691,Shaan Gade,+91 90800 60392,Male,17-06-2024,Contract,Van,LOC0025
DEL02692,Siya Mahajan,+91 74789 79595,Female,24-08-2023,Full-Time,EV Bike,LOC0044
DEL02693,Myra Tailor,+91 75677 14239,Male,25-01-2025,Full-Time,Bike,LOC0061
DEL02694,Adira Bhagat,+91 74225 86702,Male,05-12-2023,Full-Time,EV Bike,LOC0002
DEL02695,Kiara Gokhale,+91 65013 36477,Male,30-06-2024,Contract,EV Bike,LOC0045
DEL02696,Saanvi Kapadia,+91 71907 16937,Female,01-11-2024,Contract,Bike,LOC0003
DEL02697,Anvi Chatterjee,+91 94362 52212,Female,20-10-2024,Full-Time,Bike,LOC0030
DEL02698,Zoya Tata,+91 68851 72179,Male,29-04-2021,Full-Time,Scooter,LOC0059
DEL02699,Tiya Acharya,+91 66568 81492,Female,08-01-2022,Full-Time,Van,LOC0090
DEL02700,Advika Acharya,+91 62860 64169,Male,16-07-2022,Full-Time,Van,LOC0007
DEL02701,Nitara Kashyap,+91 96446 45597,Female,26-05-2021,Full-Time,Bike,LOC0070
DEL02702,Anahi Chadha,+91 93211 25959,Female,04-05-2022,Contract,EV Bike,LOC0107
DEL02703,Akarsh Swamy,+91 88213 85920,Female,26-05-2025,Full-Time,EV Bike,LOC0094
DEL02704,Siya Iyengar,+91 89547 50253,Female,25-04-2022,Full-Time,Scooter,LOC0028
DEL02705,Fateh Saha,+91 85266 62680,Female,18-09-2024,Contract,EV Bike,LOC0001
DEL02706,Umang Ranganathan,+91 65260 06011,Male,26-08-2024,Full-Time,Van,LOC0052
DEL02707,Dishani Barad,+91 63857 75687,Male,11-11-2024,Full-Time,EV Bike,LOC0063
DEL02708,Vedika Chaudry,+91 89765 60095,Male,10-04-2025,Full-Time,Bike,LOC0079
DEL02709,Devansh Soman,+91 94188 80915,Male,07-01-2024,Contract,Scooter,LOC0027
DEL02710,Tiya Kurian,+91 87243 56733,Male,07-08-2023,Contract,Van,LOC0010
DEL02711,Ivana Ganesh,+91 90946 20372,Male,23-01-2024,Contract,Scooter,LOC0073
DEL02712,Aaina Grover,+91 70492 18651,Female,18-09-2024,Full-Time,EV Bike,LOC0089
DEL02713,Diya Kohli,+91 93480 31751,Male,07-11-2022,Full-Time,EV Bike,LOC0088
DEL02714,Armaan Maharaj,+91 96905 54650,Female,24-12-2022,Full-Time,Bike,LOC0078
DEL02715,Rati Sehgal,+91 95444 86867,Female,18-07-2025,Contract,EV Bike,LOC0112
DEL02716,Trisha Ben,+91 68236 43947,Male,05-05-2021,Contract,Van,LOC0050
DEL02717,Tarini Saini,+91 91428 40165,Female,28-08-2021,Full-Time,Van,LOC0034
DEL02718,Aaryahi Dua,+91 78122 46718,Male,07-01-2022,Contract,Scooter,LOC0107
DEL02719,Biju Keer,+91 67750 32745,Female,06-09-2025,Full-Time,Scooter,LOC0012
DEL02720,Aarav Sarkar,+91 75708 25849,Male,26-03-2026,Contract,Bike,LOC0011
DEL02721,Anahi Ahluwalia,+91 60531 98804,Male,02-01-2023,Contract,Scooter,LOC0045
DEL02722,Parinaaz Sarna,+91 67832 46419,Male,28-08-2024,Contract,Bike,LOC0020
DEL02723,Myra Sibal,+91 74136 32477,Male,09-08-2024,Full-Time,Bike,LOC0078
DEL02724,Kanav Grover,+91 84645 06394,Female,10-11-2023,Contract,Van,LOC0013
DEL02725,Anahita Dugar,+91 85170 27373,Male,29-06-2021,Contract,EV Bike,LOC0069
DEL02726,Miraan Chaudhuri,+91 60928 62818,Male,07-11-2022,Contract,Bike,LOC0109
DEL02727,Onkar Wali,+91 79361 23375,Female,06-12-2024,Contract,Van,LOC0003
DEL02728,Nirvi Swamy,+91 68477 40680,Male,28-07-2023,Full-Time,EV Bike,LOC0003
DEL02729,Kanav Chanda,+91 76755 40390,Male,29-12-2021,Contract,Scooter,LOC0093
DEL02730,Saanvi Vohra,+91 81009 93397,Female,13-07-2023,Contract,Scooter,LOC0087
DEL02731,Azad Verma,+91 93089 38738,Male,02-02-2024,Full-Time,EV Bike,LOC0062
DEL02732,Manjari Khurana,+91 87624 66913,Female,29-06-2023,Full-Time,Bike,LOC0048
DEL02733,Tejas Sama,+91 70647 62013,Female,24-09-2024,Contract,Van,LOC0090
DEL02734,Hiran Rana,+91 89161 10837,Male,02-09-2025,Full-Time,Scooter,LOC0058
DEL02735,Emir Sha,+91 73414 84657,Male,31-01-2023,Full-Time,EV Bike,LOC0049
DEL02736,Advik Varghese,+91 92448 62512,Female,19-09-2024,Contract,EV Bike,LOC0063
DEL02737,Sana Contractor,+91 67878 19915,Male,18-06-2023,Contract,Van,LOC0095
DEL02738,Vaibhav Dora,+91 82038 06354,Male,10-01-2023,Contract,Van,LOC0010
DEL02739,Jivin Dar,+91 67070 24119,Male,19-12-2024,Full-Time,Van,LOC0051
DEL02740,Jivika Ram,+91 64314 36421,Male,28-09-2025,Contract,Scooter,LOC0017
DEL02741,Nishith Ram,+91 89202 45238,Female,06-02-2025,Full-Time,Van,LOC0004
DEL02742,Anahi Dash,+91 99120 60634,Male,27-07-2024,Full-Time,Scooter,LOC0104
DEL02743,Rohan Kanda,+91 70879 98239,Female,03-08-2023,Full-Time,Scooter,LOC0052
DEL02744,Advika Randhawa,+91 96667 11747,Female,31-01-2024,Full-Time,EV Bike,LOC0105
DEL02745,Ela Iyengar,+91 65106 63214,Female,01-12-2023,Contract,Bike,LOC0088
DEL02746,Anaya Lanka,+91 67617 82855,Female,20-04-2021,Full-Time,Van,LOC0015
DEL02747,Manjari Ramanathan,+91 88112 59976,Female,24-07-2022,Full-Time,Bike,LOC0094
DEL02748,Arnav Dhar,+91 94822 22404,Female,20-12-2025,Full-Time,Scooter,LOC0070
DEL02749,Ela Keer,+91 63662 47082,Female,01-04-2021,Full-Time,Scooter,LOC0073
DEL02750,Piya Sur,+91 82118 16369,Male,05-02-2025,Full-Time,Scooter,LOC0032
DEL02751,Romil Seth,+91 82037 98290,Male,01-04-2025,Contract,Bike,LOC0046
DEL02752,Lagan Kaur,+91 62155 71457,Male,20-09-2022,Full-Time,Van,LOC0105
DEL02753,Ahana  Devan,+91 66533 81552,Female,25-06-2025,Full-Time,Van,LOC0043
DEL02754,Baiju Seshadri,+91 83493 72049,Female,13-02-2026,Contract,Van,LOC0080
DEL02755,Anvi Uppal,+91 60187 97138,Male,29-12-2024,Contract,Scooter,LOC0024
DEL02756,Alia Chowdhury,+91 98547 79920,Female,15-04-2021,Contract,Van,LOC0090
DEL02757,Seher Date,+91 61674 84569,Male,25-08-2022,Full-Time,Bike,LOC0042
DEL02758,Pihu Sandhu,+91 93550 99909,Male,25-11-2024,Full-Time,EV Bike,LOC0020
DEL02759,Damini Gola,+91 89800 09026,Female,09-09-2024,Full-Time,Scooter,LOC0003
DEL02760,Madhav Dora,+91 90377 52014,Male,07-06-2021,Contract,Van,LOC0069
DEL02761,Vanya Bansal,+91 61317 31850,Male,28-07-2021,Full-Time,Bike,LOC0092
DEL02762,Kanav Chada,+91 69543 76778,Female,09-11-2022,Contract,Bike,LOC0037
DEL02763,Indrajit Venkataraman,+91 90755 72069,Male,01-03-2022,Contract,Scooter,LOC0062
DEL02764,Anika Tailor,+91 67707 92557,Male,18-11-2024,Contract,Scooter,LOC0092
DEL02765,Kimaya Boase,+91 88635 11731,Male,13-08-2023,Full-Time,Scooter,LOC0074
DEL02766,Damini Bava,+91 94707 48909,Male,01-11-2024,Contract,EV Bike,LOC0049
DEL02767,Rati Bhasin,+91 92888 85234,Male,12-03-2024,Full-Time,Van,LOC0035
DEL02768,Urvi Toor,+91 81257 30543,Female,23-01-2022,Full-Time,Bike,LOC0096
DEL02769,Zeeshan Dada,+91 95521 66379,Female,25-07-2023,Full-Time,EV Bike,LOC0037
DEL02770,Pihu Tripathi,+91 91587 92132,Male,10-01-2024,Contract,EV Bike,LOC0016
DEL02771,Hiran Gara,+91 88769 25928,Male,24-08-2021,Contract,EV Bike,LOC0077
DEL02772,Samarth Boase,+91 74468 68784,Male,01-04-2021,Full-Time,Van,LOC0040
DEL02773,Devansh Dada,+91 81075 26409,Female,02-12-2025,Contract,Van,LOC0096
DEL02774,Indranil Kaul,+91 83519 65479,Female,04-08-2021,Full-Time,Scooter,LOC0053
DEL02775,Manjari Kumer,+91 61551 08668,Female,05-02-2026,Full-Time,Scooter,LOC0056
DEL02776,Kaira Chhabra,+91 98440 71747,Male,27-06-2025,Full-Time,EV Bike,LOC0047
DEL02777,Miraya Konda,+91 76924 49452,Female,01-06-2023,Full-Time,Bike,LOC0018
DEL02778,Samiha Venkatesh,+91 80851 26069,Female,23-01-2026,Contract,Scooter,LOC0059
DEL02779,Anaya Sahni,+91 66210 88904,Female,12-12-2021,Contract,Scooter,LOC0046
DEL02780,Purab Bhandari,+91 99450 12450,Female,14-11-2022,Full-Time,Bike,LOC0049
DEL02781,Suhana Rama,+91 88830 29137,Male,05-04-2022,Contract,EV Bike,LOC0111
DEL02782,Madhav Andra,+91 99730 77816,Male,23-04-2023,Full-Time,Van,LOC0075
DEL02783,Hansh Dass,+91 98241 02747,Female,16-01-2023,Full-Time,Van,LOC0026
DEL02784,Faiyaz Sangha,+91 90931 89280,Female,20-01-2026,Full-Time,Van,LOC0072
DEL02785,Alia Tripathi,+91 60853 86683,Female,25-06-2022,Contract,Van,LOC0077
DEL02786,Eva Chanda,+91 86397 52807,Female,02-02-2022,Full-Time,Bike,LOC0112
DEL02787,Vihaan Chacko,+91 91969 06983,Female,25-02-2025,Contract,EV Bike,LOC0013
DEL02788,Anya Sharaf,+91 63987 73991,Female,28-09-2022,Contract,EV Bike,LOC0063
DEL02789,Zaina Chada,+91 97998 29118,Male,14-12-2024,Contract,Van,LOC0091
DEL02790,Zain Sarin,+91 79835 23503,Male,15-01-2026,Full-Time,EV Bike,LOC0065
DEL02791,Madhup Sarna,+91 65142 06974,Male,28-05-2022,Contract,Bike,LOC0083
DEL02792,Ritvik Dada,+91 65413 97837,Female,19-09-2023,Contract,Van,LOC0102
DEL02793,Renee Borra,+91 72789 54555,Female,05-07-2022,Full-Time,Scooter,LOC0061
DEL02794,Shayak Chad,+91 77348 91669,Male,19-02-2022,Full-Time,Van,LOC0101
DEL02795,Anika Bajaj,+91 95177 55424,Female,13-10-2022,Full-Time,Bike,LOC0021
DEL02796,Shalv Lad,+91 73944 76057,Female,01-04-2021,Full-Time,EV Bike,LOC0049
DEL02797,Mamooty Tripathi,+91 84087 43656,Male,03-12-2025,Full-Time,EV Bike,LOC0043
DEL02798,Samiha Ben,+91 67798 40213,Female,10-01-2024,Full-Time,Scooter,LOC0086
DEL02799,Sara Maharaj,+91 73146 22638,Male,02-03-2024,Full-Time,Bike,LOC0037
DEL02800,Pihu Sahni,+91 69022 38485,Male,30-12-2021,Contract,EV Bike,LOC0053
DEL02801,Hunar Grewal,+91 80388 09679,Male,22-12-2025,Full-Time,Scooter,LOC0076
DEL02802,Vardaniya Cherian,+91 61296 38435,Female,16-08-2021,Full-Time,Scooter,LOC0067
DEL02803,Krish Bedi,+91 83156 58344,Male,31-03-2022,Full-Time,Scooter,LOC0108
DEL02804,Nitya Kurian,+91 96664 91801,Female,20-06-2022,Contract,Van,LOC0061
DEL02805,Raunak Luthra,+91 81975 68917,Female,11-07-2021,Full-Time,Scooter,LOC0082
DEL02806,Khushi Srinivasan,+91 92437 96702,Male,02-04-2025,Full-Time,Bike,LOC0103
DEL02807,Hunar Rajan,+91 83649 69210,Female,11-06-2023,Full-Time,EV Bike,LOC0059
DEL02808,Darshit Sibal,+91 90793 66326,Female,11-09-2022,Full-Time,Van,LOC0082
DEL02809,Miraan Batta,+91 75780 62137,Male,04-11-2022,Contract,Scooter,LOC0009
DEL02810,Zara Gaba,+91 74266 95416,Male,15-07-2024,Contract,EV Bike,LOC0108
DEL02811,Kismat Dutta,+91 81893 40621,Male,09-09-2025,Full-Time,Van,LOC0064
DEL02812,Lavanya Dugal,+91 61710 58410,Male,26-01-2024,Contract,Scooter,LOC0100
DEL02813,Tushar Agrawal,+91 70804 49151,Female,14-06-2025,Contract,Bike,LOC0059
DEL02814,Miraya Sachdeva,+91 68768 57919,Female,21-06-2024,Full-Time,Van,LOC0096
DEL02815,Nirvi Deo,+91 86564 31678,Male,18-12-2024,Contract,EV Bike,LOC0113
DEL02816,Shaan Sandal,+91 67853 42066,Male,14-06-2022,Contract,Bike,LOC0107
DEL02817,Prerak Rama,+91 79171 17459,Male,07-05-2025,Full-Time,Scooter,LOC0015
DEL02818,Parinaaz Rao,+91 77883 58541,Female,13-11-2021,Contract,Bike,LOC0024
DEL02819,Kismat Ghose,+91 95995 99252,Female,15-05-2025,Full-Time,EV Bike,LOC0002
DEL02820,Taimur Lata,+91 87959 67014,Female,24-08-2025,Contract,EV Bike,LOC0093
DEL02821,Kimaya Saha,+91 69602 35822,Male,30-11-2025,Contract,Bike,LOC0088
DEL02822,Zoya Jain,+91 82075 34699,Male,30-09-2025,Full-Time,Bike,LOC0094
DEL02823,Riaan Salvi,+91 90381 59164,Male,21-12-2024,Full-Time,Van,LOC0100
DEL02824,Lagan Mani,+91 84491 67691,Female,10-09-2024,Contract,Van,LOC0066
DEL02825,Vardaniya Korpal,+91 95479 11725,Female,08-08-2022,Contract,Bike,LOC0101
DEL02826,Pihu Date,+91 71935 60597,Female,25-08-2025,Full-Time,Bike,LOC0028
DEL02827,Veer Chacko,+91 60536 12768,Male,17-07-2024,Full-Time,Van,LOC0031
DEL02828,Alisha Shan,+91 61138 56207,Male,20-06-2024,Contract,Bike,LOC0020
DEL02829,Dhruv Ravi,+91 79709 61325,Female,11-11-2024,Full-Time,Bike,LOC0029
DEL02830,Samarth Hayer,+91 80279 57659,Female,31-07-2025,Full-Time,Van,LOC0082
DEL02831,Drishya Wable,+91 81444 26216,Male,19-11-2025,Contract,Van,LOC0112
DEL02832,Abram Randhawa,+91 96580 01750,Male,21-03-2026,Contract,Bike,LOC0087
DEL02833,Dharmajan Shanker,+91 61321 67277,Male,22-09-2025,Contract,Scooter,LOC0060
DEL02834,Priyansh Sarna,+91 90550 98240,Female,21-04-2024,Full-Time,Scooter,LOC0058
DEL02835,Ishita Arora,+91 90088 37270,Female,21-02-2026,Full-Time,EV Bike,LOC0078
DEL02836,Elakshi Ratti,+91 69451 61656,Female,08-05-2023,Full-Time,EV Bike,LOC0053
DEL02837,Sumer Shroff,+91 84912 00299,Male,17-12-2025,Full-Time,EV Bike,LOC0082
DEL02838,Dhanuk Bose,+91 82782 35076,Female,12-11-2021,Full-Time,Scooter,LOC0109
DEL02839,Ryan Kala,+91 79468 21447,Male,27-02-2022,Contract,Bike,LOC0027
DEL02840,Charvi Deshmukh,+91 92214 39188,Female,19-01-2025,Full-Time,Van,LOC0037
DEL02841,Diya Hora,+91 64642 83372,Male,08-06-2024,Full-Time,Bike,LOC0067
DEL02842,Myra Goel,+91 85113 23028,Female,08-12-2024,Full-Time,Scooter,LOC0089
DEL02843,Krish Warrior,+91 78473 52543,Female,15-06-2025,Contract,Bike,LOC0003
DEL02844,Manjari Barad,+91 97354 92019,Female,05-04-2021,Full-Time,EV Bike,LOC0003
DEL02845,Prisha Ram,+91 97011 96279,Male,27-03-2025,Full-Time,EV Bike,LOC0079
DEL02846,Drishya Bhat,+91 78651 30540,Male,07-01-2024,Contract,EV Bike,LOC0044
DEL02847,Samarth Bhasin,+91 80685 19049,Female,04-07-2021,Full-Time,EV Bike,LOC0051
DEL02848,Kartik Sama,+91 91736 48544,Female,25-10-2025,Full-Time,Bike,LOC0073
DEL02849,Sumer Bhagat,+91 75619 59122,Female,07-06-2022,Full-Time,EV Bike,LOC0032
DEL02850,Advika Divan,+91 64198 63689,Male,17-06-2021,Contract,Scooter,LOC0081
DEL02851,Mohanlal Bala,+91 84669 76657,Female,02-06-2022,Contract,EV Bike,LOC0096
DEL02852,Riaan Bawa,+91 82996 32271,Female,16-08-2022,Full-Time,Bike,LOC0026
DEL02853,Kismat Mallick,+91 92056 06835,Female,25-03-2023,Contract,EV Bike,LOC0002
DEL02854,Kismat Master,+91 85213 69306,Male,14-08-2023,Contract,Van,LOC0032
DEL02855,Jiya Tiwari,+91 77571 46227,Male,08-07-2023,Contract,EV Bike,LOC0063
DEL02856,Mannat Bose,+91 64256 46058,Female,26-09-2021,Full-Time,Scooter,LOC0040
DEL02857,Uthkarsh Loyal,+91 82695 48781,Female,06-04-2021,Contract,Van,LOC0085
DEL02858,Aradhya Sekhon,+91 98558 18257,Female,10-10-2025,Full-Time,EV Bike,LOC0028
DEL02859,Aayush Srinivasan,+91 86718 87391,Female,04-03-2022,Contract,Van,LOC0062
DEL02860,Raunak Bhakta,+91 62788 21817,Male,14-08-2023,Contract,EV Bike,LOC0028
DEL02861,Sana Chana,+91 96775 34625,Female,25-12-2021,Contract,EV Bike,LOC0041
DEL02862,Kiaan Dara,+91 80015 11114,Male,29-06-2023,Contract,Van,LOC0066
DEL02863,Divij Raval,+91 81229 81223,Male,15-12-2025,Full-Time,Van,LOC0036
DEL02864,Shamik Suresh,+91 61146 05944,Male,04-06-2023,Full-Time,EV Bike,LOC0038
DEL02865,Dharmajan Tak,+91 93038 10069,Male,22-03-2024,Contract,Scooter,LOC0054
DEL02866,Yuvaan Devi,+91 82850 17668,Female,20-10-2025,Contract,Scooter,LOC0034
DEL02867,Ehsaan Apte,+91 61247 06574,Male,22-08-2022,Contract,EV Bike,LOC0104
DEL02868,Samiha Majumdar,+91 73717 69490,Female,14-06-2025,Contract,Bike,LOC0105
DEL02869,Zaina Datta,+91 91808 86889,Female,15-08-2022,Contract,Scooter,LOC0104
DEL02870,Mehul Agrawal,+91 91746 36678,Male,12-11-2025,Contract,EV Bike,LOC0105
DEL02871,Hazel Chatterjee,+91 85840 89075,Female,11-01-2022,Contract,Van,LOC0010
DEL02872,Shlok Dalal,+91 90727 36701,Male,11-11-2023,Full-Time,Bike,LOC0012
DEL02873,Anya Khalsa,+91 95092 22482,Female,13-09-2021,Contract,Van,LOC0002
DEL02874,Tara Gola,+91 71378 64348,Female,05-10-2025,Full-Time,Scooter,LOC0078
DEL02875,Aradhya Sastry,+91 86513 27899,Female,16-11-2025,Full-Time,Van,LOC0005
DEL02876,Diya Sura,+91 69604 48604,Male,19-11-2022,Full-Time,Van,LOC0032
DEL02877,Madhup Balay,+91 95506 06440,Male,10-03-2025,Full-Time,Bike,LOC0065
DEL02878,Miraan Wagle,+91 69723 00809,Female,06-01-2023,Contract,Scooter,LOC0060
DEL02879,Navya Basak,+91 70758 61988,Male,05-02-2022,Contract,Bike,LOC0050
DEL02880,Shray Khare,+91 87525 83260,Female,06-09-2023,Full-Time,EV Bike,LOC0082
DEL02881,Ayesha Iyengar,+91 74061 69401,Female,14-06-2023,Contract,Scooter,LOC0110
DEL02882,Dharmajan Chaudhuri,+91 90773 96809,Male,18-07-2025,Full-Time,Bike,LOC0033
DEL02883,Saksham Deo,+91 98877 26189,Male,03-01-2026,Contract,EV Bike,LOC0001
DEL02884,Yakshit Apte,+91 97543 94184,Female,28-05-2024,Contract,Bike,LOC0069
DEL02885,Miraya Lad,+91 67609 38922,Female,15-10-2024,Full-Time,Scooter,LOC0061
DEL02886,Farhan Hans,+91 66548 60308,Male,24-08-2021,Full-Time,Bike,LOC0024
DEL02887,Divij Chokshi,+91 80975 95218,Male,09-11-2021,Contract,Van,LOC0042
DEL02888,Nakul Mahal,+91 88906 41751,Female,27-03-2022,Contract,Bike,LOC0084
DEL02889,Aarav Mander,+91 94223 66553,Female,19-06-2021,Contract,EV Bike,LOC0061
DEL02890,Saksham Yohannan,+91 70372 62066,Female,01-02-2024,Full-Time,Bike,LOC0113
DEL02891,Raghav Master,+91 69978 37224,Male,17-09-2023,Full-Time,Van,LOC0009
DEL02892,Darshit Handa,+91 85675 66994,Female,29-05-2024,Contract,EV Bike,LOC0094
DEL02893,Madhav Chahal,+91 66705 63109,Male,04-01-2022,Full-Time,Van,LOC0052
DEL02894,Darshit Choudhry,+91 91631 35144,Male,11-08-2025,Full-Time,Van,LOC0015
DEL02895,Piya Dugal,+91 76949 34645,Male,31-08-2024,Full-Time,Van,LOC0004
DEL02896,Ivan Sagar,+91 95459 57837,Male,17-12-2022,Full-Time,EV Bike,LOC0068
DEL02897,Akarsh Devi,+91 83256 28519,Male,06-10-2023,Contract,Van,LOC0057
DEL02898,Akarsh Vyas,+91 70643 93360,Female,21-07-2021,Full-Time,Van,LOC0097
DEL02899,Aarna Butala,+91 89241 66058,Male,21-03-2022,Full-Time,Scooter,LOC0009
DEL02900,Nitara Saran,+91 81963 08814,Female,19-12-2021,Contract,EV Bike,LOC0027
DEL02901,Gokul Sura,+91 84638 24141,Female,23-11-2024,Full-Time,Scooter,LOC0072
DEL02902,Indrajit Raju,+91 83696 16586,Female,13-10-2024,Full-Time,Van,LOC0103
DEL02903,Taran Baria,+91 85109 37421,Male,18-10-2021,Contract,Bike,LOC0078
DEL02904,Yuvaan Deo,+91 60575 47440,Male,24-02-2023,Contract,Bike,LOC0016
DEL02905,Riaan Kade,+91 66144 71087,Male,08-01-2023,Contract,Scooter,LOC0103
DEL02906,Nakul Krish,+91 72555 00984,Male,05-03-2024,Full-Time,Scooter,LOC0093
DEL02907,Jayant Bawa,+91 66944 56745,Male,16-09-2021,Full-Time,Scooter,LOC0059
DEL02908,Indrajit Dani,+91 63177 22665,Female,13-11-2022,Contract,EV Bike,LOC0021
DEL02909,Saksham Dhar,+91 89282 64381,Female,06-04-2025,Contract,EV Bike,LOC0020
DEL02910,Mahika Seth,+91 74266 07147,Male,07-03-2022,Full-Time,Scooter,LOC0032
DEL02911,Advika Seshadri,+91 88711 37339,Female,25-12-2021,Full-Time,Van,LOC0073
DEL02912,Indrajit Sodhi,+91 63192 70759,Female,27-04-2025,Full-Time,Van,LOC0057
DEL02913,Mahika Subramaniam,+91 74335 54018,Male,15-12-2023,Contract,Van,LOC0074
DEL02914,Dhruv Gopal,+91 88464 02003,Male,21-05-2023,Contract,Scooter,LOC0055
DEL02915,Arhaan Gala,+91 85304 66226,Female,21-09-2022,Full-Time,Bike,LOC0069
DEL02916,Shamik Bandi,+91 86119 77470,Female,09-10-2023,Full-Time,EV Bike,LOC0028
DEL02917,Shray Hegde,+91 75820 85628,Male,15-04-2024,Contract,Scooter,LOC0064
DEL02918,Trisha Sachar,+91 65653 14119,Female,04-01-2022,Full-Time,Bike,LOC0068
DEL02919,Ojas Sastry,+91 94734 74047,Female,09-01-2024,Contract,Scooter,LOC0051
DEL02920,Jayan Butala,+91 91672 68032,Male,09-11-2021,Full-Time,Bike,LOC0099
DEL02921,Ivana Vyas,+91 64007 37380,Female,14-11-2022,Full-Time,Scooter,LOC0082
DEL02922,Ryan Handa,+91 86988 86344,Male,27-06-2022,Contract,Bike,LOC0082
DEL02923,Riya Chaudry,+91 65384 81506,Female,04-05-2025,Full-Time,Scooter,LOC0044
DEL02924,Hunar Barman,+91 60190 96797,Male,14-01-2024,Contract,Van,LOC0111
DEL02925,Pranay Bhatt,+91 78745 53253,Male,25-04-2025,Full-Time,EV Bike,LOC0004
DEL02926,Ivana Kala,+91 88686 90385,Female,11-12-2022,Full-Time,Scooter,LOC0051
DEL02927,Nehmat Bains,+91 91487 88797,Female,08-11-2023,Full-Time,EV Bike,LOC0053
DEL02928,Elakshi Kaur,+91 83307 14152,Male,08-08-2022,Full-Time,Van,LOC0044
DEL02929,Anaya Sachar,+91 73890 53871,Male,30-09-2021,Full-Time,Scooter,LOC0086
DEL02930,Ryan Rattan,+91 62270 59873,Female,10-08-2023,Contract,Van,LOC0100
DEL02931,Mannat Badal,+91 99251 05496,Female,29-05-2025,Full-Time,Van,LOC0008
DEL02932,Charvi Krish,+91 95140 73789,Male,29-06-2024,Contract,Scooter,LOC0024
DEL02933,Arnav Srinivasan,+91 75138 85016,Female,16-10-2025,Contract,Scooter,LOC0091
DEL02934,Jivin Anand,+91 67926 10679,Female,08-09-2022,Contract,Bike,LOC0049
DEL02935,Yashvi Goel,+91 74828 12409,Male,23-10-2021,Contract,EV Bike,LOC0007
DEL02936,Anay Venkataraman,+91 84624 18148,Male,06-02-2024,Full-Time,EV Bike,LOC0062
DEL02937,Badal Chandra,+91 70555 32058,Female,09-03-2026,Full-Time,Bike,LOC0019
DEL02938,Ishita Kale,+91 96672 93763,Female,08-06-2023,Full-Time,Bike,LOC0013
DEL02939,Rohan Goswami,+91 95139 79209,Male,04-04-2023,Full-Time,EV Bike,LOC0036
DEL02940,Ehsaan Kalita,+91 78904 03728,Female,10-10-2023,Contract,Scooter,LOC0110
DEL02941,Ayesha Bhatia,+91 60674 00189,Male,18-10-2024,Full-Time,Scooter,LOC0029
DEL02942,Aradhya Loyal,+91 69085 65031,Male,23-02-2025,Contract,Scooter,LOC0065
DEL02943,Eva Dutta,+91 95864 12341,Male,02-03-2022,Contract,Scooter,LOC0061
DEL02944,Dhanush Grewal,+91 89424 30855,Female,31-07-2021,Contract,EV Bike,LOC0074
DEL02945,Alia Ganguly,+91 81933 26805,Male,09-08-2023,Full-Time,Bike,LOC0096
DEL02946,Madhav Sridhar,+91 60957 17254,Male,03-11-2023,Full-Time,Van,LOC0101
DEL02947,Anahita Saxena,+91 90686 32196,Male,03-04-2025,Full-Time,EV Bike,LOC0023
DEL02948,Sumer Ahuja,+91 97635 88595,Male,19-10-2025,Contract,Van,LOC0088
DEL02949,Manjari Lad,+91 82487 06933,Female,07-12-2022,Full-Time,Van,LOC0087
DEL02950,Vardaniya Saini,+91 63173 95135,Male,03-02-2022,Full-Time,Bike,LOC0096
DEL02951,Diya Mann,+91 66592 78768,Female,06-03-2022,Full-Time,EV Bike,LOC0072
DEL02952,Hrishita Das,+91 76720 22542,Female,14-03-2023,Full-Time,EV Bike,LOC0085
DEL02953,Zeeshan Tripathi,+91 72578 60925,Female,17-05-2024,Contract,Scooter,LOC0010
DEL02954,Ahana  Devi,+91 97421 14352,Male,18-06-2022,Full-Time,Van,LOC0090
DEL02955,Nishith Gour,+91 63233 09215,Male,14-09-2025,Full-Time,Bike,LOC0106
DEL02956,Miraan Madan,+91 64408 56557,Female,15-09-2025,Contract,Scooter,LOC0011
DEL02957,Zeeshan Vig,+91 68466 72182,Male,10-02-2025,Full-Time,Van,LOC0054
DEL02958,Jayant Devi,+91 79523 36407,Male,18-09-2022,Full-Time,Scooter,LOC0113
DEL02959,Shray Handa,+91 88703 33175,Female,01-04-2022,Contract,Scooter,LOC0089
DEL02960,Shanaya Dave,+91 78344 24640,Female,30-12-2023,Full-Time,Scooter,LOC0076
DEL02961,Zara Khurana,+91 90048 70984,Female,04-04-2023,Contract,Scooter,LOC0029
DEL02962,Urvi Kata,+91 80895 52698,Male,05-03-2025,Contract,EV Bike,LOC0030
DEL02963,Abram Tara,+91 65420 72174,Male,20-01-2026,Full-Time,Scooter,LOC0113
DEL02964,Vritika Apte,+91 71641 49054,Male,27-07-2022,Contract,Scooter,LOC0053
DEL02965,Prerak Chokshi,+91 65610 67577,Female,13-11-2021,Contract,Scooter,LOC0090
DEL02966,Aayush Ravi,+91 79159 96074,Male,16-03-2026,Full-Time,Bike,LOC0024
DEL02967,Miraya Chakrabarti,+91 81739 16303,Male,29-11-2025,Contract,Bike,LOC0027
DEL02968,Suhana Bala,+91 67641 68112,Female,20-02-2024,Contract,Scooter,LOC0022
DEL02969,Farhan Deep,+91 77591 11394,Male,16-01-2026,Contract,Bike,LOC0052
DEL02970,Uthkarsh Chaudhry,+91 65881 94004,Female,20-09-2024,Contract,EV Bike,LOC0108
DEL02971,Jhanvi Ramachandran,+91 65623 47412,Male,01-01-2024,Contract,Van,LOC0091
DEL02972,Ayesha Luthra,+91 81637 11971,Female,04-06-2021,Full-Time,Bike,LOC0013
DEL02973,Mannat Rattan,+91 76624 24560,Female,07-01-2023,Full-Time,Van,LOC0002
DEL02974,Hiran Shanker,+91 70367 47512,Male,11-06-2022,Contract,EV Bike,LOC0074
DEL02975,Nitara Chakraborty,+91 78492 17315,Male,08-05-2025,Contract,EV Bike,LOC0015
DEL02976,Zain Guha,+91 80262 28878,Female,08-10-2021,Full-Time,Van,LOC0022
DEL02977,Indranil Dhillon,+91 60936 62626,Male,17-12-2024,Full-Time,EV Bike,LOC0092
DEL02978,Kartik Khare,+91 68360 23555,Female,11-05-2024,Full-Time,Van,LOC0045
DEL02979,Ojas Char,+91 73735 02012,Male,11-08-2022,Full-Time,EV Bike,LOC0004
DEL02980,Bhamini Khanna,+91 75255 60244,Female,18-03-2026,Contract,EV Bike,LOC0106
DEL02981,Charvi Dubey,+91 99239 17790,Female,09-11-2021,Full-Time,Van,LOC0096
DEL02982,Kiaan Butala,+91 62227 45413,Male,13-03-2023,Full-Time,Bike,LOC0014
DEL02983,Rasha Raval,+91 91468 97161,Female,28-04-2021,Contract,Scooter,LOC0064
DEL02984,Zaina Bala,+91 99719 65604,Male,10-07-2024,Contract,Van,LOC0081
DEL02985,Samaira Doshi,+91 90571 76761,Male,21-12-2022,Full-Time,Scooter,LOC0040
DEL02986,Riya Rajan,+91 69334 56954,Male,15-08-2021,Full-Time,Scooter,LOC0027
DEL02987,Heer Varma,+91 88174 88393,Female,17-06-2025,Contract,Scooter,LOC0093
DEL02988,Mohanlal Khanna,+91 90023 61937,Male,11-04-2021,Full-Time,Van,LOC0059
DEL02989,Hansh Bose,+91 68365 18183,Male,24-03-2025,Contract,Bike,LOC0040
DEL02990,Hunar Dani,+91 70237 89643,Male,03-04-2023,Contract,Van,LOC0010
DEL02991,Khushi Venkataraman,+91 97421 16318,Male,04-11-2025,Contract,Van,LOC0013
DEL02992,Amira Sani,+91 73267 96259,Male,01-12-2025,Full-Time,EV Bike,LOC0091
DEL02993,Ishita Gulati,+91 93987 66159,Male,20-06-2022,Full-Time,Bike,LOC0021
DEL02994,Keya Thakkar,+91 82036 98825,Male,12-05-2023,Contract,EV Bike,LOC0100
DEL02995,Shayak Tailor,+91 91604 89917,Female,11-10-2025,Contract,Scooter,LOC0071
DEL02996,Nishith Ben,+91 84555 60782,Male,14-02-2023,Contract,Van,LOC0095
DEL02997,Himmat Singhal,+91 76122 25431,Male,19-08-2021,Contract,Bike,LOC0056
DEL02998,Vanya Sanghvi,+91 74646 40180,Male,08-03-2025,Contract,Bike,LOC0004
DEL02999,Prisha Malhotra,+91 95927 10921,Male,31-01-2025,Full-Time,EV Bike,LOC0085
DEL03000,Parinaaz Mahal,+91 76918 00778,Male,28-01-2026,Contract,Bike,LOC0024
DEL03001,Lagan Varghese,+91 93630 89775,Male,15-08-2022,Contract,Van,LOC0036
DEL03002,Dhanush Suresh,+91 72543 79901,Male,29-07-2022,Full-Time,Van,LOC0021
DEL03003,Shanaya Date,+91 90208 06309,Male,30-01-2026,Full-Time,Scooter,LOC0001
DEL03004,Kashvi Buch,+91 88541 83414,Male,15-12-2022,Full-Time,Bike,LOC0026
DEL03005,Suhana Handa,+91 79261 23709,Male,05-06-2022,Contract,Scooter,LOC0110
DEL03006,Nirvaan Wason,+91 99852 56306,Female,19-07-2025,Full-Time,EV Bike,LOC0078
DEL03007,Adira Singh,+91 88464 63923,Male,03-03-2026,Contract,Scooter,LOC0057
DEL03008,Devansh Tara,+91 60778 72934,Male,02-01-2024,Full-Time,Scooter,LOC0107
DEL03009,Riya Bhandari,+91 63458 92124,Female,11-01-2022,Full-Time,Scooter,LOC0024
DEL03010,Vaibhav Gade,+91 87099 13889,Female,07-10-2023,Contract,Scooter,LOC0072
DEL03011,Zaina Bajwa,+91 81505 98780,Female,17-08-2022,Full-Time,Van,LOC0066
DEL03012,Dhanush Barad,+91 92266 01608,Female,14-11-2023,Full-Time,Scooter,LOC0083
DEL03013,Jayant Bumb,+91 99624 11756,Male,15-03-2025,Full-Time,Van,LOC0023
DEL03014,Jayesh Kalla,+91 96608 15125,Male,23-09-2024,Full-Time,Bike,LOC0108
DEL03015,Anvi Vala,+91 80931 90921,Female,12-06-2024,Contract,EV Bike,LOC0101
DEL03016,Ranbir Setty,+91 76014 48227,Male,05-09-2021,Full-Time,Bike,LOC0052
DEL03017,Dhanuk Ahuja,+91 66483 79903,Female,21-03-2025,Full-Time,EV Bike,LOC0063
DEL03018,Saanvi Dubey,+91 92528 95140,Female,21-11-2022,Contract,EV Bike,LOC0071
DEL03019,Kavya Agate,+91 80051 90809,Male,12-07-2025,Contract,EV Bike,LOC0034
DEL03020,Ivana Edwin,+91 89127 74992,Male,17-09-2025,Full-Time,Van,LOC0080
DEL03021,Ehsaan Bora,+91 84225 11705,Female,15-05-2023,Full-Time,Van,LOC0105
DEL03022,Ojas Majumdar,+91 73460 35632,Male,05-07-2024,Full-Time,Bike,LOC0018
DEL03023,Vaibhav Bose,+91 61415 65506,Male,06-02-2023,Contract,Bike,LOC0105
DEL03024,Inaaya  Ganesan,+91 99150 52536,Female,15-09-2021,Contract,Van,LOC0028
DEL03025,Aarna Saraf,+91 70145 13204,Male,09-03-2023,Full-Time,EV Bike,LOC0089
DEL03026,Kavya Mand,+91 95260 46179,Male,03-07-2022,Full-Time,EV Bike,LOC0108
DEL03027,Shanaya Shankar,+91 79376 41751,Female,24-11-2024,Contract,Bike,LOC0030
DEL03028,Gatik Aggarwal,+91 94489 23967,Female,20-04-2022,Contract,Scooter,LOC0006
DEL03029,Keya Kalita,+91 83376 82133,Male,27-09-2025,Contract,Scooter,LOC0085
DEL03030,Badal Madan,+91 80401 31112,Female,12-10-2024,Full-Time,EV Bike,LOC0001
DEL03031,Nayantara Sood,+91 89374 53780,Male,04-12-2024,Contract,EV Bike,LOC0035
DEL03032,Adah Sane,+91 72597 33197,Female,16-10-2021,Full-Time,Scooter,LOC0099
DEL03033,Emir Krishnamurthy,+91 60389 93653,Female,06-09-2021,Full-Time,Van,LOC0071
DEL03034,Diya Manne,+91 73263 97913,Male,27-01-2024,Full-Time,Scooter,LOC0079
DEL03035,Anvi Maharaj,+91 83070 02501,Female,20-02-2025,Full-Time,Van,LOC0001
DEL03036,Jivika Tiwari,+91 75892 70274,Male,26-06-2021,Full-Time,Van,LOC0044
DEL03037,Kavya Ramanathan,+91 89506 98797,Female,13-10-2021,Full-Time,Van,LOC0077
DEL03038,Kanav Sampath,+91 74155 45078,Female,15-08-2022,Contract,Scooter,LOC0026
DEL03039,Divij Wable,+91 82863 12900,Female,30-03-2025,Contract,EV Bike,LOC0044
DEL03040,Oorja Balasubramanian,+91 61326 45367,Male,24-11-2024,Contract,Bike,LOC0094
DEL03041,Aarna Balasubramanian,+91 95590 41457,Male,29-09-2021,Full-Time,Van,LOC0030
DEL03042,Navya Bhardwaj,+91 94380 96177,Female,03-10-2021,Contract,Van,LOC0108
DEL03043,Raghav Soni,+91 87339 71313,Male,08-01-2024,Contract,Van,LOC0024
DEL03044,Divit Sachdev,+91 66960 90453,Female,16-07-2022,Full-Time,EV Bike,LOC0058
DEL03045,Vritika Luthra,+91 77372 34121,Male,06-11-2023,Contract,Van,LOC0097
DEL03046,Biju Shanker,+91 88398 44632,Female,25-09-2022,Full-Time,EV Bike,LOC0009
DEL03047,Indrans Upadhyay,+91 85224 08778,Female,13-11-2022,Full-Time,Bike,LOC0046
DEL03048,Kabir Sekhon,+91 93287 06530,Female,11-01-2024,Full-Time,Van,LOC0029
DEL03049,Vaibhav Jani,+91 65099 85275,Male,03-11-2021,Contract,EV Bike,LOC0112
DEL03050,Shamik Chaudhari,+91 71943 56655,Male,23-01-2026,Full-Time,Van,LOC0007
DEL03051,Diya Toor,+91 94698 80856,Female,09-07-2025,Full-Time,Bike,LOC0061
DEL03052,Neysa Ravel,+91 82242 26207,Male,16-11-2024,Full-Time,Scooter,LOC0051
DEL03053,Taimur Sastry,+91 71840 36946,Female,21-05-2021,Full-Time,Van,LOC0100
DEL03054,Yakshit Sathe,+91 64151 21225,Female,09-08-2024,Full-Time,Bike,LOC0083
DEL03055,Gokul Choudhary,+91 95081 29887,Male,12-12-2024,Contract,EV Bike,LOC0057
DEL03056,Ryan Anand,+91 86309 54846,Female,24-11-2024,Contract,Van,LOC0092
DEL03057,Damini Bath,+91 78290 19291,Male,19-02-2023,Contract,Bike,LOC0079
DEL03058,Anahita Sampath,+91 70235 88672,Female,22-03-2023,Full-Time,Bike,LOC0057
DEL03059,Indrans Sha,+91 68321 89807,Male,05-06-2022,Contract,EV Bike,LOC0113
DEL03060,Manjari Chana,+91 89835 91613,Female,25-07-2022,Full-Time,Van,LOC0087
DEL03061,Heer Walia,+91 94843 86031,Female,08-01-2026,Contract,Scooter,LOC0045
DEL03062,Raghav Shah,+91 79997 70085,Female,22-11-2023,Contract,EV Bike,LOC0102
DEL03063,Onkar Banerjee,+91 70614 03649,Female,28-09-2025,Contract,Bike,LOC0032
DEL03064,Suhana Dasgupta,+91 82605 74604,Male,14-03-2022,Full-Time,Scooter,LOC0048
DEL03065,Anay Shere,+91 72384 91770,Female,25-07-2023,Full-Time,Bike,LOC0069
DEL03066,Vritika Sarin,+91 61172 18445,Female,15-11-2024,Full-Time,Scooter,LOC0073
DEL03067,Mamooty Chadha,+91 61953 66888,Female,11-02-2026,Contract,Van,LOC0013
DEL03068,Ranbir Gola,+91 84428 05889,Female,11-02-2024,Contract,Scooter,LOC0110
DEL03069,Sumer Sastry,+91 75393 88496,Male,13-08-2021,Full-Time,EV Bike,LOC0018
DEL03070,Jiya Dutta,+91 92394 63897,Male,31-08-2023,Contract,Van,LOC0008
DEL03071,Neelofar Dalal,+91 77530 64751,Male,20-02-2024,Full-Time,Van,LOC0089
DEL03072,Pranay Rege,+91 63572 01003,Male,26-05-2024,Full-Time,Scooter,LOC0095
DEL03073,Manjari Dhar,+91 60720 04414,Female,23-01-2024,Contract,Van,LOC0015
DEL03074,Zain Chana,+91 98117 61536,Female,03-11-2023,Contract,Bike,LOC0001
DEL03075,Miraya Dutta,+91 87926 78458,Male,10-07-2024,Contract,Van,LOC0054
DEL03076,Manjari Bajaj,+91 94867 12671,Female,14-08-2024,Full-Time,Van,LOC0065
DEL03077,Ela Wali,+91 65332 20824,Male,19-05-2021,Full-Time,Van,LOC0024
DEL03078,Ela Kakar,+91 65424 52613,Male,07-08-2021,Full-Time,EV Bike,LOC0103
DEL03079,Ivana Yogi,+91 68687 07604,Male,03-08-2022,Full-Time,Scooter,LOC0025
DEL03080,Samarth Chaudhry,+91 94509 43924,Male,02-08-2022,Contract,EV Bike,LOC0076
DEL03081,Pihu Bhandari,+91 93782 39686,Female,27-04-2022,Full-Time,Scooter,LOC0095
DEL03082,Jayant Bhatt,+91 66374 67035,Male,11-11-2025,Full-Time,Van,LOC0040
DEL03083,Divyansh Kade,+91 70852 41615,Male,21-09-2022,Contract,EV Bike,LOC0095
DEL03084,Tara Manda,+91 68572 81575,Male,05-05-2025,Full-Time,EV Bike,LOC0084
DEL03085,Ritvik Dutt,+91 70707 18986,Male,15-01-2024,Contract,EV Bike,LOC0014
DEL03086,Vanya Raman,+91 71317 66429,Male,16-08-2023,Full-Time,EV Bike,LOC0020
DEL03087,Vivaan Choudhary,+91 72417 45415,Male,11-05-2024,Full-Time,Van,LOC0095
DEL03088,Sara Saraf,+91 81406 99337,Female,22-08-2021,Contract,Scooter,LOC0027
DEL03089,Kartik Bobal,+91 95806 36840,Female,05-09-2024,Contract,EV Bike,LOC0074
DEL03090,Rhea Rege,+91 82714 30309,Male,02-10-2021,Full-Time,Scooter,LOC0080
DEL03091,Prerak Toor,+91 94613 36505,Male,03-05-2024,Contract,EV Bike,LOC0034
DEL03092,Prerak Kale,+91 75068 38289,Male,19-09-2024,Contract,Van,LOC0046
DEL03093,Nayantara Goyal,+91 60007 99127,Female,13-08-2024,Contract,Scooter,LOC0013
DEL03094,Yashvi Hora,+91 79213 69313,Male,06-01-2026,Contract,Scooter,LOC0112
DEL03095,Akarsh Kala,+91 86323 14797,Male,17-01-2024,Full-Time,EV Bike,LOC0073
DEL03096,Khushi Chawla,+91 97090 36263,Male,26-12-2021,Contract,Van,LOC0112
DEL03097,Rhea Grover,+91 99041 52948,Male,04-01-2022,Contract,EV Bike,LOC0012
DEL03098,Aarna Keer,+91 73214 95629,Female,08-08-2021,Full-Time,Van,LOC0075
DEL03099,Mehul Shroff,+91 73982 40177,Male,28-08-2023,Full-Time,EV Bike,LOC0103
DEL03100,Tejas Kaur,+91 84129 09410,Male,17-11-2022,Contract,Bike,LOC0060
DEL03101,Rasha Chandran,+91 69971 57952,Male,12-02-2022,Full-Time,Van,LOC0098
DEL03102,Lakshay Mane,+91 65114 45199,Female,26-05-2023,Full-Time,Bike,LOC0029
DEL03103,Anahi Choudhury,+91 85609 49507,Male,19-01-2022,Contract,EV Bike,LOC0083
DEL03104,Jhanvi Zachariah,+91 73792 56889,Male,04-11-2024,Full-Time,Van,LOC0002
DEL03105,Indrajit Jayaraman,+91 74612 08612,Female,10-03-2022,Contract,Bike,LOC0074
DEL03106,Amira Ghosh,+91 72336 94754,Female,03-08-2025,Contract,Bike,LOC0005
DEL03107,Purab Mander,+91 93227 98046,Male,01-07-2025,Contract,Scooter,LOC0037
DEL03108,Kartik Kaur,+91 77595 04045,Male,06-07-2024,Contract,Van,LOC0091
DEL03109,Rhea Desai,+91 60257 04990,Male,30-08-2025,Full-Time,Van,LOC0031
DEL03110,Khushi Bhattacharyya,+91 70541 96630,Female,30-04-2024,Contract,Scooter,LOC0064
DEL03111,Romil Dhillon,+91 65194 82566,Male,02-02-2025,Full-Time,Bike,LOC0030
DEL03112,Mohanlal Desai,+91 82244 41390,Female,21-02-2026,Full-Time,EV Bike,LOC0094
DEL03113,Neysa Barman,+91 92228 23450,Male,27-07-2021,Contract,Van,LOC0009
DEL03114,Madhup Gola,+91 83362 14404,Male,05-11-2021,Full-Time,Scooter,LOC0093
DEL03115,Farhan Deo,+91 91518 79808,Female,11-11-2024,Contract,Van,LOC0075
DEL03116,Dishani Hari,+91 93953 13342,Female,07-02-2024,Full-Time,EV Bike,LOC0037
DEL03117,Pranay Bahl,+91 87615 77266,Male,26-04-2022,Contract,Van,LOC0071
DEL03118,Shamik Agrawal,+91 94349 14662,Female,30-05-2024,Contract,Van,LOC0048
DEL03119,Navya Bhatt,+91 94981 62390,Female,21-06-2025,Full-Time,EV Bike,LOC0017
DEL03120,Lakshit Mangal,+91 75447 31692,Female,07-10-2023,Contract,Bike,LOC0042
DEL03121,Taran Yogi,+91 60303 45378,Female,06-06-2021,Contract,EV Bike,LOC0045
DEL03122,Diya Garde,+91 78329 28333,Female,03-11-2023,Contract,Bike,LOC0003
DEL03123,Lakshay Sarna,+91 97814 50065,Female,28-11-2025,Full-Time,Bike,LOC0002
DEL03124,Baiju Agate,+91 62873 20459,Male,09-12-2024,Contract,Scooter,LOC0107
DEL03125,Drishya Sem,+91 83984 35934,Female,08-01-2023,Contract,Scooter,LOC0063
DEL03126,Onkar Batra,+91 61406 85159,Male,14-12-2023,Contract,Van,LOC0012
DEL03127,Hansh Contractor,+91 81310 62199,Male,20-04-2023,Contract,EV Bike,LOC0039
DEL03128,Shalv Bumb,+91 62082 55099,Male,01-04-2026,Full-Time,EV Bike,LOC0044
DEL03129,Amira Cherian,+91 98222 04886,Male,04-12-2021,Contract,Scooter,LOC0086
DEL03130,Manjari Gandhi,+91 80008 68656,Female,11-10-2025,Full-Time,Bike,LOC0068
DEL03131,Jayesh Choudhry,+91 69830 52487,Male,21-08-2021,Contract,Van,LOC0011
DEL03132,Mishti Sidhu,+91 67436 94260,Male,14-06-2024,Contract,Bike,LOC0047
DEL03133,Pranay Wali,+91 98040 38210,Male,27-09-2025,Contract,Bike,LOC0092
DEL03134,Riya Rastogi,+91 70368 87120,Male,06-06-2024,Contract,Bike,LOC0072
DEL03135,Inaaya  Devi,+91 95308 11006,Male,18-08-2022,Full-Time,EV Bike,LOC0103
DEL03136,Mahika Kaur,+91 65996 93584,Female,15-11-2023,Full-Time,Scooter,LOC0038
DEL03137,Inaaya  Kapadia,+91 99837 62449,Female,17-11-2022,Full-Time,Scooter,LOC0046
DEL03138,Uthkarsh Mandal,+91 75227 86721,Male,12-02-2026,Full-Time,EV Bike,LOC0004
DEL03139,Nirvaan Shah,+91 64827 61651,Male,26-07-2024,Contract,Scooter,LOC0045
DEL03140,Aniruddh Rastogi,+91 94951 81066,Male,17-05-2023,Full-Time,Bike,LOC0004
DEL03141,Emir Ben,+91 69963 30504,Male,06-02-2023,Full-Time,Bike,LOC0068
DEL03142,Hazel Contractor,+91 64340 86721,Female,05-03-2023,Full-Time,Van,LOC0040
DEL03143,Nirvi Shroff,+91 68193 76280,Male,23-09-2022,Full-Time,EV Bike,LOC0043
DEL03144,Pari Comar,+91 93295 06106,Female,19-06-2022,Contract,Bike,LOC0059
DEL03145,Jiya Mani,+91 83407 25605,Female,19-03-2022,Full-Time,EV Bike,LOC0049
DEL03146,Lakshay Krish,+91 79402 48818,Female,31-01-2024,Full-Time,Bike,LOC0074
DEL03147,Shray Dua,+91 91079 14621,Male,26-08-2024,Full-Time,EV Bike,LOC0074
DEL03148,Shanaya Chaudhary,+91 74863 03777,Male,17-09-2022,Contract,Scooter,LOC0097
DEL03149,Charvi Sundaram,+91 84667 89591,Male,20-10-2022,Full-Time,Scooter,LOC0002
DEL03150,Damini Bandi,+91 89162 83677,Female,02-04-2025,Contract,Bike,LOC0005
DEL03151,Riya Mahajan,+91 63188 30045,Female,08-04-2024,Contract,Van,LOC0063
DEL03152,Romil Sant,+91 99147 24236,Male,05-06-2021,Contract,Scooter,LOC0079
DEL03153,Samiha Tandon,+91 62489 07092,Male,06-06-2024,Full-Time,EV Bike,LOC0052
DEL03154,Damini Sathe,+91 91484 05230,Female,01-07-2023,Contract,Bike,LOC0010
DEL03155,Tiya Kunda,+91 88770 20916,Male,24-02-2025,Contract,Scooter,LOC0110
DEL03156,Tarini Goyal,+91 92427 95803,Male,09-12-2024,Contract,EV Bike,LOC0025
DEL03157,Shanaya Bhagat,+91 71614 90814,Male,17-03-2023,Full-Time,Bike,LOC0012
DEL03158,Mohanlal Suresh,+91 76941 83382,Female,29-10-2025,Contract,Van,LOC0032
DEL03159,Ivana Suri,+91 80718 88178,Female,14-11-2022,Contract,Bike,LOC0043
DEL03160,Rania Jayaraman,+91 72413 34249,Male,26-09-2022,Full-Time,EV Bike,LOC0104
DEL03161,Emir Kata,+91 86019 35352,Male,24-04-2024,Full-Time,Bike,LOC0112
DEL03162,Zoya Sodhi,+91 88944 74174,Male,01-12-2025,Full-Time,Van,LOC0063
DEL03163,Taran Ahuja,+91 84078 71968,Female,16-07-2024,Full-Time,Scooter,LOC0036
DEL03164,Biju Bhatti,+91 77123 77823,Male,23-08-2021,Full-Time,EV Bike,LOC0077
DEL03165,Manjari Kibe,+91 66648 30829,Male,08-03-2022,Full-Time,Van,LOC0063
DEL03166,Urvi Bajaj,+91 96335 25419,Female,20-09-2024,Full-Time,EV Bike,LOC0073
DEL03167,Vivaan Sehgal,+91 92761 04266,Female,19-08-2021,Contract,Van,LOC0024
DEL03168,Parinaaz Hayre,+91 71592 75356,Male,03-05-2022,Full-Time,Van,LOC0052
DEL03169,Saanvi Rama,+91 63267 34605,Female,17-05-2021,Contract,Van,LOC0045
DEL03170,Ishita Balasubramanian,+91 76953 46991,Female,02-08-2021,Contract,Van,LOC0094
DEL03171,Taran Kumer,+91 75007 07424,Female,16-09-2025,Contract,EV Bike,LOC0110
DEL03172,Jivin Korpal,+91 61217 31386,Female,09-08-2022,Full-Time,Van,LOC0083
DEL03173,Mahika Mangal,+91 96651 72447,Male,08-12-2024,Contract,Bike,LOC0039
DEL03174,Uthkarsh Guha,+91 68557 86142,Male,21-05-2025,Full-Time,Scooter,LOC0002
DEL03175,Hiran Ganesh,+91 70783 19609,Male,21-12-2024,Full-Time,Bike,LOC0035
DEL03176,Yakshit Wason,+91 69978 92253,Male,02-11-2025,Full-Time,EV Bike,LOC0080
DEL03177,Onkar Walia,+91 82210 24220,Female,26-11-2025,Contract,Van,LOC0050
DEL03178,Sana Comar,+91 89423 47586,Male,13-12-2023,Contract,EV Bike,LOC0086
DEL03179,Mannat Ravi,+91 82352 37903,Female,14-03-2023,Full-Time,Bike,LOC0104
DEL03180,Amira Sahni,+91 70037 33275,Female,01-05-2022,Contract,Scooter,LOC0093
DEL03181,Himmat Golla,+91 85147 56634,Female,23-06-2025,Full-Time,Bike,LOC0103
DEL03182,Jayant Khurana,+91 73982 79879,Female,12-12-2022,Full-Time,Van,LOC0020
DEL03183,Samaira Kanda,+91 81914 36100,Female,09-10-2024,Contract,Van,LOC0059
DEL03184,Seher Sane,+91 71715 74132,Female,18-02-2026,Contract,EV Bike,LOC0057
DEL03185,Shray Randhawa,+91 81397 96044,Female,06-07-2022,Contract,Van,LOC0037
DEL03186,Ayesha Gill,+91 80603 24568,Female,23-10-2025,Full-Time,Van,LOC0003
DEL03187,Raghav Karpe,+91 88622 85393,Female,19-03-2025,Contract,Scooter,LOC0035
DEL03188,Miraan Raj,+91 82687 52667,Male,13-12-2024,Contract,EV Bike,LOC0112
DEL03189,Kaira Gopal,+91 65028 41199,Male,11-04-2024,Contract,EV Bike,LOC0030
DEL03190,Adah Sandal,+91 62464 82140,Female,06-06-2021,Contract,Bike,LOC0083
DEL03191,Aaryahi Manne,+91 97852 99642,Female,05-02-2024,Full-Time,Bike,LOC0002
DEL03192,Darshit Sachdev,+91 89246 67855,Male,16-11-2025,Contract,Scooter,LOC0003
DEL03193,Rania Agarwal,+91 66665 72963,Male,27-03-2024,Full-Time,EV Bike,LOC0064
DEL03194,Kaira Sant,+91 72493 03406,Male,11-06-2022,Contract,Scooter,LOC0106
DEL03195,Jiya Dugal,+91 96672 59143,Female,01-12-2022,Contract,EV Bike,LOC0010
DEL03196,Gokul Samra,+91 75642 49049,Female,22-12-2025,Contract,EV Bike,LOC0106
DEL03197,Pranay Sandal,+91 69742 76292,Female,06-05-2023,Full-Time,Scooter,LOC0007
DEL03198,Nirvaan Biswas,+91 66190 45600,Male,01-05-2024,Full-Time,Van,LOC0087
DEL03199,Aniruddh Mann,+91 83324 03531,Male,28-11-2023,Contract,Van,LOC0032
DEL03200,Aaryahi Mani,+91 77208 49949,Female,16-01-2023,Full-Time,EV Bike,LOC0081
DEL03201,Nishith Rout,+91 91186 37192,Male,19-08-2024,Contract,EV Bike,LOC0099
DEL03202,Kimaya Manne,+91 80702 94702,Female,20-02-2022,Full-Time,Van,LOC0047
DEL03203,Keya Sidhu,+91 62256 29741,Female,02-08-2023,Contract,Scooter,LOC0011
DEL03204,Advik Shroff,+91 80001 12378,Female,06-07-2021,Full-Time,Bike,LOC0016
DEL03205,Advik Hayre,+91 80117 28912,Male,24-09-2024,Full-Time,Van,LOC0029
DEL03206,Manikya Karnik,+91 86475 64963,Female,06-03-2022,Contract,Scooter,LOC0106
DEL03207,Shray Bhalla,+91 80930 10275,Female,16-10-2021,Contract,EV Bike,LOC0009
DEL03208,Sara Uppal,+91 94123 50487,Female,31-08-2021,Full-Time,Van,LOC0111
DEL03209,Trisha Goswami,+91 71108 43997,Male,19-12-2024,Contract,EV Bike,LOC0094
DEL03210,Mahika Contractor,+91 61287 65326,Male,23-12-2021,Full-Time,Bike,LOC0046
DEL03211,Samarth Bhavsar,+91 87914 66626,Male,31-08-2023,Full-Time,Van,LOC0016
DEL03212,Drishya Bhat,+91 73300 00974,Male,19-08-2021,Full-Time,EV Bike,LOC0103
DEL03213,Manjari Yogi,+91 80044 39390,Female,02-01-2023,Contract,Bike,LOC0091
DEL03214,Jayan Balasubramanian,+91 63669 11965,Female,02-08-2023,Contract,Scooter,LOC0085
DEL03215,Kavya Barad,+91 97881 73311,Male,01-07-2021,Full-Time,Bike,LOC0024
DEL03216,Samar Saini,+91 82331 72687,Female,27-01-2023,Full-Time,Van,LOC0008
DEL03217,Mahika Tiwari,+91 75439 91225,Male,17-04-2022,Full-Time,Bike,LOC0065
DEL03218,Krish Bobal,+91 63908 70161,Female,07-10-2022,Full-Time,EV Bike,LOC0068
DEL03219,Navya Goda,+91 87468 69239,Male,09-06-2023,Full-Time,Scooter,LOC0082
DEL03220,Kimaya Lad,+91 96918 79224,Female,14-11-2022,Full-Time,Scooter,LOC0001
DEL03221,Ayesha Lalla,+91 74985 35633,Female,17-02-2022,Full-Time,Van,LOC0086
DEL03222,Amira Sem,+91 93512 80270,Female,11-09-2021,Contract,EV Bike,LOC0060
DEL03223,Jayant Kumer,+91 65503 91781,Male,08-06-2023,Contract,Van,LOC0072
DEL03224,Hridaan Behl,+91 65898 30364,Male,19-01-2023,Contract,Van,LOC0113
DEL03225,Bhamini Dar,+91 90293 03161,Female,13-10-2022,Full-Time,Van,LOC0068
DEL03226,Hansh Shanker,+91 77703 47532,Female,28-10-2022,Full-Time,Bike,LOC0030
DEL03227,Kiaan Grover,+91 72307 58495,Female,20-03-2024,Contract,EV Bike,LOC0061
DEL03228,Lagan Deep,+91 78730 38406,Female,25-10-2021,Full-Time,Van,LOC0058
DEL03229,Shamik De,+91 65949 19500,Male,29-07-2022,Full-Time,Scooter,LOC0089
DEL03230,Kimaya Warrior,+91 69365 55483,Female,28-11-2021,Contract,Bike,LOC0045
DEL03231,Saira Vaidya,+91 66011 76556,Female,11-12-2025,Contract,Bike,LOC0013
DEL03232,Nishith Loke,+91 90422 41794,Male,17-04-2024,Full-Time,EV Bike,LOC0075
DEL03233,Advik Handa,+91 98202 53176,Female,01-06-2021,Full-Time,Bike,LOC0093
DEL03234,Devansh Lata,+91 93209 24312,Female,03-07-2023,Contract,Van,LOC0029
DEL03235,Dhanush Shan,+91 60049 52720,Male,19-02-2024,Contract,EV Bike,LOC0028
DEL03236,Arhaan Sahni,+91 70625 04063,Female,29-06-2021,Contract,EV Bike,LOC0003
DEL03237,Shamik Kale,+91 92781 38188,Male,16-07-2023,Contract,Bike,LOC0046
DEL03238,Devansh Kala,+91 66714 98965,Male,30-04-2024,Full-Time,EV Bike,LOC0070
DEL03239,Zoya Dugal,+91 92367 95860,Female,13-03-2026,Contract,Scooter,LOC0041
DEL03240,Vaibhav Borde,+91 86963 19691,Male,15-12-2023,Full-Time,Van,LOC0006
DEL03241,Tushar Gala,+91 82954 27366,Female,15-01-2025,Full-Time,Van,LOC0009
DEL03242,Oorja Johal,+91 83566 65656,Male,06-01-2022,Full-Time,Bike,LOC0062
DEL03243,Samarth Bose,+91 99866 93530,Male,27-06-2023,Contract,EV Bike,LOC0093
DEL03244,Manikya Kapoor,+91 60622 68682,Male,06-02-2024,Contract,EV Bike,LOC0021
DEL03245,Miraya Zachariah,+91 84236 37350,Female,29-06-2025,Full-Time,Van,LOC0093
DEL03246,Amani Yogi,+91 78372 95463,Female,08-06-2023,Contract,EV Bike,LOC0025
DEL03247,Saanvi Kalla,+91 93534 80216,Male,24-01-2024,Full-Time,EV Bike,LOC0060
DEL03248,Rohan Chaudhuri,+91 81326 22318,Male,27-08-2025,Full-Time,Bike,LOC0049
DEL03249,Hazel Sura,+91 64143 35410,Female,13-04-2021,Full-Time,Scooter,LOC0030
DEL03250,Aarav Amble,+91 65953 06578,Female,01-03-2025,Contract,Scooter,LOC0074
DEL03251,Samar Rajan,+91 61439 82264,Female,16-12-2025,Contract,Van,LOC0047
DEL03252,Hazel Kota,+91 97095 06452,Female,03-07-2025,Full-Time,Bike,LOC0054
DEL03253,Aaryahi Bath,+91 92010 81697,Female,01-03-2022,Full-Time,Van,LOC0099
DEL03254,Alisha Vora,+91 72591 12376,Male,04-03-2023,Contract,Bike,LOC0006
DEL03255,Dhruv Soman,+91 80731 08193,Male,26-10-2022,Full-Time,Bike,LOC0034
DEL03256,Anvi Tak,+91 95435 78752,Male,06-04-2022,Full-Time,Van,LOC0046
DEL03257,Advik Shan,+91 85286 38486,Female,26-11-2024,Contract,Bike,LOC0030
DEL03258,Mishti Dutt,+91 68186 57391,Male,22-07-2021,Full-Time,Bike,LOC0037
DEL03259,Saira Verma,+91 70520 02545,Female,28-01-2025,Full-Time,Scooter,LOC0094
DEL03260,Charvi Deshmukh,+91 82095 53410,Male,19-07-2024,Full-Time,Van,LOC0104
DEL03261,Shamik Batra,+91 88164 08797,Male,29-05-2025,Contract,EV Bike,LOC0080
DEL03262,Aarush Sabharwal,+91 93396 59297,Female,20-05-2024,Full-Time,Scooter,LOC0011
DEL03263,Farhan Goda,+91 86604 39158,Female,12-04-2025,Full-Time,EV Bike,LOC0081
DEL03264,Tara Mannan,+91 81213 54615,Female,14-10-2022,Contract,EV Bike,LOC0011
DEL03265,Adira Bakshi,+91 72476 15016,Male,20-11-2023,Contract,Scooter,LOC0021
DEL03266,Nitya Dara,+91 95205 57134,Male,04-07-2021,Contract,EV Bike,LOC0032
DEL03267,Ojas Gandhi,+91 86011 62668,Male,24-05-2025,Contract,EV Bike,LOC0006
DEL03268,Samiha Sen,+91 85350 89853,Female,02-01-2025,Contract,Scooter,LOC0003
DEL03269,Aarush Dey,+91 68112 98723,Male,07-02-2023,Contract,Bike,LOC0098
DEL03270,Yuvaan Wable,+91 78905 65716,Male,07-12-2024,Contract,Bike,LOC0012
DEL03271,Raunak Gandhi,+91 64039 85670,Male,19-10-2025,Contract,Scooter,LOC0089
DEL03272,Anahita Korpal,+91 65639 36369,Male,30-06-2023,Contract,Bike,LOC0082
DEL03273,Oorja Lall,+91 60236 02712,Male,19-02-2025,Full-Time,Bike,LOC0019
DEL03274,Hrishita Kara,+91 68365 43179,Female,25-06-2024,Full-Time,Van,LOC0024
DEL03275,Saira Chandran,+91 82817 87558,Female,29-08-2022,Contract,EV Bike,LOC0047
DEL03276,Tushar Kapur,+91 69160 42272,Male,13-07-2022,Full-Time,Van,LOC0100
DEL03277,Lakshit Bumb,+91 80161 28530,Male,29-01-2025,Full-Time,Bike,LOC0111
DEL03278,Jivika Devan,+91 89822 57555,Female,07-01-2022,Contract,Bike,LOC0096
DEL03279,Myra Shan,+91 84910 90823,Male,20-04-2021,Contract,Scooter,LOC0100
DEL03280,Emir Krishna,+91 79276 18598,Female,20-05-2025,Full-Time,Scooter,LOC0104
DEL03281,Vardaniya Sanghvi,+91 86946 79899,Female,02-05-2021,Full-Time,Bike,LOC0058
DEL03282,Nakul Bhagat,+91 73616 64394,Female,27-06-2025,Full-Time,Van,LOC0010
DEL03283,Akarsh Kuruvilla,+91 87845 51479,Female,22-02-2025,Contract,EV Bike,LOC0016
DEL03284,Nayantara Deo,+91 90849 72840,Female,03-10-2025,Contract,Van,LOC0031
DEL03285,Aniruddh Chaudhary,+91 82882 20521,Male,26-10-2025,Contract,Bike,LOC0008
DEL03286,Indrans Mane,+91 90333 08153,Male,06-08-2025,Contract,Van,LOC0029
DEL03287,Inaaya  Mani,+91 82713 71507,Female,28-08-2023,Contract,Scooter,LOC0001
DEL03288,Parinaaz Iyer,+91 64959 99794,Male,31-05-2025,Full-Time,Scooter,LOC0084
DEL03289,Azad Shroff,+91 88878 64485,Male,26-02-2022,Full-Time,EV Bike,LOC0113
DEL03290,Vedika Kapadia,+91 69206 27133,Female,09-01-2023,Full-Time,Van,LOC0025
DEL03291,Azad Vala,+91 63783 40344,Male,22-04-2025,Full-Time,EV Bike,LOC0027
DEL03292,Ivana Batta,+91 93363 65939,Female,25-05-2025,Contract,Van,LOC0092
DEL03293,Mahika Bahl,+91 91429 16647,Female,30-12-2023,Full-Time,EV Bike,LOC0040
DEL03294,Jivin Deshmukh,+91 84551 08532,Female,24-11-2024,Full-Time,EV Bike,LOC0113
DEL03295,Shayak Varty,+91 73971 89602,Male,06-12-2022,Full-Time,Scooter,LOC0015
DEL03296,Urvi Salvi,+91 65066 67107,Male,29-04-2022,Full-Time,Bike,LOC0110
DEL03297,Zoya Rana,+91 64528 03964,Female,22-01-2025,Contract,Scooter,LOC0047
DEL03298,Jayesh Edwin,+91 64398 77835,Male,19-01-2026,Contract,Van,LOC0083
DEL03299,Shayak Chada,+91 71965 40004,Male,28-03-2026,Contract,EV Bike,LOC0008
DEL03300,Misha Sura,+91 67842 53273,Female,08-06-2023,Contract,EV Bike,LOC0101
DEL03301,Yakshit Anne,+91 88631 14170,Female,22-10-2023,Contract,Bike,LOC0028
DEL03302,Ivana Sangha,+91 60315 59121,Female,26-03-2024,Contract,Van,LOC0083
DEL03303,Saksham Bir,+91 85978 64518,Male,07-03-2022,Contract,EV Bike,LOC0036
DEL03304,Aarush Bali,+91 68437 32157,Male,26-02-2023,Full-Time,Van,LOC0003
DEL03305,Kiara Mangal,+91 90729 98582,Male,14-11-2021,Contract,EV Bike,LOC0045
DEL03306,Dishani Sinha,+91 61290 81502,Male,26-11-2022,Full-Time,Van,LOC0035
DEL03307,Vedika Zachariah,+91 90835 34685,Female,05-04-2025,Contract,Bike,LOC0085
DEL03308,Purab Bhatia,+91 70816 94742,Female,14-04-2024,Contract,Van,LOC0093
DEL03309,Yuvraj  Desai,+91 67551 38003,Female,06-10-2025,Full-Time,Van,LOC0110
DEL03310,Jhanvi Dyal,+91 87336 65813,Female,14-12-2024,Contract,Scooter,LOC0056
DEL03311,Nitara Srinivas,+91 81315 82201,Female,30-11-2024,Full-Time,Van,LOC0109
DEL03312,Ehsaan Rao,+91 77327 34797,Female,16-04-2024,Contract,EV Bike,LOC0010
DEL03313,Krish Saraf,+91 69034 90888,Female,04-05-2025,Full-Time,Scooter,LOC0051
DEL03314,Lakshit Kata,+91 74751 94944,Female,20-05-2024,Full-Time,EV Bike,LOC0031
DEL03315,Hunar Krishna,+91 80534 53520,Female,19-11-2024,Contract,Scooter,LOC0043
DEL03316,Shanaya Banerjee,+91 68646 00593,Male,18-08-2022,Contract,Scooter,LOC0073
DEL03317,Shalv Tak,+91 64887 67155,Female,11-10-2021,Contract,Scooter,LOC0036
DEL03318,Aayush Hegde,+91 63770 81810,Male,20-07-2025,Full-Time,Bike,LOC0076
DEL03319,Lakshit Gara,+91 81638 78794,Female,26-08-2024,Full-Time,Van,LOC0041
DEL03320,Samiha Madan,+91 86198 95217,Male,31-10-2024,Full-Time,Van,LOC0065
DEL03321,Ryan Sami,+91 94937 23790,Male,20-03-2026,Full-Time,Scooter,LOC0030
DEL03322,Veer Wable,+91 96363 05999,Male,26-07-2023,Full-Time,Scooter,LOC0007
DEL03323,Jayesh Kulkarni,+91 94674 09243,Female,18-01-2023,Contract,EV Bike,LOC0084
DEL03324,Uthkarsh Sathe,+91 75745 20659,Male,03-02-2025,Full-Time,Bike,LOC0096
DEL03325,Kanav Rajan,+91 88660 17190,Male,15-02-2023,Full-Time,Van,LOC0097
DEL03326,Miraan Dar,+91 63454 99062,Female,30-08-2021,Contract,Bike,LOC0093
DEL03327,Veer Sule,+91 88226 05168,Male,23-08-2025,Contract,Bike,LOC0057
DEL03328,Nishith Raj,+91 78396 08058,Female,03-04-2024,Full-Time,Van,LOC0017
DEL03329,Miraya Balasubramanian,+91 85129 35098,Female,05-04-2024,Contract,EV Bike,LOC0046
DEL03330,Indrans Sangha,+91 79450 51856,Female,20-01-2026,Contract,Bike,LOC0099
DEL03331,Kimaya Dhillon,+91 61456 78531,Female,16-06-2025,Contract,EV Bike,LOC0088
DEL03332,Kiaan Bhargava,+91 93797 75557,Male,23-02-2023,Full-Time,EV Bike,LOC0063
DEL03333,Badal Yohannan,+91 91983 06771,Female,16-04-2025,Contract,Scooter,LOC0085
DEL03334,Uthkarsh Borra,+91 99363 27414,Female,10-05-2025,Contract,Scooter,LOC0023
DEL03335,Himmat Varghese,+91 95288 56313,Female,13-06-2023,Contract,Scooter,LOC0007
DEL03336,Yuvraj  Varma,+91 81427 62168,Male,09-08-2022,Contract,EV Bike,LOC0065
DEL03337,Nakul Devi,+91 97092 68234,Female,04-06-2021,Contract,EV Bike,LOC0028
DEL03338,Neelofar Batta,+91 72533 35965,Male,04-07-2025,Contract,Bike,LOC0082
DEL03339,Nirvaan Ram,+91 90736 32981,Female,11-03-2026,Full-Time,EV Bike,LOC0098
DEL03340,Dhanuk Bail,+91 77755 99696,Male,02-07-2023,Contract,EV Bike,LOC0038
DEL03341,Rohan Banerjee,+91 71004 80407,Male,23-05-2024,Full-Time,Scooter,LOC0074
DEL03342,Prisha Goel,+91 77360 82261,Male,02-10-2024,Contract,EV Bike,LOC0064
DEL03343,Gokul Johal,+91 66543 71380,Male,23-02-2024,Contract,Scooter,LOC0030
DEL03344,Kismat Venkataraman,+91 68321 65690,Male,08-05-2022,Full-Time,Van,LOC0104
DEL03345,Bhamini Bajwa,+91 70404 41338,Female,21-09-2021,Contract,Scooter,LOC0096
DEL03346,Aarav Karan,+91 81931 99891,Female,24-10-2024,Contract,EV Bike,LOC0019
DEL03347,Krish Bhatti,+91 63243 36770,Female,10-09-2021,Full-Time,Scooter,LOC0080
DEL03348,Baiju Krish,+91 71623 34636,Female,13-07-2024,Contract,Bike,LOC0103
DEL03349,Devansh Raju,+91 72531 20201,Male,09-04-2024,Contract,EV Bike,LOC0065
DEL03350,Jivin Dara,+91 65931 00299,Female,11-08-2025,Contract,EV Bike,LOC0103
DEL03351,Yakshit Thakkar,+91 97816 02097,Male,29-06-2022,Contract,Bike,LOC0085
DEL03352,Lagan Sankar,+91 62363 81613,Male,05-06-2021,Full-Time,Van,LOC0112
DEL03353,Ivana Dugar,+91 80717 49626,Male,23-01-2026,Full-Time,Bike,LOC0072
DEL03354,Nirvaan Amble,+91 70451 90963,Female,24-10-2023,Contract,Bike,LOC0083
DEL03355,Mahika Kota,+91 70703 79194,Female,16-06-2024,Full-Time,Scooter,LOC0094
DEL03356,Lavanya Sani,+91 65724 49517,Male,01-08-2022,Full-Time,Bike,LOC0057
DEL03357,Rania Biswas,+91 75624 23173,Female,02-01-2025,Full-Time,Van,LOC0093
DEL03358,Zaina Desai,+91 61019 68971,Female,23-10-2021,Full-Time,EV Bike,LOC0068
DEL03359,Kaira Gour,+91 92166 94949,Male,15-07-2022,Contract,Bike,LOC0103
DEL03360,Zara Sani,+91 65545 79907,Male,23-11-2023,Contract,Scooter,LOC0112
DEL03361,Zara Kibe,+91 86615 11964,Female,10-01-2023,Contract,Van,LOC0087
DEL03362,Eshani Wable,+91 93226 28871,Male,07-10-2022,Contract,Bike,LOC0106
DEL03363,Damini Krishnan,+91 97928 04107,Male,21-08-2025,Full-Time,Van,LOC0092
DEL03364,Yasmin Kari,+91 78641 33541,Male,27-02-2024,Contract,Van,LOC0013
DEL03365,Nitara Ramanathan,+91 95262 13408,Female,20-02-2024,Contract,Bike,LOC0057
DEL03366,Sumer Toor,+91 69760 79408,Female,25-09-2024,Full-Time,Scooter,LOC0076
DEL03367,Hansh Sibal,+91 69772 77475,Male,31-12-2024,Full-Time,EV Bike,LOC0031
DEL03368,Zeeshan Dyal,+91 62006 47303,Female,09-03-2025,Full-Time,Scooter,LOC0073
DEL03369,Amani Dube,+91 87681 86070,Male,02-12-2022,Full-Time,Scooter,LOC0037
DEL03370,Ryan Raj,+91 86958 91283,Female,03-01-2026,Full-Time,Bike,LOC0023
DEL03371,Mannat Ratti,+91 98376 68936,Female,01-04-2022,Contract,EV Bike,LOC0058
DEL03372,Shaan Tara,+91 94789 79766,Male,25-07-2022,Full-Time,EV Bike,LOC0019
DEL03373,Dharmajan Banik,+91 65430 71062,Female,13-11-2021,Full-Time,EV Bike,LOC0109
DEL03374,Tushar Andra,+91 66891 39036,Female,30-12-2024,Contract,Bike,LOC0002
DEL03375,Aradhya Jaggi,+91 95976 04620,Female,03-05-2023,Contract,EV Bike,LOC0013
DEL03376,Aarav Mand,+91 73051 37069,Male,12-12-2021,Contract,Bike,LOC0033
DEL03377,Eva Mallick,+91 86608 83618,Male,20-11-2025,Contract,Scooter,LOC0006
DEL03378,Neysa Ramaswamy,+91 89428 58863,Male,07-07-2022,Contract,Bike,LOC0053
DEL03379,Hazel Atwal,+91 83114 21983,Female,18-01-2022,Contract,EV Bike,LOC0106
DEL03380,Chirag Rajagopal,+91 84636 72906,Male,01-09-2024,Contract,Van,LOC0056
DEL03381,Yashvi Doctor,+91 82787 69450,Male,29-06-2021,Contract,Van,LOC0037
DEL03382,Sumer Mani,+91 92208 62453,Male,09-03-2026,Contract,Van,LOC0001
DEL03383,Indrajit Shetty,+91 76569 09733,Male,04-08-2022,Full-Time,Scooter,LOC0037
DEL03384,Shamik Karpe,+91 96869 21090,Female,31-12-2024,Contract,Bike,LOC0097
DEL03385,Emir Sundaram,+91 76851 00842,Female,14-09-2023,Full-Time,Bike,LOC0073
DEL03386,Mamooty Lad,+91 89944 10914,Male,24-09-2021,Contract,Scooter,LOC0109
DEL03387,Ela Seth,+91 70489 58829,Female,13-07-2025,Full-Time,Bike,LOC0023
DEL03388,Anay Bhavsar,+91 91772 96215,Male,23-02-2026,Full-Time,EV Bike,LOC0069
DEL03389,Kismat Tak,+91 60541 14548,Male,03-12-2024,Contract,Scooter,LOC0004
DEL03390,Nitya Balasubramanian,+91 69554 77976,Female,12-08-2021,Contract,Scooter,LOC0030
DEL03391,Kavya Konda,+91 91867 13692,Female,27-03-2024,Full-Time,Scooter,LOC0100
DEL03392,Nirvaan Jha,+91 92199 94115,Male,06-01-2025,Full-Time,EV Bike,LOC0071
DEL03393,Kimaya Wable,+91 93607 58296,Male,18-05-2023,Contract,Van,LOC0075
DEL03394,Romil Sen,+91 69408 30435,Female,16-09-2024,Contract,Bike,LOC0067
DEL03395,Amira Boase,+91 93704 46102,Male,24-02-2023,Full-Time,Van,LOC0008
DEL03396,Sana Goda,+91 66763 22860,Male,11-02-2023,Contract,Scooter,LOC0016
DEL03397,Abram Majumdar,+91 80270 58056,Female,09-06-2021,Full-Time,EV Bike,LOC0078
DEL03398,Samarth Divan,+91 83331 11684,Male,12-04-2024,Full-Time,Scooter,LOC0084
DEL03399,Aaryahi Krishnan,+91 82196 22050,Male,19-04-2024,Contract,Scooter,LOC0017
DEL03400,Amira Rana,+91 79025 45752,Female,20-11-2024,Full-Time,Bike,LOC0070
DEL03401,Hrishita Dhawan,+91 93050 71433,Male,19-04-2025,Contract,Van,LOC0010
DEL03402,Eshani Dhillon,+91 85375 70007,Female,14-11-2022,Contract,Scooter,LOC0110
DEL03403,Azad Anand,+91 95134 30542,Female,25-08-2025,Contract,Bike,LOC0064
DEL03404,Dhruv Manne,+91 96072 37425,Male,07-02-2026,Contract,Scooter,LOC0110
DEL03405,Romil Bedi,+91 95067 73431,Male,22-11-2021,Contract,Van,LOC0047
DEL03406,Ishaan Verma,+91 64810 43591,Female,16-09-2024,Contract,Van,LOC0032
DEL03407,Baiju Sachar,+91 90954 12285,Female,23-05-2025,Contract,Bike,LOC0029
DEL03408,Jiya Chana,+91 84547 58786,Male,03-09-2025,Full-Time,Bike,LOC0109
DEL03409,Uthkarsh Bedi,+91 83947 51037,Male,22-09-2025,Contract,Scooter,LOC0034
DEL03410,Aradhya Khalsa,+91 85852 16206,Female,05-06-2023,Full-Time,EV Bike,LOC0112
DEL03411,Tarini Ray,+91 62662 30015,Female,11-02-2022,Contract,Bike,LOC0084
DEL03412,Zeeshan Aurora,+91 91809 65552,Male,28-06-2023,Contract,EV Bike,LOC0004
DEL03413,Jiya Savant,+91 73174 00049,Female,25-07-2023,Full-Time,Scooter,LOC0029
DEL03414,Nayantara Solanki,+91 70846 57832,Female,31-05-2021,Full-Time,Scooter,LOC0056
DEL03415,Madhav Shah,+91 84760 42579,Male,30-03-2023,Contract,Scooter,LOC0106
DEL03416,Abram Sastry,+91 68047 55336,Male,30-03-2024,Contract,Bike,LOC0018
DEL03417,Lagan Barad,+91 62583 51278,Female,11-07-2021,Contract,EV Bike,LOC0086
DEL03418,Riya Chadha,+91 88617 09987,Male,19-10-2025,Full-Time,Scooter,LOC0069
DEL03419,Urvi Krish,+91 83196 95873,Female,15-12-2021,Full-Time,Bike,LOC0088
DEL03420,Zaina Bandi,+91 80413 29128,Male,30-12-2023,Full-Time,Scooter,LOC0106
DEL03421,Sana Warrior,+91 91240 84615,Male,15-07-2024,Contract,Bike,LOC0058
DEL03422,Ranbir Rastogi,+91 89031 98174,Male,22-09-2021,Full-Time,Van,LOC0047
DEL03423,Manikya Deol,+91 87313 93464,Male,21-12-2022,Contract,EV Bike,LOC0087
DEL03424,Biju Hayer,+91 67462 73086,Female,13-03-2024,Full-Time,Bike,LOC0073
DEL03425,Indrajit Warrior,+91 65448 10123,Female,01-06-2025,Contract,Scooter,LOC0013
DEL03426,Nishith Chaudhary,+91 93554 79536,Female,22-10-2022,Contract,EV Bike,LOC0065
DEL03427,Badal Luthra,+91 84928 53914,Male,24-05-2021,Full-Time,Bike,LOC0016
DEL03428,Zeeshan Barad,+91 66384 69375,Female,29-04-2024,Full-Time,Scooter,LOC0023
DEL03429,Shamik Kuruvilla,+91 80652 30770,Female,14-02-2025,Full-Time,EV Bike,LOC0088
DEL03430,Heer Issac,+91 75227 78610,Male,31-05-2024,Full-Time,Van,LOC0037
DEL03431,Advika Bhatt,+91 76908 06012,Male,13-02-2024,Full-Time,EV Bike,LOC0112
DEL03432,Kabir Shah,+91 72221 12637,Female,02-04-2023,Full-Time,Van,LOC0008
DEL03433,Navya Tailor,+91 90037 46992,Male,16-12-2024,Contract,Bike,LOC0035
DEL03434,Oorja Rajan,+91 84448 17834,Female,10-10-2023,Contract,Scooter,LOC0067
DEL03435,Aarush Banik,+91 84437 67187,Female,22-07-2024,Contract,EV Bike,LOC0113
DEL03436,Urvi Virk,+91 65822 18090,Male,07-07-2021,Full-Time,Scooter,LOC0058
DEL03437,Prerak Chandra,+91 65230 59589,Female,12-04-2024,Contract,EV Bike,LOC0109
DEL03438,Himmat Yadav,+91 89074 36181,Female,19-12-2021,Contract,EV Bike,LOC0017
DEL03439,Vritika Bhagat,+91 61068 14892,Male,05-03-2025,Contract,Van,LOC0060
DEL03440,Vivaan Borra,+91 75506 44486,Female,31-01-2026,Full-Time,Bike,LOC0061
DEL03441,Seher Warrior,+91 90189 47111,Male,10-02-2025,Full-Time,Bike,LOC0105
DEL03442,Ehsaan Date,+91 92194 55466,Male,05-03-2022,Contract,Van,LOC0001
DEL03443,Mohanlal Balakrishnan,+91 69719 12071,Female,27-11-2024,Full-Time,Van,LOC0038
DEL03444,Sumer Kumer,+91 79203 91810,Female,17-10-2024,Full-Time,Scooter,LOC0061
DEL03445,Tiya Kaur,+91 77974 83050,Male,04-10-2023,Contract,EV Bike,LOC0110
DEL03446,Aarna Dube,+91 86271 90726,Male,06-01-2022,Full-Time,Van,LOC0017
DEL03447,Zain Dhawan,+91 83772 97092,Female,15-10-2025,Contract,Scooter,LOC0062
DEL03448,Indranil Rama,+91 98889 43846,Female,09-04-2024,Full-Time,Van,LOC0074
DEL03449,Shaan Batta,+91 76322 30414,Male,06-06-2025,Full-Time,Scooter,LOC0087
DEL03450,Jivin Guha,+91 67309 92310,Female,26-01-2024,Contract,EV Bike,LOC0075
DEL03451,Riaan Sengupta,+91 71208 86930,Female,09-02-2026,Contract,EV Bike,LOC0058
DEL03452,Arnav Bora,+91 61155 58672,Female,09-11-2025,Contract,Van,LOC0023
DEL03453,Aniruddh Srivastava,+91 90120 29667,Male,10-06-2021,Contract,Van,LOC0062
DEL03454,Trisha Sridhar,+91 67400 05797,Male,18-06-2024,Full-Time,Bike,LOC0044
DEL03455,Lagan Raja,+91 84091 98409,Female,09-01-2024,Contract,Van,LOC0014
DEL03456,Fateh Sawhney,+91 87219 22477,Female,06-04-2021,Full-Time,Van,LOC0072
DEL03457,Tushar Gokhale,+91 83569 75637,Male,13-11-2025,Full-Time,Scooter,LOC0023
DEL03458,Kavya Wadhwa,+91 81973 02455,Male,21-10-2022,Full-Time,EV Bike,LOC0074
DEL03459,Ivan Hari,+91 94228 13915,Female,25-07-2021,Contract,Van,LOC0060
DEL03460,Saksham Koshy,+91 94413 59691,Female,23-07-2024,Contract,EV Bike,LOC0072
DEL03461,Neysa Babu,+91 69031 95917,Male,19-03-2025,Full-Time,EV Bike,LOC0029
DEL03462,Indrans Kohli,+91 63724 09194,Female,13-12-2022,Contract,Scooter,LOC0112
DEL03463,Adah Khatri,+91 89452 88525,Male,28-11-2022,Full-Time,EV Bike,LOC0107
DEL03464,Kimaya Mane,+91 94733 84177,Male,19-01-2024,Contract,Van,LOC0072
DEL03465,Bhavin Sane,+91 89696 53451,Male,23-10-2024,Full-Time,Van,LOC0075
DEL03466,Aarush Bal,+91 72440 30638,Female,04-12-2023,Contract,EV Bike,LOC0001
DEL03467,Urvi Ratti,+91 79272 21728,Male,22-03-2025,Full-Time,Scooter,LOC0066
DEL03468,Heer Vaidya,+91 85240 97595,Female,22-08-2025,Contract,Bike,LOC0079
DEL03469,Lagan Dhar,+91 90383 96887,Male,18-12-2023,Full-Time,Scooter,LOC0111
DEL03470,Saanvi Ganguly,+91 80960 26194,Male,01-03-2022,Full-Time,Van,LOC0043
DEL03471,Anahita Chakraborty,+91 73205 47308,Male,10-02-2024,Contract,Bike,LOC0079
DEL03472,Ivan Raman,+91 89530 66601,Female,07-11-2025,Contract,Van,LOC0058
DEL03473,Mehul Desai,+91 76563 77534,Female,17-07-2024,Full-Time,EV Bike,LOC0070
DEL03474,Parinaaz Gala,+91 71872 83396,Male,22-05-2024,Contract,Van,LOC0103
DEL03475,Dhanuk Basak,+91 83743 16384,Male,05-06-2022,Full-Time,Scooter,LOC0047
DEL03476,Aaina Butala,+91 75419 68517,Male,26-02-2024,Contract,Van,LOC0016
DEL03477,Tushar Din,+91 98303 69291,Male,01-04-2021,Full-Time,Scooter,LOC0096
DEL03478,Lakshit Savant,+91 65898 30405,Female,03-11-2025,Contract,Bike,LOC0094
DEL03479,Raunak Kamdar,+91 77162 20850,Female,31-08-2025,Full-Time,Scooter,LOC0040
DEL03480,Veer Chopra,+91 86824 52116,Male,30-05-2023,Full-Time,Van,LOC0017
DEL03481,Misha Karan,+91 68921 85036,Female,04-11-2022,Full-Time,Bike,LOC0063
DEL03482,Kiara Dar,+91 88227 76709,Female,15-06-2021,Contract,Scooter,LOC0069
DEL03483,Anaya Lanka,+91 78239 00316,Male,17-05-2024,Full-Time,Bike,LOC0028
DEL03484,Nitya Rao,+91 76219 62897,Female,01-02-2026,Contract,EV Bike,LOC0032
DEL03485,Ehsaan Dass,+91 86534 98159,Female,18-02-2024,Full-Time,Scooter,LOC0012
DEL03486,Dhruv Chauhan,+91 73819 07138,Male,28-03-2023,Contract,Scooter,LOC0110
DEL03487,Miraan Brar,+91 89093 33503,Male,10-05-2022,Contract,Van,LOC0090
DEL03488,Jayan Sharma,+91 86004 09676,Female,01-01-2024,Full-Time,Scooter,LOC0002
DEL03489,Gatik Gulati,+91 85595 08593,Female,29-07-2023,Contract,Van,LOC0104
DEL03490,Saanvi Agarwal,+91 62428 38248,Female,06-01-2022,Contract,Van,LOC0092
DEL03491,Vihaan Jaggi,+91 83401 05877,Male,31-01-2023,Contract,Van,LOC0055
DEL03492,Romil Acharya,+91 82858 21507,Female,27-04-2023,Contract,Van,LOC0072
DEL03493,Ojas Choudhry,+91 79880 91523,Female,30-09-2025,Full-Time,Van,LOC0041
DEL03494,Zain Garg,+91 72062 17804,Female,07-03-2026,Full-Time,Van,LOC0053
DEL03495,Nishith Mallick,+91 85208 79130,Female,16-12-2021,Contract,EV Bike,LOC0040
DEL03496,Aaina Subramaniam,+91 62710 56787,Male,07-07-2024,Contract,Van,LOC0100
DEL03497,Dharmajan Kala,+91 83613 65768,Female,08-04-2021,Contract,EV Bike,LOC0093
DEL03498,Lakshit Korpal,+91 64425 27804,Male,04-12-2021,Contract,Van,LOC0043
DEL03499,Lagan Bhatti,+91 76233 79949,Female,10-05-2023,Full-Time,Scooter,LOC0096
DEL03500,Rasha Bobal,+91 78621 54996,Male,20-12-2021,Full-Time,EV Bike,LOC0025
DEL03501,Seher Madan,+91 67654 87687,Male,20-02-2025,Full-Time,Van,LOC0021
DEL03502,Elakshi Ganguly,+91 62745 61652,Female,21-02-2022,Full-Time,EV Bike,LOC0054
DEL03503,Madhav Ganguly,+91 95632 98276,Female,30-06-2025,Full-Time,Bike,LOC0044
DEL03504,Kabir Dara,+91 94900 54449,Male,06-09-2022,Full-Time,Van,LOC0032
DEL03505,Parinaaz Rama,+91 92786 45220,Male,24-03-2025,Full-Time,Scooter,LOC0100
DEL03506,Ryan Khatri,+91 79037 96134,Female,22-11-2023,Full-Time,EV Bike,LOC0080
DEL03507,Rati Khurana,+91 70780 03252,Male,16-10-2023,Contract,Van,LOC0092
DEL03508,Rhea Mand,+91 84125 76876,Female,26-11-2023,Contract,EV Bike,LOC0097
DEL03509,Seher Datta,+91 73371 93341,Female,25-03-2025,Contract,Van,LOC0086
DEL03510,Nishith Mani,+91 97243 75127,Female,03-02-2023,Contract,Van,LOC0008
DEL03511,Faiyaz Sampath,+91 99778 97355,Male,03-01-2025,Full-Time,EV Bike,LOC0111
DEL03512,Purab Khalsa,+91 95038 81917,Female,04-09-2025,Contract,Van,LOC0080
DEL03513,Piya Sachar,+91 83535 37738,Female,16-06-2021,Contract,EV Bike,LOC0036
DEL03514,Ranbir Dasgupta,+91 89741 38229,Female,18-05-2022,Full-Time,Van,LOC0032
DEL03515,Manikya Sangha,+91 71915 75458,Male,24-09-2023,Contract,Scooter,LOC0006
DEL03516,Aaryahi Srinivas,+91 88861 51114,Male,26-03-2026,Contract,Bike,LOC0040
DEL03517,Faiyaz Hora,+91 61825 44916,Female,23-05-2023,Full-Time,Scooter,LOC0111
DEL03518,Krish Shukla,+91 65993 89772,Male,12-12-2024,Full-Time,Scooter,LOC0080
DEL03519,Azad Kumer,+91 65021 54083,Male,05-02-2022,Contract,Van,LOC0044
DEL03520,Rhea Balay,+91 70671 58480,Male,16-07-2021,Contract,Bike,LOC0083
DEL03521,Tushar Dara,+91 64076 66849,Male,17-11-2021,Contract,Scooter,LOC0071
DEL03522,Nirvaan Bora,+91 92069 83312,Female,13-12-2023,Full-Time,EV Bike,LOC0006
DEL03523,Nishith Bhargava,+91 70951 97612,Female,29-09-2023,Contract,EV Bike,LOC0011
DEL03524,Khushi Ratti,+91 71695 23296,Male,18-03-2022,Contract,Van,LOC0031
DEL03525,Zoya Deep,+91 89880 59908,Male,12-04-2024,Contract,Scooter,LOC0012
DEL03526,Bhavin Bhatnagar,+91 86363 27764,Female,02-06-2021,Contract,Scooter,LOC0101
DEL03527,Farhan Sami,+91 88725 80122,Female,25-11-2024,Contract,Scooter,LOC0092
DEL03528,Eva Bala,+91 92602 27689,Male,17-02-2026,Contract,Scooter,LOC0059
DEL03529,Aradhya Suresh,+91 89372 41218,Male,09-04-2025,Contract,Scooter,LOC0049
DEL03530,Stuvan Sagar,+91 61948 08863,Female,26-02-2023,Contract,Bike,LOC0001
DEL03531,Ryan Agrawal,+91 90827 69021,Male,05-08-2023,Contract,Scooter,LOC0089
DEL03532,Pari Subramaniam,+91 89285 69584,Male,07-05-2022,Contract,EV Bike,LOC0049
DEL03533,Shayak Sandhu,+91 87902 00658,Male,30-03-2023,Full-Time,EV Bike,LOC0067
DEL03534,Kartik Roy,+91 70554 80009,Female,13-11-2022,Full-Time,EV Bike,LOC0044
DEL03535,Vardaniya Rajan,+91 92438 38836,Male,07-02-2026,Contract,Van,LOC0047
DEL03536,Ryan Raval,+91 67281 30257,Male,14-07-2022,Contract,Bike,LOC0005
DEL03537,Fateh Sanghvi,+91 94337 60308,Male,23-08-2023,Contract,Bike,LOC0045
DEL03538,Kaira Dutt,+91 71155 30805,Female,22-04-2023,Contract,Van,LOC0031
DEL03539,Jhanvi Dhingra,+91 62026 84151,Male,19-02-2025,Full-Time,EV Bike,LOC0107
DEL03540,Uthkarsh Ramesh,+91 77678 67747,Male,11-10-2022,Contract,EV Bike,LOC0102
DEL03541,Priyansh Manda,+91 70289 38531,Male,09-06-2021,Contract,Scooter,LOC0013
DEL03542,Piya Sabharwal,+91 82690 39089,Female,13-03-2022,Contract,Bike,LOC0037
DEL03543,Vaibhav Jaggi,+91 99850 08448,Male,18-06-2025,Full-Time,Van,LOC0008
DEL03544,Prerak Chaudhari,+91 82406 52771,Male,26-05-2025,Contract,EV Bike,LOC0021
DEL03545,Mehul Bhalla,+91 86107 50678,Female,27-06-2024,Contract,Scooter,LOC0085
DEL03546,Anahita Swaminathan,+91 71729 70049,Female,23-05-2025,Contract,Van,LOC0039
DEL03547,Aaryahi Atwal,+91 92044 58219,Female,13-11-2025,Full-Time,EV Bike,LOC0011
DEL03548,Hansh Bhatti,+91 70308 89228,Male,07-03-2025,Full-Time,Bike,LOC0061
DEL03549,Dhanush Gera,+91 61288 61849,Male,23-06-2024,Contract,EV Bike,LOC0042
DEL03550,Piya Ratti,+91 89883 45929,Female,20-11-2021,Full-Time,Van,LOC0042
DEL03551,Nehmat Contractor,+91 79459 52028,Male,16-07-2021,Full-Time,Scooter,LOC0044
DEL03552,Arnav Kalita,+91 70909 74059,Female,09-05-2022,Full-Time,EV Bike,LOC0065
DEL03553,Dishani Swaminathan,+91 75378 01621,Female,20-10-2022,Full-Time,Van,LOC0019
DEL03554,Anaya Kadakia,+91 60780 07406,Female,08-04-2022,Contract,Van,LOC0021
DEL03555,Mohanlal Baria,+91 60559 34398,Male,09-07-2022,Contract,Scooter,LOC0061
DEL03556,Ishaan Anne,+91 81706 21894,Female,13-02-2024,Contract,Van,LOC0058
DEL03557,Ishaan Sethi,+91 88988 70693,Male,10-02-2023,Full-Time,Van,LOC0101
DEL03558,Raghav Halder,+91 64328 53427,Female,05-10-2025,Contract,EV Bike,LOC0100
DEL03559,Bhamini Som,+91 85754 93883,Male,18-09-2023,Full-Time,EV Bike,LOC0088
DEL03560,Anika Sama,+91 71812 70551,Male,14-05-2024,Contract,Scooter,LOC0107
DEL03561,Ehsaan Kadakia,+91 76160 68251,Male,18-02-2025,Contract,EV Bike,LOC0039
DEL03562,Manjari Karan,+91 94242 09519,Male,17-07-2024,Full-Time,Van,LOC0049
DEL03563,Nayantara Mangal,+91 88653 25360,Female,01-05-2022,Contract,Van,LOC0076
DEL03564,Hansh Mangat,+91 97937 83882,Male,25-11-2025,Full-Time,Scooter,LOC0077
DEL03565,Emir Korpal,+91 84485 13122,Male,28-08-2024,Full-Time,Van,LOC0007
DEL03566,Neelofar Upadhyay,+91 67942 51225,Female,12-08-2022,Contract,Van,LOC0065
DEL03567,Dhanuk Chada,+91 78189 41204,Male,03-06-2024,Full-Time,Scooter,LOC0046
DEL03568,Biju Mangal,+91 68073 09118,Female,09-10-2024,Contract,Bike,LOC0078
DEL03569,Lakshay Tripathi,+91 86954 40548,Male,22-08-2023,Full-Time,EV Bike,LOC0020
DEL03570,Hansh Jha,+91 93113 81607,Female,06-11-2022,Full-Time,EV Bike,LOC0028
DEL03571,Taran Bhavsar,+91 84584 47013,Female,22-05-2022,Contract,EV Bike,LOC0009
DEL03572,Jayan Dey,+91 92792 32006,Male,23-11-2023,Full-Time,Bike,LOC0051
DEL03573,Shlok Mani,+91 64866 21908,Male,23-06-2024,Contract,Scooter,LOC0076
DEL03574,Uthkarsh Sant,+91 85426 23062,Female,31-05-2024,Full-Time,Van,LOC0090
DEL03575,Shanaya Gour,+91 65580 19241,Female,11-05-2025,Full-Time,Van,LOC0084
DEL03576,Ayesha Sur,+91 96896 90161,Female,12-11-2024,Full-Time,Bike,LOC0089
DEL03577,Indranil Chhabra,+91 80273 70395,Female,21-01-2022,Contract,Bike,LOC0089
DEL03578,Raghav Sunder,+91 75688 31809,Female,23-06-2025,Full-Time,EV Bike,LOC0045
DEL03579,Aarush Tiwari,+91 69292 82745,Male,23-09-2023,Contract,Bike,LOC0013
DEL03580,Elakshi Raval,+91 72488 97242,Female,28-02-2025,Contract,Van,LOC0069
DEL03581,Arhaan Balay,+91 94768 37722,Female,05-11-2023,Contract,EV Bike,LOC0005
DEL03582,Lakshit Tripathi,+91 92291 81868,Female,22-04-2021,Contract,EV Bike,LOC0034
DEL03583,Trisha Chowdhury,+91 61859 58879,Female,19-06-2025,Full-Time,Scooter,LOC0092
DEL03584,Kabir Ram,+91 95348 31101,Male,09-01-2026,Contract,EV Bike,LOC0046
DEL03585,Anay Srinivasan,+91 84047 16860,Female,08-08-2021,Contract,Scooter,LOC0109
DEL03586,Mannat Shah,+91 71436 99794,Female,10-03-2024,Contract,Van,LOC0111
DEL03587,Kiara Seth,+91 75070 04380,Female,10-04-2024,Full-Time,Scooter,LOC0021
DEL03588,Raunak Kakar,+91 96169 95843,Female,13-01-2026,Full-Time,EV Bike,LOC0033
DEL03589,Kanav Deo,+91 82121 37748,Female,10-01-2023,Full-Time,Van,LOC0097
DEL03590,Aayush Chada,+91 65489 34529,Female,30-11-2023,Contract,Van,LOC0041
DEL03591,Zaina Golla,+91 87894 95303,Male,20-05-2022,Contract,Scooter,LOC0063
DEL03592,Suhana Mall,+91 94201 48625,Male,18-12-2023,Contract,Van,LOC0075
DEL03593,Jivin Sane,+91 87274 54800,Male,25-07-2025,Contract,Scooter,LOC0010
DEL03594,Gatik Chand,+91 97516 76636,Male,18-08-2024,Full-Time,Scooter,LOC0108
DEL03595,Yashvi Ramanathan,+91 94308 95006,Female,12-12-2024,Full-Time,Bike,LOC0039
DEL03596,Aayush Iyengar,+91 95756 03676,Female,02-02-2025,Full-Time,Bike,LOC0075
DEL03597,Zara Goel,+91 77207 41993,Female,02-01-2023,Full-Time,Bike,LOC0001
DEL03598,Anaya Lanka,+91 97470 62415,Male,08-11-2025,Contract,EV Bike,LOC0111
DEL03599,Umang Hora,+91 99686 02088,Female,27-05-2024,Full-Time,Bike,LOC0098
DEL03600,Shlok Rege,+91 70442 56947,Male,18-06-2024,Contract,Bike,LOC0105
DEL03601,Tanya Badami,+91 77821 79185,Female,10-09-2023,Contract,Scooter,LOC0033
DEL03602,Riya Babu,+91 85028 61043,Female,31-08-2024,Full-Time,Bike,LOC0065
DEL03603,Nirvaan Zachariah,+91 69716 83881,Female,19-12-2024,Contract,Bike,LOC0009
DEL03604,Urvi Bains,+91 81122 11234,Male,19-02-2024,Contract,EV Bike,LOC0059
DEL03605,Yashvi Bala,+91 73985 11739,Female,12-03-2024,Full-Time,Van,LOC0053
DEL03606,Hrishita Dada,+91 98714 80364,Male,22-03-2023,Contract,EV Bike,LOC0044
DEL03607,Sara Batta,+91 93183 78093,Female,29-06-2021,Contract,EV Bike,LOC0084
DEL03608,Emir Saxena,+91 96272 66578,Female,23-10-2022,Contract,Bike,LOC0084
DEL03609,Vanya Gulati,+91 73358 44856,Female,17-02-2022,Contract,Scooter,LOC0102
DEL03610,Ishaan Uppal,+91 75951 95631,Female,04-04-2022,Full-Time,EV Bike,LOC0106
DEL03611,Mishti Shere,+91 88412 55660,Female,24-08-2025,Contract,Scooter,LOC0032
DEL03612,Dishani Bhardwaj,+91 63114 86961,Female,30-09-2021,Contract,Scooter,LOC0015
DEL03613,Jhanvi Raj,+91 80422 27409,Female,09-07-2025,Contract,Scooter,LOC0021
DEL03614,Vihaan Deo,+91 89712 64589,Female,26-01-2022,Full-Time,Bike,LOC0092
DEL03615,Kimaya Chad,+91 76893 42896,Male,06-10-2021,Contract,Van,LOC0025
DEL03616,Ayesha Baria,+91 89750 48774,Female,04-02-2026,Full-Time,Bike,LOC0039
DEL03617,Yuvaan Vaidya,+91 89633 81635,Female,31-05-2025,Full-Time,Scooter,LOC0042
DEL03618,Ivana Sehgal,+91 76694 11836,Male,13-06-2022,Contract,Van,LOC0090
DEL03619,Renee Hari,+91 83901 80324,Male,05-04-2021,Contract,Van,LOC0039
DEL03620,Vihaan Deol,+91 73856 45941,Male,19-02-2024,Contract,Bike,LOC0073
DEL03621,Zain Magar,+91 79993 68956,Male,01-07-2021,Contract,Van,LOC0064
DEL03622,Adira Kumer,+91 98505 68430,Female,09-03-2025,Full-Time,EV Bike,LOC0034
DEL03623,Farhan Ganguly,+91 96964 11246,Female,06-07-2024,Contract,Bike,LOC0047
DEL03624,Stuvan Chaudhuri,+91 92143 38205,Male,02-05-2021,Contract,Bike,LOC0053
DEL03625,Taran Hegde,+91 71681 22846,Male,30-08-2023,Full-Time,Van,LOC0085
DEL03626,Tiya De,+91 82051 74828,Female,30-10-2022,Contract,Scooter,LOC0051
DEL03627,Anahita Bhagat,+91 99923 99965,Female,05-05-2022,Contract,Van,LOC0097
DEL03628,Urvi Salvi,+91 87894 74873,Female,02-07-2022,Contract,EV Bike,LOC0112
DEL03629,Khushi Rao,+91 82850 39569,Male,28-06-2022,Contract,Scooter,LOC0041
DEL03630,Saanvi Sehgal,+91 84452 52016,Female,21-02-2026,Contract,Bike,LOC0046
DEL03631,Farhan Kapur,+91 98122 50217,Male,17-09-2021,Contract,Van,LOC0105
DEL03632,Anahi Sem,+91 91400 98104,Female,12-04-2022,Contract,Bike,LOC0091
DEL03633,Ranbir Vohra,+91 67787 11268,Female,12-05-2021,Full-Time,EV Bike,LOC0060
DEL03634,Amani Dugar,+91 84608 91251,Male,29-05-2022,Contract,Bike,LOC0027
DEL03635,Lakshit Mangat,+91 63803 17390,Female,13-04-2023,Contract,Bike,LOC0047
DEL03636,Tara Dhingra,+91 68266 05886,Female,15-09-2023,Contract,EV Bike,LOC0057
DEL03637,Amira Dara,+91 98918 30688,Male,24-07-2024,Full-Time,Bike,LOC0057
DEL03638,Biju Rout,+91 96248 48811,Male,05-08-2022,Full-Time,EV Bike,LOC0108
DEL03639,Yuvraj  Apte,+91 91136 69226,Male,24-10-2021,Full-Time,Bike,LOC0069
DEL03640,Nirvi Jain,+91 83949 73320,Female,15-09-2021,Full-Time,Scooter,LOC0075
DEL03641,Vihaan Srinivasan,+91 78785 66710,Female,07-05-2024,Contract,EV Bike,LOC0099
DEL03642,Aayush Maharaj,+91 75595 88032,Male,03-04-2024,Contract,Scooter,LOC0071
DEL03643,Vedika Chad,+91 93093 35558,Male,28-11-2024,Full-Time,Scooter,LOC0053
DEL03644,Akarsh Tella,+91 93146 62304,Male,27-01-2022,Full-Time,EV Bike,LOC0063
DEL03645,Umang Dutt,+91 97274 05241,Female,21-05-2021,Contract,Bike,LOC0038
DEL03646,Tarini Venkataraman,+91 84644 57147,Female,31-12-2021,Contract,Scooter,LOC0109
DEL03647,Inaaya  Tata,+91 75733 57659,Female,22-06-2025,Full-Time,Van,LOC0044
DEL03648,Azad Suri,+91 77320 75402,Male,19-07-2022,Contract,Scooter,LOC0039
DEL03649,Manjari Hora,+91 97218 25673,Male,18-04-2022,Full-Time,Bike,LOC0104
DEL03650,Vivaan Chawla,+91 86350 22050,Male,30-06-2024,Contract,Scooter,LOC0053
DEL03651,Rhea Rastogi,+91 92771 84862,Male,31-01-2024,Contract,Bike,LOC0079
DEL03652,Gatik Grover,+91 67528 84234,Male,10-05-2022,Contract,Bike,LOC0081
DEL03653,Shray Gupta,+91 60235 12159,Male,22-08-2022,Full-Time,Van,LOC0091
DEL03654,Azad Venkatesh,+91 62497 95994,Female,09-02-2023,Full-Time,Van,LOC0094
DEL03655,Zain Kade,+91 63467 97946,Female,16-09-2025,Full-Time,Van,LOC0014
DEL03656,Mohanlal Buch,+91 74173 20315,Male,30-10-2022,Contract,Scooter,LOC0022
DEL03657,Badal Sur,+91 90819 69184,Male,29-01-2023,Contract,Scooter,LOC0028
DEL03658,Trisha Karnik,+91 60279 25594,Male,06-08-2025,Full-Time,EV Bike,LOC0056
DEL03659,Nitara Butala,+91 70888 10992,Female,09-08-2021,Contract,Bike,LOC0110
DEL03660,Samarth Solanki,+91 82540 69909,Female,16-02-2026,Full-Time,EV Bike,LOC0025
DEL03661,Samar Bobal,+91 78744 76058,Female,28-06-2023,Contract,Scooter,LOC0029
DEL03662,Adah Tiwari,+91 98864 42203,Female,05-05-2023,Contract,Scooter,LOC0075
DEL03663,Anvi Arya,+91 84571 51977,Male,24-06-2021,Contract,Scooter,LOC0004
DEL03664,Misha Bala,+91 69427 93627,Female,06-04-2024,Contract,Bike,LOC0043
DEL03665,Kiara Yogi,+91 74605 01672,Female,10-04-2024,Full-Time,Scooter,LOC0058
DEL03666,Heer Boase,+91 86731 01697,Female,10-12-2024,Full-Time,Bike,LOC0027
DEL03667,Raghav Krish,+91 76248 15246,Female,05-06-2025,Contract,Bike,LOC0057
DEL03668,Hansh Andra,+91 90300 01472,Male,24-04-2023,Full-Time,Van,LOC0030
DEL03669,Prisha Sahota,+91 82358 36761,Male,08-06-2025,Full-Time,EV Bike,LOC0052
DEL03670,Sara Ram,+91 83061 91092,Male,19-06-2021,Full-Time,EV Bike,LOC0011
DEL03671,Shaan Gill,+91 67931 11302,Female,04-05-2024,Full-Time,Bike,LOC0017
DEL03672,Zeeshan Mann,+91 72397 41304,Male,21-09-2023,Full-Time,EV Bike,LOC0033
DEL03673,Yuvraj  Verma,+91 60505 18288,Male,10-08-2021,Full-Time,Van,LOC0082
DEL03674,Ela Chauhan,+91 90818 27115,Female,01-04-2023,Contract,Scooter,LOC0060
DEL03675,Seher Brahmbhatt,+91 82037 56588,Female,07-02-2023,Full-Time,EV Bike,LOC0066
DEL03676,Hazel Rajagopal,+91 94406 24081,Male,28-05-2025,Full-Time,EV Bike,LOC0104
DEL03677,Arnav Hans,+91 72246 19809,Male,21-03-2025,Contract,EV Bike,LOC0002
DEL03678,Jivika Suresh,+91 61204 84854,Male,14-11-2023,Full-Time,Van,LOC0045
DEL03679,Jayan Mangat,+91 64254 09860,Male,26-12-2024,Contract,Van,LOC0028
DEL03680,Adah Agarwal,+91 66335 58035,Male,30-03-2025,Full-Time,Van,LOC0030
DEL03681,Pari Borah,+91 90575 41292,Male,20-07-2022,Contract,Scooter,LOC0084
DEL03682,Khushi Seshadri,+91 88681 58350,Male,20-02-2025,Full-Time,Bike,LOC0040
DEL03683,Vihaan Thakur,+91 65041 59977,Female,23-06-2022,Contract,EV Bike,LOC0013
DEL03684,Chirag Tiwari,+91 92340 82913,Female,03-11-2024,Contract,Van,LOC0098
DEL03685,Jayesh Som,+91 91148 17998,Male,27-09-2023,Contract,EV Bike,LOC0067
DEL03686,Raghav Balasubramanian,+91 66730 58245,Male,15-01-2025,Contract,Van,LOC0108
DEL03687,Ryan Venkataraman,+91 69589 31888,Male,14-03-2026,Full-Time,Van,LOC0031
DEL03688,Tushar Som,+91 84319 50217,Male,26-12-2025,Contract,Scooter,LOC0090
DEL03689,Siya Bahl,+91 76034 37112,Male,05-02-2026,Full-Time,Scooter,LOC0095
DEL03690,Nirvi Manne,+91 62700 26337,Female,14-09-2021,Full-Time,Bike,LOC0005
DEL03691,Aniruddh Bali,+91 98580 14977,Female,19-07-2025,Contract,EV Bike,LOC0037
DEL03692,Gokul Dara,+91 79623 44459,Female,04-01-2025,Contract,Van,LOC0021
DEL03693,Navya Doshi,+91 61739 41288,Female,22-05-2022,Contract,Scooter,LOC0066
DEL03694,Aarna Subramanian,+91 83936 65310,Male,29-10-2022,Full-Time,EV Bike,LOC0071
DEL03695,Dhanush Lanka,+91 86612 52216,Female,23-04-2022,Contract,Bike,LOC0078
DEL03696,Heer Hari,+91 83949 92649,Female,09-01-2023,Contract,Bike,LOC0091
DEL03697,Chirag Madan,+91 80419 73072,Female,02-01-2025,Contract,EV Bike,LOC0030
DEL03698,Gokul Saraf,+91 95277 30928,Female,02-08-2025,Full-Time,EV Bike,LOC0072
DEL03699,Zaina Rastogi,+91 63844 08922,Female,12-05-2022,Full-Time,Van,LOC0073
DEL03700,Nirvaan Sheth,+91 67705 79334,Male,23-08-2021,Contract,EV Bike,LOC0051
DEL03701,Mannat Madan,+91 67881 79593,Female,12-11-2022,Full-Time,EV Bike,LOC0054
DEL03702,Manikya Jani,+91 63178 92657,Female,17-10-2023,Full-Time,Van,LOC0010
DEL03703,Dharmajan Dasgupta,+91 65547 11964,Male,26-10-2022,Contract,Bike,LOC0074
DEL03704,Abram Bose,+91 61831 07845,Male,14-11-2021,Contract,Van,LOC0002
DEL03705,Ayesha Bedi,+91 75570 87826,Female,16-04-2024,Full-Time,Scooter,LOC0098
DEL03706,Urvi Yohannan,+91 71308 99517,Male,08-07-2022,Full-Time,Bike,LOC0037
DEL03707,Zeeshan Lad,+91 81114 16862,Female,06-06-2024,Contract,Scooter,LOC0019
DEL03708,Kismat Ram,+91 75104 86816,Female,19-07-2023,Full-Time,Bike,LOC0073
DEL03709,Kabir Vala,+91 90885 34040,Female,21-11-2022,Contract,Bike,LOC0012
DEL03710,Hazel Sule,+91 67808 02120,Male,03-11-2024,Contract,EV Bike,LOC0028
DEL03711,Jivika Sethi,+91 74935 62253,Male,03-08-2023,Full-Time,Scooter,LOC0057
DEL03712,Abram Saraf,+91 94866 58584,Female,19-05-2021,Contract,EV Bike,LOC0092
DEL03713,Sana Sachdev,+91 65478 70548,Male,08-01-2024,Full-Time,Bike,LOC0072
DEL03714,Diya Bhakta,+91 71660 05451,Female,10-04-2021,Full-Time,Bike,LOC0050
DEL03715,Sara Varkey,+91 86804 32939,Male,15-12-2025,Contract,EV Bike,LOC0018
DEL03716,Romil Kakar,+91 73805 12639,Male,03-01-2023,Contract,Bike,LOC0056
DEL03717,Badal Mangal,+91 61794 86373,Female,01-12-2022,Contract,Scooter,LOC0019
DEL03718,Miraan Sankar,+91 97110 43331,Female,21-09-2024,Full-Time,Scooter,LOC0004
DEL03719,Faiyaz Magar,+91 80106 68126,Male,02-02-2022,Contract,Scooter,LOC0018
DEL03720,Mamooty Kanda,+91 75547 31889,Male,23-12-2023,Full-Time,Bike,LOC0063
DEL03721,Samar Johal,+91 74055 09494,Male,14-04-2022,Full-Time,Scooter,LOC0112
DEL03722,Aaryahi Sama,+91 81182 66608,Male,23-09-2024,Contract,Van,LOC0025
DEL03723,Vaibhav Brar,+91 79618 39404,Male,22-04-2022,Contract,EV Bike,LOC0088
DEL03724,Tara Kata,+91 83444 17165,Male,06-04-2024,Full-Time,Van,LOC0063
DEL03725,Hrishita Raval,+91 81753 42411,Female,28-01-2023,Contract,Van,LOC0031
DEL03726,Devansh Krishnan,+91 61597 51281,Female,01-09-2021,Contract,Scooter,LOC0101
DEL03727,Bhamini Wali,+91 63242 26168,Female,19-11-2025,Full-Time,EV Bike,LOC0069
DEL03728,Parinaaz Kalla,+91 98073 38974,Female,13-03-2026,Contract,Van,LOC0077
DEL03729,Zaina Thakkar,+91 99459 51087,Female,14-03-2024,Contract,Van,LOC0086
DEL03730,Samarth Hegde,+91 71322 12769,Male,26-02-2024,Contract,Van,LOC0059
DEL03731,Samiha Mann,+91 80557 80139,Male,11-02-2023,Contract,Van,LOC0057
DEL03732,Aayush Vyas,+91 60488 20875,Male,25-07-2025,Contract,Scooter,LOC0062
DEL03733,Seher Sahota,+91 85445 39001,Male,02-02-2025,Contract,Van,LOC0026
DEL03734,Kartik Vasa,+91 84921 16160,Male,06-07-2024,Full-Time,Scooter,LOC0005
DEL03735,Emir Gopal,+91 75925 26304,Female,25-03-2024,Full-Time,Scooter,LOC0072
DEL03736,Bhavin Bhagat,+91 83459 57954,Male,31-01-2026,Contract,EV Bike,LOC0045
DEL03737,Yuvaan Tank,+91 98483 49800,Female,28-07-2022,Contract,Van,LOC0098
DEL03738,Vivaan Arya,+91 80825 26733,Male,14-08-2022,Contract,Scooter,LOC0004
DEL03739,Jayant Sarma,+91 69220 51267,Female,03-05-2021,Contract,Scooter,LOC0085
DEL03740,Indranil Barad,+91 87601 58041,Male,14-05-2021,Full-Time,EV Bike,LOC0024
DEL03741,Siya Chada,+91 61845 28251,Female,01-07-2025,Full-Time,Bike,LOC0081
DEL03742,Faiyaz Rege,+91 82272 34735,Female,26-11-2023,Full-Time,Bike,LOC0018
DEL03743,Charvi Sahni,+91 63259 34741,Female,13-09-2024,Full-Time,Bike,LOC0090
DEL03744,Dhruv Sood,+91 89723 28567,Female,18-08-2023,Contract,EV Bike,LOC0012
DEL03745,Anahi Sankar,+91 93344 78555,Male,18-06-2024,Full-Time,Bike,LOC0021
DEL03746,Aarna Chacko,+91 89625 35027,Male,27-01-2026,Full-Time,EV Bike,LOC0068
DEL03747,Hazel Raval,+91 63349 30440,Female,08-04-2023,Full-Time,Scooter,LOC0108
DEL03748,Neelofar Iyengar,+91 85941 12783,Male,07-06-2024,Full-Time,Bike,LOC0087
DEL03749,Nishith Amble,+91 66254 02377,Female,10-12-2022,Contract,Bike,LOC0092
DEL03750,Samarth Gopal,+91 81797 30758,Male,20-11-2024,Contract,Bike,LOC0007
DEL03751,Hridaan Apte,+91 72196 66513,Male,12-03-2025,Full-Time,Bike,LOC0072
DEL03752,Kimaya Dewan,+91 85345 89689,Male,03-12-2023,Full-Time,Bike,LOC0065
DEL03753,Anahi Khatri,+91 99872 03515,Male,16-11-2024,Contract,Scooter,LOC0103
DEL03754,Rati Walla,+91 69978 81771,Male,01-08-2023,Contract,Bike,LOC0021
DEL03755,Kabir Bedi,+91 74118 28399,Female,12-08-2021,Contract,EV Bike,LOC0086
DEL03756,Hridaan Sarin,+91 83286 82231,Male,09-04-2021,Full-Time,EV Bike,LOC0065
DEL03757,Anahi Walia,+91 85588 79610,Female,19-11-2023,Contract,Bike,LOC0085
DEL03758,Uthkarsh Mahajan,+91 87201 76604,Male,18-07-2025,Full-Time,Van,LOC0036
DEL03759,Zeeshan Wali,+91 85750 60241,Female,18-09-2022,Full-Time,EV Bike,LOC0007
DEL03760,Umang Chad,+91 77948 37616,Male,01-10-2021,Full-Time,Scooter,LOC0045
DEL03761,Anika Rau,+91 73501 82840,Female,16-11-2023,Full-Time,EV Bike,LOC0016
DEL03762,Yakshit Rana,+91 83863 64298,Female,09-07-2023,Full-Time,Van,LOC0029
DEL03763,Badal Ben,+91 98373 66713,Male,27-04-2024,Contract,Van,LOC0066
DEL03764,Divyansh Virk,+91 78030 43593,Female,19-07-2023,Full-Time,Van,LOC0070
DEL03765,Rati Gopal,+91 72445 57230,Male,25-09-2022,Contract,Van,LOC0037
DEL03766,Azad Jhaveri,+91 84783 90344,Male,01-08-2022,Contract,Scooter,LOC0096
DEL03767,Anya Sunder,+91 76097 64555,Male,24-02-2022,Full-Time,Bike,LOC0020
DEL03768,Samar Kumer,+91 84151 30460,Female,11-05-2024,Full-Time,Bike,LOC0042
DEL03769,Azad Bala,+91 77515 61640,Male,16-03-2022,Contract,Van,LOC0001
DEL03770,Anika Balay,+91 97192 35569,Female,28-11-2021,Full-Time,EV Bike,LOC0006
DEL03771,Kaira Choudhry,+91 82388 56105,Female,28-07-2023,Contract,Bike,LOC0027
DEL03772,Gokul Garde,+91 69733 86503,Male,17-07-2023,Full-Time,EV Bike,LOC0090
DEL03773,Hansh Basu,+91 83996 26751,Male,17-11-2023,Contract,Bike,LOC0047
DEL03774,Emir Rama,+91 93804 97704,Female,01-01-2022,Contract,Bike,LOC0086
DEL03775,Ojas Dar,+91 83144 60208,Male,10-03-2026,Contract,Van,LOC0016
DEL03776,Inaaya  Zachariah,+91 84592 68356,Male,13-03-2022,Full-Time,Bike,LOC0113
DEL03777,Sara Dash,+91 69838 83702,Female,23-09-2021,Contract,Scooter,LOC0007
DEL03778,Aayush Bera,+91 60002 36468,Female,05-04-2024,Full-Time,Bike,LOC0035
DEL03779,Oorja Karan,+91 79397 03694,Female,11-05-2023,Contract,Van,LOC0007
DEL03780,Nakul Basu,+91 95445 92972,Female,24-11-2021,Full-Time,Scooter,LOC0029
DEL03781,Raghav Doctor,+91 87589 35869,Female,07-06-2025,Contract,Scooter,LOC0018
DEL03782,Ritvik Sunder,+91 96361 06023,Female,31-07-2022,Full-Time,EV Bike,LOC0020
DEL03783,Kismat Bakshi,+91 98997 19509,Male,13-11-2024,Contract,Scooter,LOC0078
DEL03784,Himmat Gopal,+91 61760 07701,Female,04-02-2025,Full-Time,EV Bike,LOC0101
DEL03785,Advik Rege,+91 65667 65101,Male,21-03-2022,Full-Time,Bike,LOC0085
DEL03786,Divit Tella,+91 77706 20862,Male,03-10-2021,Contract,Scooter,LOC0074
DEL03787,Nirvaan Dar,+91 60696 05980,Female,07-05-2021,Full-Time,Bike,LOC0056
DEL03788,Raghav Ahuja,+91 78469 44712,Female,07-03-2024,Contract,Scooter,LOC0085
DEL03789,Saanvi Subramanian,+91 90127 19174,Female,18-03-2023,Contract,Van,LOC0105
DEL03790,Romil Ravi,+91 76265 32040,Male,24-11-2025,Full-Time,Van,LOC0016
DEL03791,Anya Hayre,+91 96335 24596,Female,20-07-2025,Full-Time,Bike,LOC0095
DEL03792,Hridaan Khanna,+91 86431 57654,Female,11-12-2025,Contract,Bike,LOC0029
DEL03793,Hunar Sani,+91 98777 18437,Female,01-07-2024,Full-Time,Bike,LOC0030
DEL03794,Diya Kapadia,+91 79917 92910,Male,04-07-2023,Full-Time,EV Bike,LOC0061
DEL03795,Yashvi Varma,+91 97529 52963,Male,10-11-2024,Full-Time,Bike,LOC0052
DEL03796,Jivika Mangat,+91 88887 07850,Male,09-07-2023,Full-Time,Bike,LOC0067
DEL03797,Nitya Jayaraman,+91 83240 24954,Female,30-10-2024,Contract,EV Bike,LOC0059
DEL03798,Alia Chowdhury,+91 89853 14243,Male,09-08-2024,Contract,EV Bike,LOC0065
DEL03799,Kaira Wable,+91 95554 48179,Female,28-12-2023,Full-Time,EV Bike,LOC0068
DEL03800,Nitara Anand,+91 72144 81036,Female,19-02-2024,Full-Time,Scooter,LOC0002
DEL03801,Gatik Majumdar,+91 69094 93602,Female,17-01-2026,Full-Time,Scooter,LOC0033
DEL03802,Shanaya Ratti,+91 85402 89331,Female,21-02-2026,Contract,Van,LOC0112
DEL03803,Kabir Tank,+91 68103 61996,Female,01-10-2025,Full-Time,Van,LOC0025
DEL03804,Veer Chaudry,+91 94548 06217,Male,18-07-2023,Contract,EV Bike,LOC0037
DEL03805,Rasha Manda,+91 96486 70053,Male,25-04-2022,Contract,Scooter,LOC0056
DEL03806,Shray Chaudhry,+91 77214 80473,Male,27-07-2022,Contract,Bike,LOC0099
DEL03807,Sana Lanka,+91 74658 35847,Female,06-07-2023,Contract,EV Bike,LOC0050
DEL03808,Hazel Ben,+91 83497 77130,Female,02-12-2023,Contract,Bike,LOC0059
DEL03809,Tejas Sheth,+91 92862 79144,Male,15-07-2024,Contract,Scooter,LOC0021
DEL03810,Anvi Chandran,+91 96481 00173,Female,08-03-2025,Full-Time,EV Bike,LOC0111
DEL03811,Samar D’Alia,+91 88051 63320,Female,08-02-2023,Contract,Scooter,LOC0052
DEL03812,Lakshit Dugar,+91 84780 73274,Male,16-10-2022,Contract,Scooter,LOC0033
DEL03813,Ahana  Sangha,+91 70381 55020,Female,03-12-2022,Contract,Scooter,LOC0001
DEL03814,Vritika Tiwari,+91 74384 61306,Male,15-11-2025,Contract,Bike,LOC0064
DEL03815,Nitya Thaman,+91 80803 70006,Female,09-09-2021,Full-Time,Van,LOC0047
DEL03816,Nirvi Khosla,+91 95048 22830,Female,12-05-2021,Contract,Scooter,LOC0075
DEL03817,Urvi Biswas,+91 67242 64566,Male,19-04-2021,Contract,EV Bike,LOC0014
DEL03818,Eshani Keer,+91 62632 56663,Female,17-10-2021,Contract,Bike,LOC0041
DEL03819,Kaira Singh,+91 91319 24170,Male,14-02-2025,Contract,EV Bike,LOC0096
DEL03820,Uthkarsh Kala,+91 79297 34838,Female,13-02-2024,Full-Time,Van,LOC0016
DEL03821,Ishita Saran,+91 83384 90118,Female,18-02-2024,Full-Time,Scooter,LOC0089
DEL03822,Manjari Deshmukh,+91 75012 47592,Female,15-08-2025,Full-Time,Van,LOC0067
DEL03823,Zara Bora,+91 98815 69604,Male,08-07-2022,Contract,Van,LOC0099
DEL03824,Neysa Sule,+91 88888 65831,Male,08-08-2022,Full-Time,Van,LOC0097
DEL03825,Arnav Ghosh,+91 69595 53024,Female,06-11-2022,Contract,Van,LOC0064
DEL03826,Pranay Ravi,+91 68007 82757,Female,25-10-2021,Contract,Van,LOC0024
DEL03827,Tarini Madan,+91 62803 82890,Female,20-10-2023,Full-Time,EV Bike,LOC0033
DEL03828,Anahi Gera,+91 89092 97144,Male,26-06-2024,Contract,Bike,LOC0085
DEL03829,Kavya Srinivas,+91 93315 74588,Female,28-07-2024,Contract,Van,LOC0100
DEL03830,Armaan Mani,+91 72729 52214,Female,20-05-2021,Contract,Bike,LOC0029
DEL03831,Hansh Vig,+91 66598 95407,Female,30-01-2023,Contract,Bike,LOC0088
DEL03832,Dishani Acharya,+91 77833 64347,Male,04-12-2025,Contract,EV Bike,LOC0050
DEL03833,Stuvan Lall,+91 91899 44227,Male,25-10-2023,Full-Time,Bike,LOC0050
DEL03834,Emir Keer,+91 89633 09728,Female,13-10-2022,Contract,Scooter,LOC0005
DEL03835,Indrans Sagar,+91 71155 59075,Male,07-09-2023,Contract,EV Bike,LOC0106
DEL03836,Suhana Karnik,+91 72140 20392,Female,07-10-2022,Contract,Bike,LOC0013
DEL03837,Sahil Lalla,+91 93118 41359,Female,18-01-2026,Contract,Van,LOC0104
DEL03838,Ira Sarin,+91 67864 16103,Female,23-11-2025,Full-Time,Scooter,LOC0069
DEL03839,Vaibhav Manda,+91 65134 70386,Male,19-07-2022,Full-Time,Scooter,LOC0018
DEL03840,Yuvraj  Vasa,+91 69917 45854,Male,16-04-2022,Full-Time,Scooter,LOC0090
DEL03841,Anay Sheth,+91 92613 61239,Female,30-01-2023,Full-Time,Bike,LOC0040
DEL03842,Kiaan Gokhale,+91 98543 89679,Male,05-12-2021,Full-Time,Bike,LOC0004
DEL03843,Veer Rama,+91 75843 51530,Male,25-02-2022,Contract,Bike,LOC0085
DEL03844,Shalv Rajagopal,+91 60417 53750,Male,01-08-2022,Full-Time,Van,LOC0030
DEL03845,Khushi Goyal,+91 99259 12453,Male,03-01-2022,Full-Time,Van,LOC0004
DEL03846,Taimur Singhal,+91 66356 18650,Male,29-01-2022,Contract,Bike,LOC0058
DEL03847,Shray Malhotra,+91 83459 12925,Female,14-06-2025,Contract,Scooter,LOC0006
DEL03848,Riya Sampath,+91 85423 52038,Female,10-03-2023,Full-Time,Bike,LOC0015
DEL03849,Samaira Bali,+91 67650 92597,Male,19-05-2021,Full-Time,Scooter,LOC0001
DEL03850,Biju Agrawal,+91 81763 88783,Female,06-10-2025,Contract,Van,LOC0062
DEL03851,Darshit Saini,+91 63352 15046,Female,13-07-2022,Full-Time,Van,LOC0064
DEL03852,Rhea Kapoor,+91 71428 73611,Female,27-05-2025,Full-Time,Scooter,LOC0099
DEL03853,Chirag Sastry,+91 97041 24793,Male,28-09-2022,Full-Time,Van,LOC0038
DEL03854,Saanvi Bhandari,+91 60098 20539,Male,30-09-2023,Contract,Van,LOC0045
DEL03855,Amani Thaker,+91 83180 63557,Female,27-12-2023,Contract,Scooter,LOC0059
DEL03856,Manjari Gole,+91 89905 70827,Female,26-09-2024,Full-Time,Van,LOC0065
DEL03857,Saanvi Bajwa,+91 81397 64215,Male,21-09-2024,Full-Time,Van,LOC0084
DEL03858,Nehmat Deshpande,+91 67917 94044,Female,04-08-2025,Full-Time,Bike,LOC0089
DEL03859,Kabir Dugar,+91 81665 44462,Male,22-10-2023,Full-Time,Van,LOC0036
DEL03860,Rati Krishnan,+91 72907 47224,Male,22-10-2024,Contract,EV Bike,LOC0094
DEL03861,Tarini Aggarwal,+91 67122 57360,Female,02-05-2024,Contract,Bike,LOC0001
DEL03862,Zara Bahri,+91 86849 73542,Female,10-12-2022,Full-Time,Bike,LOC0021
DEL03863,Navya Zachariah,+91 68603 87542,Male,12-07-2024,Contract,Van,LOC0039
DEL03864,Kabir Baral,+91 75862 02926,Female,08-08-2023,Contract,Van,LOC0112
DEL03865,Drishya Khurana,+91 82623 15856,Male,04-05-2022,Full-Time,Van,LOC0016
DEL03866,Baiju Boase,+91 94331 94919,Female,14-06-2022,Full-Time,EV Bike,LOC0014
DEL03867,Piya Ben,+91 88318 16259,Male,14-02-2026,Contract,Scooter,LOC0063
DEL03868,Indrajit Shanker,+91 60892 94720,Female,20-11-2024,Contract,Van,LOC0111
DEL03869,Jivin Sharaf,+91 67642 36618,Male,07-12-2024,Contract,Scooter,LOC0064
DEL03870,Shaan Dutta,+91 65674 99793,Female,20-09-2022,Full-Time,Scooter,LOC0036
DEL03871,Myra Wali,+91 99912 18770,Male,11-04-2023,Full-Time,Van,LOC0060
DEL03872,Mamooty Kohli,+91 81961 27845,Male,17-06-2025,Contract,EV Bike,LOC0003
DEL03873,Sana Basak,+91 67250 88444,Male,22-02-2025,Full-Time,Scooter,LOC0077
DEL03874,Neelofar Comar,+91 65061 49404,Female,03-03-2024,Full-Time,EV Bike,LOC0107
DEL03875,Damini Gala,+91 67394 00722,Female,09-02-2022,Contract,EV Bike,LOC0072
DEL03876,Heer Srinivasan,+91 65855 81527,Male,09-10-2022,Contract,EV Bike,LOC0031
DEL03877,Kiaan Tripathi,+91 82241 67638,Male,12-07-2023,Full-Time,EV Bike,LOC0051
DEL03878,Divij Upadhyay,+91 98025 51021,Female,02-06-2025,Contract,Van,LOC0079
DEL03879,Neelofar Ramaswamy,+91 64052 99845,Female,29-09-2022,Full-Time,Van,LOC0020
DEL03880,Nirvaan Viswanathan,+91 75025 31876,Female,26-04-2023,Full-Time,Bike,LOC0040
DEL03881,Shayak Ray,+91 98006 07073,Female,24-07-2024,Contract,Van,LOC0028
DEL03882,Akarsh Edwin,+91 90350 55803,Male,25-10-2025,Full-Time,Van,LOC0107
DEL03883,Hazel Sarin,+91 95644 08039,Female,03-02-2026,Contract,Van,LOC0008
DEL03884,Ishita Shankar,+91 90308 65584,Female,09-03-2023,Full-Time,Scooter,LOC0043
DEL03885,Neelofar Wason,+91 63571 92961,Female,30-04-2022,Full-Time,Scooter,LOC0077
DEL03886,Aradhya Gour,+91 64043 90788,Male,25-01-2023,Contract,Bike,LOC0077
DEL03887,Divit Taneja,+91 88921 06003,Male,18-05-2022,Contract,EV Bike,LOC0031
DEL03888,Advika Kaul,+91 97682 39650,Female,28-12-2025,Full-Time,Bike,LOC0086
DEL03889,Vidur Walla,+91 87394 66268,Male,25-08-2023,Contract,EV Bike,LOC0092
DEL03890,Heer Chauhan,+91 70651 93929,Male,31-03-2024,Full-Time,Van,LOC0092
DEL03891,Seher Dutt,+91 70689 20071,Male,30-10-2024,Full-Time,Scooter,LOC0092
DEL03892,Prisha Balan,+91 61830 87556,Male,11-08-2023,Full-Time,EV Bike,LOC0001
DEL03893,Indranil Rana,+91 77310 84773,Male,27-10-2022,Full-Time,EV Bike,LOC0002
DEL03894,Diya Chana,+91 68893 42564,Female,15-02-2022,Contract,EV Bike,LOC0012
DEL03895,Lagan Butala,+91 80711 89082,Female,16-10-2021,Full-Time,Van,LOC0024
DEL03896,Vivaan Warrior,+91 71836 57299,Female,11-10-2023,Full-Time,EV Bike,LOC0109
DEL03897,Zara Bhakta,+91 99154 62793,Male,15-01-2025,Contract,Scooter,LOC0046
DEL03898,Akarsh Batra,+91 82158 72566,Female,22-04-2024,Full-Time,Bike,LOC0009
DEL03899,Jhanvi Sangha,+91 89434 47890,Male,29-09-2021,Contract,Bike,LOC0033
DEL03900,Dharmajan Chana,+91 95895 03214,Male,01-10-2022,Full-Time,EV Bike,LOC0051
DEL03901,Yashvi Sinha,+91 92678 27966,Female,23-02-2022,Contract,Van,LOC0108
DEL03902,Hansh Garde,+91 98743 26280,Female,27-06-2023,Contract,EV Bike,LOC0076
DEL03903,Vivaan Grewal,+91 79697 31436,Female,16-11-2021,Contract,EV Bike,LOC0005
DEL03904,Zoya Dara,+91 96161 44356,Male,13-05-2024,Contract,Bike,LOC0048
DEL03905,Kismat Agate,+91 86295 53312,Male,24-04-2025,Contract,Scooter,LOC0034
DEL03906,Rania Konda,+91 66418 44343,Male,31-03-2024,Full-Time,Van,LOC0045
DEL03907,Ivan Banerjee,+91 88521 82358,Male,16-04-2024,Full-Time,Bike,LOC0035
DEL03908,Zain Kohli,+91 79464 72118,Female,25-05-2025,Contract,Van,LOC0107
DEL03909,Miraya Bhattacharyya,+91 81844 97666,Male,15-10-2023,Contract,Bike,LOC0067
DEL03910,Ojas Shroff,+91 62530 06008,Male,10-04-2025,Full-Time,Bike,LOC0083
DEL03911,Anika Ravi,+91 95246 23689,Female,01-08-2025,Full-Time,Bike,LOC0061
DEL03912,Mamooty Ratta,+91 62403 84488,Female,02-01-2026,Full-Time,EV Bike,LOC0112
DEL03913,Chirag Gill,+91 74034 26857,Male,09-11-2021,Contract,Bike,LOC0082
DEL03914,Dhruv Sheth,+91 69449 56198,Female,03-02-2023,Contract,Scooter,LOC0018
DEL03915,Zeeshan Bhavsar,+91 66538 19783,Male,30-05-2022,Full-Time,Bike,LOC0074
DEL03916,Anay Gulati,+91 84978 36168,Female,28-10-2025,Contract,Bike,LOC0074
DEL03917,Jiya Sarraf,+91 84132 97461,Male,23-08-2025,Contract,Van,LOC0057
DEL03918,Sumer Goda,+91 85115 98823,Female,12-02-2023,Full-Time,Van,LOC0091
DEL03919,Aniruddh Agate,+91 72681 00524,Male,26-06-2022,Contract,Bike,LOC0097
DEL03920,Jiya Chana,+91 87446 41813,Male,11-03-2025,Contract,EV Bike,LOC0089
DEL03921,Shanaya Kara,+91 72191 26541,Male,15-10-2022,Contract,EV Bike,LOC0072
DEL03922,Alisha Singhal,+91 69928 58839,Female,17-01-2022,Contract,Van,LOC0100
DEL03923,Saanvi Sankar,+91 79595 42722,Male,14-04-2023,Full-Time,Scooter,LOC0063
DEL03924,Vritika Goel,+91 64865 66389,Female,10-01-2024,Full-Time,Scooter,LOC0004
DEL03925,Ira Sharaf,+91 88477 47233,Male,04-01-2022,Contract,EV Bike,LOC0105
DEL03926,Mishti Shroff,+91 64883 53589,Female,29-11-2022,Full-Time,EV Bike,LOC0034
DEL03927,Piya Karpe,+91 97445 83083,Male,08-02-2024,Full-Time,Scooter,LOC0006
DEL03928,Eshani Korpal,+91 67734 21301,Female,29-01-2024,Full-Time,Van,LOC0059
DEL03929,Jiya Dhar,+91 75699 18812,Female,28-08-2024,Contract,EV Bike,LOC0020
DEL03930,Miraya Raval,+91 64296 52924,Female,22-06-2024,Full-Time,EV Bike,LOC0001
DEL03931,Gokul Gulati,+91 66127 26301,Female,14-08-2025,Full-Time,EV Bike,LOC0102
DEL03932,Advika Dass,+91 65580 08106,Female,14-02-2022,Contract,Bike,LOC0097
DEL03933,Zaina Chaudhary,+91 98913 60648,Female,27-02-2023,Full-Time,EV Bike,LOC0069
DEL03934,Zoya Datta,+91 64329 19295,Female,01-05-2022,Contract,Bike,LOC0094
DEL03935,Darshit Tak,+91 82766 53022,Male,09-10-2024,Full-Time,Bike,LOC0078
DEL03936,Riaan Chokshi,+91 63677 08406,Male,07-03-2022,Contract,Bike,LOC0027
DEL03937,Vidur Sankaran,+91 73652 30740,Male,07-05-2022,Full-Time,Scooter,LOC0093
DEL03938,Aarush Raman,+91 80742 28195,Male,04-09-2021,Full-Time,Scooter,LOC0111
DEL03939,Vidur Bhalla,+91 80730 73259,Male,28-03-2026,Full-Time,Scooter,LOC0018
DEL03940,Elakshi Keer,+91 67257 02638,Male,01-04-2025,Contract,Bike,LOC0071
DEL03941,Nirvaan Saraf,+91 83134 11042,Male,20-06-2021,Contract,EV Bike,LOC0015
DEL03942,Neysa Sankar,+91 63152 03528,Male,19-08-2025,Contract,Van,LOC0032
DEL03943,Vaibhav Khanna,+91 86829 79950,Female,25-01-2024,Contract,EV Bike,LOC0023
DEL03944,Ehsaan Bera,+91 62414 80858,Female,08-12-2025,Contract,Scooter,LOC0018
DEL03945,Kismat Gokhale,+91 61208 06697,Male,10-07-2023,Contract,Van,LOC0110
DEL03946,Sara Khanna,+91 84257 86895,Male,14-06-2022,Full-Time,EV Bike,LOC0027
DEL03947,Kaira Chana,+91 91404 35298,Female,13-02-2025,Full-Time,Van,LOC0042
DEL03948,Miraan Cherian,+91 73947 21849,Female,22-03-2022,Contract,Scooter,LOC0064
DEL03949,Faiyaz Madan,+91 69183 84172,Female,26-10-2023,Full-Time,Bike,LOC0095
DEL03950,Vaibhav Bobal,+91 84682 40761,Female,09-08-2022,Contract,Scooter,LOC0032
DEL03951,Vedika Kumar,+91 75147 56774,Female,04-02-2025,Full-Time,Scooter,LOC0078
DEL03952,Aayush Kara,+91 67612 63144,Female,10-04-2023,Full-Time,Bike,LOC0052
DEL03953,Jhanvi Chokshi,+91 80882 84892,Male,01-06-2023,Contract,Van,LOC0084
DEL03954,Rasha Loke,+91 72934 44820,Female,29-06-2024,Full-Time,EV Bike,LOC0100
DEL03955,Rasha Chakraborty,+91 61704 10026,Male,30-04-2025,Full-Time,Van,LOC0027
DEL03956,Emir Ratti,+91 63711 93931,Male,06-05-2024,Full-Time,EV Bike,LOC0082
DEL03957,Kimaya Jani,+91 81460 84081,Female,23-09-2022,Full-Time,Scooter,LOC0029
DEL03958,Aaryahi Wason,+91 92133 99866,Male,06-10-2023,Full-Time,Scooter,LOC0109
DEL03959,Anika Agrawal,+91 64809 20389,Female,03-03-2025,Full-Time,Bike,LOC0039
DEL03960,Samiha Sule,+91 63670 45802,Male,14-03-2023,Contract,Bike,LOC0050
DEL03961,Vanya Dara,+91 88370 70519,Male,21-09-2025,Full-Time,Van,LOC0059
DEL03962,Lakshay Soman,+91 83314 17930,Female,07-05-2021,Full-Time,Scooter,LOC0068
DEL03963,Indranil Barman,+91 63127 83115,Male,20-07-2024,Contract,Van,LOC0063
DEL03964,Myra Viswanathan,+91 65987 96619,Female,28-11-2021,Full-Time,EV Bike,LOC0090
DEL03965,Mehul Cheema,+91 97337 88289,Male,17-11-2021,Contract,Scooter,LOC0011
DEL03966,Samaira Sabharwal,+91 70742 95856,Male,15-09-2021,Full-Time,EV Bike,LOC0029
DEL03967,Shalv Handa,+91 94389 55416,Female,02-07-2022,Contract,Scooter,LOC0078
DEL03968,Nayantara Choudhary,+91 87618 63161,Male,09-07-2021,Contract,EV Bike,LOC0088
DEL03969,Aaina Khalsa,+91 76549 26290,Female,28-10-2021,Full-Time,Van,LOC0100
DEL03970,Shray Soni,+91 99652 96054,Female,12-03-2023,Full-Time,Bike,LOC0061
DEL03971,Mahika Sampath,+91 84986 19533,Male,07-03-2026,Contract,Bike,LOC0103
DEL03972,Kiara Chaudhry,+91 75308 83398,Female,25-09-2023,Full-Time,Van,LOC0030
DEL03973,Kismat Dave,+91 78869 08335,Female,06-05-2024,Full-Time,Scooter,LOC0080
DEL03974,Dhanush Kanda,+91 88212 77964,Male,26-11-2023,Full-Time,Scooter,LOC0035
DEL03975,Nayantara Biswas,+91 91852 59993,Male,30-01-2023,Full-Time,Scooter,LOC0022
DEL03976,Yuvraj  Balan,+91 81637 93758,Female,05-11-2025,Full-Time,Scooter,LOC0034
DEL03977,Saira Choudhary,+91 91098 06101,Male,11-11-2023,Full-Time,Van,LOC0082
DEL03978,Adah Sarin,+91 76066 55584,Female,01-03-2024,Contract,EV Bike,LOC0017
DEL03979,Riaan Sinha,+91 94895 07945,Male,12-03-2026,Contract,Bike,LOC0029
DEL03980,Siya Thaman,+91 92401 98902,Male,27-06-2021,Contract,Bike,LOC0021
DEL03981,Hridaan Kurian,+91 74089 40987,Female,22-02-2026,Contract,EV Bike,LOC0003
DEL03982,Dishani Sheth,+91 82402 13897,Male,05-10-2025,Full-Time,Van,LOC0059
DEL03983,Jayan Acharya,+91 99290 95367,Male,26-11-2022,Full-Time,EV Bike,LOC0110
DEL03984,Abram Lall,+91 74648 33072,Female,02-03-2026,Full-Time,Bike,LOC0034
DEL03985,Jivika Kara,+91 70418 90969,Female,11-05-2022,Contract,EV Bike,LOC0096
DEL03986,Saira Keer,+91 79895 13396,Male,05-09-2023,Contract,Van,LOC0037
DEL03987,Lagan Ben,+91 84957 36565,Male,27-01-2025,Full-Time,EV Bike,LOC0081
DEL03988,Uthkarsh Sunder,+91 87311 10266,Female,23-10-2023,Contract,Van,LOC0101
DEL03989,Nehmat Mandal,+91 66304 52812,Female,24-06-2025,Full-Time,Scooter,LOC0057
DEL03990,Kiaan Butala,+91 92153 78275,Female,27-10-2025,Full-Time,EV Bike,LOC0067
DEL03991,Ritvik Dhillon,+91 68864 97069,Female,27-01-2024,Full-Time,Scooter,LOC0003
DEL03992,Nakul Chhabra,+91 92241 35308,Female,06-04-2024,Contract,Bike,LOC0108
DEL03993,Anay Bansal,+91 90197 06777,Male,04-04-2021,Contract,Scooter,LOC0068
DEL03994,Adira Chand,+91 96988 77224,Male,21-12-2024,Full-Time,Bike,LOC0017
DEL03995,Ela Johal,+91 97343 45101,Male,08-12-2025,Contract,EV Bike,LOC0032
DEL03996,Adah Mand,+91 82450 63105,Male,11-01-2025,Contract,EV Bike,LOC0023
DEL03997,Elakshi Lalla,+91 65489 66710,Male,23-02-2022,Contract,Bike,LOC0062
DEL03998,Hunar Bhasin,+91 76600 15949,Male,15-03-2026,Contract,Bike,LOC0057
DEL03999,Tarini Contractor,+91 71847 68205,Male,26-01-2024,Full-Time,EV Bike,LOC0014
DEL04000,Ayesha Kar,+91 79149 02820,Male,24-03-2025,Full-Time,Bike,LOC0105
DEL04001,Vidur Halder,+91 99864 10576,Female,05-10-2024,Contract,Scooter,LOC0063
DEL04002,Fateh Mandal,+91 70601 20629,Female,16-12-2021,Full-Time,Van,LOC0015
DEL04003,Anika Saran,+91 86014 98446,Female,17-10-2023,Full-Time,Scooter,LOC0063
DEL04004,Faiyaz Sekhon,+91 76771 88533,Female,07-01-2023,Contract,Van,LOC0071
DEL04005,Lagan Bobal,+91 75159 01093,Male,13-07-2022,Full-Time,Bike,LOC0047
DEL04006,Diya Doctor,+91 79701 35975,Female,27-04-2022,Full-Time,Scooter,LOC0102
DEL04007,Diya Dara,+91 87486 73724,Male,04-12-2024,Full-Time,Bike,LOC0042
DEL04008,Samaira Dalal,+91 66903 49133,Male,04-06-2022,Full-Time,Bike,LOC0027
DEL04009,Damini Dara,+91 67328 18893,Male,26-12-2023,Contract,Scooter,LOC0023
DEL04010,Jayan Doctor,+91 85448 25074,Male,16-08-2023,Full-Time,EV Bike,LOC0034
DEL04011,Amani Bahl,+91 71602 17479,Female,03-11-2024,Full-Time,Scooter,LOC0063
DEL04012,Zaina Mandal,+91 84159 86140,Female,13-05-2022,Contract,EV Bike,LOC0093
DEL04013,Aaryahi Sanghvi,+91 93314 22099,Male,12-05-2021,Contract,Scooter,LOC0091
DEL04014,Manikya Mangal,+91 76688 26388,Male,17-05-2021,Full-Time,Scooter,LOC0009
DEL04015,Vivaan Sani,+91 72112 90575,Female,04-04-2023,Full-Time,Bike,LOC0019
DEL04016,Diya Bail,+91 65696 26402,Female,23-01-2024,Contract,Van,LOC0095
DEL04017,Raghav Bath,+91 77350 53871,Female,11-02-2025,Contract,EV Bike,LOC0108
DEL04018,Zoya Chatterjee,+91 70347 51574,Male,30-10-2025,Contract,EV Bike,LOC0100
DEL04019,Anahita Chandra,+91 84900 94330,Female,15-04-2021,Contract,EV Bike,LOC0085
DEL04020,Eshani Raman,+91 71785 10644,Female,11-02-2023,Full-Time,Bike,LOC0040
DEL04021,Kartik Sachdeva,+91 85891 50009,Female,23-08-2021,Contract,Scooter,LOC0111
DEL04022,Jhanvi Venkataraman,+91 64006 84969,Female,29-11-2023,Full-Time,Van,LOC0099
DEL04023,Trisha Anne,+91 60781 92615,Female,19-03-2024,Full-Time,Bike,LOC0039
DEL04024,Farhan Chana,+91 95927 80157,Female,31-07-2025,Contract,EV Bike,LOC0107
DEL04025,Rati Date,+91 93896 64005,Male,07-06-2022,Contract,Van,LOC0098
DEL04026,Divij Garg,+91 69670 07342,Male,22-10-2021,Contract,Van,LOC0036
DEL04027,Ayesha Kumar,+91 88185 91454,Male,14-02-2022,Full-Time,EV Bike,LOC0068
DEL04028,Veer Sachar,+91 84393 44277,Female,29-06-2023,Full-Time,EV Bike,LOC0013
DEL04029,Adah Raj,+91 75133 47892,Male,11-12-2025,Full-Time,EV Bike,LOC0007
DEL04030,Bhavin Kakar,+91 92768 95627,Male,31-07-2021,Contract,EV Bike,LOC0098
DEL04031,Sumer Rastogi,+91 98610 54566,Male,26-02-2026,Contract,EV Bike,LOC0107
DEL04032,Rhea Dhingra,+91 91611 17373,Male,20-06-2023,Contract,EV Bike,LOC0050
DEL04033,Dharmajan Dhillon,+91 84328 81346,Female,29-10-2024,Full-Time,Scooter,LOC0003
DEL04034,Gatik Jha,+91 84728 39927,Female,09-06-2022,Full-Time,Van,LOC0011
DEL04035,Aayush Rajagopalan,+91 95022 66225,Male,24-06-2022,Full-Time,Scooter,LOC0001
DEL04036,Shalv Soni,+91 97241 90289,Male,30-07-2024,Contract,Scooter,LOC0084
DEL04037,Chirag Lala,+91 86690 10445,Female,06-03-2024,Full-Time,EV Bike,LOC0022
DEL04038,Saira Gade,+91 64903 02617,Female,16-04-2021,Full-Time,Van,LOC0032
DEL04039,Dhanuk Bala,+91 67007 35315,Male,25-10-2022,Contract,Van,LOC0009
DEL04040,Tiya Kalita,+91 92018 03594,Male,16-08-2024,Contract,Van,LOC0033
DEL04041,Jhanvi Comar,+91 65952 43516,Female,07-08-2021,Full-Time,Van,LOC0061
DEL04042,Anika Andra,+91 71103 50638,Male,05-11-2022,Full-Time,Bike,LOC0035
DEL04043,Mishti Shere,+91 70134 02024,Male,27-02-2022,Contract,Van,LOC0015
DEL04044,Hansh Barad,+91 61934 32651,Male,21-11-2024,Contract,Van,LOC0034
DEL04045,Lagan Master,+91 89278 95182,Female,01-11-2021,Full-Time,Bike,LOC0031
DEL04046,Tejas Hora,+91 72553 93601,Male,27-05-2024,Full-Time,EV Bike,LOC0058
DEL04047,Amani Varughese,+91 67514 63781,Male,26-02-2025,Contract,EV Bike,LOC0094
DEL04048,Ranbir Johal,+91 61182 93514,Male,22-10-2021,Contract,Bike,LOC0092
DEL04049,Yuvraj  Randhawa,+91 74666 26602,Female,14-05-2022,Full-Time,Scooter,LOC0107
DEL04050,Hiran Rajagopal,+91 95288 61393,Male,05-09-2023,Full-Time,EV Bike,LOC0028
DEL04051,Shamik Mand,+91 83237 37415,Male,13-10-2021,Full-Time,Van,LOC0097
DEL04052,Taimur Solanki,+91 68346 31323,Female,01-10-2023,Full-Time,Van,LOC0073
DEL04053,Divit Kakar,+91 92246 07740,Female,26-03-2024,Full-Time,EV Bike,LOC0108
DEL04054,Bhavin Dhar,+91 81167 12185,Female,04-12-2023,Full-Time,Bike,LOC0037
DEL04055,Vaibhav Khurana,+91 63574 27295,Female,20-06-2021,Contract,Scooter,LOC0004
DEL04056,Dhanush Thakur,+91 85398 86085,Female,01-04-2026,Full-Time,Bike,LOC0030
DEL04057,Ayesha Vohra,+91 78433 37243,Male,14-07-2021,Full-Time,EV Bike,LOC0100
DEL04058,Mamooty Aurora,+91 92126 00764,Male,15-03-2023,Full-Time,EV Bike,LOC0032
DEL04059,Alia Rattan,+91 74626 16392,Male,06-12-2022,Contract,Bike,LOC0062
DEL04060,Sana Bhavsar,+91 98081 08745,Female,30-09-2022,Contract,EV Bike,LOC0080
DEL04061,Sara Aggarwal,+91 76267 11695,Female,27-10-2025,Full-Time,EV Bike,LOC0092
DEL04062,Ivan Upadhyay,+91 70462 22154,Male,09-06-2023,Contract,Van,LOC0082
DEL04063,Stuvan Chand,+91 96379 76051,Female,18-10-2022,Full-Time,Scooter,LOC0090
DEL04064,Gatik Batra,+91 73833 71128,Male,21-08-2025,Contract,Bike,LOC0099
DEL04065,Shalv Tara,+91 76812 34440,Female,31-01-2024,Full-Time,EV Bike,LOC0026
DEL04066,Tarini Dhaliwal,+91 62189 56079,Female,29-03-2025,Contract,EV Bike,LOC0107
DEL04067,Adah Bahl,+91 66492 21301,Male,13-03-2022,Contract,Bike,LOC0053
DEL04068,Zara Bose,+91 97791 44045,Male,31-08-2024,Contract,Bike,LOC0073
DEL04069,Anvi Balay,+91 78302 46026,Male,30-11-2022,Full-Time,Van,LOC0064
DEL04070,Yuvaan Ramakrishnan,+91 95429 32344,Female,22-05-2022,Contract,Van,LOC0042
DEL04071,Chirag Dhar,+91 94762 13831,Male,20-07-2022,Full-Time,Van,LOC0003
DEL04072,Vidur Kapur,+91 73818 30996,Female,19-07-2025,Full-Time,Scooter,LOC0093
DEL04073,Shaan Suri,+91 82700 55621,Female,27-06-2024,Contract,Bike,LOC0110
DEL04074,Reyansh Swamy,+91 87289 51817,Male,30-03-2025,Contract,Bike,LOC0033
DEL04075,Zeeshan Chacko,+91 66957 15231,Female,28-04-2024,Full-Time,Van,LOC0028
DEL04076,Amira Bala,+91 97577 79989,Male,21-08-2024,Contract,Bike,LOC0088
DEL04077,Urvi Ray,+91 94940 92950,Male,13-10-2023,Contract,EV Bike,LOC0011
DEL04078,Badal Sen,+91 75921 73687,Male,14-01-2024,Full-Time,Scooter,LOC0097
DEL04079,Diya Mallick,+91 76853 35325,Male,22-03-2023,Contract,Van,LOC0044
DEL04080,Pari Yadav,+91 89877 28609,Female,26-03-2022,Full-Time,Bike,LOC0099
DEL04081,Saanvi Maharaj,+91 91383 14373,Male,13-03-2023,Full-Time,Scooter,LOC0053
DEL04082,Aniruddh Savant,+91 64302 06311,Female,26-05-2021,Full-Time,EV Bike,LOC0045
DEL04083,Miraya Doctor,+91 91195 87125,Female,15-05-2022,Full-Time,Van,LOC0061
DEL04084,Ryan Sachdeva,+91 79005 38563,Female,31-12-2025,Full-Time,Bike,LOC0069
DEL04085,Anvi Dhaliwal,+91 73110 14688,Male,23-09-2021,Contract,EV Bike,LOC0025
DEL04086,Ira Comar,+91 68678 54316,Male,09-08-2025,Contract,Van,LOC0048
DEL04087,Ehsaan Dass,+91 68963 76284,Male,25-02-2022,Full-Time,EV Bike,LOC0015
DEL04088,Kashvi Sarkar,+91 88521 14917,Female,18-01-2022,Full-Time,EV Bike,LOC0086
DEL04089,Tara Deshpande,+91 77202 30670,Male,17-12-2022,Contract,Bike,LOC0039
DEL04090,Vedika Baria,+91 94027 10195,Female,26-02-2023,Contract,EV Bike,LOC0081
DEL04091,Anahita Bakshi,+91 95222 41695,Male,20-03-2023,Full-Time,EV Bike,LOC0018
DEL04092,Zara Sankar,+91 82712 68345,Male,13-06-2022,Contract,EV Bike,LOC0037
DEL04093,Kiaan Halder,+91 81694 76155,Male,30-10-2023,Full-Time,Scooter,LOC0110
DEL04094,Amira Sule,+91 86116 02972,Male,14-04-2024,Contract,Bike,LOC0113
DEL04095,Ela Ramaswamy,+91 60257 78406,Female,09-06-2022,Contract,Bike,LOC0106
DEL04096,Anya Chopra,+91 87588 39917,Female,03-04-2024,Full-Time,Bike,LOC0092
DEL04097,Riya Chhabra,+91 74159 77048,Male,24-12-2024,Full-Time,Bike,LOC0063
DEL04098,Navya Dalal,+91 89533 05550,Female,27-02-2023,Full-Time,EV Bike,LOC0002
DEL04099,Eshani Raju,+91 90203 36718,Male,27-02-2025,Full-Time,Van,LOC0011
DEL04100,Khushi Bhakta,+91 97979 89905,Male,09-11-2025,Contract,Scooter,LOC0078
DEL04101,Gokul Ahuja,+91 64924 46455,Female,22-03-2023,Full-Time,Scooter,LOC0069
DEL04102,Jhanvi Bahl,+91 97649 63894,Male,25-08-2022,Full-Time,Scooter,LOC0058
DEL04103,Trisha Walia,+91 73082 65919,Female,11-02-2026,Contract,EV Bike,LOC0077
DEL04104,Lagan Bala,+91 91118 85903,Male,08-10-2021,Full-Time,EV Bike,LOC0098
DEL04105,Dishani Deo,+91 90477 55416,Male,29-04-2022,Contract,Van,LOC0052
DEL04106,Armaan Bose,+91 65501 49865,Male,08-09-2023,Full-Time,EV Bike,LOC0081
DEL04107,Raunak Raju,+91 95370 84123,Male,21-10-2021,Contract,Scooter,LOC0066
DEL04108,Rania Sehgal,+91 79692 37451,Male,10-02-2023,Full-Time,Van,LOC0068
DEL04109,Hrishita Mall,+91 71135 50299,Female,12-06-2023,Full-Time,Scooter,LOC0064
DEL04110,Kiara Dash,+91 62080 83726,Male,27-07-2023,Full-Time,Scooter,LOC0098
DEL04111,Tejas Dubey,+91 92984 87980,Female,05-11-2024,Contract,Van,LOC0093
DEL04112,Jivika Rastogi,+91 99568 77342,Male,15-02-2026,Full-Time,Bike,LOC0021
DEL04113,Vidur Goyal,+91 99967 94641,Female,26-02-2025,Contract,EV Bike,LOC0080
DEL04114,Kabir Bhagat,+91 76007 96600,Male,07-05-2023,Full-Time,Bike,LOC0107
DEL04115,Lakshay Mahal,+91 94553 96546,Male,22-05-2024,Full-Time,EV Bike,LOC0012
DEL04116,Devansh Sura,+91 94070 94562,Female,06-02-2022,Full-Time,Van,LOC0088
DEL04117,Neelofar Sastry,+91 80377 57283,Female,27-09-2025,Full-Time,Bike,LOC0081
DEL04118,Piya Taneja,+91 78227 07075,Male,14-04-2024,Full-Time,EV Bike,LOC0044
DEL04119,Raunak Balasubramanian,+91 79786 36267,Male,20-08-2021,Full-Time,Bike,LOC0078
DEL04120,Rohan Bhasin,+91 74609 16223,Female,26-11-2022,Full-Time,Bike,LOC0101
DEL04121,Mohanlal Wali,+91 60423 31785,Female,12-11-2023,Full-Time,Bike,LOC0046
DEL04122,Mahika Bhatia,+91 91932 58545,Female,06-05-2025,Full-Time,EV Bike,LOC0073
DEL04123,Rasha Sekhon,+91 79134 98646,Female,16-12-2021,Full-Time,Bike,LOC0093
DEL04124,Yuvraj  Bhatia,+91 99778 47724,Male,10-04-2021,Full-Time,Bike,LOC0025
DEL04125,Devansh Kulkarni,+91 63165 68297,Female,31-05-2024,Contract,Van,LOC0040
DEL04126,Mannat Dar,+91 68485 33499,Female,15-01-2025,Full-Time,EV Bike,LOC0011
DEL04127,Sumer Ravi,+91 87739 29308,Female,12-04-2023,Contract,Van,LOC0038
DEL04128,Sana Banerjee,+91 78034 97553,Male,22-06-2025,Contract,EV Bike,LOC0049
DEL04129,Shalv Gour,+91 98183 89808,Female,05-09-2025,Contract,Bike,LOC0055
DEL04130,Vardaniya Bath,+91 76579 47617,Female,22-11-2024,Full-Time,Scooter,LOC0028
DEL04131,Amani Chadha,+91 69718 45555,Female,04-09-2022,Full-Time,EV Bike,LOC0063
DEL04132,Yasmin Ray,+91 85171 22426,Female,04-08-2023,Full-Time,Van,LOC0113
DEL04133,Nirvi Suri,+91 77925 39442,Female,29-03-2026,Contract,Bike,LOC0100
DEL04134,Yashvi Dyal,+91 96669 97779,Male,26-12-2022,Full-Time,Scooter,LOC0030
DEL04135,Jayant Badal,+91 74320 12850,Female,10-03-2022,Contract,EV Bike,LOC0102
DEL04136,Raghav Din,+91 75228 13255,Male,29-12-2021,Contract,Bike,LOC0094
DEL04137,Tarini Amble,+91 72350 37001,Female,17-04-2023,Full-Time,Scooter,LOC0071
DEL04138,Jayan Hayer,+91 90888 59955,Male,07-05-2024,Full-Time,EV Bike,LOC0008
DEL04139,Aarav Manda,+91 74675 41115,Female,30-08-2022,Contract,Bike,LOC0010
DEL04140,Ela Dixit,+91 80498 95255,Male,19-03-2024,Full-Time,Scooter,LOC0090
DEL04141,Saira Iyengar,+91 64929 88507,Female,21-02-2023,Full-Time,Scooter,LOC0087
DEL04142,Sahil Chacko,+91 67738 27578,Female,12-06-2025,Contract,Bike,LOC0075
DEL04143,Jivika Mangal,+91 87040 48704,Female,09-08-2025,Contract,Bike,LOC0051
DEL04144,Eva Dixit,+91 90164 87563,Male,01-09-2022,Contract,Bike,LOC0020
DEL04145,Dhruv Sidhu,+91 77598 86964,Male,19-07-2023,Full-Time,EV Bike,LOC0039
DEL04146,Amira Chakrabarti,+91 77723 36123,Female,19-08-2024,Contract,Van,LOC0099
DEL04147,Amira Garde,+91 76394 37601,Male,24-12-2022,Contract,Scooter,LOC0040
DEL04148,Neelofar Choudhary,+91 73021 87252,Male,19-06-2022,Contract,EV Bike,LOC0106
DEL04149,Elakshi Sen,+91 75404 89197,Female,06-08-2024,Contract,Van,LOC0109
DEL04150,Aarush Dewan,+91 78737 98850,Female,02-09-2021,Full-Time,Scooter,LOC0074
DEL04151,Nakul Lalla,+91 62314 98715,Female,11-07-2025,Contract,Van,LOC0092
DEL04152,Kanav Barman,+91 99239 50750,Male,13-03-2022,Full-Time,EV Bike,LOC0094
DEL04153,Misha Solanki,+91 64581 62035,Male,15-02-2022,Contract,Van,LOC0003
DEL04154,Anahita Shan,+91 79875 99915,Male,07-08-2022,Full-Time,Bike,LOC0052
DEL04155,Anika Brahmbhatt,+91 69997 58655,Female,09-03-2024,Contract,Van,LOC0073
DEL04156,Charvi Chacko,+91 83737 45749,Female,28-01-2025,Full-Time,Bike,LOC0028
DEL04157,Amani Gopal,+91 98743 32001,Male,26-09-2022,Full-Time,Bike,LOC0029
DEL04158,Indrans Sampath,+91 72242 56893,Female,07-12-2022,Contract,EV Bike,LOC0038
DEL04159,Uthkarsh Tandon,+91 63581 24544,Female,08-06-2022,Full-Time,EV Bike,LOC0071
DEL04160,Onkar Bora,+91 77340 82974,Female,15-05-2023,Contract,EV Bike,LOC0111
DEL04161,Rhea Manda,+91 81047 18394,Female,04-05-2025,Full-Time,Van,LOC0096
DEL04162,Kanav Sengupta,+91 78856 52158,Female,22-04-2021,Full-Time,Van,LOC0055
DEL04163,Hrishita Kala,+91 97200 83846,Female,14-07-2024,Contract,Van,LOC0090
DEL04164,Charvi Chowdhury,+91 61352 93413,Female,07-01-2023,Contract,Van,LOC0034
DEL04165,Bhavin Keer,+91 84914 57464,Female,27-03-2024,Full-Time,Bike,LOC0018
DEL04166,Jayan Halder,+91 73206 48511,Male,12-10-2021,Full-Time,Bike,LOC0103
DEL04167,Armaan Chauhan,+91 89229 13159,Female,04-02-2023,Contract,Bike,LOC0001
DEL04168,Jhanvi Gade,+91 70514 91840,Male,08-01-2026,Full-Time,Van,LOC0029
DEL04169,Nayantara Chada,+91 96229 56659,Female,07-02-2022,Full-Time,EV Bike,LOC0057
DEL04170,Madhav Jani,+91 82779 52102,Female,23-01-2024,Full-Time,EV Bike,LOC0064
DEL04171,Zain Bahri,+91 80614 36312,Female,31-05-2025,Contract,EV Bike,LOC0087
DEL04172,Anvi Krishna,+91 93950 52511,Male,23-11-2024,Full-Time,EV Bike,LOC0040
DEL04173,Nehmat Sharma,+91 85551 42991,Male,23-04-2024,Contract,EV Bike,LOC0098
DEL04174,Misha Sura,+91 80915 94925,Male,04-05-2021,Full-Time,EV Bike,LOC0088
DEL04175,Aaina Dewan,+91 69994 35336,Male,02-10-2024,Full-Time,Scooter,LOC0058
DEL04176,Vihaan Loyal,+91 81514 20918,Male,31-10-2023,Contract,EV Bike,LOC0015
DEL04177,Seher Bahl,+91 73158 68840,Male,14-10-2022,Contract,Scooter,LOC0104
DEL04178,Jiya Datta,+91 82914 25072,Female,19-10-2021,Contract,Bike,LOC0025
DEL04179,Nitya Dyal,+91 67495 57689,Female,11-04-2025,Contract,EV Bike,LOC0082
DEL04180,Nitya Maharaj,+91 77188 15687,Female,08-01-2024,Contract,Bike,LOC0049
DEL04181,Amira Khanna,+91 78821 21168,Female,23-12-2021,Contract,EV Bike,LOC0024
DEL04182,Reyansh Toor,+91 85263 11611,Female,11-09-2021,Contract,Van,LOC0101
DEL04183,Alia Dyal,+91 99035 69238,Male,15-01-2024,Contract,Van,LOC0060
DEL04184,Tarini Bhalla,+91 95329 66053,Female,25-10-2021,Contract,Bike,LOC0090
DEL04185,Vaibhav Behl,+91 63722 34411,Female,07-08-2025,Contract,Van,LOC0086
DEL04186,Rohan Mannan,+91 87285 10974,Male,30-09-2023,Contract,EV Bike,LOC0002
DEL04187,Myra Biswas,+91 71174 33835,Female,25-07-2025,Contract,Bike,LOC0041
DEL04188,Riaan Srinivasan,+91 81358 62919,Female,18-02-2024,Full-Time,Scooter,LOC0099
DEL04189,Devansh Goel,+91 76522 44548,Female,14-05-2025,Full-Time,EV Bike,LOC0070
DEL04190,Shray Ratta,+91 83383 38293,Female,22-03-2022,Full-Time,Van,LOC0100
DEL04191,Divyansh Master,+91 65079 37172,Male,27-08-2023,Full-Time,Scooter,LOC0016
DEL04192,Vidur Hari,+91 96244 33512,Female,25-11-2021,Contract,Van,LOC0068
DEL04193,Taran Dhillon,+91 75268 22858,Male,23-04-2021,Contract,Bike,LOC0029
DEL04194,Jiya Agate,+91 95534 75621,Male,22-09-2025,Full-Time,Scooter,LOC0049
DEL04195,Himmat Vora,+91 96148 65252,Male,27-07-2024,Contract,Scooter,LOC0096
DEL04196,Arnav Lad,+91 72627 11144,Male,07-08-2025,Contract,EV Bike,LOC0108
DEL04197,Jiya Bala,+91 60425 42067,Female,23-12-2025,Full-Time,EV Bike,LOC0029
DEL04198,Nitara Setty,+91 89357 22033,Male,04-04-2023,Contract,Scooter,LOC0020
DEL04199,Myra Kala,+91 95369 27976,Female,28-11-2023,Full-Time,Bike,LOC0014
DEL04200,Sahil Suri,+91 64840 36608,Female,10-12-2025,Full-Time,EV Bike,LOC0051
DEL04201,Eva Kata,+91 79275 56915,Male,08-02-2023,Full-Time,Van,LOC0016
DEL04202,Indranil Borde,+91 78479 56031,Female,18-02-2024,Full-Time,EV Bike,LOC0062
DEL04203,Suhana Sangha,+91 80057 24437,Female,02-02-2024,Contract,Van,LOC0098
DEL04204,Romil Hora,+91 81318 01282,Male,02-02-2025,Full-Time,Bike,LOC0102
DEL04205,Anvi Kade,+91 86189 61331,Male,17-08-2024,Contract,Van,LOC0007
DEL04206,Alisha Krishnan,+91 95190 87138,Female,07-02-2026,Full-Time,EV Bike,LOC0047
DEL04207,Krish Brar,+91 64473 53501,Male,04-12-2024,Full-Time,Van,LOC0028
DEL04208,Tanya Dora,+91 76106 28139,Male,03-08-2022,Contract,Van,LOC0080
DEL04209,Anahi Bali,+91 79698 06976,Female,09-03-2025,Full-Time,Scooter,LOC0075
DEL04210,Khushi Sharaf,+91 95872 72935,Male,23-06-2022,Full-Time,Bike,LOC0099
DEL04211,Kanav Kuruvilla,+91 69973 76902,Male,23-07-2021,Contract,Bike,LOC0082
DEL04212,Dhruv Kumar,+91 98081 72782,Male,26-12-2022,Full-Time,EV Bike,LOC0012
DEL04213,Dhanuk Borde,+91 87240 78928,Male,23-04-2024,Full-Time,EV Bike,LOC0085
DEL04214,Madhup Chatterjee,+91 81978 89707,Female,08-04-2023,Full-Time,Bike,LOC0104
DEL04215,Shanaya Rajagopalan,+91 98327 36128,Female,30-04-2022,Full-Time,Scooter,LOC0102
DEL04216,Drishya Uppal,+91 85744 34216,Female,03-04-2022,Full-Time,Scooter,LOC0048
DEL04217,Aaina Chaudry,+91 88446 83850,Male,12-12-2021,Full-Time,Bike,LOC0008
DEL04218,Khushi Borah,+91 78568 25039,Female,04-02-2025,Contract,Van,LOC0071
DEL04219,Lagan Baral,+91 89590 90338,Female,18-03-2026,Contract,Van,LOC0007
DEL04220,Nirvi Dubey,+91 86476 14007,Female,30-12-2022,Full-Time,Van,LOC0035
DEL04221,Bhavin Shukla,+91 67458 75558,Female,08-07-2023,Full-Time,Van,LOC0092
DEL04222,Zara Kota,+91 69118 61064,Female,01-11-2024,Contract,EV Bike,LOC0067
DEL04223,Saanvi Varty,+91 73849 64663,Female,09-01-2023,Full-Time,EV Bike,LOC0100
DEL04224,Himmat Karnik,+91 96506 80644,Male,04-06-2021,Contract,Scooter,LOC0051
DEL04225,Kashvi Din,+91 79702 76285,Male,03-09-2021,Full-Time,EV Bike,LOC0100
DEL04226,Emir Dave,+91 90545 26445,Female,27-08-2022,Full-Time,EV Bike,LOC0016
DEL04227,Drishya Warrior,+91 66344 42584,Male,15-03-2026,Contract,Scooter,LOC0014
DEL04228,Tejas Devan,+91 77006 38575,Female,15-02-2022,Full-Time,Scooter,LOC0073
DEL04229,Neelofar Sagar,+91 72546 50882,Male,24-06-2024,Full-Time,Bike,LOC0009
DEL04230,Manjari Chaudhari,+91 70382 90185,Female,09-08-2025,Full-Time,Scooter,LOC0023
DEL04231,Renee Swaminathan,+91 86691 56543,Male,09-06-2024,Contract,Van,LOC0058
DEL04232,Dhanush Bassi,+91 79150 58742,Male,29-07-2022,Full-Time,Scooter,LOC0106
DEL04233,Yashvi Atwal,+91 82288 99949,Female,02-01-2025,Contract,Bike,LOC0111
DEL04234,Vihaan Rattan,+91 68356 33829,Male,21-03-2022,Full-Time,Scooter,LOC0029
DEL04235,Nitya Kulkarni,+91 66977 43865,Male,01-08-2024,Full-Time,Bike,LOC0056
DEL04236,Azad Korpal,+91 64077 70196,Female,10-03-2022,Contract,Bike,LOC0093
DEL04237,Alisha Chhabra,+91 74758 58064,Female,21-12-2025,Full-Time,Scooter,LOC0021
DEL04238,Nakul Varkey,+91 99421 11265,Male,25-06-2023,Contract,Bike,LOC0070
DEL04239,Zaina Kale,+91 88693 12707,Male,27-12-2021,Full-Time,EV Bike,LOC0073
DEL04240,Amani Kakar,+91 62438 67839,Female,05-03-2024,Contract,Bike,LOC0050
DEL04241,Anay Bajwa,+91 69552 52640,Male,16-05-2021,Full-Time,EV Bike,LOC0069
DEL04242,Faiyaz Apte,+91 69033 36952,Male,08-12-2021,Full-Time,EV Bike,LOC0035
DEL04243,Miraya Datta,+91 84478 67118,Male,21-09-2021,Full-Time,EV Bike,LOC0044
DEL04244,Nirvi Zachariah,+91 70478 81801,Male,07-06-2024,Contract,EV Bike,LOC0075
DEL04245,Nitara Balay,+91 92778 71005,Male,29-04-2024,Full-Time,Bike,LOC0083
DEL04246,Raghav Bail,+91 64410 81257,Female,25-11-2021,Contract,Scooter,LOC0048
DEL04247,Chirag Srivastava,+91 77027 44181,Female,24-11-2021,Contract,EV Bike,LOC0036
DEL04248,Pari Vaidya,+91 73570 82415,Female,13-05-2024,Contract,Bike,LOC0048
DEL04249,Samiha Kapur,+91 71709 55448,Male,21-01-2022,Contract,Bike,LOC0096
DEL04250,Shray Rama,+91 95029 70151,Female,30-04-2022,Full-Time,Scooter,LOC0056
DEL04251,Samarth Rege,+91 96006 87409,Female,31-03-2026,Full-Time,Scooter,LOC0102
DEL04252,Riya Rout,+91 77481 35331,Male,21-05-2025,Contract,Scooter,LOC0022
DEL04253,Raghav Vala,+91 75814 37799,Female,09-06-2022,Full-Time,Van,LOC0016
DEL04254,Taimur Bala,+91 77790 62079,Female,08-08-2024,Full-Time,Scooter,LOC0036
DEL04255,Anahita Sanghvi,+91 91236 71112,Male,12-05-2024,Full-Time,Van,LOC0007
DEL04256,Aarav Desai,+91 88431 03026,Female,31-01-2022,Full-Time,EV Bike,LOC0035
DEL04257,Hazel Kade,+91 99736 07598,Female,09-12-2023,Full-Time,Bike,LOC0088
DEL04258,Suhana Gaba,+91 80366 49968,Male,19-09-2021,Full-Time,Scooter,LOC0011
DEL04259,Ivana Rout,+91 96363 15415,Male,16-10-2023,Full-Time,EV Bike,LOC0009
DEL04260,Divit Mannan,+91 72661 95032,Female,17-12-2025,Contract,Van,LOC0109
DEL04261,Sara Dhar,+91 91183 22456,Male,22-01-2026,Full-Time,Bike,LOC0039
DEL04262,Jayesh Vyas,+91 73001 02225,Female,10-06-2024,Contract,Bike,LOC0079
DEL04263,Misha Chad,+91 99475 58281,Female,12-07-2021,Contract,Scooter,LOC0026
DEL04264,Akarsh Gara,+91 91488 51610,Male,23-08-2024,Full-Time,EV Bike,LOC0082
DEL04265,Yasmin Raju,+91 83420 90152,Female,15-06-2021,Contract,Scooter,LOC0031
DEL04266,Purab Varkey,+91 81661 47468,Female,26-03-2025,Full-Time,Van,LOC0110
DEL04267,Bhamini Bakshi,+91 84441 41490,Female,13-04-2022,Contract,EV Bike,LOC0107
DEL04268,Urvi Kumar,+91 67098 74175,Male,26-10-2023,Contract,EV Bike,LOC0063
DEL04269,Dharmajan Chada,+91 92324 56202,Female,07-01-2023,Contract,EV Bike,LOC0031
DEL04270,Rhea Suri,+91 65203 08513,Male,07-07-2022,Full-Time,Van,LOC0061
DEL04271,Divyansh Koshy,+91 65449 48133,Male,19-06-2025,Full-Time,Bike,LOC0050
DEL04272,Zaina Bahl,+91 72729 63374,Female,10-10-2025,Full-Time,Van,LOC0089
DEL04273,Bhavin Agarwal,+91 62101 95985,Female,25-03-2026,Full-Time,Van,LOC0112
DEL04274,Neelofar Warrior,+91 60154 78953,Male,19-01-2026,Full-Time,EV Bike,LOC0082
DEL04275,Nitara Bajaj,+91 88363 63615,Female,24-04-2023,Full-Time,EV Bike,LOC0011
DEL04276,Pihu Baral,+91 94748 61111,Female,26-11-2025,Full-Time,EV Bike,LOC0042
DEL04277,Darshit Jhaveri,+91 73903 12556,Female,08-01-2022,Full-Time,EV Bike,LOC0104
DEL04278,Mohanlal Ghose,+91 94095 97068,Female,31-10-2021,Contract,Bike,LOC0052
DEL04279,Azad Seshadri,+91 97698 59607,Female,08-01-2022,Full-Time,Scooter,LOC0014
DEL04280,Drishya Thakur,+91 89898 08103,Male,17-12-2025,Full-Time,Bike,LOC0007
DEL04281,Ayesha Vyas,+91 83343 48333,Female,18-11-2023,Full-Time,Van,LOC0054
DEL04282,Ivana Dhillon,+91 72560 06092,Female,28-06-2023,Full-Time,Van,LOC0013
DEL04283,Divyansh Contractor,+91 79546 84240,Female,07-09-2025,Full-Time,EV Bike,LOC0026
DEL04284,Krish Sabharwal,+91 89546 96428,Male,08-10-2021,Full-Time,EV Bike,LOC0095
DEL04285,Vritika Seshadri,+91 72962 41899,Female,27-12-2022,Full-Time,EV Bike,LOC0076
DEL04286,Shray Vaidya,+91 62919 32572,Female,12-08-2023,Full-Time,EV Bike,LOC0081
DEL04287,Vedika Dua,+91 61652 64801,Male,19-10-2024,Full-Time,Bike,LOC0092
DEL04288,Damini Ray,+91 77170 33916,Female,11-09-2024,Full-Time,EV Bike,LOC0107
DEL04289,Manikya Kurian,+91 85290 95319,Male,28-01-2022,Full-Time,EV Bike,LOC0011
DEL04290,Yuvraj  Bedi,+91 94818 34780,Male,05-02-2026,Full-Time,EV Bike,LOC0063
DEL04291,Armaan Barad,+91 67692 00521,Female,07-12-2023,Contract,EV Bike,LOC0106
DEL04292,Shaan Dani,+91 72770 85639,Female,28-09-2023,Contract,Bike,LOC0086
DEL04293,Drishya Sanghvi,+91 86453 00946,Female,30-10-2023,Contract,Scooter,LOC0010
DEL04294,Arnav Thaman,+91 84546 63641,Male,02-07-2023,Full-Time,Bike,LOC0023
DEL04295,Shalv Kamdar,+91 67748 17388,Male,05-10-2023,Contract,Scooter,LOC0010
DEL04296,Nirvaan Raj,+91 82005 71847,Male,26-08-2025,Full-Time,EV Bike,LOC0025
DEL04297,Aarush Madan,+91 88632 77483,Female,01-11-2021,Contract,Scooter,LOC0073
DEL04298,Tushar Sahota,+91 92943 11528,Male,14-01-2026,Contract,Scooter,LOC0006
DEL04299,Riaan Sharaf,+91 63400 95040,Female,06-04-2021,Full-Time,EV Bike,LOC0047
DEL04300,Priyansh De,+91 75460 35092,Female,16-02-2025,Contract,Scooter,LOC0036
DEL04301,Nirvaan Shetty,+91 96664 84796,Female,15-02-2026,Contract,EV Bike,LOC0075
DEL04302,Gatik Bedi,+91 98077 43107,Male,28-06-2023,Contract,EV Bike,LOC0064
DEL04303,Dharmajan Sodhi,+91 86872 78296,Female,06-02-2023,Full-Time,Scooter,LOC0032
DEL04304,Misha Soman,+91 62480 29525,Male,02-06-2023,Contract,EV Bike,LOC0052
DEL04305,Mehul Batra,+91 86527 51589,Male,10-05-2022,Full-Time,Van,LOC0086
DEL04306,Ojas Krish,+91 70124 38623,Female,20-01-2024,Full-Time,Bike,LOC0045
DEL04307,Miraya Mannan,+91 67571 35713,Male,15-04-2021,Contract,Bike,LOC0084
DEL04308,Indranil Sanghvi,+91 60922 29783,Female,11-07-2025,Full-Time,EV Bike,LOC0069
DEL04309,Riaan Lal,+91 93131 61243,Male,11-07-2023,Full-Time,Bike,LOC0072
DEL04310,Advik Ratta,+91 71340 91608,Male,31-12-2023,Contract,Bike,LOC0035
DEL04311,Pranay Swamy,+91 60868 18793,Female,26-11-2024,Full-Time,Bike,LOC0058
DEL04312,Anika Borah,+91 89861 84557,Female,03-07-2024,Full-Time,Van,LOC0079
DEL04313,Hazel Bhakta,+91 98834 70254,Female,03-04-2024,Full-Time,Bike,LOC0112
DEL04314,Mohanlal Comar,+91 67945 57496,Female,25-04-2024,Contract,Bike,LOC0065
DEL04315,Kimaya Hayre,+91 87156 60440,Male,23-11-2022,Full-Time,Scooter,LOC0058
DEL04316,Renee Mammen,+91 61333 36344,Female,30-11-2023,Contract,Scooter,LOC0108
DEL04317,Taimur Wason,+91 76777 77082,Male,06-08-2025,Full-Time,Van,LOC0043
DEL04318,Tushar Bahri,+91 75772 89652,Female,27-07-2023,Contract,Bike,LOC0017
DEL04319,Trisha Bassi,+91 66065 44757,Male,11-07-2022,Contract,Van,LOC0024
DEL04320,Nakul Solanki,+91 62368 58938,Male,17-06-2025,Full-Time,EV Bike,LOC0099
DEL04321,Damini Vohra,+91 88753 38773,Male,01-05-2024,Contract,Van,LOC0055
DEL04322,Rhea Sen,+91 78451 57390,Female,13-08-2023,Contract,EV Bike,LOC0028
DEL04323,Piya Sethi,+91 98727 63456,Male,16-12-2021,Contract,Scooter,LOC0090
DEL04324,Misha Sehgal,+91 79201 61893,Female,23-10-2023,Full-Time,Bike,LOC0048
DEL04325,Piya Kohli,+91 76898 55835,Male,18-10-2022,Contract,Scooter,LOC0100
DEL04326,Zeeshan Basak,+91 75298 20152,Male,15-04-2024,Full-Time,EV Bike,LOC0033
DEL04327,Urvi Behl,+91 97259 00144,Male,18-04-2024,Full-Time,Scooter,LOC0060
DEL04328,Ela Dhar,+91 74186 40555,Female,26-03-2024,Contract,EV Bike,LOC0058
DEL04329,Eva Contractor,+91 82088 23705,Male,05-03-2025,Full-Time,Bike,LOC0014
DEL04330,Tiya Barman,+91 60571 76077,Male,01-05-2022,Contract,EV Bike,LOC0096
DEL04331,Zaina Wali,+91 77785 05881,Male,24-06-2023,Full-Time,EV Bike,LOC0057
DEL04332,Kaira Vohra,+91 91415 09644,Male,10-11-2025,Full-Time,Van,LOC0018
DEL04333,Bhavin Saini,+91 85212 06920,Male,17-10-2024,Contract,Bike,LOC0105
DEL04334,Prerak Datta,+91 79476 90170,Male,24-12-2025,Contract,Scooter,LOC0003
DEL04335,Arnav Ravel,+91 79260 00691,Male,24-10-2025,Contract,Scooter,LOC0067
DEL04336,Dhanuk Hari,+91 93508 26193,Male,08-01-2024,Contract,EV Bike,LOC0005
DEL04337,Divit Kaul,+91 61166 86192,Female,16-08-2021,Contract,EV Bike,LOC0031
DEL04338,Shlok Venkataraman,+91 84003 44403,Female,21-08-2024,Contract,Van,LOC0042
DEL04339,Advika Raj,+91 62696 15625,Female,09-11-2022,Full-Time,Van,LOC0059
DEL04340,Myra Ramanathan,+91 70739 99188,Female,28-06-2025,Full-Time,Scooter,LOC0023
DEL04341,Vritika Bala,+91 65659 92394,Male,01-02-2024,Contract,Van,LOC0078
DEL04342,Kashvi Dara,+91 70148 88345,Male,05-08-2025,Full-Time,EV Bike,LOC0021
DEL04343,Trisha Bhattacharyya,+91 65256 03343,Female,12-01-2022,Contract,Bike,LOC0025
DEL04344,Manjari Kaur,+91 71650 85684,Male,03-05-2025,Full-Time,EV Bike,LOC0006
DEL04345,Kiara Chanda,+91 79196 08453,Female,29-08-2022,Full-Time,EV Bike,LOC0073
DEL04346,Saira Sura,+91 94926 49272,Male,27-01-2025,Contract,EV Bike,LOC0043
DEL04347,Dhruv Bumb,+91 75485 40493,Female,08-04-2023,Full-Time,Scooter,LOC0029
DEL04348,Pranay Sule,+91 91812 03410,Female,25-06-2022,Full-Time,Bike,LOC0027
DEL04349,Trisha Saraf,+91 75898 70593,Male,05-06-2021,Full-Time,EV Bike,LOC0095
DEL04350,Nishith Ghosh,+91 92707 57050,Female,04-12-2023,Contract,EV Bike,LOC0105
DEL04351,Uthkarsh Chaudhary,+91 95768 34255,Female,09-02-2023,Contract,Van,LOC0071
DEL04352,Bhamini Krish,+91 85220 99929,Male,18-02-2022,Contract,Van,LOC0045
DEL04353,Saanvi Swamy,+91 94022 70135,Male,22-03-2023,Contract,EV Bike,LOC0035
DEL04354,Armaan Shah,+91 64949 95399,Male,24-04-2024,Contract,EV Bike,LOC0056
DEL04355,Rasha Sunder,+91 79435 36393,Male,06-08-2022,Full-Time,Scooter,LOC0074
DEL04356,Jayant Dasgupta,+91 66434 33640,Male,23-05-2021,Contract,Bike,LOC0048
DEL04357,Devansh Roy,+91 97555 71362,Female,12-06-2025,Contract,Scooter,LOC0034
DEL04358,Shlok Karan,+91 84296 43306,Female,25-11-2024,Full-Time,Bike,LOC0083
DEL04359,Advik Lad,+91 70306 80900,Male,10-05-2023,Full-Time,Scooter,LOC0042
DEL04360,Anvi Tripathi,+91 98585 73248,Male,25-07-2021,Full-Time,EV Bike,LOC0095
DEL04361,Priyansh Halder,+91 76355 40632,Female,13-04-2024,Full-Time,Van,LOC0075
DEL04362,Lakshay Khare,+91 77327 72240,Female,30-06-2024,Full-Time,Scooter,LOC0032
DEL04363,Alisha Salvi,+91 64274 70302,Male,21-09-2023,Full-Time,Van,LOC0082
DEL04364,Kiara Iyer,+91 82716 00552,Male,19-07-2025,Full-Time,EV Bike,LOC0066
DEL04365,Nayantara Bhavsar,+91 73513 57164,Male,01-10-2023,Full-Time,Bike,LOC0095
DEL04366,Shayak Luthra,+91 60801 56938,Female,10-02-2026,Contract,Van,LOC0055
DEL04367,Jayan Hora,+91 95491 27003,Male,04-07-2021,Full-Time,Scooter,LOC0059
DEL04368,Purab Raj,+91 65623 46661,Female,31-12-2023,Full-Time,Van,LOC0025
DEL04369,Sana Borra,+91 66547 33826,Male,19-11-2024,Full-Time,Bike,LOC0013
DEL04370,Ela Chakrabarti,+91 81153 65507,Female,16-08-2023,Full-Time,Scooter,LOC0060
DEL04371,Farhan Kuruvilla,+91 93599 56305,Male,09-02-2025,Full-Time,EV Bike,LOC0099
DEL04372,Ivana Rajagopal,+91 93213 92636,Female,15-01-2022,Full-Time,Van,LOC0080
DEL04373,Baiju Soni,+91 95716 84736,Male,14-01-2022,Full-Time,Bike,LOC0029
DEL04374,Madhup Gill,+91 79001 32213,Male,25-06-2024,Contract,Bike,LOC0002
DEL04375,Purab Bajaj,+91 77571 91300,Female,18-04-2024,Full-Time,Van,LOC0112
DEL04376,Nitya Rajan,+91 80524 92531,Female,26-08-2021,Full-Time,EV Bike,LOC0041
DEL04377,Aarush Sachdeva,+91 83997 71492,Female,28-03-2024,Full-Time,Bike,LOC0064
DEL04378,Nitara Jani,+91 69978 28952,Male,04-05-2021,Contract,Scooter,LOC0058
DEL04379,Elakshi Doctor,+91 93336 82199,Male,28-12-2025,Contract,Scooter,LOC0059
DEL04380,Vivaan Deep,+91 74353 03723,Female,24-07-2022,Contract,Van,LOC0074
DEL04381,Amira Kunda,+91 70892 58850,Male,07-04-2024,Contract,Bike,LOC0079
DEL04382,Hazel Kale,+91 79449 55172,Female,28-10-2024,Contract,Scooter,LOC0071
DEL04383,Sara Malhotra,+91 73906 89786,Female,30-05-2025,Contract,Van,LOC0109
DEL04384,Sahil Chaudhuri,+91 73044 83508,Male,16-10-2022,Contract,EV Bike,LOC0016
DEL04385,Arnav Hari,+91 87026 80524,Female,19-12-2023,Contract,Bike,LOC0066
DEL04386,Anvi Reddy,+91 83955 25670,Male,17-07-2023,Contract,Bike,LOC0057
DEL04387,Taimur Dhar,+91 76539 75128,Male,01-02-2023,Full-Time,Van,LOC0075
DEL04388,Madhav Warrior,+91 90803 59784,Male,05-07-2023,Contract,Bike,LOC0037
DEL04389,Neelofar Kuruvilla,+91 87917 46323,Male,04-07-2022,Contract,Bike,LOC0073
DEL04390,Anya Kanda,+91 79029 04723,Female,24-10-2021,Full-Time,Van,LOC0073
DEL04391,Kiaan Karpe,+91 68817 27027,Female,19-12-2021,Contract,EV Bike,LOC0075
DEL04392,Priyansh Shroff,+91 97886 93334,Male,11-02-2023,Full-Time,Scooter,LOC0016
DEL04393,Kiaan Mangal,+91 62521 65747,Male,30-05-2021,Full-Time,Scooter,LOC0075
DEL04394,Zara Vasa,+91 77321 82848,Male,07-09-2024,Full-Time,Van,LOC0096
DEL04395,Pihu Kala,+91 98643 46034,Female,19-01-2025,Contract,Van,LOC0011
DEL04396,Nirvaan Banerjee,+91 63064 08087,Male,12-11-2023,Contract,Van,LOC0100
DEL04397,Eva Bose,+91 62943 09657,Female,02-04-2022,Full-Time,Van,LOC0007
DEL04398,Biju Singh,+91 84927 59781,Female,19-10-2023,Contract,Bike,LOC0059
DEL04399,Navya Loke,+91 74404 41019,Female,31-01-2025,Full-Time,Bike,LOC0084
DEL04400,Raunak Dubey,+91 80535 71532,Female,13-01-2026,Full-Time,Bike,LOC0078
DEL04401,Indrans Bava,+91 78276 56344,Male,22-08-2021,Contract,Van,LOC0048
DEL04402,Neysa Chandran,+91 91327 18054,Female,25-03-2024,Contract,EV Bike,LOC0035
DEL04403,Akarsh Dixit,+91 89828 49934,Male,17-07-2024,Full-Time,EV Bike,LOC0069
DEL04404,Siya Sura,+91 68683 86673,Male,09-12-2024,Full-Time,Scooter,LOC0101
DEL04405,Vanya Bhasin,+91 83562 21267,Female,11-01-2025,Contract,Bike,LOC0108
DEL04406,Vivaan Shan,+91 95712 13708,Female,04-04-2024,Full-Time,Bike,LOC0074
DEL04407,Vanya Chakraborty,+91 79596 99829,Male,23-01-2023,Full-Time,Bike,LOC0080
DEL04408,Kartik Randhawa,+91 60604 33344,Male,15-12-2023,Contract,Bike,LOC0065
DEL04409,Samar Seshadri,+91 74295 65664,Male,24-11-2022,Contract,Scooter,LOC0012
DEL04410,Divyansh Dara,+91 70033 98463,Female,31-08-2024,Full-Time,EV Bike,LOC0056
DEL04411,Trisha Dutt,+91 98419 59922,Male,30-06-2022,Full-Time,Bike,LOC0062
DEL04412,Riaan Kapadia,+91 88643 09605,Female,14-06-2022,Full-Time,Scooter,LOC0052
DEL04413,Romil Kaul,+91 76098 76982,Male,07-05-2025,Full-Time,Van,LOC0075
DEL04414,Hazel Venkatesh,+91 78312 88937,Female,16-10-2023,Contract,EV Bike,LOC0060
DEL04415,Emir Suri,+91 96436 59651,Male,21-11-2025,Contract,Scooter,LOC0068
DEL04416,Trisha Majumdar,+91 69052 13411,Male,10-12-2024,Contract,Bike,LOC0002
DEL04417,Advika Saran,+91 75414 89229,Female,03-02-2026,Full-Time,Van,LOC0101
DEL04418,Sumer Dutt,+91 68907 17110,Female,13-03-2024,Contract,Bike,LOC0077
DEL04419,Hridaan Virk,+91 86311 98510,Female,15-06-2021,Full-Time,Bike,LOC0069
DEL04420,Trisha Kala,+91 87722 78141,Male,12-07-2023,Full-Time,EV Bike,LOC0087
DEL04421,Aarav Bajwa,+91 87039 90629,Male,29-09-2025,Full-Time,Bike,LOC0082
DEL04422,Yuvraj  Suresh,+91 83946 51784,Female,07-12-2022,Full-Time,Scooter,LOC0051
DEL04423,Gatik Sandhu,+91 96368 57184,Male,30-05-2025,Contract,EV Bike,LOC0085
DEL04424,Inaaya  Dayal,+91 92349 94998,Female,28-05-2022,Contract,Van,LOC0003
DEL04425,Charvi Dhingra,+91 76106 88846,Male,31-03-2022,Full-Time,Van,LOC0038
DEL04426,Eva Maharaj,+91 82346 37247,Male,26-10-2021,Full-Time,Bike,LOC0093
DEL04427,Zeeshan Shah,+91 88176 87931,Male,31-08-2025,Contract,Scooter,LOC0089
DEL04428,Emir Subramanian,+91 89255 58682,Male,06-06-2025,Contract,Van,LOC0080
DEL04429,Kashvi Chopra,+91 73917 77426,Female,06-05-2021,Full-Time,Scooter,LOC0067
DEL04430,Emir Sarin,+91 80170 47910,Female,01-04-2025,Full-Time,Scooter,LOC0006
DEL04431,Eva Ranganathan,+91 92661 52269,Male,29-06-2022,Contract,Scooter,LOC0070
DEL04432,Hazel Buch,+91 98199 24418,Male,16-04-2023,Contract,EV Bike,LOC0062
DEL04433,Nishith Ganguly,+91 85042 76494,Male,23-10-2023,Full-Time,Van,LOC0069
DEL04434,Tanya Mallick,+91 85903 14427,Male,05-07-2024,Contract,Van,LOC0074
DEL04435,Rhea Kapadia,+91 97931 43248,Female,29-08-2024,Contract,Van,LOC0111
DEL04436,Anya Ahuja,+91 66812 00540,Male,25-01-2026,Full-Time,Bike,LOC0075
DEL04437,Dishani Batta,+91 86989 64713,Male,22-11-2025,Full-Time,Scooter,LOC0079
DEL04438,Lakshit Shanker,+91 62190 22137,Male,10-04-2022,Contract,EV Bike,LOC0002
DEL04439,Tanya Bali,+91 95655 20650,Female,18-02-2026,Full-Time,EV Bike,LOC0086
DEL04440,Nehmat Mannan,+91 81023 22399,Male,23-10-2021,Full-Time,Bike,LOC0104
DEL04441,Anahi Korpal,+91 91806 45347,Female,26-12-2024,Full-Time,EV Bike,LOC0008
DEL04442,Rhea Bhatia,+91 85998 89251,Female,28-03-2024,Full-Time,EV Bike,LOC0053
DEL04443,Akarsh Gulati,+91 73169 65356,Female,29-09-2022,Contract,Scooter,LOC0045
DEL04444,Anika Wason,+91 68911 92753,Male,27-07-2023,Contract,Van,LOC0053
DEL04445,Abram Sarraf,+91 68885 53407,Male,11-08-2021,Contract,Scooter,LOC0036
DEL04446,Tarini Gill,+91 63857 00941,Female,17-08-2024,Contract,EV Bike,LOC0009
DEL04447,Dishani Krishna,+91 76182 68245,Female,26-11-2022,Contract,Van,LOC0070
DEL04448,Samaira Bakshi,+91 93071 27880,Male,20-01-2026,Full-Time,Bike,LOC0038
DEL04449,Riaan Garg,+91 99871 05485,Male,16-08-2022,Full-Time,EV Bike,LOC0063
DEL04450,Hrishita Tripathi,+91 78662 21574,Female,27-01-2022,Contract,EV Bike,LOC0068
DEL04451,Tushar Kumar,+91 94152 21709,Male,18-12-2021,Full-Time,Bike,LOC0085
DEL04452,Pari Bakshi,+91 89422 96203,Female,26-02-2025,Contract,Scooter,LOC0009
DEL04453,Aarush Balan,+91 85850 83730,Female,28-12-2023,Contract,Van,LOC0007
DEL04454,Saanvi Chand,+91 73061 59999,Male,16-08-2024,Full-Time,Scooter,LOC0001
DEL04455,Prisha Chaudhuri,+91 90221 23554,Male,09-09-2022,Contract,EV Bike,LOC0017
DEL04456,Aniruddh Vohra,+91 83037 67222,Male,23-07-2022,Contract,Van,LOC0013
DEL04457,Hazel Golla,+91 67801 49830,Female,05-07-2022,Full-Time,Bike,LOC0049
DEL04458,Hunar Kibe,+91 84580 13616,Male,18-04-2021,Contract,Scooter,LOC0087
DEL04459,Prerak Bhat,+91 63321 78445,Male,18-01-2023,Contract,EV Bike,LOC0082
DEL04460,Purab Gade,+91 73157 28639,Female,23-08-2024,Full-Time,Van,LOC0054
DEL04461,Vanya Soni,+91 71122 96352,Female,17-03-2024,Contract,Scooter,LOC0051
DEL04462,Mahika Baral,+91 85381 10783,Male,30-05-2025,Full-Time,Bike,LOC0035
DEL04463,Arnav Viswanathan,+91 98095 23431,Female,29-09-2025,Contract,Van,LOC0050
DEL04464,Bhamini Lata,+91 62134 75873,Male,18-10-2024,Contract,Scooter,LOC0086
DEL04465,Prisha Sridhar,+91 73533 29110,Female,08-07-2024,Contract,Scooter,LOC0001
DEL04466,Dharmajan Gupta,+91 63164 66985,Male,18-06-2022,Contract,Bike,LOC0071
DEL04467,Jhanvi Kaul,+91 88161 76028,Female,12-08-2024,Full-Time,Van,LOC0100
DEL04468,Urvi Shan,+91 69828 99202,Male,23-12-2025,Full-Time,EV Bike,LOC0012
DEL04469,Sumer Randhawa,+91 70304 82860,Male,02-11-2024,Full-Time,Scooter,LOC0026
DEL04470,Azad Salvi,+91 72304 88632,Male,30-10-2021,Full-Time,EV Bike,LOC0096
DEL04471,Kiara Goda,+91 78859 83853,Female,08-11-2023,Contract,Van,LOC0076
DEL04472,Nishith Magar,+91 72558 44709,Male,08-12-2023,Full-Time,Bike,LOC0101
DEL04473,Ehsaan Keer,+91 65760 66171,Male,26-02-2023,Full-Time,Bike,LOC0059
DEL04474,Charvi Bhalla,+91 76729 52218,Female,23-07-2021,Contract,EV Bike,LOC0010
DEL04475,Sara Borra,+91 68161 58083,Female,06-01-2024,Full-Time,EV Bike,LOC0093
DEL04476,Mohanlal Kulkarni,+91 75029 73545,Female,29-06-2025,Contract,Scooter,LOC0103
DEL04477,Piya Toor,+91 94003 63452,Male,08-12-2021,Full-Time,Scooter,LOC0012
DEL04478,Rasha Mane,+91 83062 47986,Female,29-03-2026,Full-Time,Scooter,LOC0074
DEL04479,Krish Gara,+91 71563 04581,Female,13-08-2022,Full-Time,Bike,LOC0113
DEL04480,Krish Rau,+91 67393 30890,Female,02-04-2021,Contract,Van,LOC0031
DEL04481,Bhamini Sura,+91 84025 32009,Female,22-07-2024,Contract,EV Bike,LOC0070
DEL04482,Vardaniya Dixit,+91 99362 51623,Female,04-10-2025,Contract,Van,LOC0085
DEL04483,Samar Trivedi,+91 65774 78964,Male,25-11-2021,Contract,Van,LOC0003
DEL04484,Kaira Vala,+91 78192 76221,Male,21-11-2023,Contract,Scooter,LOC0001
DEL04485,Jayant Rao,+91 98292 52968,Female,21-10-2023,Contract,Scooter,LOC0080
DEL04486,Nitya Tandon,+91 90781 48620,Female,24-03-2025,Full-Time,EV Bike,LOC0019
DEL04487,Shlok Bhatt,+91 84579 24450,Male,17-08-2022,Full-Time,Scooter,LOC0082
DEL04488,Navya Kala,+91 85462 67348,Male,19-12-2022,Full-Time,Scooter,LOC0072
DEL04489,Anahi Thakkar,+91 88378 84083,Female,08-04-2023,Full-Time,Bike,LOC0107
DEL04490,Kismat Boase,+91 72499 63374,Male,13-10-2023,Full-Time,Van,LOC0061
DEL04491,Elakshi Dugal,+91 98188 58076,Male,01-07-2021,Full-Time,Scooter,LOC0077
DEL04492,Tarini Sachar,+91 92004 83031,Female,26-08-2021,Contract,EV Bike,LOC0102
DEL04493,Kashvi Sarkar,+91 83199 95680,Female,17-01-2026,Full-Time,Bike,LOC0033
DEL04494,Riaan Handa,+91 88330 78267,Female,25-08-2022,Full-Time,EV Bike,LOC0040
DEL04495,Dhruv Gulati,+91 87486 25803,Male,06-08-2025,Full-Time,Scooter,LOC0043
DEL04496,Dharmajan Bose,+91 69140 06538,Female,02-01-2022,Full-Time,EV Bike,LOC0072
DEL04497,Alia Dhillon,+91 79931 74761,Female,27-11-2023,Contract,Bike,LOC0021
DEL04498,Lakshay Bath,+91 67592 04849,Male,02-09-2023,Full-Time,Scooter,LOC0008
DEL04499,Piya Sura,+91 76326 76822,Female,02-01-2023,Full-Time,Scooter,LOC0109
DEL04500,Zeeshan Amble,+91 83155 35655,Female,06-05-2024,Contract,Bike,LOC0075
DEL04501,Romil Sarma,+91 96825 40453,Male,23-02-2024,Full-Time,Bike,LOC0020
DEL04502,Rania Bajwa,+91 69048 12855,Female,10-02-2023,Full-Time,Van,LOC0062
DEL04503,Ritvik Konda,+91 70685 51868,Female,26-11-2025,Full-Time,EV Bike,LOC0106
DEL04504,Hazel Garde,+91 87626 60652,Male,05-02-2025,Full-Time,Bike,LOC0111
DEL04505,Abram Soman,+91 79952 46984,Female,24-08-2022,Full-Time,EV Bike,LOC0019
DEL04506,Tara Guha,+91 92958 75221,Female,18-10-2024,Contract,EV Bike,LOC0091
DEL04507,Pihu Mandal,+91 75645 28582,Female,19-12-2021,Full-Time,Bike,LOC0106
DEL04508,Tushar Deol,+91 70233 17901,Male,20-08-2025,Full-Time,EV Bike,LOC0012
DEL04509,Vihaan Dutt,+91 95819 35947,Male,15-09-2024,Full-Time,Van,LOC0092
DEL04510,Adah Roy,+91 73568 64738,Female,06-12-2025,Contract,Van,LOC0043
DEL04511,Anya Mallick,+91 93374 30407,Female,27-04-2021,Full-Time,Van,LOC0093
DEL04512,Ojas Garde,+91 61448 82751,Female,15-10-2021,Contract,Bike,LOC0046
DEL04513,Advika Handa,+91 83658 36356,Male,28-04-2021,Contract,EV Bike,LOC0043
DEL04514,Neelofar Thaker,+91 85566 81225,Female,07-03-2025,Contract,Scooter,LOC0059
DEL04515,Biju Dhingra,+91 95699 14342,Male,28-09-2021,Contract,Van,LOC0077
DEL04516,Bhamini Date,+91 99105 09459,Male,18-07-2025,Full-Time,EV Bike,LOC0024
DEL04517,Ahana  Dayal,+91 85813 37182,Female,27-01-2024,Contract,Scooter,LOC0082
DEL04518,Badal Shenoy,+91 77764 24965,Male,19-06-2022,Contract,EV Bike,LOC0110
DEL04519,Rania Mangat,+91 81297 09809,Female,28-07-2024,Full-Time,Bike,LOC0022
DEL04520,Anvi Choudhry,+91 86200 15646,Female,30-01-2022,Full-Time,EV Bike,LOC0060
DEL04521,Raunak Hegde,+91 98629 28781,Male,19-04-2023,Contract,Van,LOC0018
DEL04522,Misha Chaudhuri,+91 91069 92200,Female,16-04-2021,Contract,EV Bike,LOC0050
DEL04523,Kanav Barad,+91 73081 87551,Female,07-01-2025,Contract,EV Bike,LOC0028
DEL04524,Hunar Kannan,+91 89752 59858,Female,15-02-2022,Full-Time,EV Bike,LOC0103
DEL04525,Armaan Karan,+91 94277 14807,Male,04-08-2022,Contract,EV Bike,LOC0032
DEL04526,Manjari Sachdev,+91 83629 08899,Female,10-01-2023,Contract,Scooter,LOC0098
DEL04527,Raghav Randhawa,+91 60666 84161,Male,04-12-2021,Contract,EV Bike,LOC0105
DEL04528,Kashvi Batra,+91 98856 87901,Female,14-02-2025,Contract,Scooter,LOC0110
DEL04529,Tara Chawla,+91 83857 25740,Female,17-09-2023,Full-Time,Bike,LOC0013
DEL04530,Hridaan Kala,+91 74740 89717,Female,25-04-2021,Contract,Bike,LOC0015
DEL04531,Inaaya  Vyas,+91 60649 36355,Male,29-03-2022,Full-Time,EV Bike,LOC0046
DEL04532,Manikya Desai,+91 87447 34440,Female,21-02-2025,Contract,Scooter,LOC0040
DEL04533,Shalv Hegde,+91 97097 07914,Male,03-12-2021,Contract,Scooter,LOC0090
DEL04534,Alisha Kara,+91 73815 67999,Male,11-07-2021,Full-Time,Scooter,LOC0069
DEL04535,Ivan Dave,+91 94278 71495,Male,13-08-2025,Contract,EV Bike,LOC0105
DEL04536,Adah Manda,+91 94212 16271,Male,21-04-2023,Full-Time,Scooter,LOC0069
DEL04537,Nishith Din,+91 89095 02787,Male,05-04-2024,Contract,Bike,LOC0035
DEL04538,Yakshit Atwal,+91 69089 12134,Male,11-06-2024,Full-Time,Bike,LOC0029
DEL04539,Hazel Sandal,+91 62205 59516,Male,26-02-2022,Contract,Van,LOC0099
DEL04540,Dharmajan Ramesh,+91 80328 14771,Female,23-04-2025,Full-Time,EV Bike,LOC0045
DEL04541,Hansh Rege,+91 98270 32653,Male,01-01-2024,Full-Time,Bike,LOC0028
DEL04542,Zoya Korpal,+91 93883 19154,Male,27-09-2022,Contract,Scooter,LOC0030
DEL04543,Anvi Wason,+91 74345 13002,Female,26-09-2022,Full-Time,Bike,LOC0072
DEL04544,Damini Rastogi,+91 62726 56664,Male,10-02-2022,Full-Time,Scooter,LOC0022
DEL04545,Farhan Ahuja,+91 93942 05109,Male,29-08-2022,Full-Time,Scooter,LOC0042
DEL04546,Mishti Sethi,+91 67522 59451,Female,05-09-2025,Contract,Bike,LOC0014
DEL04547,Aarav Dave,+91 70858 28491,Female,25-07-2024,Contract,Scooter,LOC0012
DEL04548,Taran Raja,+91 69218 17815,Male,09-12-2025,Contract,Bike,LOC0066
DEL04549,Eshani Ratta,+91 98002 97987,Female,12-09-2025,Contract,Scooter,LOC0077
DEL04550,Yashvi Kunda,+91 88546 72340,Male,10-03-2023,Full-Time,Scooter,LOC0111
DEL04551,Vaibhav Choudhury,+91 81918 85295,Female,18-12-2023,Full-Time,Van,LOC0032
DEL04552,Ira Chakrabarti,+91 62417 48892,Female,17-12-2024,Full-Time,Van,LOC0064
DEL04553,Manjari Sood,+91 76497 25821,Female,09-11-2024,Contract,Van,LOC0038
DEL04554,Jhanvi Dhaliwal,+91 70063 68163,Female,05-02-2024,Contract,Bike,LOC0013
DEL04555,Stuvan Shere,+91 85202 63947,Male,12-04-2022,Contract,Bike,LOC0033
DEL04556,Seher Chad,+91 71971 13499,Female,31-03-2024,Contract,Scooter,LOC0037
DEL04557,Jivika Shanker,+91 97953 05877,Male,28-11-2023,Contract,Scooter,LOC0014
DEL04558,Priyansh Jain,+91 97535 61945,Female,15-01-2025,Full-Time,Van,LOC0061
DEL04559,Advika Comar,+91 65839 13473,Female,27-08-2022,Contract,Bike,LOC0016
DEL04560,Oorja Sem,+91 87427 20898,Male,16-07-2025,Contract,Van,LOC0083
DEL04561,Aradhya Chaudhuri,+91 91006 02128,Female,21-03-2026,Contract,Bike,LOC0053
DEL04562,Rasha Cheema,+91 89889 21522,Female,04-09-2021,Contract,Van,LOC0011
DEL04563,Gokul Mammen,+91 74075 45302,Female,04-04-2023,Full-Time,EV Bike,LOC0074
DEL04564,Shalv Kade,+91 78562 58973,Male,04-07-2022,Full-Time,EV Bike,LOC0086
DEL04565,Nitara Ganesan,+91 63390 16206,Female,08-02-2026,Contract,Scooter,LOC0047
DEL04566,Divit Chhabra,+91 70898 43794,Male,24-10-2023,Full-Time,Van,LOC0102
DEL04567,Tara Ganesh,+91 71515 80277,Male,03-12-2025,Full-Time,EV Bike,LOC0040
DEL04568,Myra Mani,+91 97626 76963,Male,17-12-2023,Contract,Scooter,LOC0032
DEL04569,Kabir Krishnamurthy,+91 97113 47601,Female,18-03-2024,Contract,Scooter,LOC0011
DEL04570,Yuvraj  Chand,+91 91303 72959,Female,04-01-2022,Full-Time,Van,LOC0065
DEL04571,Samaira Bawa,+91 88906 34343,Female,02-09-2022,Contract,Bike,LOC0012
DEL04572,Tushar Gara,+91 67968 93445,Male,06-01-2025,Full-Time,Van,LOC0042
DEL04573,Arnav Rau,+91 93175 36661,Female,11-01-2026,Full-Time,Scooter,LOC0053
DEL04574,Alisha Gade,+91 71421 27936,Female,29-10-2023,Contract,Van,LOC0061
DEL04575,Kismat Kala,+91 94386 68876,Female,05-11-2024,Full-Time,Scooter,LOC0074
DEL04576,Aayush Khare,+91 94480 07219,Female,02-09-2022,Contract,Van,LOC0002
DEL04577,Myra Kaur,+91 76451 66566,Female,26-10-2021,Full-Time,Bike,LOC0028
DEL04578,Prerak Kumer,+91 80619 36677,Male,03-04-2022,Contract,Bike,LOC0087
DEL04579,Shray Kaul,+91 83510 97590,Male,21-07-2024,Contract,Van,LOC0079
DEL04580,Divij Ray,+91 86160 52218,Male,06-09-2023,Contract,EV Bike,LOC0066
DEL04581,Pranay Mander,+91 76779 78609,Female,09-03-2023,Full-Time,EV Bike,LOC0057
DEL04582,Parinaaz Grewal,+91 96103 41520,Male,17-11-2022,Contract,Scooter,LOC0107
DEL04583,Nayantara Raja,+91 79963 82681,Female,16-12-2022,Full-Time,Scooter,LOC0109
DEL04584,Shlok Kaul,+91 91916 80988,Female,11-03-2025,Full-Time,Van,LOC0006
DEL04585,Hunar Lall,+91 88013 05922,Female,31-07-2024,Contract,Bike,LOC0085
DEL04586,Sumer Kala,+91 70228 10681,Female,07-01-2024,Full-Time,Van,LOC0054
DEL04587,Madhup Sangha,+91 90073 10746,Female,01-12-2025,Contract,Van,LOC0003
DEL04588,Nishith Sridhar,+91 86592 38748,Male,19-11-2021,Full-Time,Van,LOC0026
DEL04589,Trisha Rau,+91 65995 25869,Male,28-10-2021,Full-Time,Bike,LOC0009
DEL04590,Sahil Bobal,+91 70270 52704,Female,20-12-2024,Contract,Bike,LOC0095
DEL04591,Hridaan Srivastava,+91 95540 27872,Male,26-04-2023,Full-Time,Scooter,LOC0020
DEL04592,Lavanya Dugar,+91 81699 78731,Female,17-04-2021,Full-Time,Bike,LOC0103
DEL04593,Aayush Ramakrishnan,+91 96124 71858,Female,27-06-2025,Full-Time,Bike,LOC0030
DEL04594,Ira Sura,+91 60885 32143,Male,29-09-2023,Contract,EV Bike,LOC0032
DEL04595,Prerak Ahuja,+91 70485 68274,Male,21-08-2023,Contract,Scooter,LOC0020
DEL04596,Ivan Sinha,+91 87119 80550,Female,15-12-2024,Contract,EV Bike,LOC0095
DEL04597,Yasmin Viswanathan,+91 81649 05383,Female,10-12-2022,Contract,Bike,LOC0075
DEL04598,Vritika Vohra,+91 98344 34508,Female,13-12-2021,Full-Time,Van,LOC0109
DEL04599,Chirag Bala,+91 71892 71702,Male,12-12-2023,Contract,Van,LOC0100
DEL04600,Shamik Vyas,+91 76238 22424,Male,05-03-2023,Full-Time,Scooter,LOC0108
DEL04601,Rati Sarkar,+91 84022 22773,Male,29-03-2025,Contract,EV Bike,LOC0042
DEL04602,Hridaan Kapadia,+91 64989 79704,Female,13-11-2021,Contract,Scooter,LOC0014
DEL04603,Jiya Mani,+91 96441 91650,Male,01-09-2022,Full-Time,Scooter,LOC0100
DEL04604,Anvi Chacko,+91 91997 93934,Male,24-01-2024,Full-Time,Bike,LOC0073
DEL04605,Umang Bhatt,+91 94968 95588,Female,14-06-2022,Full-Time,Scooter,LOC0074
DEL04606,Miraan Barman,+91 71895 72065,Male,29-11-2023,Full-Time,EV Bike,LOC0055
DEL04607,Yuvraj  Tiwari,+91 66285 01669,Female,12-02-2026,Full-Time,EV Bike,LOC0045
DEL04608,Priyansh Tara,+91 83455 48384,Male,17-01-2024,Contract,Bike,LOC0024
DEL04609,Anay Sachdev,+91 88918 10739,Male,18-09-2021,Contract,Van,LOC0030
DEL04610,Divit Salvi,+91 95736 25128,Female,21-10-2021,Full-Time,EV Bike,LOC0083
DEL04611,Adira Chandran,+91 70874 32021,Female,27-08-2023,Full-Time,Van,LOC0104
DEL04612,Abram Suri,+91 96252 85538,Male,15-10-2025,Contract,EV Bike,LOC0099
DEL04613,Lavanya Majumdar,+91 75850 27889,Female,06-10-2024,Full-Time,EV Bike,LOC0019
DEL04614,Yasmin Dalal,+91 63052 39094,Female,08-04-2022,Contract,Bike,LOC0064
DEL04615,Sahil Kapur,+91 97497 80902,Female,01-11-2022,Full-Time,Scooter,LOC0097
DEL04616,Neelofar Kade,+91 95605 34565,Male,05-08-2021,Full-Time,Bike,LOC0023
DEL04617,Fateh Cherian,+91 67444 89159,Female,28-05-2023,Contract,Bike,LOC0057
DEL04618,Fateh Contractor,+91 91144 62836,Male,06-09-2022,Full-Time,EV Bike,LOC0041
DEL04619,Pranay Maharaj,+91 88656 60517,Female,31-10-2025,Full-Time,EV Bike,LOC0082
DEL04620,Stuvan Ganguly,+91 76940 81941,Female,14-08-2022,Contract,Bike,LOC0081
DEL04621,Divit Tella,+91 81747 64465,Male,26-01-2022,Contract,Scooter,LOC0013
DEL04622,Aaryahi Gole,+91 70718 41510,Male,24-05-2021,Contract,Scooter,LOC0056
DEL04623,Anahi Iyer,+91 84362 92564,Female,08-07-2024,Contract,Scooter,LOC0092
DEL04624,Suhana Bhakta,+91 70639 43782,Male,30-05-2024,Full-Time,Scooter,LOC0050
DEL04625,Advika Kota,+91 74222 23142,Female,26-09-2023,Full-Time,Bike,LOC0070
DEL04626,Nitya Maharaj,+91 63009 33351,Female,17-01-2026,Contract,Scooter,LOC0015
DEL04627,Vivaan Ramaswamy,+91 70171 30806,Male,31-10-2021,Full-Time,Scooter,LOC0100
DEL04628,Yuvraj  Rajagopalan,+91 78773 20869,Male,17-08-2025,Contract,Van,LOC0001
DEL04629,Pari Sandal,+91 90845 02636,Female,09-06-2021,Contract,Scooter,LOC0048
DEL04630,Kashvi Ravel,+91 72675 95200,Female,14-02-2026,Full-Time,EV Bike,LOC0044
DEL04631,Hunar Bava,+91 61401 59020,Female,17-01-2024,Contract,Van,LOC0005
DEL04632,Prisha Khanna,+91 92684 39033,Female,23-10-2025,Full-Time,Van,LOC0049
DEL04633,Ehsaan Rau,+91 70256 74448,Female,14-06-2024,Contract,Van,LOC0089
DEL04634,Jayant Khurana,+91 62092 51199,Male,12-02-2025,Contract,Scooter,LOC0016
DEL04635,Dishani Dewan,+91 91088 38427,Male,15-05-2025,Contract,Van,LOC0036
DEL04636,Divyansh Balan,+91 68160 59134,Female,05-07-2021,Contract,Scooter,LOC0113
DEL04637,Saksham Dave,+91 81878 68101,Male,16-07-2025,Full-Time,EV Bike,LOC0043
DEL04638,Hazel Sharma,+91 84233 46937,Female,17-06-2023,Full-Time,EV Bike,LOC0012
DEL04639,Ojas Deol,+91 95053 91757,Male,06-10-2023,Full-Time,Van,LOC0100
DEL04640,Dhanush Ray,+91 88244 76765,Male,02-06-2023,Full-Time,Van,LOC0043
DEL04641,Divit Sengupta,+91 83024 35401,Female,08-04-2021,Contract,EV Bike,LOC0104
DEL04642,Sana Ganguly,+91 91602 18535,Male,30-10-2022,Contract,Van,LOC0030
DEL04643,Sara Bala,+91 99569 71042,Female,15-11-2021,Contract,Bike,LOC0098
DEL04644,Sana Konda,+91 70151 86136,Female,14-10-2025,Contract,Scooter,LOC0029
DEL04645,Vedika Madan,+91 96011 11649,Male,05-08-2025,Contract,Scooter,LOC0055
DEL04646,Manjari Varghese,+91 95174 70057,Male,14-07-2021,Contract,Van,LOC0011
DEL04647,Zaina Bath,+91 99238 31772,Male,21-07-2021,Full-Time,Van,LOC0103
DEL04648,Kavya De,+91 78219 98661,Male,15-03-2025,Contract,Scooter,LOC0027
DEL04649,Mamooty Char,+91 74729 77772,Female,11-06-2023,Contract,Scooter,LOC0029
DEL04650,Myra Sheth,+91 60545 41144,Male,27-10-2025,Full-Time,Scooter,LOC0058
DEL04651,Heer Madan,+91 88663 72608,Male,06-10-2025,Contract,Scooter,LOC0046
DEL04652,Madhup Sodhi,+91 74633 04763,Female,21-10-2022,Full-Time,EV Bike,LOC0070
DEL04653,Madhup Baria,+91 75541 08106,Female,07-07-2021,Contract,Scooter,LOC0096
DEL04654,Piya Acharya,+91 70865 28230,Male,16-06-2021,Full-Time,Scooter,LOC0089
DEL04655,Yasmin Sha,+91 95021 15572,Female,18-05-2022,Full-Time,Scooter,LOC0100
DEL04656,Nishith Shah,+91 75172 19174,Female,18-03-2024,Full-Time,Van,LOC0095
DEL04657,Taimur Rajagopal,+91 71151 39015,Male,18-11-2024,Contract,Bike,LOC0039
DEL04658,Vanya Dhingra,+91 92230 04124,Male,21-12-2022,Full-Time,Van,LOC0003
DEL04659,Faiyaz Sem,+91 66272 50213,Male,03-04-2021,Full-Time,Van,LOC0083
DEL04660,Baiju Chaudhry,+91 74240 92718,Male,08-08-2021,Contract,Scooter,LOC0006
DEL04661,Anahi Luthra,+91 72874 41991,Male,23-04-2025,Full-Time,Van,LOC0068
DEL04662,Ahana  Bhandari,+91 96478 04161,Male,21-12-2023,Contract,Scooter,LOC0013
DEL04663,Madhup Sheth,+91 85430 39231,Female,19-04-2024,Full-Time,Bike,LOC0008
DEL04664,Ranbir Kaul,+91 73875 59963,Male,22-09-2023,Full-Time,Van,LOC0108
DEL04665,Aayush Grover,+91 84334 57371,Male,23-10-2024,Contract,Bike,LOC0048
DEL04666,Shamik Sundaram,+91 76480 03171,Female,19-11-2023,Full-Time,Van,LOC0108
DEL04667,Yashvi Setty,+91 84372 93234,Female,16-04-2021,Contract,Van,LOC0059
DEL04668,Sana Dayal,+91 76095 26340,Male,15-02-2023,Contract,Scooter,LOC0027
DEL04669,Vaibhav Agrawal,+91 71143 07680,Female,08-10-2024,Contract,Scooter,LOC0105
DEL04670,Anaya Ravi,+91 66581 78812,Female,02-04-2023,Full-Time,Scooter,LOC0010
DEL04671,Rasha Sinha,+91 72226 54593,Male,23-11-2024,Contract,Van,LOC0068
DEL04672,Kavya Mani,+91 61561 79782,Female,14-11-2021,Full-Time,EV Bike,LOC0048
DEL04673,Zoya Bail,+91 74274 43839,Male,07-02-2024,Full-Time,Van,LOC0099
DEL04674,Ira Sachdev,+91 87536 50554,Female,02-01-2023,Full-Time,Bike,LOC0068
DEL04675,Advik Magar,+91 99874 76005,Male,02-08-2025,Contract,Bike,LOC0075
DEL04676,Oorja Kala,+91 86783 84633,Female,29-05-2021,Full-Time,Van,LOC0023
DEL04677,Samar Varughese,+91 76476 29221,Female,04-05-2025,Contract,Bike,LOC0028
DEL04678,Chirag Dubey,+91 96339 58265,Male,02-06-2022,Contract,Van,LOC0021
DEL04679,Piya Thaker,+91 95791 46762,Female,02-05-2021,Contract,Scooter,LOC0097
DEL04680,Biju Maharaj,+91 83563 17083,Female,04-01-2025,Full-Time,EV Bike,LOC0061
DEL04681,Raghav Mand,+91 73209 07518,Male,26-08-2022,Contract,Scooter,LOC0096
DEL04682,Manikya Sarraf,+91 82606 96402,Male,26-11-2022,Contract,Van,LOC0085
DEL04683,Pranay Borah,+91 78277 71807,Male,01-09-2022,Contract,Bike,LOC0036
DEL04684,Aradhya De,+91 92069 06215,Female,15-01-2024,Contract,Scooter,LOC0094
DEL04685,Lakshit Lad,+91 79665 47384,Female,19-12-2025,Contract,EV Bike,LOC0011
DEL04686,Gokul Varghese,+91 69213 56950,Male,28-06-2022,Contract,Van,LOC0044
DEL04687,Raghav Dash,+91 75042 47636,Female,31-08-2024,Contract,Bike,LOC0081
DEL04688,Ishita Arora,+91 87705 05460,Female,16-02-2026,Full-Time,Van,LOC0071
DEL04689,Badal Kalla,+91 80166 33167,Male,17-12-2023,Full-Time,Van,LOC0032
DEL04690,Aayush Rau,+91 84639 41496,Male,12-07-2022,Contract,Bike,LOC0113
DEL04691,Divij Bhagat,+91 93748 40035,Male,29-09-2021,Contract,Van,LOC0009
DEL04692,Keya Khosla,+91 83193 52404,Male,18-04-2023,Full-Time,Bike,LOC0064
DEL04693,Sana Rau,+91 77252 69045,Male,14-07-2024,Contract,Scooter,LOC0089
DEL04694,Vritika Goel,+91 65850 60031,Female,29-01-2025,Contract,Scooter,LOC0048
DEL04695,Miraan Mangat,+91 82164 73891,Female,12-10-2025,Full-Time,Scooter,LOC0087
DEL04696,Zeeshan Srinivas,+91 87967 39726,Male,13-08-2021,Full-Time,EV Bike,LOC0022
DEL04697,Indrajit Kohli,+91 61622 86797,Male,14-11-2025,Contract,Scooter,LOC0100
DEL04698,Nishith Badami,+91 94452 17856,Male,14-09-2023,Full-Time,EV Bike,LOC0005
DEL04699,Madhav Soman,+91 63251 93442,Female,03-01-2022,Contract,Scooter,LOC0047
DEL04700,Eva Bir,+91 70698 24528,Female,23-05-2022,Full-Time,Scooter,LOC0053
DEL04701,Vedika Raju,+91 83346 30623,Male,18-09-2022,Contract,Bike,LOC0018
DEL04702,Eshani Ramachandran,+91 67546 52635,Male,25-09-2022,Full-Time,EV Bike,LOC0073
DEL04703,Yashvi Dash,+91 60365 14265,Female,06-06-2022,Full-Time,Van,LOC0006
DEL04704,Arhaan Cheema,+91 87410 43810,Female,04-10-2025,Contract,Van,LOC0055
DEL04705,Jayan Sharaf,+91 82069 07236,Female,15-05-2023,Full-Time,EV Bike,LOC0103
DEL04706,Biju Boase,+91 65062 31985,Male,21-04-2025,Contract,EV Bike,LOC0030
DEL04707,Vedika Barad,+91 84467 45436,Female,17-11-2024,Contract,Bike,LOC0045
DEL04708,Kiara Ganesan,+91 83969 47313,Female,23-01-2023,Contract,Van,LOC0083
DEL04709,Manikya Bhat,+91 94751 19171,Female,22-09-2021,Contract,EV Bike,LOC0055
DEL04710,Kashvi Dugar,+91 73422 93932,Female,12-07-2023,Contract,EV Bike,LOC0027
DEL04711,Indrajit Bawa,+91 92868 08646,Female,01-11-2021,Contract,Bike,LOC0088
DEL04712,Kashvi Mand,+91 85662 66611,Male,22-06-2021,Contract,Van,LOC0088
DEL04713,Bhamini Khanna,+91 81367 35248,Female,27-10-2021,Contract,Van,LOC0051
DEL04714,Azad Lal,+91 94031 01341,Female,01-07-2021,Contract,Van,LOC0100
DEL04715,Alisha Banik,+91 85803 08578,Male,08-03-2023,Full-Time,Scooter,LOC0018
DEL04716,Alisha Konda,+91 85438 45128,Male,22-11-2025,Contract,EV Bike,LOC0018
DEL04717,Divit Verma,+91 70987 89355,Male,15-08-2024,Contract,EV Bike,LOC0030
DEL04718,Indrajit Shere,+91 69322 37214,Female,24-01-2022,Contract,Bike,LOC0108
DEL04719,Samar Thakur,+91 60802 46091,Female,05-09-2023,Full-Time,Van,LOC0030
DEL04720,Jayant Chacko,+91 78359 80105,Male,29-12-2024,Full-Time,EV Bike,LOC0064
DEL04721,Mannat Chatterjee,+91 85563 48723,Male,10-12-2025,Contract,Van,LOC0086
DEL04722,Zoya Kumer,+91 63588 82009,Female,30-12-2025,Full-Time,EV Bike,LOC0079
DEL04723,Samiha Arora,+91 98353 01203,Male,21-03-2023,Full-Time,EV Bike,LOC0077
DEL04724,Amira Kade,+91 93626 90066,Female,18-04-2021,Contract,Van,LOC0045
DEL04725,Priyansh Tara,+91 67020 20498,Male,30-04-2021,Contract,EV Bike,LOC0054
DEL04726,Nakul Date,+91 76054 64079,Female,01-04-2025,Contract,Van,LOC0074
DEL04727,Aaryahi Barad,+91 95781 36910,Female,04-12-2021,Contract,EV Bike,LOC0018
DEL04728,Anahi Bhattacharyya,+91 97942 02554,Female,23-10-2022,Full-Time,Scooter,LOC0003
DEL04729,Ivan Ravel,+91 92809 77719,Female,25-03-2025,Contract,Van,LOC0075
DEL04730,Heer Kaur,+91 92063 19398,Male,20-04-2022,Contract,EV Bike,LOC0057
DEL04731,Ela Rege,+91 93778 75173,Female,10-01-2024,Contract,Scooter,LOC0113
DEL04732,Onkar Tiwari,+91 92322 16319,Male,15-08-2024,Full-Time,Bike,LOC0081
DEL04733,Chirag Din,+91 99287 13804,Male,21-07-2021,Contract,Van,LOC0043
DEL04734,Ranbir Biswas,+91 74746 52612,Male,17-10-2025,Contract,Scooter,LOC0006
DEL04735,Tushar Setty,+91 60614 44130,Female,01-06-2025,Full-Time,Bike,LOC0016
DEL04736,Aaryahi Behl,+91 73484 61015,Female,29-04-2023,Full-Time,EV Bike,LOC0034
DEL04737,Rati Uppal,+91 91699 48522,Female,30-09-2024,Contract,Van,LOC0090
DEL04738,Hiran Tripathi,+91 71251 68179,Male,03-07-2023,Contract,EV Bike,LOC0011
DEL04739,Riya Barad,+91 92932 96746,Female,03-04-2023,Contract,Scooter,LOC0019
DEL04740,Madhav Hegde,+91 60340 39179,Female,17-01-2022,Contract,Bike,LOC0080
DEL04741,Vardaniya Hayre,+91 89354 18910,Male,25-09-2022,Full-Time,Bike,LOC0008
DEL04742,Kaira Dugar,+91 67320 73993,Male,31-07-2024,Contract,EV Bike,LOC0038
DEL04743,Vihaan Soman,+91 78929 08838,Female,26-10-2022,Contract,Scooter,LOC0067
DEL04744,Lakshit Gade,+91 81576 81423,Male,05-07-2021,Full-Time,Van,LOC0070
DEL04745,Kashvi Sood,+91 62743 19494,Male,17-03-2024,Full-Time,Bike,LOC0065
DEL04746,Kismat Char,+91 97256 36617,Female,06-07-2024,Contract,EV Bike,LOC0073
DEL04747,Yashvi Khatri,+91 73210 89182,Male,18-12-2023,Full-Time,Bike,LOC0088
DEL04748,Ayesha Ramachandran,+91 81772 71051,Female,26-03-2023,Full-Time,Scooter,LOC0033
DEL04749,Shlok Chanda,+91 70858 15066,Male,07-07-2022,Contract,Scooter,LOC0086
DEL04750,Hrishita Deol,+91 60681 16774,Male,09-08-2025,Contract,EV Bike,LOC0066
DEL04751,Myra Tandon,+91 65686 23779,Male,19-05-2024,Full-Time,Bike,LOC0021
DEL04752,Kavya Saraf,+91 67293 03078,Male,07-07-2024,Full-Time,Bike,LOC0028
DEL04753,Alia Sachar,+91 64742 92509,Female,01-11-2022,Full-Time,Scooter,LOC0070
DEL04754,Ishaan Agate,+91 82740 93377,Male,26-07-2024,Contract,Bike,LOC0049
DEL04755,Vihaan Lad,+91 63449 04433,Male,26-12-2024,Contract,EV Bike,LOC0013
DEL04756,Kavya Golla,+91 81489 43095,Male,13-09-2023,Contract,Bike,LOC0107
DEL04757,Tara Koshy,+91 66768 95151,Female,07-10-2023,Contract,EV Bike,LOC0048
DEL04758,Hrishita Dhar,+91 65726 12207,Male,11-02-2025,Contract,Van,LOC0067
DEL04759,Seher Khare,+91 76570 71808,Male,02-05-2023,Full-Time,EV Bike,LOC0008
DEL04760,Amira Shankar,+91 88758 03288,Female,03-03-2025,Full-Time,EV Bike,LOC0087
DEL04761,Pihu Dayal,+91 90644 98067,Female,02-05-2021,Contract,EV Bike,LOC0078
DEL04762,Indranil Sengupta,+91 64176 51147,Male,02-09-2023,Full-Time,Van,LOC0032
DEL04763,Madhup Varghese,+91 73502 55842,Female,15-09-2023,Full-Time,Bike,LOC0012
DEL04764,Dhanuk Borra,+91 61796 02956,Male,09-04-2021,Contract,Scooter,LOC0090
DEL04765,Umang Gade,+91 68511 35684,Male,16-01-2026,Contract,Bike,LOC0102
DEL04766,Aarush Bora,+91 74639 29779,Female,19-03-2022,Full-Time,Bike,LOC0078
DEL04767,Myra Bir,+91 99636 26939,Male,23-05-2025,Contract,Bike,LOC0010
DEL04768,Adah Agarwal,+91 89400 83629,Male,05-01-2022,Contract,Bike,LOC0111
DEL04769,Jayant Chhabra,+91 74981 33173,Female,04-03-2026,Full-Time,Bike,LOC0041
DEL04770,Nakul Keer,+91 98254 25635,Female,05-09-2023,Full-Time,Bike,LOC0012
DEL04771,Kaira Mallick,+91 64676 41659,Male,15-07-2022,Contract,Van,LOC0071
DEL04772,Stuvan Mangat,+91 60063 49452,Male,05-04-2025,Contract,Van,LOC0112
DEL04773,Uthkarsh Chokshi,+91 71610 92034,Male,23-06-2025,Full-Time,Scooter,LOC0059
DEL04774,Lagan Mangal,+91 93393 70263,Female,24-01-2025,Full-Time,Scooter,LOC0109
DEL04775,Trisha Bala,+91 76648 72090,Male,14-04-2021,Contract,Van,LOC0083
DEL04776,Jiya Batra,+91 66105 55133,Female,10-11-2021,Full-Time,Bike,LOC0017
DEL04777,Ryan Banerjee,+91 83206 77716,Male,24-01-2026,Full-Time,EV Bike,LOC0056
DEL04778,Raunak Verma,+91 67946 98345,Female,05-02-2022,Full-Time,Bike,LOC0036
DEL04779,Hansh Dutta,+91 60423 43500,Female,22-07-2022,Contract,EV Bike,LOC0070
DEL04780,Ryan Jain,+91 72330 62706,Female,19-02-2025,Contract,Van,LOC0037
DEL04781,Ela Savant,+91 70727 05533,Female,17-02-2023,Contract,EV Bike,LOC0013
DEL04782,Kashvi Date,+91 82295 46559,Male,17-02-2023,Full-Time,Bike,LOC0054
DEL04783,Gatik Kala,+91 97551 92633,Female,04-08-2024,Full-Time,Scooter,LOC0112
DEL04784,Farhan Sarna,+91 82352 65094,Female,04-03-2026,Full-Time,Van,LOC0099
DEL04785,Baiju Kaul,+91 90917 38428,Male,30-07-2025,Contract,EV Bike,LOC0076
DEL04786,Akarsh Dutt,+91 92711 38499,Male,11-07-2025,Full-Time,Bike,LOC0010
DEL04787,Jivika Lanka,+91 70933 41623,Male,03-10-2023,Contract,Bike,LOC0107
DEL04788,Sahil Lala,+91 86699 39090,Male,08-02-2023,Contract,Van,LOC0072
DEL04789,Kiara Ghosh,+91 63811 47666,Male,23-04-2023,Contract,Scooter,LOC0058
DEL04790,Farhan Bhatt,+91 71302 88584,Male,07-03-2024,Contract,Van,LOC0010
DEL04791,Baiju Mangal,+91 62166 16185,Female,17-04-2024,Full-Time,EV Bike,LOC0010
DEL04792,Raghav Sangha,+91 65699 38022,Female,10-03-2025,Contract,Bike,LOC0089
DEL04793,Lagan Ramesh,+91 92418 55608,Female,23-08-2021,Full-Time,Van,LOC0018
DEL04794,Hunar Kala,+91 80949 20523,Female,05-09-2025,Full-Time,Van,LOC0055
DEL04795,Baiju Divan,+91 80670 81633,Male,20-03-2025,Full-Time,Van,LOC0077
DEL04796,Divit Bedi,+91 96596 75157,Male,12-09-2024,Contract,EV Bike,LOC0072
DEL04797,Tejas Suresh,+91 77440 43616,Female,13-09-2024,Contract,Scooter,LOC0110
DEL04798,Kiara Kashyap,+91 82435 22341,Female,22-10-2024,Contract,Van,LOC0053
DEL04799,Jiya Swaminathan,+91 65095 51276,Male,21-08-2025,Contract,Bike,LOC0109
DEL04800,Lagan Bala,+91 85708 99856,Male,10-02-2023,Contract,Scooter,LOC0023
DEL04801,Manjari Tandon,+91 72201 27638,Female,28-10-2021,Full-Time,Van,LOC0022
DEL04802,Hridaan Srivastava,+91 84921 82329,Female,19-08-2021,Full-Time,Bike,LOC0061
DEL04803,Anvi Baria,+91 61206 52163,Female,07-04-2023,Full-Time,Scooter,LOC0022
DEL04804,Mishti Dar,+91 60552 01363,Male,19-07-2021,Full-Time,Scooter,LOC0028
DEL04805,Hiran Khanna,+91 64744 12264,Male,14-03-2024,Full-Time,Bike,LOC0031
DEL04806,Inaaya  Basu,+91 64686 07874,Male,12-10-2024,Full-Time,Van,LOC0058
DEL04807,Vritika Tandon,+91 94266 82993,Male,04-06-2024,Full-Time,Van,LOC0036
DEL04808,Mohanlal Swaminathan,+91 88055 86829,Female,07-10-2025,Contract,Bike,LOC0053
DEL04809,Alisha Jha,+91 76550 32809,Male,20-10-2023,Full-Time,EV Bike,LOC0077
DEL04810,Nakul Thaman,+91 75032 95643,Male,19-05-2025,Full-Time,EV Bike,LOC0058
DEL04811,Kimaya Sawhney,+91 66503 66956,Female,04-08-2024,Full-Time,Bike,LOC0108
DEL04812,Yuvaan Chaudhari,+91 85207 48752,Female,26-04-2021,Full-Time,Van,LOC0010
DEL04813,Bhamini Shanker,+91 94909 08886,Female,30-07-2025,Full-Time,Scooter,LOC0008
DEL04814,Lavanya Kuruvilla,+91 95600 20020,Male,17-06-2021,Contract,Bike,LOC0069
DEL04815,Rohan Kala,+91 68197 58600,Female,14-11-2022,Full-Time,EV Bike,LOC0099
DEL04816,Stuvan Das,+91 86141 20347,Male,03-12-2021,Full-Time,Van,LOC0009
DEL04817,Emir Bhat,+91 81149 65471,Female,14-10-2022,Full-Time,Van,LOC0035
DEL04818,Mannat Trivedi,+91 95763 32822,Female,20-08-2024,Full-Time,Bike,LOC0102
DEL04819,Kavya Gara,+91 76946 27744,Male,05-03-2024,Contract,Scooter,LOC0075
DEL04820,Samaira Trivedi,+91 87398 04390,Male,07-03-2023,Full-Time,Van,LOC0058
DEL04821,Rati Guha,+91 75394 21354,Female,25-09-2025,Full-Time,Scooter,LOC0009
DEL04822,Zeeshan Varma,+91 74942 14487,Male,19-02-2026,Full-Time,Bike,LOC0020
DEL04823,Bhamini Kara,+91 91816 24111,Male,11-02-2026,Full-Time,Van,LOC0047
DEL04824,Vritika Sodhi,+91 89159 87108,Male,14-03-2025,Contract,Scooter,LOC0085
DEL04825,Tara Dey,+91 61739 51153,Male,27-02-2024,Full-Time,Scooter,LOC0038
DEL04826,Uthkarsh Rattan,+91 94015 55847,Female,04-02-2024,Contract,Van,LOC0035
DEL04827,Shayak Gaba,+91 73090 10559,Female,23-05-2021,Contract,Bike,LOC0010
DEL04828,Ira Jha,+91 63178 33468,Male,10-09-2023,Full-Time,EV Bike,LOC0033
DEL04829,Adah Kalla,+91 94266 06511,Male,25-04-2022,Contract,Van,LOC0091
DEL04830,Azad Yogi,+91 81553 43144,Male,09-07-2025,Full-Time,Van,LOC0039
DEL04831,Kartik Bassi,+91 80816 60410,Male,23-04-2023,Contract,Scooter,LOC0083
DEL04832,Arhaan Bora,+91 81093 50828,Female,15-10-2021,Contract,EV Bike,LOC0091
DEL04833,Bhamini Hans,+91 68591 18195,Male,11-03-2025,Contract,Scooter,LOC0081
DEL04834,Anika Bajaj,+91 70491 92313,Female,14-06-2024,Full-Time,EV Bike,LOC0050
DEL04835,Umang Ahluwalia,+91 86420 94956,Female,10-02-2024,Contract,Bike,LOC0087
DEL04836,Mehul Samra,+91 82443 57922,Male,23-06-2022,Full-Time,Van,LOC0084
DEL04837,Parinaaz Sachdeva,+91 83680 21321,Female,10-07-2025,Contract,Van,LOC0011
DEL04838,Tarini Date,+91 85588 14287,Male,11-09-2021,Contract,EV Bike,LOC0057
DEL04839,Jhanvi Wali,+91 95828 31274,Male,16-07-2023,Contract,Scooter,LOC0071
DEL04840,Kimaya Ramachandran,+91 60104 74899,Male,12-07-2024,Contract,Van,LOC0112
DEL04841,Parinaaz Sangha,+91 99368 27396,Female,05-09-2023,Full-Time,Van,LOC0083
DEL04842,Miraan Bhatti,+91 68208 80043,Male,03-03-2023,Contract,Van,LOC0030
DEL04843,Fateh Thaker,+91 67591 84724,Female,15-11-2022,Contract,Scooter,LOC0003
DEL04844,Vedika Sampath,+91 84164 75369,Female,21-07-2023,Full-Time,EV Bike,LOC0098
DEL04845,Kavya Yogi,+91 70128 87393,Female,04-09-2021,Contract,Bike,LOC0042
DEL04846,Kaira Hari,+91 81035 55976,Female,20-10-2021,Contract,Scooter,LOC0040
DEL04847,Jayant Devi,+91 97872 54036,Male,09-11-2022,Full-Time,Scooter,LOC0093
DEL04848,Siya Basak,+91 67536 97785,Female,20-04-2025,Full-Time,Bike,LOC0003
DEL04849,Ryan Uppal,+91 72370 49267,Male,30-05-2022,Full-Time,Bike,LOC0090
DEL04850,Prerak Chatterjee,+91 85507 27653,Female,06-02-2025,Full-Time,Scooter,LOC0014
DEL04851,Ishita Chaudhari,+91 94869 68740,Female,24-04-2025,Contract,Van,LOC0090
DEL04852,Divit Dasgupta,+91 71876 15156,Male,09-11-2021,Full-Time,Bike,LOC0080
DEL04853,Stuvan Varghese,+91 77534 06637,Male,27-05-2022,Full-Time,Bike,LOC0027
DEL04854,Divyansh Dutta,+91 80423 09542,Male,01-08-2024,Contract,Van,LOC0044
DEL04855,Vanya Kumar,+91 63671 75908,Female,25-03-2026,Full-Time,Bike,LOC0070
DEL04856,Eva Golla,+91 70110 95287,Male,22-04-2024,Full-Time,Bike,LOC0057
DEL04857,Vanya Yohannan,+91 85537 45713,Male,09-08-2023,Full-Time,Bike,LOC0036
DEL04858,Ahana  Bhardwaj,+91 61769 17327,Female,11-11-2023,Contract,EV Bike,LOC0038
DEL04859,Dishani Varughese,+91 94384 48218,Female,09-02-2022,Full-Time,Scooter,LOC0056
DEL04860,Ayesha Ramesh,+91 70711 91251,Female,23-09-2022,Full-Time,Van,LOC0033
DEL04861,Neelofar Mander,+91 97180 12272,Male,10-08-2021,Full-Time,Bike,LOC0028
DEL04862,Samar Korpal,+91 82855 14607,Male,23-04-2022,Full-Time,Bike,LOC0085
DEL04863,Stuvan Bhatti,+91 79762 97125,Male,20-06-2022,Contract,Scooter,LOC0089
DEL04864,Ojas Doshi,+91 71725 52092,Male,19-12-2025,Contract,Van,LOC0098
DEL04865,Shlok Lall,+91 60260 08517,Female,01-03-2026,Full-Time,EV Bike,LOC0093
DEL04866,Himmat Bassi,+91 71473 59803,Male,03-01-2022,Contract,Scooter,LOC0015
DEL04867,Bhavin Sridhar,+91 88792 26342,Female,13-02-2024,Full-Time,Scooter,LOC0040
DEL04868,Tarini Rau,+91 91487 13957,Male,01-06-2021,Full-Time,EV Bike,LOC0069
DEL04869,Amira Manne,+91 76800 22896,Male,31-05-2024,Full-Time,Van,LOC0090
DEL04870,Baiju Bandi,+91 61138 09124,Male,08-08-2025,Contract,Van,LOC0008
DEL04871,Shalv Dhingra,+91 66271 94650,Male,31-05-2025,Contract,EV Bike,LOC0081
DEL04872,Vaibhav Sawhney,+91 94688 25101,Female,09-06-2024,Full-Time,Van,LOC0083
DEL04873,Taimur Soni,+91 60654 51292,Female,02-12-2025,Full-Time,Scooter,LOC0033
DEL04874,Yakshit Bava,+91 71158 83666,Female,17-10-2025,Contract,Scooter,LOC0075
DEL04875,Ojas Sekhon,+91 66085 80923,Female,04-10-2021,Contract,Van,LOC0089
DEL04876,Bhamini Gola,+91 85912 65129,Male,06-06-2022,Contract,Bike,LOC0098
DEL04877,Trisha Mandal,+91 98148 01999,Male,18-04-2024,Full-Time,EV Bike,LOC0056
DEL04878,Saira Rege,+91 63016 70263,Male,03-06-2022,Contract,Bike,LOC0055
DEL04879,Kanav Sampath,+91 78943 22499,Female,19-11-2025,Full-Time,Van,LOC0019
DEL04880,Baiju Bobal,+91 60146 74009,Male,04-04-2025,Contract,EV Bike,LOC0031
DEL04881,Samar Jaggi,+91 84257 06889,Male,12-06-2024,Full-Time,Van,LOC0026
DEL04882,Dhanush Gala,+91 89074 41473,Male,16-02-2023,Contract,Van,LOC0045
DEL04883,Renee Rama,+91 86875 47257,Female,17-07-2023,Contract,EV Bike,LOC0069
DEL04884,Vaibhav Arya,+91 70840 37067,Female,09-11-2025,Contract,Van,LOC0056
DEL04885,Baiju Chaudhari,+91 77361 22629,Female,19-06-2024,Contract,Scooter,LOC0037
DEL04886,Dharmajan Bora,+91 74113 00787,Female,26-03-2026,Contract,EV Bike,LOC0037
DEL04887,Jayesh Saraf,+91 77082 90389,Female,08-09-2024,Contract,Van,LOC0078
DEL04888,Parinaaz Jani,+91 91329 51594,Female,11-03-2023,Full-Time,Van,LOC0050
DEL04889,Pihu Lalla,+91 67669 32015,Female,15-08-2025,Contract,Bike,LOC0097
DEL04890,Manjari Andra,+91 67257 83915,Male,12-01-2022,Full-Time,Van,LOC0018
DEL04891,Suhana Kaur,+91 72152 15998,Male,26-01-2026,Contract,EV Bike,LOC0043
DEL04892,Miraan Reddy,+91 93753 88739,Male,25-10-2021,Contract,Scooter,LOC0076
DEL04893,Trisha Randhawa,+91 64437 55952,Male,12-08-2024,Full-Time,Scooter,LOC0089
DEL04894,Vaibhav Subramanian,+91 65711 43517,Female,11-12-2021,Full-Time,Bike,LOC0030
DEL04895,Tanya Rajagopalan,+91 74315 46838,Male,07-10-2025,Full-Time,EV Bike,LOC0004
DEL04896,Purab Sibal,+91 64682 07145,Male,05-06-2021,Full-Time,Bike,LOC0056
DEL04897,Hrishita Bali,+91 92556 34954,Female,04-08-2023,Full-Time,Scooter,LOC0102
DEL04898,Ojas Sinha,+91 74066 05682,Male,15-03-2022,Contract,Scooter,LOC0086
DEL04899,Shalv Sengupta,+91 95887 89037,Female,13-05-2022,Full-Time,Bike,LOC0062
DEL04900,Shalv Kapadia,+91 81380 62089,Female,11-06-2021,Contract,EV Bike,LOC0100
DEL04901,Dharmajan Balay,+91 66063 79732,Female,13-06-2024,Full-Time,EV Bike,LOC0014
DEL04902,Pihu De,+91 72756 73870,Male,17-11-2022,Contract,Scooter,LOC0111
DEL04903,Nitara Kumar,+91 81481 09819,Male,20-08-2025,Full-Time,EV Bike,LOC0089
DEL04904,Vritika Wable,+91 88000 25198,Male,13-09-2024,Full-Time,Van,LOC0005
DEL04905,Dhanush Madan,+91 91651 72093,Female,05-03-2026,Contract,Van,LOC0051
DEL04906,Anya Kota,+91 80620 21221,Male,03-04-2022,Full-Time,EV Bike,LOC0057
DEL04907,Miraya Sastry,+91 89783 44551,Male,05-07-2022,Full-Time,Van,LOC0016
DEL04908,Lakshay Zacharia,+91 65196 02935,Male,06-11-2023,Contract,Van,LOC0096
DEL04909,Jayesh Choudhury,+91 99946 30819,Male,12-02-2022,Full-Time,EV Bike,LOC0088
DEL04910,Urvi Acharya,+91 73231 69360,Female,08-05-2023,Contract,Scooter,LOC0047
DEL04911,Advika Solanki,+91 92488 71022,Female,26-12-2025,Contract,Scooter,LOC0081
DEL04912,Gokul Cheema,+91 64465 78672,Female,04-08-2022,Contract,Bike,LOC0047
DEL04913,Mannat Som,+91 85949 02008,Female,09-01-2023,Contract,EV Bike,LOC0016
DEL04914,Samar Mander,+91 68067 25967,Male,15-09-2024,Contract,Bike,LOC0035
DEL04915,Rasha Tara,+91 89742 49789,Female,21-06-2023,Full-Time,Scooter,LOC0109
DEL04916,Anay Jaggi,+91 61345 93057,Male,01-04-2026,Full-Time,Scooter,LOC0020
DEL04917,Arnav Sehgal,+91 70987 12006,Female,23-06-2024,Contract,Bike,LOC0042
DEL04918,Nitara Srivastava,+91 75337 44759,Female,29-12-2023,Contract,Scooter,LOC0027
DEL04919,Kiara Raman,+91 76253 02614,Male,26-12-2022,Full-Time,Van,LOC0105
DEL04920,Azad Thaker,+91 78196 27319,Male,12-10-2025,Full-Time,Scooter,LOC0013
DEL04921,Stuvan Bose,+91 80332 19830,Female,11-08-2021,Contract,EV Bike,LOC0058
DEL04922,Suhana Kar,+91 60546 99914,Female,30-07-2022,Contract,Scooter,LOC0001
DEL04923,Vidur Tripathi,+91 99503 73048,Female,11-07-2021,Full-Time,EV Bike,LOC0094
DEL04924,Emir Rama,+91 76551 95507,Female,30-09-2022,Full-Time,Scooter,LOC0059
DEL04925,Zeeshan Suresh,+91 61597 75646,Male,31-10-2023,Contract,Scooter,LOC0048
DEL04926,Hiran Roy,+91 86009 91434,Male,23-01-2026,Contract,Bike,LOC0107
DEL04927,Kiaan Walla,+91 81579 37341,Female,09-06-2021,Contract,EV Bike,LOC0097
DEL04928,Himmat Bhat,+91 96218 02844,Male,30-07-2023,Contract,Van,LOC0066
DEL04929,Dhanuk Swamy,+91 76596 50609,Male,01-02-2023,Contract,EV Bike,LOC0096
DEL04930,Anay Bhattacharyya,+91 83862 50017,Female,24-11-2023,Contract,Bike,LOC0046
DEL04931,Sara Dass,+91 74096 78349,Female,29-05-2022,Full-Time,EV Bike,LOC0099
DEL04932,Veer Karpe,+91 93655 49307,Female,16-12-2025,Full-Time,Van,LOC0070
DEL04933,Purab Tailor,+91 70495 79779,Female,02-06-2023,Contract,Van,LOC0086
DEL04934,Vritika Ganesh,+91 63694 16298,Male,15-05-2025,Full-Time,Bike,LOC0054
DEL04935,Darshit Karpe,+91 97412 44993,Male,19-04-2024,Contract,Bike,LOC0047
DEL04936,Tara Toor,+91 61953 98387,Female,18-04-2021,Full-Time,Bike,LOC0069
DEL04937,Miraan Saran,+91 94655 49309,Male,25-04-2021,Full-Time,Scooter,LOC0035
DEL04938,Ahana  Saxena,+91 90195 70156,Female,30-12-2024,Contract,Bike,LOC0002
DEL04939,Aarna Thaman,+91 70094 50161,Female,11-05-2024,Full-Time,Bike,LOC0016
DEL04940,Tushar Tata,+91 78827 21881,Female,24-04-2025,Full-Time,EV Bike,LOC0108
DEL04941,Purab Subramanian,+91 93055 79371,Female,23-11-2022,Full-Time,EV Bike,LOC0089
DEL04942,Anahi Talwar,+91 74443 94354,Male,23-09-2021,Contract,EV Bike,LOC0066
DEL04943,Vivaan Brahmbhatt,+91 75204 56406,Male,23-10-2023,Full-Time,Bike,LOC0085
DEL04944,Charvi Shere,+91 69946 11611,Female,19-07-2023,Contract,EV Bike,LOC0071
DEL04945,Miraan Sagar,+91 68074 35173,Male,13-06-2021,Contract,EV Bike,LOC0054
DEL04946,Dhanuk Sawhney,+91 82453 00034,Female,17-04-2024,Full-Time,Bike,LOC0069
DEL04947,Vihaan Dhingra,+91 98893 82793,Male,06-09-2022,Contract,Scooter,LOC0105
DEL04948,Biju Yogi,+91 83241 00065,Female,01-07-2024,Full-Time,Scooter,LOC0008
DEL04949,Nirvi Shetty,+91 61971 45838,Female,30-03-2023,Full-Time,EV Bike,LOC0024
DEL04950,Riya Sami,+91 95595 39353,Female,06-03-2026,Full-Time,Bike,LOC0056
DEL04951,Hazel Borra,+91 75105 19471,Female,17-07-2022,Full-Time,EV Bike,LOC0100
DEL04952,Sahil Hans,+91 60623 86260,Male,19-01-2025,Contract,EV Bike,LOC0088
DEL04953,Mannat Suresh,+91 62072 42125,Male,02-06-2024,Contract,EV Bike,LOC0029
DEL04954,Mamooty Bassi,+91 98366 31946,Male,12-05-2022,Contract,Van,LOC0062
DEL04955,Kimaya Krishnan,+91 64416 39755,Male,26-01-2026,Full-Time,Van,LOC0100
DEL04956,Sumer Garde,+91 70267 81253,Female,08-03-2025,Full-Time,EV Bike,LOC0113
DEL04957,Sara Golla,+91 97013 27772,Male,04-07-2023,Full-Time,Scooter,LOC0030
DEL04958,Eva Sankar,+91 97371 73921,Female,19-09-2025,Contract,Bike,LOC0093
DEL04959,Vaibhav Lall,+91 60823 44436,Female,08-08-2022,Contract,Bike,LOC0099
DEL04960,Rania Mangal,+91 86652 79113,Female,07-01-2023,Contract,Bike,LOC0027
DEL04961,Vidur Wable,+91 87044 14424,Male,22-07-2021,Contract,Scooter,LOC0007
DEL04962,Nayantara Datta,+91 62002 20778,Female,20-10-2025,Full-Time,Van,LOC0053
DEL04963,Miraya Swamy,+91 98125 93148,Female,22-01-2024,Full-Time,Bike,LOC0006
DEL04964,Saira Bal,+91 70359 29669,Female,26-11-2022,Contract,EV Bike,LOC0018
DEL04965,Jivin Sekhon,+91 76052 37328,Female,22-11-2023,Contract,EV Bike,LOC0014
DEL04966,Kashvi Choudhury,+91 94256 06263,Male,03-09-2021,Contract,Van,LOC0071
DEL04967,Nitara Lad,+91 94248 61375,Female,06-05-2022,Full-Time,Bike,LOC0047
DEL04968,Armaan Kota,+91 72587 94230,Female,11-10-2022,Contract,Scooter,LOC0092
DEL04969,Rohan Sekhon,+91 77235 25166,Female,10-04-2023,Contract,Scooter,LOC0043
DEL04970,Aarav Kalla,+91 97863 47879,Male,26-01-2025,Full-Time,EV Bike,LOC0059
DEL04971,Indranil Grewal,+91 68203 67506,Female,11-04-2021,Contract,Scooter,LOC0048
DEL04972,Vanya Kala,+91 90832 79818,Female,18-05-2025,Full-Time,Scooter,LOC0004
DEL04973,Yakshit Subramaniam,+91 62866 32119,Male,27-05-2023,Contract,Van,LOC0036
DEL04974,Tushar Bhargava,+91 72029 58312,Male,05-05-2023,Full-Time,Scooter,LOC0018
DEL04975,Nitya Vaidya,+91 87789 08974,Female,23-01-2022,Full-Time,Van,LOC0074
DEL04976,Himmat Kothari,+91 89913 14811,Female,05-08-2025,Contract,Scooter,LOC0017
DEL04977,Aarna Chad,+91 65591 93914,Male,10-02-2025,Contract,Bike,LOC0076
DEL04978,Umang Sangha,+91 98714 43082,Female,29-03-2026,Contract,Scooter,LOC0094
DEL04979,Madhav Bains,+91 85507 26389,Male,10-02-2023,Contract,Bike,LOC0003
DEL04980,Nehmat Sundaram,+91 87311 37351,Male,22-02-2026,Full-Time,Bike,LOC0004
DEL04981,Shayak Gupta,+91 99949 66243,Female,26-09-2021,Full-Time,Scooter,LOC0042
DEL04982,Shamik Srinivas,+91 64056 72523,Female,01-02-2023,Full-Time,EV Bike,LOC0109
DEL04983,Bhamini Deol,+91 70557 25270,Male,11-01-2022,Contract,Scooter,LOC0060
DEL04984,Darshit Krish,+91 74778 79183,Female,07-01-2026,Contract,EV Bike,LOC0040
DEL04985,Anya Tata,+91 99321 90781,Male,13-11-2022,Contract,Van,LOC0053
DEL04986,Nirvaan Iyengar,+91 79267 42635,Female,09-02-2023,Full-Time,EV Bike,LOC0081
DEL04987,Zoya Zacharia,+91 93145 88666,Female,11-06-2022,Full-Time,Van,LOC0061
DEL04988,Anaya Reddy,+91 91653 80523,Female,04-03-2024,Full-Time,Scooter,LOC0038
DEL04989,Tejas Dara,+91 70242 94168,Male,15-09-2021,Contract,Scooter,LOC0078
DEL04990,Uthkarsh Manda,+91 81591 66397,Female,25-01-2023,Full-Time,Van,LOC0048
DEL04991,Priyansh Chand,+91 79916 70323,Male,28-05-2021,Full-Time,Scooter,LOC0103
DEL04992,Aarush Agarwal,+91 93454 71624,Female,25-04-2025,Contract,Scooter,LOC0012
DEL04993,Kiara Baria,+91 87975 11357,Female,17-08-2022,Full-Time,Van,LOC0076
DEL04994,Dharmajan Chokshi,+91 70462 18254,Female,02-08-2025,Full-Time,Van,LOC0038
DEL04995,Shayak Bedi,+91 62298 50876,Male,02-09-2021,Contract,Bike,LOC0016
DEL04996,Ira Bhattacharyya,+91 94410 83822,Male,03-10-2025,Contract,Van,LOC0038
DEL04997,Jayesh Lala,+91 93761 88596,Male,01-09-2023,Full-Time,Bike,LOC0030
DEL04998,Parinaaz Kota,+91 77306 17388,Male,28-06-2024,Full-Time,EV Bike,LOC0038
DEL04999,Yasmin Varma,+91 80603 40929,Male,28-10-2023,Full-Time,Bike,LOC0108
DEL05000,Divit Dada,+91 73455 29803,Male,14-02-2026,Contract,Scooter,LOC0001
DEL05001,Siya Andra,+91 93151 65275,Male,16-03-2023,Full-Time,Scooter,LOC0084
DEL05002,Umang Cheema,+91 67477 10521,Male,11-11-2022,Full-Time,Scooter,LOC0042
DEL05003,Aarush Bahri,+91 63182 76562,Male,05-10-2021,Contract,Van,LOC0050
DEL05004,Vanya Dass,+91 87691 72616,Male,18-10-2023,Full-Time,EV Bike,LOC0090
DEL05005,Ranbir Dara,+91 60512 90783,Male,07-05-2022,Contract,EV Bike,LOC0064
DEL05006,Lakshit Thaman,+91 66589 18817,Female,04-09-2025,Contract,Bike,LOC0078
DEL05007,Kaira Iyengar,+91 87105 97846,Female,23-04-2024,Full-Time,Scooter,LOC0006
DEL05008,Urvi Thaman,+91 67351 95983,Female,02-12-2025,Contract,Scooter,LOC0067
DEL05009,Amira Gokhale,+91 87104 90887,Female,08-04-2024,Contract,Scooter,LOC0062
DEL05010,Armaan Kunda,+91 84581 85470,Male,14-05-2022,Contract,EV Bike,LOC0038
DEL05011,Rati Sahni,+91 70616 77246,Female,29-11-2025,Contract,Bike,LOC0018
DEL05012,Pranay Sundaram,+91 87277 27372,Female,17-03-2022,Contract,Scooter,LOC0112
DEL05013,Vidur Tella,+91 78724 49970,Male,08-07-2021,Contract,Scooter,LOC0010
DEL05014,Kimaya Khanna,+91 85034 82716,Male,28-04-2023,Contract,Scooter,LOC0024
DEL05015,Darshit Dhar,+91 89276 85953,Female,03-07-2021,Full-Time,Bike,LOC0108
DEL05016,Shanaya Tank,+91 61779 01925,Female,02-12-2023,Contract,EV Bike,LOC0013
DEL05017,Alisha Karan,+91 72708 06102,Female,14-12-2023,Contract,Scooter,LOC0064
DEL05018,Damini Bath,+91 70244 40091,Female,15-05-2023,Contract,Scooter,LOC0084
DEL05019,Seher Taneja,+91 62041 14196,Female,22-03-2025,Full-Time,Bike,LOC0009
DEL05020,Mamooty Gour,+91 97871 26753,Male,07-04-2025,Full-Time,Van,LOC0099
DEL05021,Divyansh Gara,+91 73146 03832,Female,10-08-2021,Contract,Van,LOC0020
DEL05022,Jivika Tandon,+91 83507 20802,Male,28-06-2022,Contract,Van,LOC0088
DEL05023,Kartik Doshi,+91 88213 84562,Male,24-05-2025,Full-Time,EV Bike,LOC0033
DEL05024,Kismat Sarin,+91 61027 89698,Male,21-05-2023,Full-Time,Bike,LOC0021
DEL05025,Samaira Kapoor,+91 82098 65430,Female,07-08-2023,Full-Time,Bike,LOC0043
DEL05026,Myra Gandhi,+91 93838 75556,Male,03-02-2026,Contract,Scooter,LOC0046
DEL05027,Damini Madan,+91 93324 87448,Male,14-03-2024,Contract,Van,LOC0050
DEL05028,Taimur Khalsa,+91 72061 37635,Male,04-01-2024,Full-Time,Scooter,LOC0073
DEL05029,Urvi Bava,+91 64004 86542,Female,15-10-2023,Contract,Bike,LOC0003
DEL05030,Gokul Walia,+91 76245 20056,Male,11-05-2025,Contract,Van,LOC0011
DEL05031,Shlok Dutt,+91 65142 29378,Male,25-02-2026,Contract,Scooter,LOC0022
DEL05032,Prisha Ganguly,+91 97289 26948,Male,21-11-2023,Contract,EV Bike,LOC0073
DEL05033,Renee Dyal,+91 60496 46002,Female,23-10-2023,Full-Time,EV Bike,LOC0032
DEL05034,Divyansh Chaudry,+91 89996 17153,Male,21-09-2025,Full-Time,Bike,LOC0023
DEL05035,Krish Chana,+91 60753 20190,Male,03-09-2021,Contract,EV Bike,LOC0049
DEL05036,Shamik Bumb,+91 94186 57339,Male,24-01-2026,Full-Time,Bike,LOC0067
DEL05037,Damini Karan,+91 60381 19491,Female,18-01-2025,Full-Time,Scooter,LOC0020
DEL05038,Mishti Tara,+91 76553 23170,Male,18-07-2021,Contract,Scooter,LOC0031
DEL05039,Divit Dubey,+91 62093 88564,Female,10-05-2023,Contract,Scooter,LOC0097
DEL05040,Anahita Venkatesh,+91 96732 43264,Male,01-03-2023,Contract,Scooter,LOC0083
DEL05041,Abram Brahmbhatt,+91 64223 41606,Male,07-08-2021,Full-Time,Scooter,LOC0087
DEL05042,Yasmin Kant,+91 94296 74090,Female,10-07-2024,Contract,Van,LOC0085
DEL05043,Ivana Sunder,+91 88442 14429,Male,06-11-2025,Full-Time,Bike,LOC0036
DEL05044,Dhanush Bhargava,+91 60770 49048,Female,31-10-2021,Contract,EV Bike,LOC0004
DEL05045,Sahil Loke,+91 65026 17935,Female,28-06-2024,Contract,EV Bike,LOC0019
DEL05046,Miraya Lalla,+91 99697 27717,Male,19-11-2025,Contract,Bike,LOC0004
DEL05047,Biju Virk,+91 88088 17605,Male,01-09-2025,Full-Time,Scooter,LOC0054
DEL05048,Rati Balay,+91 95363 82899,Female,24-04-2021,Contract,Bike,LOC0105
DEL05049,Siya Kapadia,+91 75846 93567,Male,04-07-2023,Full-Time,Bike,LOC0113
DEL05050,Tiya Golla,+91 71456 02883,Female,20-03-2022,Full-Time,EV Bike,LOC0036
DEL05051,Renee Gour,+91 92457 64857,Male,17-04-2025,Contract,Scooter,LOC0091
DEL05052,Hansh Ramachandran,+91 89406 33580,Male,09-02-2023,Contract,Bike,LOC0021
DEL05053,Rohan Yogi,+91 68848 91329,Male,19-04-2024,Full-Time,EV Bike,LOC0091
DEL05054,Arhaan Dhar,+91 76401 36071,Male,08-06-2021,Full-Time,Bike,LOC0075
DEL05055,Oorja Tandon,+91 77960 33178,Male,09-09-2024,Full-Time,Scooter,LOC0002
DEL05056,Ivana Ahluwalia,+91 98202 90440,Male,11-07-2023,Full-Time,Van,LOC0007
DEL05057,Nehmat Devan,+91 88118 43017,Male,29-11-2024,Full-Time,Bike,LOC0088
DEL05058,Arhaan Soman,+91 78935 98192,Male,13-01-2026,Contract,Van,LOC0020
DEL05059,Kanav Boase,+91 93664 21094,Male,20-03-2024,Full-Time,Bike,LOC0054
DEL05060,Shamik Sem,+91 84601 34452,Male,17-02-2024,Full-Time,EV Bike,LOC0052
DEL05061,Hiran Chaudry,+91 93721 67233,Male,19-05-2022,Contract,EV Bike,LOC0088
DEL05062,Baiju Bhatti,+91 88829 78077,Male,19-09-2022,Contract,Van,LOC0009
DEL05063,Aaina Shenoy,+91 95017 03156,Female,07-09-2021,Contract,Scooter,LOC0009
DEL05064,Ahana  Shetty,+91 97887 63066,Female,18-01-2023,Full-Time,Scooter,LOC0095
DEL05065,Nirvaan Buch,+91 79859 32628,Male,17-04-2023,Contract,Van,LOC0029
DEL05066,Aradhya Mannan,+91 84505 39830,Male,07-08-2024,Full-Time,Van,LOC0085
DEL05067,Nayantara Jhaveri,+91 90924 50637,Female,28-09-2023,Full-Time,EV Bike,LOC0014
DEL05068,Prisha Rajan,+91 72746 51135,Female,14-08-2021,Full-Time,Bike,LOC0001
DEL05069,Hansh Kamdar,+91 65609 40458,Female,09-09-2024,Full-Time,EV Bike,LOC0101
DEL05070,Samiha Chokshi,+91 85039 34972,Male,23-03-2024,Contract,Scooter,LOC0112
DEL05071,Aayush Kar,+91 70665 87126,Female,25-05-2024,Contract,Van,LOC0062
DEL05072,Ishita Madan,+91 93645 93068,Male,26-06-2024,Full-Time,Scooter,LOC0023
DEL05073,Vedika Savant,+91 86540 49735,Male,20-07-2021,Full-Time,Bike,LOC0060
DEL05074,Aarush Karpe,+91 77958 05531,Female,19-06-2025,Contract,Van,LOC0050
DEL05075,Zain Dhar,+91 83550 05367,Female,20-03-2022,Contract,Scooter,LOC0049
DEL05076,Kiara Khurana,+91 93591 54539,Male,04-11-2021,Full-Time,Van,LOC0106
DEL05077,Aaryahi Balasubramanian,+91 73685 33043,Male,29-10-2024,Full-Time,Bike,LOC0069
DEL05078,Yasmin Bhasin,+91 69874 44111,Female,20-09-2024,Contract,Scooter,LOC0096
DEL05079,Inaaya  Kamdar,+91 74467 76259,Male,19-10-2025,Full-Time,EV Bike,LOC0077
DEL05080,Tanya Gupta,+91 91391 63833,Female,25-10-2025,Contract,Van,LOC0078
DEL05081,Amira Dugar,+91 87889 43452,Female,29-06-2021,Full-Time,Scooter,LOC0034
DEL05082,Zaina Bhandari,+91 62999 64811,Male,01-06-2025,Full-Time,Van,LOC0006
DEL05083,Parinaaz Dewan,+91 72962 27894,Male,22-03-2023,Contract,Scooter,LOC0064
DEL05084,Advik Kumer,+91 88296 86465,Male,02-12-2023,Full-Time,Bike,LOC0067
DEL05085,Kanav Sunder,+91 73631 60503,Female,21-05-2023,Contract,EV Bike,LOC0055
DEL05086,Hazel Dash,+91 86683 01493,Female,13-04-2023,Full-Time,Bike,LOC0091
DEL05087,Dharmajan Din,+91 82035 78322,Female,20-05-2024,Full-Time,Van,LOC0049
DEL05088,Farhan Saini,+91 62179 07114,Female,10-01-2022,Full-Time,Bike,LOC0044
DEL05089,Madhav Mallick,+91 88935 95587,Female,16-08-2023,Full-Time,Scooter,LOC0044
DEL05090,Amira Sampath,+91 62214 93621,Female,25-09-2022,Full-Time,EV Bike,LOC0005
DEL05091,Priyansh Chada,+91 90447 72377,Female,30-01-2026,Full-Time,EV Bike,LOC0088
DEL05092,Devansh Rana,+91 66193 36163,Female,16-03-2024,Contract,Van,LOC0004
DEL05093,Pranay Kalita,+91 98517 97979,Male,04-11-2024,Contract,Van,LOC0070
DEL05094,Inaaya  Bhatt,+91 92606 87841,Male,18-01-2025,Full-Time,Van,LOC0104
DEL05095,Veer Chakrabarti,+91 93057 27724,Female,29-10-2025,Full-Time,Scooter,LOC0113
DEL05096,Advika Halder,+91 83530 44887,Female,24-06-2021,Full-Time,Bike,LOC0052
DEL05097,Fateh Dutt,+91 93000 22773,Male,10-04-2021,Full-Time,EV Bike,LOC0075
DEL05098,Samarth Sunder,+91 61159 06650,Female,01-02-2022,Contract,Bike,LOC0027
DEL05099,Amani Kibe,+91 61466 91696,Female,10-04-2025,Full-Time,Van,LOC0054
DEL05100,Akarsh Gaba,+91 67201 22840,Female,04-07-2023,Contract,Van,LOC0071
DEL05101,Zain Mani,+91 75973 81637,Female,27-11-2024,Full-Time,Bike,LOC0047
DEL05102,Shanaya Comar,+91 96195 18677,Female,13-12-2023,Full-Time,Bike,LOC0099
DEL05103,Divij Chadha,+91 90030 54720,Male,08-08-2023,Contract,EV Bike,LOC0008
DEL05104,Sahil Khatri,+91 63055 29028,Female,18-03-2025,Full-Time,Bike,LOC0104
DEL05105,Advika Datta,+91 72431 81231,Female,25-03-2025,Contract,EV Bike,LOC0049
DEL05106,Parinaaz Sarraf,+91 90815 56934,Male,12-09-2023,Contract,Bike,LOC0089
DEL05107,Mannat Baria,+91 80267 22522,Female,13-01-2023,Contract,Bike,LOC0077
DEL05108,Raghav Rana,+91 72712 73556,Female,07-05-2025,Contract,Scooter,LOC0091
DEL05109,Bhamini Bobal,+91 80738 02726,Female,25-01-2024,Full-Time,Bike,LOC0081
DEL05110,Lavanya Saxena,+91 80528 42565,Female,19-09-2022,Full-Time,Bike,LOC0078
DEL05111,Shalv Deep,+91 96460 98771,Male,18-08-2022,Full-Time,EV Bike,LOC0058
DEL05112,Mohanlal Kala,+91 83064 71619,Male,06-11-2021,Full-Time,Van,LOC0070
DEL05113,Dhanush Chakraborty,+91 83396 71210,Male,26-09-2021,Full-Time,EV Bike,LOC0027
DEL05114,Sana Shankar,+91 91379 56096,Male,18-06-2022,Full-Time,EV Bike,LOC0096
DEL05115,Indranil Taneja,+91 78669 90546,Male,06-05-2023,Full-Time,EV Bike,LOC0102
DEL05116,Ritvik Sachar,+91 89135 11214,Female,26-05-2024,Contract,EV Bike,LOC0091
DEL05117,Nitya Kala,+91 77955 34998,Female,26-08-2023,Contract,Van,LOC0111
DEL05118,Kiaan Gara,+91 96717 45499,Male,14-05-2022,Full-Time,EV Bike,LOC0019
DEL05119,Pranay Bandi,+91 78763 26501,Male,28-10-2024,Contract,Bike,LOC0092
DEL05120,Tiya Gill,+91 69913 74604,Male,27-06-2024,Full-Time,Bike,LOC0066
DEL05121,Ishaan Buch,+91 61134 24666,Female,06-05-2023,Contract,Scooter,LOC0093
DEL05122,Amani Sankar,+91 97449 89399,Male,02-07-2023,Contract,EV Bike,LOC0053
DEL05123,Aarav Issac,+91 82178 92238,Male,29-12-2022,Full-Time,Scooter,LOC0016
DEL05124,Pihu Jhaveri,+91 79714 34505,Female,12-12-2024,Full-Time,Bike,LOC0053
DEL05125,Sara Ray,+91 89651 10069,Female,18-04-2021,Contract,EV Bike,LOC0087
DEL05126,Manikya Srinivas,+91 68547 31045,Male,21-08-2025,Contract,Bike,LOC0011
DEL05127,Gokul Saraf,+91 95593 84775,Male,31-05-2023,Full-Time,Bike,LOC0031
DEL05128,Divij Mall,+91 61875 89373,Male,27-09-2025,Full-Time,Bike,LOC0039
DEL05129,Alisha Gara,+91 71669 31428,Male,30-08-2025,Full-Time,Scooter,LOC0069
DEL05130,Zara Sabharwal,+91 85322 06378,Male,07-11-2024,Full-Time,EV Bike,LOC0099
DEL05131,Dhruv Kadakia,+91 99072 71823,Male,12-11-2021,Full-Time,EV Bike,LOC0101
DEL05132,Abram Kar,+91 95622 25993,Male,12-11-2023,Full-Time,EV Bike,LOC0095
DEL05133,Zara Yogi,+91 95555 21269,Female,14-05-2023,Full-Time,Scooter,LOC0039
DEL05134,Reyansh Sandal,+91 78157 51335,Male,21-04-2022,Contract,Scooter,LOC0048
DEL05135,Alisha Ahluwalia,+91 73007 41222,Male,24-11-2024,Contract,EV Bike,LOC0070
DEL05136,Jivin Ghosh,+91 61100 99294,Male,25-05-2022,Contract,EV Bike,LOC0111
DEL05137,Vanya Ghose,+91 72387 00123,Female,30-12-2023,Full-Time,Scooter,LOC0038
DEL05138,Elakshi Shan,+91 83078 91137,Female,25-08-2023,Full-Time,Bike,LOC0031
DEL05139,Farhan Choudhary,+91 62868 08427,Female,08-09-2022,Full-Time,Bike,LOC0001
DEL05140,Inaaya  Sami,+91 95012 82807,Male,27-01-2025,Full-Time,Bike,LOC0106
DEL05141,Aarush Shankar,+91 82067 37422,Female,24-07-2023,Contract,Scooter,LOC0089
DEL05142,Anika Goda,+91 81003 27815,Male,23-04-2024,Contract,EV Bike,LOC0040
DEL05143,Shray Hegde,+91 68929 51911,Female,14-08-2023,Full-Time,Bike,LOC0055
DEL05144,Amani Krishna,+91 87547 32123,Male,24-10-2022,Full-Time,Van,LOC0009
DEL05145,Miraya Sha,+91 68738 17780,Male,19-07-2024,Contract,Bike,LOC0058
DEL05146,Mahika De,+91 84137 72456,Male,03-11-2023,Contract,Van,LOC0022
DEL05147,Tiya Doctor,+91 69548 65574,Female,20-09-2025,Full-Time,Van,LOC0002
DEL05148,Farhan Mani,+91 82909 14420,Female,23-12-2023,Contract,Scooter,LOC0089
DEL05149,Miraya Chaudhry,+91 63844 65343,Female,23-11-2024,Full-Time,Scooter,LOC0002
DEL05150,Faiyaz Mani,+91 83156 35919,Male,13-04-2022,Contract,Bike,LOC0052
DEL05151,Jayant Bansal,+91 91652 48606,Male,19-01-2023,Full-Time,Scooter,LOC0096
DEL05152,Alisha Sidhu,+91 88949 05095,Female,28-12-2021,Contract,EV Bike,LOC0094
DEL05153,Ela Tak,+91 88688 73758,Female,21-07-2021,Full-Time,Bike,LOC0065
DEL05154,Lavanya Roy,+91 95036 16810,Male,17-08-2022,Full-Time,Van,LOC0025
DEL05155,Yashvi Sharma,+91 80497 83400,Male,15-10-2021,Contract,Scooter,LOC0039
DEL05156,Devansh Srinivas,+91 94232 28739,Female,07-05-2024,Contract,EV Bike,LOC0039
DEL05157,Yasmin Upadhyay,+91 65513 49873,Male,18-03-2026,Full-Time,Van,LOC0103
DEL05158,Lakshay Loke,+91 84369 90114,Male,05-08-2025,Contract,Van,LOC0066
DEL05159,Saksham Ratti,+91 60297 55794,Female,22-03-2023,Full-Time,Van,LOC0063
DEL05160,Rhea Bakshi,+91 84258 31460,Male,02-10-2025,Full-Time,Scooter,LOC0025
DEL05161,Anika Din,+91 69825 28080,Male,07-08-2021,Contract,Bike,LOC0013
DEL05162,Urvi Mangal,+91 80480 76540,Female,02-03-2023,Contract,Scooter,LOC0110
DEL05163,Vivaan Sachdev,+91 78072 34618,Female,23-07-2021,Contract,Scooter,LOC0009
DEL05164,Piya Deo,+91 69125 30484,Female,22-07-2022,Contract,EV Bike,LOC0048
DEL05165,Sara Bala,+91 73155 60137,Female,12-05-2023,Full-Time,Scooter,LOC0046
DEL05166,Mannat Madan,+91 70890 85000,Male,01-02-2025,Contract,Van,LOC0068
DEL05167,Shalv Ravel,+91 84656 71045,Female,03-07-2025,Full-Time,Van,LOC0049
DEL05168,Amira Kurian,+91 82833 04144,Male,01-11-2024,Contract,Bike,LOC0010
DEL05169,Oorja Saxena,+91 63925 36063,Female,16-05-2025,Full-Time,Van,LOC0067
DEL05170,Ojas Rau,+91 88985 62799,Female,26-10-2021,Contract,Van,LOC0075
DEL05171,Amira Bhat,+91 97704 18905,Male,11-06-2022,Contract,Bike,LOC0026
DEL05172,Anya Kanda,+91 84469 58407,Female,19-02-2024,Full-Time,Van,LOC0051
DEL05173,Aniruddh Rajan,+91 66991 54533,Female,05-03-2025,Contract,EV Bike,LOC0078
DEL05174,Jhanvi Mangat,+91 95741 92127,Male,11-10-2024,Contract,Bike,LOC0070
DEL05175,Vardaniya Edwin,+91 77565 52301,Female,27-01-2022,Contract,EV Bike,LOC0031
DEL05176,Lagan Dube,+91 71949 33365,Male,11-11-2025,Contract,Scooter,LOC0094
DEL05177,Sumer Vig,+91 66686 69657,Male,08-07-2022,Contract,EV Bike,LOC0107
DEL05178,Zoya Raja,+91 92491 53771,Male,25-12-2024,Full-Time,Van,LOC0038
DEL05179,Anaya Chacko,+91 78830 87579,Female,03-03-2022,Contract,Van,LOC0089
DEL05180,Fateh Bali,+91 86534 15205,Female,15-10-2023,Contract,Van,LOC0057
DEL05181,Sahil Viswanathan,+91 87535 84321,Male,14-05-2022,Full-Time,Bike,LOC0031
DEL05182,Krish Anand,+91 78367 02166,Female,01-09-2024,Contract,Van,LOC0067
DEL05183,Rati Venkatesh,+91 88214 26879,Female,08-12-2024,Full-Time,Scooter,LOC0068
DEL05184,Prisha Apte,+91 76185 63753,Male,22-06-2025,Full-Time,Bike,LOC0062
DEL05185,Tara Sant,+91 60406 80078,Male,25-03-2025,Full-Time,Van,LOC0019
DEL05186,Mishti Ramesh,+91 74108 49873,Female,22-05-2023,Contract,EV Bike,LOC0047
DEL05187,Bhavin Tandon,+91 62874 81439,Male,13-01-2023,Full-Time,EV Bike,LOC0113
DEL05188,Bhavin Sathe,+91 66555 43242,Female,15-06-2022,Contract,EV Bike,LOC0036
DEL05189,Taran Kumar,+91 64290 07691,Female,06-02-2023,Contract,Scooter,LOC0102
DEL05190,Jivika Chatterjee,+91 97950 00508,Male,12-08-2022,Full-Time,Bike,LOC0106
DEL05191,Ranbir Hari,+91 77098 98700,Female,05-02-2023,Contract,Van,LOC0038
DEL05192,Hiran Issac,+91 81008 25524,Male,27-02-2024,Contract,Van,LOC0096
DEL05193,Darshit Bose,+91 83846 90032,Female,06-07-2021,Full-Time,Van,LOC0012
DEL05194,Kiara Kurian,+91 92560 04650,Male,29-10-2021,Contract,Scooter,LOC0069
DEL05195,Krish Trivedi,+91 72093 09976,Male,23-12-2023,Contract,Van,LOC0085
DEL05196,Priyansh Chadha,+91 92717 45321,Male,19-11-2021,Full-Time,Bike,LOC0033
DEL05197,Indrans Vohra,+91 63733 72635,Male,28-04-2024,Contract,Bike,LOC0055
DEL05198,Saksham Gala,+91 63907 55484,Female,26-02-2026,Contract,Van,LOC0113
DEL05199,Shaan Master,+91 73722 40317,Female,19-03-2022,Full-Time,Bike,LOC0014
DEL05200,Raunak Walla,+91 76132 66453,Male,20-09-2024,Contract,Van,LOC0007
DEL05201,Ehsaan Thakur,+91 74864 63327,Male,06-01-2026,Full-Time,Bike,LOC0096
DEL05202,Pranay Singh,+91 82040 16765,Female,15-08-2024,Contract,EV Bike,LOC0029
DEL05203,Tushar Dutt,+91 77666 64264,Female,25-06-2023,Full-Time,Van,LOC0087
DEL05204,Madhav Sastry,+91 76693 92288,Female,20-06-2024,Contract,EV Bike,LOC0023
DEL05205,Anvi Rana,+91 65287 72011,Female,23-01-2023,Contract,Scooter,LOC0043
DEL05206,Lakshit Sahota,+91 88437 09258,Male,06-09-2022,Full-Time,EV Bike,LOC0030
DEL05207,Mishti Badal,+91 62961 86487,Male,31-07-2022,Full-Time,EV Bike,LOC0077
DEL05208,Renee Goyal,+91 96628 46913,Male,07-02-2022,Contract,Van,LOC0077
DEL05209,Neysa Manda,+91 60088 97579,Female,08-05-2021,Full-Time,Van,LOC0084
DEL05210,Drishya Tank,+91 87619 14659,Male,23-04-2021,Contract,Bike,LOC0068
DEL05211,Kanav Rama,+91 97334 67599,Male,14-10-2021,Full-Time,Scooter,LOC0061
DEL05212,Hiran Buch,+91 78909 25551,Female,11-06-2025,Contract,Scooter,LOC0031
DEL05213,Yuvraj  Arya,+91 95755 33775,Male,31-12-2022,Full-Time,EV Bike,LOC0054
DEL05214,Devansh Aurora,+91 82217 19179,Male,18-12-2022,Full-Time,EV Bike,LOC0078
DEL05215,Adah Din,+91 99989 05918,Female,06-03-2026,Full-Time,Scooter,LOC0004
DEL05216,Gatik Lalla,+91 72425 14661,Male,04-05-2022,Contract,Bike,LOC0072
DEL05217,Siya Wagle,+91 89804 93597,Male,20-10-2023,Contract,Scooter,LOC0100
DEL05218,Adira Sarin,+91 76270 70480,Male,31-07-2025,Full-Time,EV Bike,LOC0099
DEL05219,Vritika Sha,+91 95028 80493,Female,22-12-2025,Full-Time,Bike,LOC0111
DEL05220,Kimaya Badal,+91 68974 15600,Female,30-10-2025,Contract,Van,LOC0077
DEL05221,Hazel Walia,+91 82701 18813,Female,25-02-2023,Contract,Scooter,LOC0069
DEL05222,Advik Chad,+91 79725 03355,Male,04-11-2023,Contract,Van,LOC0033
DEL05223,Gatik Balakrishnan,+91 73005 90861,Female,08-07-2022,Contract,EV Bike,LOC0103
DEL05224,Kiaan Chopra,+91 63773 43506,Male,31-05-2022,Contract,Van,LOC0069
DEL05225,Kiaan Ravel,+91 63120 34781,Male,30-11-2025,Full-Time,Scooter,LOC0002
DEL05226,Hunar Rama,+91 97249 88688,Male,12-02-2022,Contract,Van,LOC0081
DEL05227,Sara Mane,+91 88551 71929,Female,23-06-2021,Contract,Van,LOC0044
DEL05228,Lakshay Kara,+91 82186 35664,Female,07-08-2023,Contract,EV Bike,LOC0029
DEL05229,Anaya Lal,+91 63038 58676,Male,06-08-2022,Contract,EV Bike,LOC0045
DEL05230,Ehsaan Kumar,+91 83023 96215,Male,23-07-2021,Contract,Van,LOC0104
DEL05231,Zain Sharma,+91 72192 57059,Female,19-02-2023,Contract,Scooter,LOC0075
DEL05232,Vaibhav Keer,+91 99598 75323,Male,15-11-2023,Full-Time,EV Bike,LOC0068
DEL05233,Gokul Wason,+91 94396 17979,Male,27-03-2023,Full-Time,Scooter,LOC0075
DEL05234,Ojas Dada,+91 66907 20392,Male,13-01-2023,Contract,EV Bike,LOC0037
DEL05235,Pihu Sem,+91 67486 45444,Female,24-12-2024,Contract,Bike,LOC0075
DEL05236,Miraan Comar,+91 75864 17184,Male,10-02-2024,Contract,EV Bike,LOC0061
DEL05237,Kismat Roy,+91 99842 67103,Male,19-05-2022,Full-Time,Bike,LOC0020
DEL05238,Yasmin Ramakrishnan,+91 91307 72329,Male,31-10-2025,Full-Time,Scooter,LOC0015
DEL05239,Lavanya Loyal,+91 92406 22984,Male,24-03-2025,Full-Time,Bike,LOC0028
DEL05240,Taimur Goel,+91 86888 24791,Male,15-10-2024,Full-Time,EV Bike,LOC0096
DEL05241,Kabir Keer,+91 67589 88529,Female,09-11-2024,Contract,Bike,LOC0025
DEL05242,Samarth Shan,+91 87648 78567,Male,28-05-2024,Contract,Bike,LOC0094
DEL05243,Raunak Goyal,+91 63239 02477,Male,20-04-2024,Contract,Van,LOC0081
DEL05244,Anaya Sinha,+91 79280 65048,Male,28-10-2023,Full-Time,Van,LOC0076
DEL05245,Jivin Sanghvi,+91 61384 20760,Male,26-07-2023,Full-Time,Scooter,LOC0065
DEL05246,Khushi Dhaliwal,+91 89566 56147,Female,14-02-2022,Full-Time,Scooter,LOC0056
DEL05247,Eshani Virk,+91 87450 55851,Male,22-05-2021,Contract,Bike,LOC0022
DEL05248,Saanvi Gupta,+91 84325 23567,Male,22-03-2023,Contract,Scooter,LOC0087
DEL05249,Taimur Yadav,+91 81069 56545,Female,25-12-2021,Contract,Van,LOC0090
DEL05250,Ritvik Ramakrishnan,+91 93958 27606,Female,17-07-2025,Full-Time,EV Bike,LOC0089
DEL05251,Taran Kunda,+91 82586 40598,Female,23-11-2021,Contract,EV Bike,LOC0057
DEL05252,Riya Basak,+91 68720 84706,Male,22-10-2021,Contract,EV Bike,LOC0073
DEL05253,Tiya Sundaram,+91 67064 60232,Female,07-07-2023,Contract,Bike,LOC0100
DEL05254,Ehsaan Mahal,+91 78458 23114,Female,24-08-2024,Full-Time,Bike,LOC0020
DEL05255,Saanvi Sengupta,+91 82605 92824,Male,12-04-2023,Full-Time,Van,LOC0032
DEL05256,Vedika Venkataraman,+91 64481 12936,Male,06-11-2023,Full-Time,Bike,LOC0083
DEL05257,Anahita Varma,+91 73371 44678,Female,09-10-2023,Full-Time,Scooter,LOC0060
DEL05258,Emir Bora,+91 63441 29113,Female,07-12-2023,Contract,EV Bike,LOC0059
DEL05259,Jayant Shan,+91 95767 34573,Male,11-10-2025,Full-Time,Bike,LOC0061
DEL05260,Zoya Gokhale,+91 86631 21469,Male,03-10-2025,Full-Time,Van,LOC0070
DEL05261,Ojas Vyas,+91 74943 88761,Male,22-12-2021,Contract,Scooter,LOC0030
DEL05262,Romil Vig,+91 87419 92090,Female,10-10-2023,Contract,Van,LOC0061
DEL05263,Diya Sen,+91 90305 66815,Male,19-11-2021,Full-Time,EV Bike,LOC0039
DEL05264,Damini Gaba,+91 72611 63200,Female,10-09-2024,Full-Time,Van,LOC0084
DEL05265,Priyansh Bawa,+91 66030 68524,Female,02-12-2022,Contract,Van,LOC0069
DEL05266,Nakul Goda,+91 85955 73464,Male,03-05-2022,Full-Time,Scooter,LOC0077
DEL05267,Bhavin Sem,+91 63169 15866,Male,11-01-2023,Contract,EV Bike,LOC0007
DEL05268,Faiyaz Swamy,+91 60868 83888,Female,21-07-2023,Full-Time,Van,LOC0063
DEL05269,Renee Bava,+91 82724 21815,Male,27-08-2024,Full-Time,EV Bike,LOC0095
DEL05270,Parinaaz Vasa,+91 76303 80082,Female,09-09-2023,Contract,Bike,LOC0028
DEL05271,Kavya Cherian,+91 78466 53202,Male,21-10-2025,Contract,Bike,LOC0094
DEL05272,Jiya Chadha,+91 78568 79772,Male,11-05-2025,Full-Time,Van,LOC0015
DEL05273,Inaaya  Bhavsar,+91 70887 42537,Female,09-09-2025,Contract,Scooter,LOC0078
DEL05274,Nirvi Chaudry,+91 96779 66976,Female,20-09-2025,Contract,Bike,LOC0041
DEL05275,Manikya Kade,+91 87818 67889,Female,25-03-2024,Contract,Scooter,LOC0080
DEL05276,Aayush Buch,+91 95487 74255,Female,17-04-2024,Contract,Scooter,LOC0004
DEL05277,Divij Solanki,+91 77342 24312,Female,11-03-2023,Full-Time,Van,LOC0043
DEL05278,Gatik Varma,+91 89430 78113,Female,04-07-2024,Contract,EV Bike,LOC0023
DEL05279,Lagan Manda,+91 75338 15817,Male,17-02-2024,Full-Time,EV Bike,LOC0055
DEL05280,Biju Thakur,+91 63422 70240,Female,07-02-2026,Contract,Bike,LOC0041
DEL05281,Samar Sheth,+91 66295 21418,Female,25-03-2025,Full-Time,Bike,LOC0027
DEL05282,Gatik Agarwal,+91 73462 86190,Male,12-08-2025,Full-Time,Bike,LOC0038
DEL05283,Kimaya Seth,+91 71784 80874,Male,20-06-2025,Full-Time,Scooter,LOC0108
DEL05284,Vaibhav Kade,+91 65558 11512,Female,09-08-2025,Full-Time,EV Bike,LOC0094
DEL05285,Neysa Kalita,+91 68607 14133,Female,12-05-2024,Contract,EV Bike,LOC0096
DEL05286,Purab Warrior,+91 96147 76014,Male,09-08-2024,Contract,Van,LOC0073
DEL05287,Urvi Batta,+91 65127 42411,Male,22-11-2022,Full-Time,EV Bike,LOC0067
DEL05288,Fateh Gara,+91 73241 78030,Male,08-11-2023,Contract,Scooter,LOC0057
DEL05289,Prerak Anne,+91 91499 79599,Female,03-12-2021,Full-Time,Bike,LOC0011
DEL05290,Hazel Dora,+91 73639 50369,Female,27-11-2024,Contract,Bike,LOC0113
DEL05291,Kiara Dube,+91 97668 77400,Female,18-08-2025,Contract,Bike,LOC0073
DEL05292,Samiha Handa,+91 90151 51799,Male,11-07-2024,Contract,Scooter,LOC0029
DEL05293,Miraan Choudhary,+91 75309 41633,Female,03-11-2024,Full-Time,EV Bike,LOC0056
DEL05294,Arhaan Chandra,+91 69223 50473,Male,02-09-2022,Full-Time,Bike,LOC0009
DEL05295,Dhanush Maharaj,+91 86288 31488,Female,09-12-2021,Full-Time,EV Bike,LOC0041
DEL05296,Ojas Babu,+91 64516 34835,Female,03-10-2024,Contract,Bike,LOC0044
DEL05297,Saira Bora,+91 84153 01414,Male,11-02-2026,Full-Time,Bike,LOC0048
DEL05298,Taimur Som,+91 68012 23015,Female,27-11-2023,Full-Time,Scooter,LOC0072
DEL05299,Lakshay Dubey,+91 76615 51276,Female,04-12-2021,Full-Time,Van,LOC0061
DEL05300,Manikya Sachdeva,+91 80734 96320,Male,02-05-2022,Full-Time,Bike,LOC0012
DEL05301,Darshit Chowdhury,+91 95777 57918,Female,31-08-2021,Full-Time,Scooter,LOC0062
DEL05302,Alia Venkataraman,+91 70854 80586,Male,30-03-2024,Contract,EV Bike,LOC0019
DEL05303,Suhana Shroff,+91 95394 47588,Female,07-12-2022,Full-Time,EV Bike,LOC0043
DEL05304,Indranil Kumar,+91 96007 43396,Female,21-04-2024,Contract,Scooter,LOC0052
DEL05305,Nitya Bains,+91 67556 12957,Male,09-10-2023,Full-Time,Scooter,LOC0071
DEL05306,Keya Choudhary,+91 85834 96913,Male,14-08-2023,Full-Time,Van,LOC0079
DEL05307,Fateh Datta,+91 97414 87197,Female,09-05-2022,Full-Time,EV Bike,LOC0080
DEL05308,Vaibhav Viswanathan,+91 72671 41759,Male,24-06-2025,Full-Time,Van,LOC0063
DEL05309,Elakshi Master,+91 83631 20032,Female,17-04-2022,Full-Time,Scooter,LOC0017
DEL05310,Urvi Malhotra,+91 92487 16307,Female,10-11-2022,Full-Time,Van,LOC0081
DEL05311,Yasmin Grover,+91 60930 49896,Female,05-07-2024,Full-Time,Van,LOC0003
DEL05312,Zoya Hari,+91 63835 22815,Male,20-03-2025,Contract,EV Bike,LOC0014
DEL05313,Riaan Chandra,+91 72199 54275,Female,11-10-2023,Contract,Bike,LOC0051
DEL05314,Riaan Chacko,+91 61101 98924,Female,23-12-2022,Contract,Scooter,LOC0054
DEL05315,Aarush Soni,+91 86279 03929,Male,25-11-2023,Full-Time,Van,LOC0081
DEL05316,Shalv Shankar,+91 62112 46256,Female,22-02-2024,Contract,Scooter,LOC0064
DEL05317,Shamik Chawla,+91 77860 74142,Male,23-08-2024,Contract,Van,LOC0079
DEL05318,Aniruddh Bhatt,+91 89510 77301,Male,05-12-2024,Full-Time,Bike,LOC0039
DEL05319,Hunar Iyengar,+91 78407 98806,Female,18-01-2024,Full-Time,Scooter,LOC0085
DEL05320,Hrishita Dada,+91 60236 25230,Female,07-05-2024,Full-Time,EV Bike,LOC0045
DEL05321,Jivika Deol,+91 80374 85321,Male,11-04-2025,Contract,Van,LOC0053
DEL05322,Kiara Brahmbhatt,+91 66692 62620,Female,23-12-2022,Full-Time,Van,LOC0030
DEL05323,Nirvi Deo,+91 95130 02125,Female,30-05-2022,Contract,Bike,LOC0022
DEL05324,Nishith Grover,+91 75088 34217,Male,07-02-2022,Full-Time,EV Bike,LOC0014
DEL05325,Gokul Gulati,+91 82708 29143,Female,09-10-2025,Contract,Bike,LOC0065
DEL05326,Dhanuk Sood,+91 92999 08713,Male,26-01-2024,Contract,Scooter,LOC0030
DEL05327,Aniruddh Kamdar,+91 63858 55778,Female,04-11-2023,Full-Time,Bike,LOC0003
DEL05328,Advik Goyal,+91 68316 23378,Male,30-10-2024,Contract,Van,LOC0080
DEL05329,Ishita Agarwal,+91 75862 66992,Female,05-05-2021,Full-Time,Bike,LOC0045
DEL05330,Elakshi Barad,+91 72867 22419,Male,13-01-2026,Full-Time,Bike,LOC0026
DEL05331,Dhanuk Raval,+91 93930 76348,Female,19-12-2024,Contract,EV Bike,LOC0068
DEL05332,Trisha Bora,+91 73465 26209,Male,08-08-2024,Contract,Bike,LOC0065
DEL05333,Neelofar Bajwa,+91 92779 84775,Female,27-05-2021,Full-Time,Scooter,LOC0075
DEL05334,Nayantara Kalla,+91 93490 97462,Female,20-10-2024,Full-Time,Bike,LOC0108
DEL05335,Jayant Chhabra,+91 96546 98239,Female,04-09-2022,Contract,Van,LOC0049
DEL05336,Adah Saha,+91 66087 57179,Male,21-03-2024,Full-Time,Scooter,LOC0012
DEL05337,Azad Chopra,+91 73341 64406,Female,11-10-2022,Full-Time,Scooter,LOC0004
DEL05338,Advika Dar,+91 77754 01436,Male,10-09-2024,Contract,EV Bike,LOC0067
DEL05339,Divyansh Bawa,+91 92330 42892,Female,17-02-2024,Full-Time,EV Bike,LOC0077
DEL05340,Prisha Mangal,+91 82608 17119,Female,06-12-2021,Full-Time,Scooter,LOC0058
DEL05341,Pihu Datta,+91 96624 26105,Female,02-03-2026,Full-Time,Bike,LOC0088
DEL05342,Dhanush Bhatnagar,+91 62206 02878,Female,09-02-2025,Contract,EV Bike,LOC0005
DEL05343,Ritvik Srivastava,+91 93064 93305,Female,17-04-2022,Full-Time,Scooter,LOC0092
DEL05344,Aniruddh Chawla,+91 92335 60750,Female,16-10-2022,Full-Time,Scooter,LOC0076
DEL05345,Lavanya Mammen,+91 88926 00601,Female,28-03-2026,Contract,Van,LOC0105
DEL05346,Dhruv Anand,+91 72089 02886,Male,14-11-2024,Contract,Van,LOC0078
DEL05347,Anvi Devi,+91 66316 87410,Male,05-03-2024,Contract,EV Bike,LOC0058
DEL05348,Raghav Thaman,+91 75348 95906,Female,08-01-2025,Full-Time,Bike,LOC0065
DEL05349,Raunak Chandran,+91 74510 99475,Male,05-09-2024,Contract,EV Bike,LOC0067
DEL05350,Saira Singhal,+91 98694 81824,Male,13-12-2022,Full-Time,Van,LOC0065
DEL05351,Badal Halder,+91 65794 18839,Female,17-04-2024,Full-Time,Van,LOC0039
DEL05352,Urvi Thaker,+91 95038 96666,Male,22-05-2024,Contract,Bike,LOC0017
DEL05353,Biju Ganesan,+91 85091 11085,Female,14-05-2021,Contract,Scooter,LOC0113
DEL05354,Darshit Goswami,+91 63197 18036,Male,26-12-2025,Full-Time,Van,LOC0108
DEL05355,Aarna Baral,+91 99104 49447,Female,12-07-2025,Contract,Bike,LOC0080
DEL05356,Chirag Anne,+91 80126 68354,Male,28-02-2022,Contract,Van,LOC0049
DEL05357,Chirag Chopra,+91 60386 69243,Male,19-12-2025,Full-Time,Scooter,LOC0028
DEL05358,Umang Ratta,+91 84441 28101,Male,11-11-2022,Full-Time,EV Bike,LOC0018
DEL05359,Ivana Krish,+91 62049 42866,Male,03-07-2022,Contract,EV Bike,LOC0085
DEL05360,Drishya Kurian,+91 72558 86121,Male,11-07-2021,Contract,EV Bike,LOC0056
DEL05361,Samaira Agrawal,+91 74173 89094,Male,30-01-2024,Contract,Scooter,LOC0085
DEL05362,Saanvi Cherian,+91 98571 65816,Female,13-10-2024,Full-Time,Scooter,LOC0015
DEL05363,Bhamini Hans,+91 97239 69901,Male,19-01-2025,Contract,Van,LOC0036
DEL05364,Hazel Varma,+91 89772 92574,Male,13-06-2023,Contract,Scooter,LOC0027
DEL05365,Emir Bail,+91 90820 52727,Male,29-09-2022,Contract,Scooter,LOC0028
DEL05366,Anvi Amble,+91 87218 19586,Female,30-08-2025,Contract,EV Bike,LOC0077
DEL05367,Nakul Solanki,+91 87133 02780,Female,21-10-2025,Full-Time,EV Bike,LOC0039
DEL05368,Indrajit Dalal,+91 88897 74266,Male,27-09-2024,Full-Time,Scooter,LOC0029
DEL05369,Nishith Bhat,+91 93769 60860,Male,17-10-2021,Full-Time,Van,LOC0088
DEL05370,Anaya Kaur,+91 85806 90707,Male,28-08-2022,Contract,EV Bike,LOC0040
DEL05371,Abram Konda,+91 63137 86765,Female,27-04-2022,Full-Time,Scooter,LOC0012
DEL05372,Shray Andra,+91 70171 14106,Male,03-03-2024,Contract,EV Bike,LOC0016
DEL05373,Yasmin Sami,+91 72250 45238,Male,01-04-2022,Contract,EV Bike,LOC0078
DEL05374,Adah Sengupta,+91 81503 74385,Male,24-01-2026,Contract,Bike,LOC0099
DEL05375,Prisha Madan,+91 79194 01519,Female,19-03-2024,Full-Time,Van,LOC0013
DEL05376,Kavya Brahmbhatt,+91 82940 34677,Female,19-02-2023,Contract,Scooter,LOC0050
DEL05377,Dharmajan Goswami,+91 88680 30708,Male,15-03-2022,Contract,EV Bike,LOC0108
DEL05378,Anay Rana,+91 62184 26159,Male,01-01-2025,Contract,Scooter,LOC0070
DEL05379,Sara Dada,+91 76218 19222,Male,04-01-2024,Contract,Van,LOC0010
DEL05380,Raghav Ahluwalia,+91 64802 95302,Female,19-04-2021,Full-Time,Van,LOC0047
DEL05381,Reyansh Dube,+91 64748 01638,Female,02-11-2025,Contract,Van,LOC0036
DEL05382,Elakshi Vora,+91 69446 51371,Female,07-12-2023,Contract,Van,LOC0031
DEL05383,Nitya Viswanathan,+91 93126 18618,Male,19-09-2025,Full-Time,EV Bike,LOC0044
DEL05384,Amira Deep,+91 89342 10194,Female,02-05-2023,Contract,Scooter,LOC0070
DEL05385,Ivana Basak,+91 72713 58203,Male,10-10-2021,Full-Time,EV Bike,LOC0103
DEL05386,Tarini Dalal,+91 66809 61122,Female,24-07-2021,Full-Time,Bike,LOC0055
DEL05387,Samar Doctor,+91 73552 35991,Male,08-12-2022,Full-Time,Bike,LOC0034
DEL05388,Lagan Thaker,+91 65271 29799,Female,07-02-2025,Full-Time,Van,LOC0075
DEL05389,Hridaan Sarraf,+91 70123 48451,Female,16-12-2024,Contract,EV Bike,LOC0013
DEL05390,Tanya Bora,+91 97828 82946,Male,30-01-2022,Contract,Van,LOC0085
DEL05391,Indrajit Chopra,+91 90307 96576,Male,16-04-2022,Contract,Van,LOC0005
DEL05392,Nehmat Vohra,+91 88597 41774,Male,17-10-2025,Contract,EV Bike,LOC0007
DEL05393,Rania Yohannan,+91 73045 61229,Female,15-08-2021,Full-Time,Bike,LOC0069
DEL05394,Anvi Chatterjee,+91 87938 42392,Female,14-02-2022,Contract,EV Bike,LOC0030
DEL05395,Madhup Walia,+91 95850 15092,Female,06-02-2026,Full-Time,Van,LOC0073
DEL05396,Drishya Chauhan,+91 84081 51033,Male,19-11-2024,Full-Time,Bike,LOC0089
DEL05397,Riaan Khalsa,+91 70254 55052,Female,19-12-2024,Contract,Van,LOC0084
DEL05398,Kashvi Ganesh,+91 93184 49899,Male,16-09-2025,Contract,Scooter,LOC0067
DEL05399,Pihu Bora,+91 94113 14286,Female,30-11-2023,Contract,Scooter,LOC0008
DEL05400,Rasha Krishna,+91 97851 78691,Male,07-07-2022,Full-Time,EV Bike,LOC0040
DEL05401,Tiya Wali,+91 96417 43625,Female,11-09-2023,Full-Time,Scooter,LOC0061
DEL05402,Anika Mahajan,+91 65873 23946,Female,08-02-2026,Contract,Van,LOC0054
DEL05403,Krish Bhagat,+91 98240 83540,Female,08-03-2026,Full-Time,Van,LOC0003
DEL05404,Abram Sahota,+91 69256 97614,Male,18-05-2022,Contract,Van,LOC0108
DEL05405,Saanvi Sarin,+91 60371 78917,Female,06-01-2025,Full-Time,Scooter,LOC0006
DEL05406,Hansh Hari,+91 93276 02756,Male,26-03-2022,Contract,Van,LOC0067
DEL05407,Adira Dass,+91 77630 60476,Male,05-05-2025,Full-Time,Bike,LOC0055
DEL05408,Hansh Wali,+91 72123 17640,Male,31-03-2025,Full-Time,Scooter,LOC0011
DEL05409,Charvi Bhardwaj,+91 83153 52696,Male,28-02-2023,Contract,Scooter,LOC0087
DEL05410,Ryan Khurana,+91 81295 01333,Male,27-10-2022,Full-Time,EV Bike,LOC0039
DEL05411,Samiha Sagar,+91 73641 97853,Female,06-08-2022,Contract,Scooter,LOC0017
DEL05412,Nakul Jayaraman,+91 81011 40946,Female,10-04-2024,Full-Time,Van,LOC0098
DEL05413,Renee Dave,+91 86537 60952,Female,18-04-2022,Contract,Bike,LOC0058
DEL05414,Armaan Gera,+91 84148 68288,Female,20-12-2022,Contract,Bike,LOC0059
DEL05415,Fateh Keer,+91 67172 58223,Male,12-02-2023,Contract,Bike,LOC0004
DEL05416,Rasha Ben,+91 75455 34285,Male,24-02-2024,Contract,EV Bike,LOC0061
DEL05417,Anahi Sampath,+91 60834 47765,Female,11-05-2024,Full-Time,Bike,LOC0092
DEL05418,Charvi Kunda,+91 80297 89900,Female,07-02-2025,Contract,Scooter,LOC0001
DEL05419,Khushi Kumer,+91 99462 18862,Male,09-11-2021,Contract,Van,LOC0084
DEL05420,Neysa Sastry,+91 80405 44043,Male,18-01-2026,Full-Time,EV Bike,LOC0044
DEL05421,Yasmin Dara,+91 88331 98103,Male,16-01-2026,Contract,Bike,LOC0095
DEL05422,Jivika Choudhury,+91 91150 71929,Female,11-06-2023,Full-Time,EV Bike,LOC0050
DEL05423,Umang Sarma,+91 85281 63730,Male,13-09-2023,Full-Time,Bike,LOC0004
DEL05424,Tanya Chatterjee,+91 66835 90409,Male,24-08-2023,Full-Time,Scooter,LOC0085
DEL05425,Taimur Basak,+91 93610 10731,Male,07-05-2021,Contract,Bike,LOC0008
DEL05426,Lavanya Mall,+91 68469 26308,Male,08-04-2023,Contract,Scooter,LOC0040
DEL05427,Krish Bhatia,+91 71302 16038,Female,28-09-2021,Full-Time,EV Bike,LOC0037
DEL05428,Anay Karnik,+91 64775 96545,Female,04-02-2025,Full-Time,Scooter,LOC0027
DEL05429,Mohanlal Wadhwa,+91 86818 17043,Male,19-08-2024,Full-Time,Bike,LOC0024
DEL05430,Ela Ranganathan,+91 88309 49857,Female,15-06-2021,Full-Time,Van,LOC0092
DEL05431,Heer Mammen,+91 82059 30317,Male,14-09-2022,Contract,Van,LOC0077
DEL05432,Arhaan Sami,+91 64801 79258,Male,17-05-2023,Contract,EV Bike,LOC0084
DEL05433,Hrishita Sengupta,+91 70917 72346,Male,29-05-2024,Full-Time,Scooter,LOC0059
DEL05434,Shray Buch,+91 70705 24689,Male,09-05-2023,Full-Time,EV Bike,LOC0104
DEL05435,Tara Mammen,+91 82254 20224,Female,24-07-2022,Full-Time,EV Bike,LOC0057
DEL05436,Jayant Loyal,+91 79585 59948,Female,11-04-2022,Full-Time,EV Bike,LOC0102
DEL05437,Veer Yohannan,+91 78022 32322,Male,28-03-2025,Contract,Scooter,LOC0074
DEL05438,Ishaan Ghosh,+91 70949 63718,Female,19-07-2024,Contract,Van,LOC0072
DEL05439,Emir Verma,+91 90353 12169,Male,23-12-2025,Full-Time,EV Bike,LOC0034
DEL05440,Rhea Dhar,+91 74260 08381,Female,15-09-2021,Contract,Bike,LOC0100
DEL05441,Misha Bhardwaj,+91 85726 50555,Female,14-12-2023,Contract,Van,LOC0049
DEL05442,Shray Sem,+91 80423 81454,Male,02-07-2022,Contract,EV Bike,LOC0093
DEL05443,Vidur Ben,+91 74489 81651,Female,19-07-2021,Contract,EV Bike,LOC0042
DEL05444,Taimur Desai,+91 87618 01375,Male,18-03-2026,Contract,Van,LOC0084
DEL05445,Vivaan Sarkar,+91 86961 97028,Male,19-05-2021,Contract,Scooter,LOC0097
DEL05446,Zara Kale,+91 60942 96452,Female,30-08-2022,Contract,EV Bike,LOC0039
DEL05447,Dhruv Kulkarni,+91 68716 22973,Male,25-05-2025,Contract,Van,LOC0016
DEL05448,Mohanlal Vala,+91 78712 68683,Female,19-02-2023,Contract,Scooter,LOC0013
DEL05449,Amira Sani,+91 89167 71557,Male,13-07-2025,Contract,Scooter,LOC0111
DEL05450,Arhaan Dar,+91 85399 11035,Female,30-04-2022,Full-Time,Bike,LOC0076
DEL05451,Tushar Kaul,+91 66910 94216,Male,24-12-2023,Contract,Van,LOC0091
DEL05452,Eva Edwin,+91 84651 09638,Female,09-12-2022,Contract,Scooter,LOC0080
DEL05453,Shaan Issac,+91 91500 02649,Male,06-10-2021,Full-Time,Bike,LOC0057
DEL05454,Hiran Sule,+91 84851 04662,Female,21-04-2023,Contract,Van,LOC0039
DEL05455,Yakshit Sekhon,+91 68460 59848,Female,19-06-2025,Contract,EV Bike,LOC0078
DEL05456,Vaibhav Bawa,+91 80495 28741,Male,08-07-2022,Contract,Scooter,LOC0105
DEL05457,Vihaan Sami,+91 94785 35899,Male,08-12-2021,Full-Time,Scooter,LOC0091
DEL05458,Nitya Atwal,+91 80307 56981,Male,25-07-2024,Contract,Van,LOC0049
DEL05459,Anahita Atwal,+91 97142 70371,Male,06-02-2026,Full-Time,Scooter,LOC0085
DEL05460,Eva Aggarwal,+91 85662 12779,Male,23-01-2026,Contract,Scooter,LOC0010
DEL05461,Indrajit Shroff,+91 97820 87258,Female,14-06-2023,Contract,EV Bike,LOC0088
DEL05462,Dharmajan Dada,+91 88857 13317,Female,24-12-2021,Full-Time,Scooter,LOC0081
DEL05463,Kartik Bahri,+91 80133 62131,Female,22-09-2023,Full-Time,Scooter,LOC0016
DEL05464,Hansh Kapadia,+91 69372 92361,Male,29-09-2024,Contract,Scooter,LOC0018
DEL05465,Reyansh Chakraborty,+91 72890 83347,Female,04-03-2024,Contract,Van,LOC0047
DEL05466,Reyansh Chakraborty,+91 78369 72714,Female,21-12-2022,Full-Time,EV Bike,LOC0022
DEL05467,Zoya Gera,+91 76030 19658,Male,29-08-2022,Contract,Scooter,LOC0005
DEL05468,Manikya Ghosh,+91 76833 57629,Male,04-12-2021,Full-Time,Bike,LOC0109
DEL05469,Ehsaan Dhingra,+91 67365 05297,Male,09-12-2023,Contract,EV Bike,LOC0062
DEL05470,Nehmat Seshadri,+91 70598 03162,Male,09-07-2023,Full-Time,Van,LOC0049
DEL05471,Romil Vasa,+91 74673 61213,Male,12-07-2022,Contract,EV Bike,LOC0043
DEL05472,Stuvan Bhat,+91 84709 12754,Male,02-10-2024,Full-Time,EV Bike,LOC0034
DEL05473,Tushar Agarwal,+91 70760 06898,Female,24-04-2022,Full-Time,EV Bike,LOC0101
DEL05474,Urvi Bala,+91 88598 39453,Male,01-09-2021,Contract,Van,LOC0070
DEL05475,Jayan Jaggi,+91 62257 49159,Male,10-10-2025,Full-Time,EV Bike,LOC0097
DEL05476,Riya Doshi,+91 72830 59054,Female,18-12-2023,Full-Time,Bike,LOC0073
DEL05477,Pihu Dhillon,+91 90970 47738,Male,26-06-2021,Full-Time,Scooter,LOC0084
DEL05478,Aradhya Kamdar,+91 60054 02421,Female,01-10-2021,Full-Time,Scooter,LOC0089
DEL05479,Heer Cherian,+91 63345 33359,Male,20-07-2022,Contract,Van,LOC0024
DEL05480,Dhruv Bakshi,+91 83660 98923,Male,18-06-2024,Contract,EV Bike,LOC0082
DEL05481,Taimur Gara,+91 77816 79127,Male,24-04-2025,Full-Time,EV Bike,LOC0068
DEL05482,Hiran Sura,+91 71702 83606,Male,30-03-2026,Contract,Bike,LOC0109
DEL05483,Divij Karpe,+91 66735 43539,Male,30-06-2022,Full-Time,Van,LOC0095
DEL05484,Advik Master,+91 74193 03259,Female,09-04-2024,Contract,EV Bike,LOC0057
DEL05485,Aradhya Dhingra,+91 88463 17629,Female,14-02-2023,Full-Time,Scooter,LOC0078
DEL05486,Kashvi Balakrishnan,+91 67882 59232,Male,04-02-2023,Full-Time,EV Bike,LOC0017
DEL05487,Manjari Kota,+91 76244 01913,Female,14-03-2022,Full-Time,Scooter,LOC0062
DEL05488,Diya Sule,+91 92222 73310,Female,20-05-2023,Contract,Van,LOC0005
DEL05489,Priyansh Aggarwal,+91 99150 31457,Female,23-11-2022,Full-Time,Scooter,LOC0064
DEL05490,Tanya Iyer,+91 82018 13027,Female,06-09-2023,Contract,Scooter,LOC0103
DEL05491,Parinaaz Hora,+91 68470 70747,Female,24-02-2025,Full-Time,Scooter,LOC0029
DEL05492,Farhan Basu,+91 81307 67068,Male,06-04-2022,Full-Time,Van,LOC0078
DEL05493,Adah Dutta,+91 95378 91046,Male,16-12-2025,Contract,Van,LOC0107
DEL05494,Ryan Lanka,+91 82969 58605,Male,16-08-2021,Contract,Scooter,LOC0081
DEL05495,Aarna Buch,+91 75352 00577,Male,10-10-2021,Contract,Bike,LOC0038
DEL05496,Dhanush Krishna,+91 80939 25744,Female,02-08-2022,Full-Time,EV Bike,LOC0045
DEL05497,Nitara Thakur,+91 87956 08905,Male,05-06-2023,Contract,Van,LOC0019
DEL05498,Kabir Chauhan,+91 91482 76195,Male,09-12-2021,Contract,Scooter,LOC0089
DEL05499,Lakshit Rajan,+91 94934 62027,Female,09-11-2025,Contract,Van,LOC0098
DEL05500,Jiya Suri,+91 85713 49637,Female,15-03-2026,Contract,Scooter,LOC0110
DEL05501,Miraya Aggarwal,+91 81887 50445,Male,12-06-2025,Contract,Scooter,LOC0015
DEL05502,Advika Krishnan,+91 77072 26938,Male,17-04-2024,Full-Time,Van,LOC0002
DEL05503,Tara Lanka,+91 98002 32909,Female,29-01-2024,Full-Time,EV Bike,LOC0104
DEL05504,Riya Jhaveri,+91 64764 51475,Female,16-01-2026,Full-Time,EV Bike,LOC0041
DEL05505,Madhup Raja,+91 86840 80246,Male,31-10-2025,Full-Time,Bike,LOC0046
DEL05506,Shray Jaggi,+91 63650 25563,Female,25-12-2022,Full-Time,Scooter,LOC0070
DEL05507,Anika Luthra,+91 86830 05269,Male,16-06-2023,Contract,EV Bike,LOC0105
DEL05508,Shayak Bath,+91 91417 23478,Male,26-10-2022,Contract,Van,LOC0057
DEL05509,Fateh Venkataraman,+91 73450 34383,Female,20-01-2022,Full-Time,Van,LOC0030
DEL05510,Shanaya Ganesan,+91 81167 60537,Female,25-11-2022,Contract,Van,LOC0082
DEL05511,Romil Subramanian,+91 87542 87444,Male,13-12-2022,Full-Time,Van,LOC0094
DEL05512,Zara Bandi,+91 92064 71947,Female,29-04-2025,Full-Time,Scooter,LOC0076
DEL05513,Abram Sankaran,+91 73735 44726,Male,22-11-2025,Full-Time,Van,LOC0076
DEL05514,Amira Kuruvilla,+91 79259 60275,Male,18-09-2023,Full-Time,Bike,LOC0061
DEL05515,Diya Dey,+91 80605 57174,Male,19-07-2024,Contract,EV Bike,LOC0037
DEL05516,Anahita Shankar,+91 97915 77951,Female,02-08-2024,Contract,Van,LOC0063
DEL05517,Aniruddh Bhalla,+91 82898 52682,Male,29-12-2025,Full-Time,Bike,LOC0001
DEL05518,Anahi Cherian,+91 87503 86022,Male,10-11-2024,Contract,Van,LOC0023
DEL05519,Zara Soman,+91 84403 66308,Male,19-10-2024,Full-Time,Van,LOC0104
DEL05520,Vardaniya Warrior,+91 84306 98569,Female,20-05-2023,Contract,Van,LOC0106
DEL05521,Elakshi Raj,+91 71419 46618,Female,18-03-2025,Contract,Bike,LOC0067
DEL05522,Bhamini Saran,+91 71375 29874,Female,08-10-2025,Full-Time,EV Bike,LOC0011
DEL05523,Divit Lad,+91 66989 27298,Male,20-04-2022,Full-Time,EV Bike,LOC0033
DEL05524,Yasmin Sampath,+91 64593 25062,Male,29-11-2025,Contract,Van,LOC0045
DEL05525,Vaibhav Lal,+91 70751 34223,Female,20-01-2025,Full-Time,Bike,LOC0100
DEL05526,Tushar Rout,+91 87696 20496,Female,05-09-2024,Full-Time,EV Bike,LOC0094
DEL05527,Nirvi Sama,+91 60740 54902,Female,27-10-2024,Full-Time,EV Bike,LOC0009
DEL05528,Jayan Chahal,+91 98395 06827,Male,01-03-2026,Contract,Van,LOC0074
DEL05529,Renee Deol,+91 65769 96275,Male,04-01-2023,Contract,Van,LOC0042
DEL05530,Uthkarsh Gola,+91 85971 02185,Female,01-09-2022,Full-Time,Scooter,LOC0063
DEL05531,Ishaan Badal,+91 83778 29316,Female,17-01-2023,Contract,EV Bike,LOC0019
DEL05532,Ahana  Chauhan,+91 83918 70407,Female,07-08-2025,Contract,Scooter,LOC0110
DEL05533,Dhruv Shetty,+91 60594 18903,Female,04-08-2023,Full-Time,EV Bike,LOC0013
DEL05534,Riya Kamdar,+91 64631 61463,Male,21-11-2024,Contract,Van,LOC0057
DEL05535,Saira Badal,+91 90759 30823,Female,22-04-2024,Full-Time,Van,LOC0025
DEL05536,Sahil Kade,+91 64199 27194,Female,23-06-2021,Contract,Bike,LOC0060
DEL05537,Ritvik Kumar,+91 85826 88738,Female,02-10-2021,Full-Time,EV Bike,LOC0034
DEL05538,Tara Chakraborty,+91 94219 89796,Female,12-12-2021,Full-Time,Bike,LOC0025
DEL05539,Purab Gala,+91 70685 83605,Male,04-10-2021,Contract,EV Bike,LOC0063
DEL05540,Ivana Saini,+91 74162 96348,Female,30-04-2021,Full-Time,Van,LOC0033
DEL05541,Shaan Virk,+91 98490 32857,Female,07-05-2021,Full-Time,Van,LOC0068
DEL05542,Kiaan Bal,+91 93697 30063,Male,03-04-2024,Contract,Scooter,LOC0080
DEL05543,Vaibhav Sibal,+91 89222 48892,Female,03-04-2022,Contract,Scooter,LOC0035
DEL05544,Shlok Choudhury,+91 68441 48760,Male,17-05-2024,Contract,EV Bike,LOC0023
DEL05545,Himmat Rajan,+91 82426 21620,Male,30-05-2024,Full-Time,Van,LOC0047
DEL05546,Faiyaz Dube,+91 99442 16698,Male,30-06-2025,Full-Time,Van,LOC0062
DEL05547,Pranay Dhaliwal,+91 90497 48196,Male,19-04-2023,Contract,Bike,LOC0112
DEL05548,Mamooty Seth,+91 88420 98874,Male,24-02-2024,Full-Time,Bike,LOC0054
DEL05549,Lakshay Guha,+91 91080 95558,Male,09-03-2026,Full-Time,Van,LOC0010
DEL05550,Abram Dara,+91 95322 21626,Male,08-10-2021,Full-Time,Bike,LOC0032
DEL05551,Armaan Krishnamurthy,+91 63322 46094,Male,03-10-2025,Contract,Van,LOC0028
DEL05552,Gokul Vohra,+91 81251 40255,Female,18-07-2024,Full-Time,Bike,LOC0074
DEL05553,Samarth Varghese,+91 81122 72097,Female,18-03-2023,Full-Time,Bike,LOC0082
DEL05554,Kartik Dave,+91 90731 90899,Male,05-03-2022,Contract,Van,LOC0081
DEL05555,Taran Ramachandran,+91 66434 88250,Male,20-12-2021,Contract,Van,LOC0088
DEL05556,Taran Khanna,+91 76163 76224,Female,10-07-2021,Contract,Scooter,LOC0109
DEL05557,Lakshay Dhawan,+91 87760 48403,Female,08-02-2023,Contract,Bike,LOC0026
DEL05558,Badal Ramachandran,+91 65584 52932,Male,28-01-2026,Full-Time,EV Bike,LOC0092
DEL05559,Nitara Trivedi,+91 72285 25686,Female,06-11-2021,Full-Time,Scooter,LOC0011
DEL05560,Ehsaan Ganguly,+91 92245 70251,Female,12-06-2024,Full-Time,Bike,LOC0079
DEL05561,Kimaya Buch,+91 92979 79043,Female,17-08-2024,Contract,Scooter,LOC0041
DEL05562,Myra Upadhyay,+91 86930 00011,Female,20-09-2025,Full-Time,EV Bike,LOC0113
DEL05563,Saanvi Bera,+91 72954 18508,Male,21-06-2021,Full-Time,EV Bike,LOC0046
DEL05564,Aaryahi Arya,+91 98104 36061,Male,09-11-2023,Contract,EV Bike,LOC0073
DEL05565,Lavanya Bail,+91 83543 82870,Male,28-12-2025,Contract,EV Bike,LOC0015
DEL05566,Miraya Rege,+91 83640 69278,Female,23-10-2021,Full-Time,Scooter,LOC0037
DEL05567,Alia Gupta,+91 67976 30514,Female,13-03-2024,Full-Time,Scooter,LOC0034
DEL05568,Faiyaz Kumer,+91 79866 57157,Male,27-01-2023,Contract,Bike,LOC0050
DEL05569,Kavya Saxena,+91 96356 82746,Male,06-09-2022,Contract,Scooter,LOC0111
DEL05570,Yashvi Dass,+91 90544 63103,Female,22-05-2025,Contract,Scooter,LOC0106
DEL05571,Vedika Kamdar,+91 84708 07061,Female,17-12-2021,Full-Time,Bike,LOC0078
DEL05572,Armaan Saraf,+91 83871 23468,Male,06-03-2022,Contract,Bike,LOC0047
DEL05573,Alia Mangal,+91 75676 83346,Female,27-12-2024,Full-Time,EV Bike,LOC0109
DEL05574,Zoya Banik,+91 62549 70332,Male,27-03-2025,Full-Time,EV Bike,LOC0011
DEL05575,Jayant Vala,+91 71267 29005,Male,22-07-2025,Contract,Van,LOC0072
DEL05576,Yuvraj  Sharma,+91 75656 00582,Male,06-02-2025,Contract,Scooter,LOC0026
DEL05577,Priyansh Sem,+91 62198 08524,Female,16-05-2021,Contract,Bike,LOC0109
DEL05578,Gatik Bahri,+91 75138 72829,Male,11-10-2022,Full-Time,Bike,LOC0024
DEL05579,Vidur Thaker,+91 76961 09235,Male,13-04-2021,Contract,EV Bike,LOC0067
DEL05580,Piya Deep,+91 68603 67696,Female,10-08-2023,Contract,Bike,LOC0095
DEL05581,Shray Khanna,+91 98040 91136,Male,13-05-2022,Full-Time,Bike,LOC0016
DEL05582,Sara Gade,+91 76758 33303,Female,14-07-2025,Contract,EV Bike,LOC0057
DEL05583,Priyansh Kalla,+91 75096 55978,Female,26-05-2021,Contract,Scooter,LOC0097
DEL05584,Dhruv Seth,+91 70942 47016,Male,13-06-2024,Full-Time,Van,LOC0070
DEL05585,Manjari Bhargava,+91 82004 63245,Female,27-08-2021,Contract,EV Bike,LOC0008
DEL05586,Adah Dixit,+91 86647 48140,Female,13-04-2022,Contract,EV Bike,LOC0061
DEL05587,Tarini Shah,+91 87627 54627,Male,04-06-2025,Full-Time,Scooter,LOC0046
DEL05588,Rania Bahl,+91 84068 79360,Male,27-10-2021,Contract,Bike,LOC0007
DEL05589,Kiara Thakkar,+91 87546 33915,Female,29-03-2025,Contract,Scooter,LOC0066
DEL05590,Anay Hayer,+91 87417 37617,Female,14-10-2022,Contract,Bike,LOC0077
DEL05591,Zaina Shan,+91 87771 88912,Male,01-07-2023,Full-Time,Bike,LOC0007
DEL05592,Samar Balay,+91 80803 93951,Male,07-04-2025,Contract,Bike,LOC0028
DEL05593,Indrajit Chaudry,+91 95917 87103,Female,15-05-2022,Full-Time,Bike,LOC0076
DEL05594,Tiya Agate,+91 68032 23897,Male,09-08-2023,Full-Time,Bike,LOC0027
DEL05595,Saira Ganesh,+91 62612 58365,Female,19-01-2025,Full-Time,Bike,LOC0034
DEL05596,Advika Kothari,+91 64342 51421,Female,16-07-2021,Full-Time,Scooter,LOC0091
DEL05597,Ryan Dugar,+91 62996 38855,Male,30-06-2024,Full-Time,EV Bike,LOC0011
DEL05598,Kashvi Sant,+91 63696 36089,Female,01-04-2025,Full-Time,Bike,LOC0055
DEL05599,Raunak Zachariah,+91 61959 68149,Female,28-08-2023,Full-Time,Scooter,LOC0094
DEL05600,Emir Chanda,+91 82666 82672,Female,26-02-2022,Full-Time,Scooter,LOC0095
DEL05601,Amani Rout,+91 82439 23914,Female,19-06-2022,Full-Time,Van,LOC0046
DEL05602,Pihu Garg,+91 83013 21058,Male,18-06-2023,Full-Time,Bike,LOC0087
DEL05603,Jivika D’Alia,+91 60204 07938,Male,06-01-2025,Contract,EV Bike,LOC0033
DEL05604,Kimaya Aurora,+91 77859 91877,Female,30-05-2025,Full-Time,Scooter,LOC0047
DEL05605,Rasha Dhawan,+91 65182 00583,Male,26-05-2022,Contract,Scooter,LOC0074
DEL05606,Abram Joshi,+91 65226 91964,Female,08-09-2025,Full-Time,EV Bike,LOC0063
DEL05607,Taran Dubey,+91 83794 56040,Female,03-07-2025,Contract,EV Bike,LOC0010
DEL05608,Kiara Ahuja,+91 69439 66098,Male,06-10-2021,Contract,Van,LOC0111
DEL05609,Armaan Bath,+91 65529 60314,Male,26-02-2023,Full-Time,Bike,LOC0082
DEL05610,Eshani Shanker,+91 71936 35161,Female,30-07-2024,Contract,Scooter,LOC0077
DEL05611,Alia Golla,+91 73467 97942,Male,27-04-2023,Contract,Bike,LOC0087
DEL05612,Heer Baral,+91 73694 50143,Male,28-10-2021,Full-Time,Bike,LOC0092
DEL05613,Akarsh Kamdar,+91 85272 67776,Female,28-01-2022,Full-Time,Van,LOC0004
DEL05614,Samaira Butala,+91 74930 14161,Female,14-04-2024,Contract,Bike,LOC0026
DEL05615,Priyansh Iyer,+91 78109 46185,Female,07-07-2024,Full-Time,Scooter,LOC0087
DEL05616,Neelofar Tripathi,+91 72211 57869,Male,11-11-2022,Contract,Scooter,LOC0025
DEL05617,Gatik Sachdeva,+91 62647 00181,Female,20-07-2021,Full-Time,Bike,LOC0037
DEL05618,Bhavin Comar,+91 86459 09485,Male,01-04-2021,Full-Time,Van,LOC0004
DEL05619,Jivin Singhal,+91 99924 67011,Female,21-04-2022,Contract,Scooter,LOC0006
DEL05620,Indrajit Thakkar,+91 66401 02999,Female,02-10-2022,Contract,EV Bike,LOC0091
DEL05621,Tushar Kuruvilla,+91 71921 42669,Female,08-12-2022,Contract,Scooter,LOC0038
DEL05622,Ivan Johal,+91 92402 80524,Male,11-12-2024,Full-Time,EV Bike,LOC0001
DEL05623,Reyansh Balasubramanian,+91 88072 12793,Male,03-07-2025,Full-Time,Scooter,LOC0068
DEL05624,Alisha Warrior,+91 63500 59347,Female,31-03-2023,Contract,EV Bike,LOC0034
DEL05625,Vaibhav Dada,+91 73143 57883,Male,02-09-2025,Contract,Bike,LOC0036
DEL05626,Hrishita Gandhi,+91 83730 76328,Male,10-10-2022,Contract,Scooter,LOC0072
DEL05627,Shlok Thaman,+91 61616 16500,Male,18-02-2026,Full-Time,Scooter,LOC0084
DEL05628,Shaan Dani,+91 83454 96528,Female,11-01-2025,Full-Time,Van,LOC0102
DEL05629,Aaina Wagle,+91 97009 28174,Male,15-12-2024,Contract,Scooter,LOC0017
DEL05630,Shayak Rana,+91 81536 07890,Male,01-07-2021,Full-Time,Scooter,LOC0039
DEL05631,Jivin Chanda,+91 60215 22444,Female,03-01-2022,Contract,Scooter,LOC0103
DEL05632,Vihaan Keer,+91 73336 49028,Female,27-11-2024,Contract,Scooter,LOC0010
DEL05633,Baiju Master,+91 91008 27611,Female,27-05-2025,Full-Time,Van,LOC0077
DEL05634,Samaira Vora,+91 73536 21605,Male,20-03-2024,Full-Time,EV Bike,LOC0077
DEL05635,Charvi Bera,+91 91419 84701,Female,28-12-2025,Contract,Van,LOC0107
DEL05636,Mishti Gaba,+91 71235 90355,Female,04-04-2024,Full-Time,EV Bike,LOC0010
DEL05637,Aaryahi Sandhu,+91 93798 30226,Male,02-02-2023,Full-Time,Van,LOC0080
DEL05638,Darshit Chacko,+91 66540 65489,Female,27-04-2024,Full-Time,Scooter,LOC0037
DEL05639,Charvi Bhatia,+91 94018 49777,Female,27-08-2022,Full-Time,EV Bike,LOC0029
DEL05640,Riaan Barad,+91 94726 43579,Male,23-12-2024,Full-Time,EV Bike,LOC0007
DEL05641,Navya Walia,+91 82834 41976,Male,31-10-2022,Full-Time,Bike,LOC0079
DEL05642,Stuvan Krish,+91 86365 18425,Male,23-09-2022,Full-Time,Bike,LOC0102
DEL05643,Vihaan Bhagat,+91 86843 99532,Male,04-03-2025,Full-Time,EV Bike,LOC0051
DEL05644,Purab Kadakia,+91 70826 75005,Female,31-07-2025,Contract,Scooter,LOC0045
DEL05645,Samaira Gandhi,+91 99638 62606,Female,10-11-2021,Full-Time,Scooter,LOC0063
DEL05646,Elakshi Mandal,+91 71766 12277,Male,07-08-2024,Contract,Scooter,LOC0052
DEL05647,Mannat Kale,+91 83222 99563,Male,13-08-2024,Contract,EV Bike,LOC0015
DEL05648,Purab Aggarwal,+91 76863 54395,Female,17-06-2021,Contract,EV Bike,LOC0084
DEL05649,Aarna Gaba,+91 73262 29201,Female,06-08-2023,Full-Time,EV Bike,LOC0085
DEL05650,Ojas Shroff,+91 68542 14456,Male,06-05-2023,Full-Time,Scooter,LOC0085
DEL05651,Shalv Mane,+91 86917 46621,Female,01-02-2024,Full-Time,EV Bike,LOC0036
DEL05652,Adira Brahmbhatt,+91 80193 13067,Female,30-04-2021,Contract,Scooter,LOC0090
DEL05653,Kashvi Tailor,+91 89851 74106,Female,22-03-2022,Full-Time,Bike,LOC0042
DEL05654,Siya Dhar,+91 84843 39020,Female,07-03-2023,Full-Time,EV Bike,LOC0040
DEL05655,Azad Agate,+91 97418 66342,Female,06-11-2021,Contract,Bike,LOC0103
DEL05656,Raghav Ratta,+91 70908 32684,Male,03-03-2025,Full-Time,EV Bike,LOC0068
DEL05657,Prerak Kadakia,+91 60762 93455,Male,10-06-2024,Full-Time,Bike,LOC0018
DEL05658,Amani Saraf,+91 97982 73882,Female,13-07-2025,Contract,Scooter,LOC0102
DEL05659,Adah Iyengar,+91 98892 37740,Female,19-05-2021,Contract,Bike,LOC0079
DEL05660,Advika Vora,+91 92238 02726,Female,16-03-2023,Full-Time,Bike,LOC0110
DEL05661,Eva Atwal,+91 93807 83048,Male,09-10-2023,Full-Time,Bike,LOC0012
DEL05662,Mohanlal Sundaram,+91 66301 89985,Male,17-04-2021,Contract,EV Bike,LOC0067
DEL05663,Tarini Joshi,+91 68495 99102,Male,04-09-2023,Contract,Van,LOC0074
DEL05664,Sahil Chanda,+91 67180 15691,Female,05-02-2023,Full-Time,EV Bike,LOC0075
DEL05665,Akarsh Ranganathan,+91 95900 09492,Male,09-01-2024,Full-Time,Van,LOC0066
DEL05666,Shray Balan,+91 90843 33831,Female,28-04-2025,Contract,Scooter,LOC0086
DEL05667,Manikya Warrior,+91 68929 66606,Female,07-10-2024,Contract,Scooter,LOC0071
DEL05668,Nirvi Yadav,+91 61202 07446,Male,20-04-2023,Contract,EV Bike,LOC0011
DEL05669,Anvi Badami,+91 78483 23073,Male,09-11-2021,Full-Time,EV Bike,LOC0082
DEL05670,Ehsaan Bail,+91 89553 26598,Female,19-12-2022,Contract,EV Bike,LOC0074
DEL05671,Nirvi Bansal,+91 61225 15818,Male,30-05-2023,Full-Time,EV Bike,LOC0025
DEL05672,Yuvraj  Hegde,+91 91388 40919,Male,15-09-2025,Contract,EV Bike,LOC0028
DEL05673,Jivin Luthra,+91 79687 02575,Male,17-02-2026,Contract,Scooter,LOC0105
DEL05674,Parinaaz Rattan,+91 79554 33389,Female,15-11-2023,Full-Time,Bike,LOC0085
DEL05675,Shayak Raval,+91 87681 12200,Male,06-06-2024,Contract,Scooter,LOC0006
DEL05676,Eva Bahl,+91 66919 74756,Female,07-02-2026,Full-Time,Bike,LOC0090
DEL05677,Priyansh Reddy,+91 68324 95146,Male,26-08-2022,Contract,Van,LOC0003
DEL05678,Jayan Sahni,+91 78430 45663,Male,12-08-2023,Full-Time,Van,LOC0035
DEL05679,Tarini Bora,+91 69308 70552,Male,08-11-2021,Full-Time,Van,LOC0072
DEL05680,Yakshit Sood,+91 94726 55524,Female,04-03-2022,Full-Time,EV Bike,LOC0041
DEL05681,Ishaan Lad,+91 73759 93502,Male,26-09-2024,Contract,Van,LOC0086
DEL05682,Ivan Verma,+91 72149 49390,Male,07-07-2023,Full-Time,Bike,LOC0104
DEL05683,Lavanya Apte,+91 86596 70149,Male,12-02-2026,Contract,Van,LOC0013
DEL05684,Aaryahi Tella,+91 73738 75415,Male,05-08-2022,Full-Time,Scooter,LOC0111
DEL05685,Raghav Cherian,+91 92808 49746,Male,08-04-2022,Full-Time,Van,LOC0011
DEL05686,Aaina Ray,+91 71204 82190,Male,01-03-2024,Contract,Van,LOC0068
DEL05687,Zain Kuruvilla,+91 85342 70342,Female,23-06-2021,Contract,Van,LOC0046
DEL05688,Alisha Saini,+91 99648 89226,Male,20-03-2024,Full-Time,EV Bike,LOC0091
DEL05689,Sara Desai,+91 93797 16309,Female,20-08-2021,Full-Time,EV Bike,LOC0047
DEL05690,Mehul Chaudhuri,+91 99128 57249,Male,23-06-2023,Full-Time,Scooter,LOC0010
DEL05691,Jivika Swaminathan,+91 61147 26758,Male,29-08-2022,Full-Time,Bike,LOC0098
DEL05692,Tanya Jani,+91 91115 04682,Male,04-01-2022,Full-Time,Van,LOC0034
DEL05693,Reyansh Chada,+91 60100 46517,Female,29-10-2023,Full-Time,Bike,LOC0068
DEL05694,Kashvi Sethi,+91 71016 12486,Male,29-09-2021,Full-Time,Bike,LOC0007
DEL05695,Ivana Vyas,+91 99196 59917,Male,29-10-2025,Contract,Van,LOC0101
DEL05696,Farhan Wali,+91 76547 74197,Male,22-11-2024,Full-Time,Bike,LOC0103
DEL05697,Mishti Atwal,+91 72453 17394,Male,23-05-2023,Contract,Scooter,LOC0002
DEL05698,Mishti Garg,+91 89659 57685,Female,02-10-2024,Contract,Van,LOC0096
DEL05699,Vardaniya Bassi,+91 68824 47444,Male,12-02-2026,Full-Time,Scooter,LOC0047
DEL05700,Oorja Hayre,+91 68603 34597,Female,06-04-2025,Full-Time,Scooter,LOC0076
DEL05701,Lakshay Kamdar,+91 81105 42424,Female,21-08-2024,Full-Time,Scooter,LOC0069
DEL05702,Diya Sarna,+91 97847 55521,Female,28-02-2023,Full-Time,Bike,LOC0014
DEL05703,Uthkarsh Thaman,+91 89731 00751,Male,13-08-2021,Contract,Bike,LOC0052
DEL05704,Fateh Gola,+91 88605 63630,Male,17-11-2024,Contract,EV Bike,LOC0076
DEL05705,Zoya Hora,+91 96988 84830,Female,16-05-2021,Full-Time,Van,LOC0035
DEL05706,Kavya Dhar,+91 77285 02842,Male,11-04-2021,Full-Time,Bike,LOC0093
DEL05707,Aarna Kalla,+91 74805 66116,Male,15-02-2026,Full-Time,Scooter,LOC0072
DEL05708,Prisha Wason,+91 72812 16222,Male,17-11-2025,Full-Time,Scooter,LOC0097
DEL05709,Riya Yadav,+91 91277 37758,Female,20-03-2023,Full-Time,Bike,LOC0098
DEL05710,Faiyaz Dyal,+91 94054 99359,Female,13-02-2023,Full-Time,Van,LOC0105
DEL05711,Krish Virk,+91 69227 19917,Male,04-03-2024,Contract,Scooter,LOC0018
DEL05712,Aaina Dugal,+91 97257 90530,Female,02-10-2021,Full-Time,Scooter,LOC0046
DEL05713,Arnav Ravi,+91 60406 38911,Male,20-02-2022,Contract,Van,LOC0077
DEL05714,Lavanya Gokhale,+91 88200 98437,Male,12-11-2023,Full-Time,EV Bike,LOC0037
DEL05715,Aayush Wadhwa,+91 77040 74302,Male,04-03-2024,Full-Time,EV Bike,LOC0107
DEL05716,Seher Issac,+91 78755 81122,Male,07-03-2025,Full-Time,Scooter,LOC0037
DEL05717,Vritika Golla,+91 72795 64326,Male,17-02-2024,Full-Time,Van,LOC0028
DEL05718,Advik Kapur,+91 68381 67954,Male,07-05-2021,Full-Time,Bike,LOC0046
DEL05719,Abram Kata,+91 82746 28858,Female,05-01-2024,Contract,Scooter,LOC0060
DEL05720,Kavya Sanghvi,+91 80002 71400,Male,14-05-2022,Full-Time,Scooter,LOC0043
DEL05721,Umang Ram,+91 71807 82705,Female,24-01-2024,Full-Time,Van,LOC0084
DEL05722,Manjari Varghese,+91 76952 71740,Male,28-10-2024,Full-Time,Scooter,LOC0103
DEL05723,Nirvaan Garg,+91 78667 64445,Female,03-08-2022,Contract,Scooter,LOC0039
DEL05724,Mohanlal Sant,+91 63996 40427,Male,23-04-2023,Full-Time,Van,LOC0109
DEL05725,Nitya Shere,+91 63478 71705,Female,16-07-2024,Contract,Scooter,LOC0096
DEL05726,Purab Shanker,+91 91155 96849,Female,24-09-2021,Contract,Van,LOC0054
DEL05727,Tanya Dhawan,+91 60549 81015,Female,06-01-2022,Full-Time,Scooter,LOC0037
DEL05728,Farhan Varkey,+91 64462 21646,Female,06-09-2022,Full-Time,EV Bike,LOC0039
DEL05729,Manikya Gill,+91 61682 94861,Female,31-07-2025,Contract,Bike,LOC0012
DEL05730,Rati Sridhar,+91 97998 49676,Female,11-10-2022,Contract,Scooter,LOC0081
DEL05731,Siya Wali,+91 74010 73908,Female,08-01-2025,Contract,Bike,LOC0068
DEL05732,Tushar Dada,+91 99390 36966,Female,07-10-2024,Contract,Scooter,LOC0046
DEL05733,Purab Agrawal,+91 94878 78969,Female,12-07-2024,Full-Time,Van,LOC0073
DEL05734,Ryan Tata,+91 93165 93927,Male,02-12-2024,Full-Time,Scooter,LOC0046
DEL05735,Dhanuk Gokhale,+91 91798 33269,Female,23-07-2025,Full-Time,EV Bike,LOC0052
DEL05736,Dharmajan Saini,+91 78920 09178,Female,24-01-2022,Contract,EV Bike,LOC0009
DEL05737,Biju Chatterjee,+91 66526 50010,Male,08-03-2023,Contract,Bike,LOC0010
DEL05738,Zain Deshpande,+91 70893 46082,Male,12-03-2024,Full-Time,Scooter,LOC0019
DEL05739,Nirvaan Bhargava,+91 92123 29509,Male,30-12-2024,Contract,Van,LOC0059
DEL05740,Vanya Shan,+91 79269 13915,Male,19-08-2021,Contract,EV Bike,LOC0060
DEL05741,Anya Subramanian,+91 68829 15370,Male,20-09-2023,Full-Time,Bike,LOC0070
DEL05742,Bhavin Lala,+91 89065 20561,Male,26-01-2026,Full-Time,Scooter,LOC0112
DEL05743,Anya Ramanathan,+91 89577 99155,Male,10-04-2023,Full-Time,Scooter,LOC0050
DEL05744,Trisha Ramaswamy,+91 91683 67290,Female,02-02-2026,Contract,Bike,LOC0056
DEL05745,Rania Krish,+91 86945 78435,Male,09-11-2025,Full-Time,Van,LOC0113
DEL05746,Miraan Bhandari,+91 83826 80141,Female,22-03-2026,Full-Time,Van,LOC0077
DEL05747,Mishti Kuruvilla,+91 73179 40482,Male,11-01-2023,Contract,EV Bike,LOC0074
DEL05748,Baiju Sodhi,+91 65978 08468,Female,23-04-2025,Full-Time,Bike,LOC0025
DEL05749,Alisha Chaudhuri,+91 61680 24887,Male,27-04-2021,Full-Time,EV Bike,LOC0090
DEL05750,Manikya Mandal,+91 66522 68208,Male,29-08-2023,Contract,Bike,LOC0043
DEL05751,Rasha Devan,+91 88010 40037,Male,12-10-2022,Full-Time,EV Bike,LOC0109
DEL05752,Aayush Lata,+91 81100 21030,Male,27-05-2024,Contract,Bike,LOC0033
DEL05753,Anya Bhasin,+91 62289 87331,Male,11-06-2021,Full-Time,Van,LOC0010
DEL05754,Mannat Bhatti,+91 93684 81037,Female,02-07-2025,Full-Time,Van,LOC0061
DEL05755,Dishani Seth,+91 84590 34584,Male,27-12-2022,Full-Time,Van,LOC0067
DEL05756,Mishti Kara,+91 88318 20100,Male,02-09-2023,Contract,Van,LOC0073
DEL05757,Hazel Bhagat,+91 81991 51083,Female,02-07-2022,Contract,Van,LOC0005
DEL05758,Taran Mall,+91 60818 97077,Male,03-07-2021,Contract,Bike,LOC0079
DEL05759,Saira Seshadri,+91 83389 87695,Female,09-03-2026,Contract,Scooter,LOC0036
DEL05760,Misha Chad,+91 60728 54502,Female,31-08-2021,Contract,Scooter,LOC0055
DEL05761,Jiya Biswas,+91 80642 74727,Female,17-09-2022,Full-Time,Van,LOC0063
DEL05762,Hiran Suri,+91 95124 89730,Male,11-05-2023,Contract,Bike,LOC0074
DEL05763,Saira Sengupta,+91 98920 33998,Male,09-03-2025,Contract,Bike,LOC0030
DEL05764,Nirvaan Acharya,+91 80304 76254,Female,20-09-2025,Contract,EV Bike,LOC0019
DEL05765,Hazel Kamdar,+91 93672 18588,Male,20-11-2024,Full-Time,Van,LOC0003
DEL05766,Aradhya Korpal,+91 84207 24583,Female,10-10-2021,Contract,Bike,LOC0079
DEL05767,Ehsaan Divan,+91 90485 71658,Female,09-04-2025,Contract,EV Bike,LOC0058
DEL05768,Divyansh Yohannan,+91 99479 61680,Male,06-05-2025,Contract,Scooter,LOC0041
DEL05769,Nirvaan Kuruvilla,+91 72651 13111,Female,03-01-2025,Full-Time,Van,LOC0041
DEL05770,Zara Randhawa,+91 89766 53314,Female,20-02-2022,Full-Time,Van,LOC0060
DEL05771,Renee Lala,+91 96229 75305,Male,17-07-2022,Contract,Bike,LOC0100
DEL05772,Mishti Saran,+91 66465 99635,Male,14-12-2024,Contract,EV Bike,LOC0061
DEL05773,Madhup Goyal,+91 63120 92694,Male,03-01-2024,Full-Time,Scooter,LOC0084
DEL05774,Zeeshan Kumar,+91 77813 00751,Female,11-07-2024,Full-Time,Bike,LOC0015
DEL05775,Nirvi Badal,+91 81794 71155,Female,23-12-2023,Contract,Van,LOC0090
DEL05776,Bhamini Karpe,+91 84528 11421,Female,17-06-2022,Contract,Van,LOC0097
DEL05777,Kiara Kohli,+91 86960 31103,Female,05-05-2021,Full-Time,Bike,LOC0009
DEL05778,Kimaya Bhatt,+91 98433 68930,Male,11-06-2024,Full-Time,Bike,LOC0057
DEL05779,Ranbir Sandhu,+91 99461 36369,Male,15-09-2025,Full-Time,Scooter,LOC0052
DEL05780,Shamik Sankar,+91 99957 36487,Female,26-01-2026,Full-Time,EV Bike,LOC0055
DEL05781,Nehmat Venkatesh,+91 94456 00714,Male,19-01-2025,Full-Time,Scooter,LOC0024
DEL05782,Shray Upadhyay,+91 64460 20727,Female,21-11-2025,Full-Time,EV Bike,LOC0006
DEL05783,Onkar Deep,+91 79065 37752,Female,06-02-2022,Contract,Bike,LOC0089
DEL05784,Samar Cherian,+91 78889 16133,Female,23-10-2025,Full-Time,Scooter,LOC0063
DEL05785,Lakshay Krish,+91 60400 49896,Male,02-10-2024,Contract,Van,LOC0025
DEL05786,Tanya Ganguly,+91 69925 97722,Male,20-12-2023,Contract,Scooter,LOC0085
DEL05787,Samarth Suri,+91 67092 75501,Female,20-06-2025,Full-Time,Van,LOC0074
DEL05788,Adira Tailor,+91 91457 51371,Male,27-03-2022,Contract,EV Bike,LOC0090
DEL05789,Jivin Ratta,+91 85768 50851,Female,19-07-2021,Contract,EV Bike,LOC0021
DEL05790,Amani Bobal,+91 98218 18039,Female,13-02-2022,Full-Time,Bike,LOC0041
DEL05791,Mamooty Rattan,+91 65634 37455,Male,22-10-2023,Full-Time,EV Bike,LOC0087
DEL05792,Amira Lall,+91 63233 77884,Male,22-10-2024,Full-Time,Van,LOC0100
DEL05793,Vidur Varma,+91 93861 85641,Female,06-04-2025,Full-Time,Scooter,LOC0081
DEL05794,Taimur Chakrabarti,+91 90286 71651,Female,04-12-2024,Full-Time,EV Bike,LOC0058
DEL05795,Rania Kota,+91 76157 26903,Male,17-04-2023,Full-Time,Van,LOC0111
DEL05796,Veer Rege,+91 74093 72751,Female,11-12-2023,Full-Time,Bike,LOC0025
DEL05797,Neysa Devi,+91 72821 31150,Male,12-10-2024,Full-Time,Van,LOC0026
DEL05798,Prerak Madan,+91 77075 80690,Female,23-07-2024,Full-Time,Scooter,LOC0003
DEL05799,Aniruddh Kumar,+91 74975 78324,Male,30-08-2024,Full-Time,Bike,LOC0108
DEL05800,Aarush De,+91 73973 04747,Female,19-02-2022,Contract,Scooter,LOC0108
DEL05801,Parinaaz Baral,+91 64919 30561,Female,27-09-2024,Full-Time,Van,LOC0100
DEL05802,Tanya Reddy,+91 70824 72124,Male,11-06-2022,Contract,EV Bike,LOC0011
DEL05803,Vidur Chakrabarti,+91 96887 95413,Female,10-05-2025,Full-Time,EV Bike,LOC0107
DEL05804,Manjari Sandhu,+91 79409 81449,Male,02-01-2024,Full-Time,Van,LOC0099
DEL05805,Inaaya  Bhakta,+91 72175 79823,Female,30-05-2024,Full-Time,Van,LOC0009
DEL05806,Onkar Bhagat,+91 73073 81698,Male,03-07-2025,Contract,Van,LOC0035
DEL05807,Samiha Choudhry,+91 92584 20224,Female,22-04-2021,Contract,EV Bike,LOC0007
DEL05808,Urvi Konda,+91 70203 49216,Female,11-01-2026,Full-Time,Bike,LOC0028
DEL05809,Azad Viswanathan,+91 75834 31096,Male,12-01-2024,Full-Time,Van,LOC0094
DEL05810,Dharmajan Ramanathan,+91 94548 47386,Female,04-06-2025,Contract,Van,LOC0049
DEL05811,Yashvi Baral,+91 93541 26144,Male,08-01-2025,Full-Time,EV Bike,LOC0026
DEL05812,Fateh Kota,+91 92250 61247,Male,31-03-2022,Contract,Bike,LOC0050
DEL05813,Jayan Tailor,+91 74642 57157,Female,25-10-2025,Full-Time,Scooter,LOC0012
DEL05814,Reyansh Lall,+91 91282 16659,Female,04-07-2025,Full-Time,Scooter,LOC0026
DEL05815,Dhanush Dar,+91 61151 82209,Female,02-11-2021,Full-Time,Bike,LOC0108
DEL05816,Ira Ranganathan,+91 64429 08627,Female,27-05-2022,Contract,EV Bike,LOC0105
DEL05817,Pari Sarkar,+91 86654 46597,Female,14-08-2021,Full-Time,EV Bike,LOC0006
DEL05818,Rania Kalla,+91 82014 18845,Female,23-05-2023,Full-Time,Scooter,LOC0043
DEL05819,Shlok Kale,+91 78560 82687,Female,17-12-2022,Contract,Bike,LOC0008
DEL05820,Aayush Magar,+91 80492 30687,Male,14-04-2022,Full-Time,Bike,LOC0063
DEL05821,Dhanuk Kumer,+91 89716 48520,Male,13-10-2023,Contract,Scooter,LOC0082
DEL05822,Ivana Ravi,+91 89942 55573,Female,11-08-2022,Contract,EV Bike,LOC0075
DEL05823,Baiju Savant,+91 70284 90611,Male,26-04-2024,Contract,Scooter,LOC0062
DEL05824,Mahika Chana,+91 95810 29021,Male,25-06-2025,Contract,EV Bike,LOC0024
DEL05825,Divij Magar,+91 92447 78947,Female,16-03-2026,Contract,Bike,LOC0071
DEL05826,Biju Bhat,+91 99691 86755,Female,31-05-2022,Contract,Bike,LOC0081
DEL05827,Nitya Srinivasan,+91 73486 68656,Female,14-07-2021,Full-Time,Scooter,LOC0055
DEL05828,Baiju Sen,+91 96452 36860,Female,24-02-2022,Full-Time,EV Bike,LOC0104
DEL05829,Siya Sandal,+91 81658 05913,Male,16-06-2025,Contract,Van,LOC0012
DEL05830,Bhavin Bhagat,+91 85238 43487,Female,28-11-2021,Full-Time,EV Bike,LOC0035
DEL05831,Badal Wable,+91 81585 02081,Male,23-04-2025,Contract,Van,LOC0106
DEL05832,Saira Andra,+91 67600 17988,Male,16-07-2024,Full-Time,Van,LOC0004
DEL05833,Rohan Srinivas,+91 79318 42578,Female,01-09-2024,Full-Time,Scooter,LOC0079
DEL05834,Jayesh Lall,+91 64399 36925,Female,31-03-2024,Contract,Bike,LOC0025
DEL05835,Azad Bhat,+91 98513 70998,Male,20-11-2023,Full-Time,Bike,LOC0015
DEL05836,Emir Batta,+91 66323 24858,Female,29-10-2021,Contract,EV Bike,LOC0103
DEL05837,Purab Shenoy,+91 74873 05272,Male,14-03-2023,Contract,Van,LOC0090
DEL05838,Alisha Saraf,+91 83242 69370,Male,07-01-2022,Full-Time,Van,LOC0079
DEL05839,Umang Chokshi,+91 91685 92068,Female,24-02-2025,Full-Time,Bike,LOC0113
DEL05840,Oorja Tiwari,+91 73193 59885,Male,13-06-2023,Contract,Bike,LOC0026
DEL05841,Nirvaan Ahuja,+91 88935 72364,Female,20-12-2021,Full-Time,Scooter,LOC0081
DEL05842,Ayesha Wali,+91 61014 02086,Male,13-05-2024,Contract,Bike,LOC0110
DEL05843,Aarush Randhawa,+91 81590 62496,Male,29-04-2022,Full-Time,Van,LOC0092
DEL05844,Dhanush Sandhu,+91 79943 30926,Female,09-06-2021,Full-Time,Van,LOC0002
DEL05845,Jivika Bhandari,+91 69173 75027,Male,20-05-2021,Contract,EV Bike,LOC0033
DEL05846,Miraan Wadhwa,+91 88270 37131,Male,22-05-2022,Full-Time,Scooter,LOC0033
DEL05847,Vihaan Zacharia,+91 87849 09207,Female,20-04-2023,Full-Time,Bike,LOC0031
DEL05848,Hansh Rama,+91 73433 60775,Female,14-09-2023,Contract,Bike,LOC0051
DEL05849,Riya Barman,+91 63941 51234,Male,21-12-2024,Full-Time,Bike,LOC0065
DEL05850,Chirag Viswanathan,+91 67441 63534,Male,19-01-2024,Full-Time,Scooter,LOC0091
DEL05851,Aaina Kadakia,+91 86905 45649,Female,25-09-2024,Full-Time,Van,LOC0013
DEL05852,Aarna Dhar,+91 75694 46956,Female,24-01-2022,Full-Time,Bike,LOC0094
DEL05853,Mahika Kara,+91 81275 04141,Female,10-05-2023,Full-Time,Scooter,LOC0066
DEL05854,Jivika Sarraf,+91 79335 90984,Male,17-09-2024,Full-Time,Van,LOC0050
DEL05855,Badal Suri,+91 60051 05428,Male,22-01-2023,Contract,Van,LOC0112
DEL05856,Keya Ranganathan,+91 83809 01008,Female,16-08-2022,Contract,Bike,LOC0098
DEL05857,Abram Chandra,+91 68799 69720,Female,13-07-2023,Contract,Van,LOC0106
DEL05858,Sumer Brar,+91 95292 92135,Male,09-07-2024,Full-Time,Van,LOC0067
DEL05859,Vaibhav Trivedi,+91 65330 58103,Female,31-03-2023,Full-Time,EV Bike,LOC0035
DEL05860,Shanaya Gulati,+91 95714 55908,Male,09-11-2024,Contract,EV Bike,LOC0090
DEL05861,Mahika Butala,+91 70266 50989,Female,19-09-2023,Full-Time,Van,LOC0081
DEL05862,Nehmat Joshi,+91 70140 75983,Female,25-04-2025,Full-Time,Bike,LOC0090
DEL05863,Damini Bhargava,+91 61706 48320,Male,17-01-2024,Contract,Van,LOC0015
DEL05864,Ranbir Sanghvi,+91 65064 51663,Male,29-09-2022,Contract,EV Bike,LOC0039
DEL05865,Mamooty Kulkarni,+91 82182 98409,Female,14-08-2021,Full-Time,Van,LOC0012
DEL05866,Vedika Hegde,+91 95073 99677,Male,03-04-2023,Contract,Bike,LOC0087
DEL05867,Eva Sem,+91 61821 84270,Female,02-06-2024,Contract,Bike,LOC0107
DEL05868,Ivana Goswami,+91 89098 59109,Male,25-09-2025,Full-Time,Bike,LOC0009
DEL05869,Fateh Bora,+91 77030 04058,Male,20-07-2024,Contract,Bike,LOC0016
DEL05870,Hridaan Chand,+91 79683 95622,Female,31-05-2021,Contract,Van,LOC0034
DEL05871,Emir Deshpande,+91 63174 17057,Female,12-07-2022,Full-Time,Scooter,LOC0089
DEL05872,Renee Bajaj,+91 72523 88209,Female,21-08-2024,Contract,Scooter,LOC0023
DEL05873,Vedika Thaman,+91 66516 05938,Male,05-09-2021,Full-Time,Van,LOC0082
DEL05874,Shalv Upadhyay,+91 60925 24046,Female,15-07-2021,Contract,Bike,LOC0028
DEL05875,Lagan Halder,+91 90028 53308,Male,13-07-2024,Full-Time,EV Bike,LOC0009
DEL05876,Damini Chakraborty,+91 62763 63306,Male,02-07-2022,Full-Time,EV Bike,LOC0039
DEL05877,Heer Sabharwal,+91 94604 48567,Male,02-07-2021,Contract,EV Bike,LOC0105
DEL05878,Neysa Tata,+91 65453 59904,Female,06-11-2022,Contract,EV Bike,LOC0090
DEL05879,Keya Sankaran,+91 84292 01802,Female,15-11-2022,Full-Time,EV Bike,LOC0008
DEL05880,Yuvaan Bandi,+91 83846 80481,Female,14-04-2021,Full-Time,Scooter,LOC0016
DEL05881,Advik Hegde,+91 93807 05744,Female,13-01-2022,Full-Time,Scooter,LOC0011
DEL05882,Divij Chaudhary,+91 74585 08279,Female,25-06-2025,Full-Time,Bike,LOC0037
DEL05883,Ivan Sangha,+91 64447 40107,Male,03-06-2021,Contract,Scooter,LOC0110
DEL05884,Divyansh Brar,+91 76173 10885,Female,09-11-2024,Full-Time,Bike,LOC0081
DEL05885,Nehmat Bakshi,+91 63481 25235,Female,10-06-2021,Contract,EV Bike,LOC0019
DEL05886,Himmat Agarwal,+91 92697 50878,Male,29-11-2024,Full-Time,Scooter,LOC0098
DEL05887,Advika Yohannan,+91 68836 26500,Female,13-11-2022,Full-Time,Van,LOC0037
DEL05888,Advik Bhat,+91 99737 09800,Female,21-11-2025,Contract,Scooter,LOC0082
DEL05889,Arnav Sodhi,+91 82655 41986,Male,02-01-2024,Full-Time,Van,LOC0089
DEL05890,Taran Gara,+91 84273 75172,Male,07-12-2024,Contract,Bike,LOC0069
DEL05891,Keya Hegde,+91 77594 41987,Male,16-04-2025,Contract,EV Bike,LOC0001
DEL05892,Dishani Bhatt,+91 86284 83473,Female,10-09-2022,Contract,EV Bike,LOC0079
DEL05893,Adira Sane,+91 79993 55654,Female,14-12-2021,Contract,EV Bike,LOC0006
DEL05894,Himmat Rastogi,+91 86917 21711,Female,15-07-2022,Contract,Scooter,LOC0097
DEL05895,Nishith Shere,+91 84737 61835,Male,18-07-2024,Full-Time,EV Bike,LOC0019
DEL05896,Kanav Mallick,+91 60667 43055,Female,30-05-2021,Contract,Van,LOC0008
DEL05897,Samaira Manne,+91 98628 64817,Female,18-12-2024,Full-Time,Van,LOC0079
DEL05898,Rhea Banik,+91 63132 36254,Male,26-11-2025,Full-Time,EV Bike,LOC0004
DEL05899,Kaira Sehgal,+91 72341 76350,Female,21-04-2024,Full-Time,Scooter,LOC0032
DEL05900,Nayantara Guha,+91 65647 73913,Male,13-11-2023,Full-Time,Scooter,LOC0022
DEL05901,Prisha Balasubramanian,+91 88775 78963,Female,27-11-2025,Contract,EV Bike,LOC0029
DEL05902,Rhea Bhat,+91 86616 51732,Female,18-07-2021,Full-Time,Bike,LOC0001
DEL05903,Reyansh Shroff,+91 84122 14047,Female,03-07-2023,Contract,Scooter,LOC0042
DEL05904,Anika Maharaj,+91 78733 19130,Male,17-04-2021,Contract,Van,LOC0064
DEL05905,Vivaan Dora,+91 94980 54473,Female,19-12-2023,Contract,EV Bike,LOC0087
DEL05906,Aarush Baral,+91 76400 93610,Female,09-03-2026,Contract,Van,LOC0112
DEL05907,Darshit Ghosh,+91 86022 36342,Female,07-09-2024,Full-Time,Bike,LOC0052
DEL05908,Ela Edwin,+91 92410 96903,Male,03-01-2022,Full-Time,EV Bike,LOC0108
DEL05909,Adira Dhillon,+91 83212 70216,Female,03-07-2024,Full-Time,Bike,LOC0041
DEL05910,Nirvaan Chakrabarti,+91 63216 35736,Male,22-01-2023,Contract,Scooter,LOC0058
DEL05911,Ehsaan Mandal,+91 84350 53594,Male,04-12-2021,Full-Time,Bike,LOC0019
DEL05912,Rania Thakur,+91 68866 51316,Female,12-07-2025,Full-Time,EV Bike,LOC0063
DEL05913,Jayan Iyer,+91 86700 56466,Female,07-03-2023,Full-Time,EV Bike,LOC0037
DEL05914,Jivika Varty,+91 75070 26755,Male,30-11-2024,Contract,Scooter,LOC0002
DEL05915,Kiara Kulkarni,+91 70562 32145,Female,23-05-2025,Full-Time,EV Bike,LOC0024
DEL05916,Divij Sodhi,+91 88245 34337,Female,30-12-2024,Full-Time,Bike,LOC0058
DEL05917,Vardaniya Sethi,+91 78329 07134,Female,08-09-2021,Contract,Bike,LOC0105
DEL05918,Inaaya  Kalla,+91 87159 45018,Female,14-07-2021,Contract,Van,LOC0072
DEL05919,Saanvi Suri,+91 68772 22591,Female,01-05-2024,Contract,Van,LOC0066
DEL05920,Advika Sastry,+91 93945 20828,Female,12-12-2024,Contract,Van,LOC0067
DEL05921,Biju Ghose,+91 75375 10127,Female,30-01-2022,Contract,Van,LOC0054
DEL05922,Manikya Samra,+91 65603 75936,Female,14-03-2022,Full-Time,Bike,LOC0096
DEL05923,Aniruddh Mangal,+91 94836 39031,Male,02-02-2022,Full-Time,Bike,LOC0070
DEL05924,Samiha Dhingra,+91 80374 83745,Male,23-05-2021,Full-Time,Bike,LOC0051
DEL05925,Saira Sahni,+91 77592 25569,Female,13-11-2023,Full-Time,Bike,LOC0109
DEL05926,Seher Korpal,+91 94374 25735,Male,10-03-2023,Full-Time,Scooter,LOC0013
DEL05927,Rhea Kumar,+91 63632 40067,Female,19-04-2023,Contract,Scooter,LOC0083
DEL05928,Rati Raj,+91 89338 54645,Female,18-02-2022,Full-Time,Scooter,LOC0003
DEL05929,Yashvi Sastry,+91 91220 61141,Female,22-11-2024,Contract,Van,LOC0078
DEL05930,Kimaya Bhatnagar,+91 61205 18450,Female,21-09-2022,Contract,EV Bike,LOC0028
DEL05931,Navya Thaman,+91 84276 15141,Female,23-11-2022,Full-Time,Bike,LOC0004
DEL05932,Anaya Sengupta,+91 79509 11665,Male,11-10-2023,Full-Time,Bike,LOC0036
DEL05933,Yakshit Upadhyay,+91 65158 08936,Female,25-12-2023,Contract,Scooter,LOC0069
DEL05934,Hridaan Barad,+91 74234 16821,Male,07-06-2024,Contract,Bike,LOC0034
DEL05935,Ehsaan Maharaj,+91 64829 81319,Male,03-08-2022,Full-Time,Van,LOC0011
DEL05936,Ira Thaker,+91 77548 45429,Female,24-10-2023,Full-Time,Bike,LOC0106
DEL05937,Miraan Ratta,+91 65324 85160,Male,07-05-2024,Full-Time,Scooter,LOC0087
DEL05938,Manikya Sibal,+91 64636 31410,Female,23-10-2021,Full-Time,Scooter,LOC0024
DEL05939,Hunar Soman,+91 81375 45462,Male,05-07-2025,Contract,Bike,LOC0101
DEL05940,Mohanlal Krishnan,+91 84800 23219,Male,27-08-2023,Contract,Van,LOC0107
DEL05941,Advika Magar,+91 67732 73408,Male,13-01-2026,Full-Time,Van,LOC0079
DEL05942,Romil Tata,+91 64552 10992,Female,06-06-2025,Full-Time,Scooter,LOC0033
DEL05943,Jayesh Hayer,+91 68314 16071,Female,11-02-2024,Full-Time,EV Bike,LOC0037
DEL05944,Khushi Chander,+91 62329 02762,Female,08-11-2021,Contract,Van,LOC0039
DEL05945,Farhan Chadha,+91 76067 83662,Female,31-10-2021,Contract,EV Bike,LOC0094
DEL05946,Vaibhav Tella,+91 60773 82791,Male,13-04-2022,Contract,Scooter,LOC0059
DEL05947,Alia Majumdar,+91 65331 05165,Female,24-06-2023,Contract,Scooter,LOC0112
DEL05948,Lakshay Sunder,+91 67862 98295,Female,26-09-2025,Contract,EV Bike,LOC0012
DEL05949,Vedika Upadhyay,+91 98639 40516,Male,26-05-2025,Full-Time,EV Bike,LOC0034
DEL05950,Arhaan Tak,+91 96819 31810,Male,24-07-2021,Contract,Bike,LOC0044
DEL05951,Shlok Borah,+91 96008 62457,Female,22-06-2025,Full-Time,Bike,LOC0110
DEL05952,Zain Dhaliwal,+91 76420 96187,Male,24-12-2025,Contract,EV Bike,LOC0052
DEL05953,Hazel Bal,+91 94204 15476,Female,05-01-2025,Full-Time,Bike,LOC0094
DEL05954,Suhana Chowdhury,+91 76048 80874,Female,18-01-2026,Contract,Bike,LOC0056
DEL05955,Myra Jani,+91 66992 49813,Male,30-08-2022,Contract,EV Bike,LOC0112
DEL05956,Bhavin Walla,+91 70944 47757,Male,26-08-2022,Full-Time,EV Bike,LOC0058
DEL05957,Ritvik Koshy,+91 74954 79662,Female,30-08-2021,Full-Time,EV Bike,LOC0045
DEL05958,Divit Chaudhari,+91 60548 56822,Female,17-11-2021,Contract,Scooter,LOC0007
DEL05959,Umang Chad,+91 62116 97079,Female,22-09-2021,Full-Time,Scooter,LOC0022
DEL05960,Jayesh Brar,+91 86615 63308,Female,26-04-2025,Full-Time,Van,LOC0011
DEL05961,Indranil Jhaveri,+91 70674 67865,Male,08-09-2021,Full-Time,Bike,LOC0043
DEL05962,Aaina Banerjee,+91 88972 19109,Male,09-10-2024,Full-Time,EV Bike,LOC0110
DEL05963,Vidur Sastry,+91 92211 42828,Male,13-06-2025,Full-Time,Bike,LOC0033
DEL05964,Vanya Luthra,+91 70159 76923,Female,26-05-2024,Full-Time,Bike,LOC0075
DEL05965,Vanya Bhardwaj,+91 73626 45236,Male,02-03-2022,Contract,Bike,LOC0073
DEL05966,Jivika Soni,+91 79614 98321,Female,03-07-2023,Full-Time,Bike,LOC0110
DEL05967,Aniruddh Rastogi,+91 85097 67167,Female,25-04-2021,Full-Time,Van,LOC0018
DEL05968,Shanaya Samra,+91 72905 75662,Female,04-07-2024,Full-Time,Bike,LOC0004
DEL05969,Advik Goswami,+91 75658 74188,Male,10-08-2022,Contract,Bike,LOC0052
DEL05970,Hazel Dass,+91 69306 13788,Male,01-08-2024,Contract,EV Bike,LOC0056
DEL05971,Bhavin Chanda,+91 68861 52399,Female,12-03-2024,Contract,Bike,LOC0040
DEL05972,Keya Krish,+91 94098 30137,Male,07-07-2022,Full-Time,Scooter,LOC0111
DEL05973,Vivaan Vasa,+91 61679 07940,Female,24-04-2024,Full-Time,Scooter,LOC0085
DEL05974,Adira Baral,+91 81754 44258,Male,30-05-2024,Contract,Bike,LOC0059
DEL05975,Ishaan Chander,+91 81058 23700,Male,09-10-2025,Contract,Bike,LOC0096
DEL05976,Hiran Dutta,+91 74974 44405,Male,06-10-2023,Full-Time,Scooter,LOC0015
DEL05977,Raghav Ganesh,+91 76640 14396,Female,17-01-2026,Full-Time,EV Bike,LOC0030
DEL05978,Advik Shankar,+91 64579 07863,Female,03-07-2025,Contract,Bike,LOC0076
DEL05979,Neelofar Swamy,+91 70047 06792,Male,26-08-2022,Full-Time,Van,LOC0018
DEL05980,Yasmin Sandhu,+91 88461 54852,Male,06-08-2025,Contract,EV Bike,LOC0094
DEL05981,Anika Wagle,+91 87358 88682,Female,16-10-2024,Full-Time,EV Bike,LOC0064
DEL05982,Amira Ratti,+91 75972 38405,Female,30-07-2023,Full-Time,Scooter,LOC0079
DEL05983,Devansh Tripathi,+91 81372 14111,Male,12-02-2024,Full-Time,Bike,LOC0026
DEL05984,Nayantara Soman,+91 64604 81812,Female,08-01-2023,Contract,EV Bike,LOC0042
DEL05985,Shayak Mani,+91 93731 38628,Male,22-01-2025,Contract,Scooter,LOC0073
DEL05986,Amira Dube,+91 73626 42054,Male,26-01-2025,Full-Time,EV Bike,LOC0014
DEL05987,Myra Kothari,+91 67444 72839,Female,13-01-2026,Contract,Van,LOC0017
DEL05988,Onkar Basak,+91 79490 73555,Male,25-06-2024,Contract,EV Bike,LOC0079
DEL05989,Neysa Sarma,+91 79681 51927,Male,07-04-2023,Contract,EV Bike,LOC0098
DEL05990,Samar Dalal,+91 78341 81598,Female,05-05-2021,Contract,Van,LOC0055
DEL05991,Alia Tank,+91 86202 39283,Female,17-01-2023,Contract,EV Bike,LOC0017
DEL05992,Misha Shenoy,+91 83290 89437,Female,02-07-2024,Full-Time,Scooter,LOC0095
DEL05993,Rhea Bal,+91 67661 93610,Male,16-01-2023,Full-Time,EV Bike,LOC0036
DEL05994,Ivana Vala,+91 73148 02552,Female,24-09-2025,Full-Time,Scooter,LOC0100
DEL05995,Vivaan Khosla,+91 87028 37772,Female,26-05-2023,Contract,Scooter,LOC0040
DEL05996,Zaina Soni,+91 64437 85482,Male,29-03-2026,Full-Time,Scooter,LOC0064
DEL05997,Arhaan Upadhyay,+91 79167 63217,Female,25-07-2023,Contract,EV Bike,LOC0045
DEL05998,Shaan Arya,+91 84321 37854,Male,01-12-2022,Full-Time,Van,LOC0053
DEL05999,Vivaan Reddy,+91 66454 49510,Female,28-03-2023,Contract,EV Bike,LOC0104
DEL06000,Mishti Chaudry,+91 69924 97674,Female,29-04-2022,Full-Time,Scooter,LOC0024
DEL06001,Anaya Dara,+91 96018 59553,Male,23-09-2021,Contract,Van,LOC0090
DEL06002,Devansh Anne,+91 71346 23923,Female,09-08-2022,Full-Time,Scooter,LOC0046
DEL06003,Jayan Lata,+91 76489 02233,Male,17-02-2024,Contract,Van,LOC0051
DEL06004,Shaan Amble,+91 81251 12793,Male,20-05-2025,Contract,Bike,LOC0009
DEL06005,Diya Hans,+91 70524 04633,Male,14-07-2025,Full-Time,EV Bike,LOC0026
DEL06006,Nirvi Vala,+91 85129 08160,Female,23-01-2025,Full-Time,Van,LOC0068
DEL06007,Lagan Varty,+91 67305 28943,Male,03-06-2023,Full-Time,EV Bike,LOC0012
DEL06008,Shaan Sekhon,+91 90023 08575,Male,25-12-2025,Full-Time,Bike,LOC0083
DEL06009,Nakul Sabharwal,+91 78789 60250,Male,07-02-2026,Contract,EV Bike,LOC0088
DEL06010,Riya Mallick,+91 67019 90065,Male,30-09-2023,Full-Time,Van,LOC0018
DEL06011,Miraya Kurian,+91 70095 52229,Female,21-04-2024,Contract,Van,LOC0103
DEL06012,Nitya Sethi,+91 60266 87077,Female,03-04-2022,Full-Time,EV Bike,LOC0088
DEL06013,Anaya Srinivasan,+91 96450 32448,Female,02-07-2024,Full-Time,Bike,LOC0111
DEL06014,Romil Dhar,+91 88408 66895,Female,24-04-2023,Contract,Scooter,LOC0067
DEL06015,Siya Lanka,+91 76158 20255,Female,14-08-2023,Full-Time,Van,LOC0092
DEL06016,Drishya Babu,+91 78621 65775,Female,17-08-2021,Contract,Van,LOC0113
DEL06017,Faiyaz Dutt,+91 65998 83941,Female,07-04-2023,Full-Time,Van,LOC0040
DEL06018,Raghav Vig,+91 88423 56492,Male,20-08-2025,Contract,Scooter,LOC0014
DEL06019,Saira Shan,+91 70439 76539,Male,02-02-2025,Contract,Bike,LOC0068
DEL06020,Taimur Singh,+91 93441 26123,Male,26-11-2025,Full-Time,Bike,LOC0111
DEL06021,Aaina Sahni,+91 97761 92880,Male,31-05-2024,Full-Time,Van,LOC0079
DEL06022,Divyansh Deol,+91 74228 99208,Female,04-11-2022,Contract,EV Bike,LOC0014
DEL06023,Raunak Khosla,+91 64833 84098,Female,10-06-2021,Full-Time,Van,LOC0035
DEL06024,Rohan Tank,+91 96590 81349,Male,27-09-2024,Full-Time,EV Bike,LOC0054
DEL06025,Tejas Kohli,+91 88875 52718,Female,30-11-2024,Contract,Bike,LOC0026
DEL06026,Rati Sabharwal,+91 66663 58272,Female,30-09-2023,Contract,Van,LOC0048
DEL06027,Seher Gill,+91 69680 99667,Female,07-03-2024,Contract,Van,LOC0110
DEL06028,Aaryahi Bansal,+91 96162 78906,Female,18-02-2026,Full-Time,Scooter,LOC0008
DEL06029,Khushi Bail,+91 80232 73827,Male,25-01-2026,Full-Time,EV Bike,LOC0098
DEL06030,Heer Rao,+91 86139 55141,Male,28-04-2023,Contract,Bike,LOC0047
DEL06031,Nitya Bhatnagar,+91 88573 01966,Female,25-12-2021,Full-Time,EV Bike,LOC0084
DEL06032,Chirag Seshadri,+91 71152 84045,Female,01-02-2025,Contract,EV Bike,LOC0053
DEL06033,Veer Bhavsar,+91 71112 26482,Female,06-12-2025,Contract,Bike,LOC0110
DEL06034,Romil Deo,+91 77666 91997,Female,15-05-2025,Contract,Van,LOC0012
DEL06035,Shlok Sarna,+91 91782 58791,Female,23-10-2023,Contract,EV Bike,LOC0092
DEL06036,Tanya Kari,+91 97639 27830,Male,06-06-2023,Contract,Scooter,LOC0093
DEL06037,Tushar Buch,+91 69072 99310,Female,24-09-2022,Full-Time,EV Bike,LOC0108
DEL06038,Rhea Varughese,+91 71947 48465,Female,13-09-2023,Contract,Scooter,LOC0105
DEL06039,Nakul Arora,+91 96884 12823,Male,03-10-2023,Contract,Van,LOC0041
DEL06040,Trisha Deo,+91 60820 28757,Male,22-07-2022,Full-Time,Van,LOC0072
DEL06041,Prerak Brahmbhatt,+91 75746 93801,Female,19-05-2024,Full-Time,Bike,LOC0020
DEL06042,Madhup Edwin,+91 94612 30524,Male,08-03-2025,Contract,Van,LOC0008
DEL06043,Akarsh Chandran,+91 69619 49120,Female,02-06-2021,Contract,Scooter,LOC0063
DEL06044,Amira Jha,+91 83994 22539,Female,19-12-2025,Contract,EV Bike,LOC0091
DEL06045,Armaan Kale,+91 77606 44735,Male,20-08-2022,Full-Time,Van,LOC0025
DEL06046,Tejas Banerjee,+91 74736 77088,Male,20-06-2025,Full-Time,EV Bike,LOC0070
DEL06047,Shaan Thakur,+91 96764 59587,Male,24-12-2022,Full-Time,Scooter,LOC0037
DEL06048,Chirag Char,+91 98430 14852,Female,27-12-2022,Full-Time,Scooter,LOC0011
DEL06049,Kabir Kota,+91 81265 45643,Male,18-11-2021,Full-Time,Van,LOC0048
DEL06050,Pari Guha,+91 67590 97207,Female,19-07-2022,Full-Time,Bike,LOC0045
DEL06051,Indrans Kala,+91 96496 67721,Male,19-12-2024,Full-Time,Scooter,LOC0091
DEL06052,Darshit Goda,+91 61076 68208,Male,23-07-2024,Full-Time,Scooter,LOC0046
DEL06053,Vivaan Grewal,+91 98162 73290,Female,20-03-2024,Full-Time,Bike,LOC0082
DEL06054,Jhanvi Lala,+91 68013 82226,Male,18-12-2024,Contract,Bike,LOC0086
DEL06055,Sumer Sur,+91 60619 64088,Female,04-03-2026,Full-Time,Bike,LOC0073
DEL06056,Ehsaan Dixit,+91 63436 81788,Female,17-06-2021,Full-Time,EV Bike,LOC0082
DEL06057,Raunak Apte,+91 63805 76294,Male,02-06-2025,Full-Time,Bike,LOC0005
DEL06058,Taran Bhattacharyya,+91 94587 60502,Male,27-03-2025,Full-Time,EV Bike,LOC0105
DEL06059,Mamooty Gala,+91 69301 17023,Male,17-08-2022,Contract,Scooter,LOC0090
DEL06060,Badal Sanghvi,+91 84528 35251,Male,01-04-2021,Full-Time,EV Bike,LOC0066
DEL06061,Farhan Shenoy,+91 73684 79618,Female,27-11-2021,Contract,Bike,LOC0027
DEL06062,Elakshi Sinha,+91 91813 68041,Male,13-06-2022,Full-Time,EV Bike,LOC0045
DEL06063,Yashvi Chanda,+91 77111 91595,Female,01-06-2023,Full-Time,Bike,LOC0005
DEL06064,Anahi Dani,+91 75155 93625,Male,27-04-2024,Contract,Van,LOC0059
DEL06065,Sahil Apte,+91 81193 50351,Female,06-10-2024,Contract,Bike,LOC0018
DEL06066,Kismat Bava,+91 74486 30935,Male,13-04-2021,Full-Time,Scooter,LOC0081
DEL06067,Emir Sankar,+91 64313 96715,Female,29-10-2025,Contract,Van,LOC0078
DEL06068,Hansh Buch,+91 69237 10016,Male,14-10-2022,Contract,Bike,LOC0085
DEL06069,Kaira Kara,+91 76539 73501,Female,21-08-2021,Full-Time,Scooter,LOC0071
DEL06070,Vanya Tank,+91 70934 31254,Female,01-06-2022,Contract,Van,LOC0017
DEL06071,Ivan Bali,+91 77358 62809,Male,31-07-2024,Full-Time,Bike,LOC0056
DEL06072,Nayantara Virk,+91 91182 98417,Female,23-11-2023,Contract,Bike,LOC0080
DEL06073,Dhanush Goyal,+91 73282 09931,Male,02-07-2021,Full-Time,Van,LOC0112
DEL06074,Umang Raja,+91 87669 53110,Female,29-06-2023,Contract,Bike,LOC0068
DEL06075,Dhanush Dalal,+91 89274 83230,Male,11-11-2024,Contract,EV Bike,LOC0064
DEL06076,Riaan Bala,+91 82315 60344,Female,22-07-2022,Full-Time,Bike,LOC0052
DEL06077,Vedika Sharma,+91 73676 61929,Male,05-04-2022,Contract,EV Bike,LOC0094
DEL06078,Ela Khatri,+91 73012 28074,Female,12-02-2024,Contract,Bike,LOC0073
DEL06079,Sana Chaudhuri,+91 78912 01205,Female,17-03-2026,Contract,Bike,LOC0091
DEL06080,Zeeshan Dani,+91 88032 54375,Female,21-01-2025,Full-Time,Scooter,LOC0009
DEL06081,Bhamini Dalal,+91 82799 88020,Female,23-09-2025,Contract,Van,LOC0095
DEL06082,Alia Kashyap,+91 93286 21872,Male,04-09-2024,Contract,Scooter,LOC0040
DEL06083,Renee Rana,+91 79361 49959,Female,19-04-2022,Contract,EV Bike,LOC0028
DEL06084,Armaan Chander,+91 61381 54563,Female,08-04-2021,Full-Time,Van,LOC0071
DEL06085,Ela Raju,+91 75454 24095,Female,03-09-2024,Full-Time,EV Bike,LOC0042
DEL06086,Onkar Sathe,+91 98719 21867,Male,30-09-2023,Full-Time,Bike,LOC0101
DEL06087,Romil Batra,+91 81396 87495,Male,08-11-2025,Contract,EV Bike,LOC0074
DEL06088,Amani Manda,+91 73598 39939,Female,02-04-2025,Full-Time,Bike,LOC0099
DEL06089,Uthkarsh Chander,+91 84215 64938,Female,11-06-2024,Contract,Bike,LOC0068
DEL06090,Kismat Walia,+91 76310 67726,Female,26-04-2024,Contract,EV Bike,LOC0039
DEL06091,Chirag Yohannan,+91 84417 49354,Female,04-01-2025,Full-Time,Scooter,LOC0072
DEL06092,Aaryahi Atwal,+91 89322 33650,Female,17-02-2025,Contract,Scooter,LOC0020
DEL06093,Samarth Sarraf,+91 69602 79698,Male,04-04-2021,Full-Time,Van,LOC0098
DEL06094,Saksham Bakshi,+91 98063 08542,Female,26-10-2023,Full-Time,Scooter,LOC0015
DEL06095,Zain Gopal,+91 66625 32525,Female,09-10-2023,Contract,Van,LOC0036
DEL06096,Hazel Choudhary,+91 99072 34760,Female,12-07-2024,Full-Time,Scooter,LOC0111
DEL06097,Amani Goel,+91 88507 89449,Male,09-10-2022,Contract,Van,LOC0100
DEL06098,Vaibhav Sahota,+91 72938 12530,Female,16-03-2026,Contract,EV Bike,LOC0095
DEL06099,Mishti Sethi,+91 63473 58131,Male,09-10-2021,Contract,EV Bike,LOC0041
DEL06100,Nishith Bose,+91 66047 15909,Female,12-05-2025,Contract,Bike,LOC0021
DEL06101,Vardaniya Barad,+91 99310 50601,Female,06-11-2023,Full-Time,EV Bike,LOC0082
DEL06102,Saira Thakkar,+91 68705 36308,Female,20-05-2022,Full-Time,Bike,LOC0063
DEL06103,Ishita Ram,+91 79497 94643,Female,07-10-2025,Full-Time,Bike,LOC0007
DEL06104,Nehmat Hari,+91 91346 99789,Female,07-05-2023,Full-Time,Scooter,LOC0078
DEL06105,Ayesha Raman,+91 76200 01901,Male,04-08-2025,Contract,Van,LOC0045
DEL06106,Bhavin Singh,+91 95365 18735,Female,22-11-2022,Contract,EV Bike,LOC0067
DEL06107,Shlok Cheema,+91 61318 64674,Male,25-01-2026,Contract,EV Bike,LOC0003
DEL06108,Riya Som,+91 67598 46327,Male,30-11-2021,Full-Time,Scooter,LOC0052
DEL06109,Kabir Kuruvilla,+91 62022 04543,Female,25-01-2025,Contract,Bike,LOC0034
DEL06110,Nirvi Bhasin,+91 78131 86320,Female,26-06-2024,Full-Time,Van,LOC0009
DEL06111,Dhanush Chandra,+91 67373 67262,Male,14-11-2023,Contract,EV Bike,LOC0016
DEL06112,Jiya Sawhney,+91 98516 50304,Female,15-07-2023,Full-Time,Bike,LOC0026
DEL06113,Arhaan Gaba,+91 85561 70207,Female,20-10-2024,Contract,Bike,LOC0055
DEL06114,Rasha Jha,+91 61237 21525,Female,05-10-2025,Contract,Scooter,LOC0025
DEL06115,Eshani Ramesh,+91 65893 07404,Male,25-12-2022,Contract,Van,LOC0097
DEL06116,Ivan Bose,+91 72325 73054,Male,19-04-2022,Contract,Scooter,LOC0101
DEL06117,Aaina Shenoy,+91 88661 37532,Male,23-06-2023,Full-Time,EV Bike,LOC0066
DEL06118,Vidur Thaker,+91 96202 98160,Female,24-10-2021,Full-Time,Scooter,LOC0110
DEL06119,Kashvi Deol,+91 78979 53637,Female,15-04-2022,Contract,EV Bike,LOC0054
DEL06120,Urvi Gole,+91 96510 97519,Male,26-05-2021,Full-Time,EV Bike,LOC0044
DEL06121,Adah Chopra,+91 70009 76079,Male,15-04-2022,Contract,Van,LOC0084
DEL06122,Mishti Barman,+91 87929 82215,Male,31-03-2025,Contract,EV Bike,LOC0064
DEL06123,Ahana  Bala,+91 77864 80309,Female,15-09-2025,Contract,Scooter,LOC0050
DEL06124,Eshani Raj,+91 62222 87954,Male,08-04-2023,Full-Time,EV Bike,LOC0054
DEL06125,Jivika Chakraborty,+91 93765 96726,Male,17-06-2023,Contract,Bike,LOC0046
DEL06126,Ojas Varughese,+91 73232 48319,Male,27-09-2022,Full-Time,Van,LOC0107
DEL06127,Kiaan Balakrishnan,+91 76351 89708,Male,18-03-2022,Full-Time,EV Bike,LOC0093
DEL06128,Amira Dani,+91 95446 68952,Male,22-09-2024,Contract,Bike,LOC0071
DEL06129,Mannat Chacko,+91 67633 41972,Male,13-05-2021,Contract,EV Bike,LOC0110
DEL06130,Sumer Srivastava,+91 83079 40089,Female,23-04-2025,Contract,EV Bike,LOC0050
DEL06131,Manikya Deol,+91 72632 14020,Female,02-08-2023,Contract,Van,LOC0085
DEL06132,Hiran Jha,+91 65544 86956,Female,22-10-2024,Full-Time,Van,LOC0036
DEL06133,Anaya Dora,+91 65128 01435,Male,05-11-2024,Full-Time,Bike,LOC0070
DEL06134,Advika Sur,+91 81261 88062,Male,25-12-2023,Full-Time,Van,LOC0044
DEL06135,Khushi Rau,+91 70236 77929,Female,21-04-2023,Contract,Scooter,LOC0100
DEL06136,Lavanya Venkatesh,+91 63081 48445,Male,26-11-2024,Full-Time,EV Bike,LOC0103
DEL06137,Abram Dave,+91 68244 40623,Male,26-09-2025,Full-Time,EV Bike,LOC0074
DEL06138,Hiran Lad,+91 72685 81500,Female,22-07-2025,Contract,Van,LOC0007
DEL06139,Aradhya Bali,+91 87409 01080,Female,17-02-2023,Full-Time,Bike,LOC0067
DEL06140,Ishita Mallick,+91 97763 23336,Female,22-05-2024,Full-Time,EV Bike,LOC0028
DEL06141,Vardaniya Raman,+91 97600 76097,Male,16-03-2025,Contract,EV Bike,LOC0016
DEL06142,Rasha Karpe,+91 83998 44401,Male,17-08-2025,Contract,Scooter,LOC0099
DEL06143,Adah Suri,+91 60223 56445,Male,07-12-2022,Full-Time,Van,LOC0028
DEL06144,Zain Babu,+91 84413 81425,Female,06-01-2026,Contract,EV Bike,LOC0023
DEL06145,Zaina Krishna,+91 69130 02000,Female,10-11-2024,Full-Time,Scooter,LOC0024
DEL06146,Kartik Johal,+91 67488 03356,Male,16-04-2024,Full-Time,Bike,LOC0028
DEL06147,Riaan Bhandari,+91 78196 79366,Male,05-01-2023,Full-Time,Van,LOC0053
DEL06148,Baiju Lad,+91 75654 55294,Male,25-09-2024,Full-Time,EV Bike,LOC0059
DEL06149,Gatik Taneja,+91 69275 13257,Male,23-09-2022,Full-Time,EV Bike,LOC0069
DEL06150,Devansh Kalita,+91 85120 34755,Female,29-01-2022,Contract,EV Bike,LOC0016
DEL06151,Jivin Khalsa,+91 95055 51466,Female,03-01-2026,Full-Time,Bike,LOC0106
DEL06152,Hansh Bali,+91 64432 48776,Female,18-04-2025,Full-Time,Bike,LOC0078
DEL06153,Mishti Kunda,+91 78863 59450,Female,25-01-2022,Full-Time,EV Bike,LOC0006
DEL06154,Yuvraj  Krishnamurthy,+91 67329 34221,Female,25-08-2021,Contract,Bike,LOC0061
DEL06155,Oorja Tailor,+91 99748 77835,Male,01-06-2023,Full-Time,Bike,LOC0081
DEL06156,Krish Kala,+91 61581 04489,Male,17-11-2024,Full-Time,Scooter,LOC0110
DEL06157,Ranbir Tella,+91 76029 74459,Female,20-02-2023,Contract,EV Bike,LOC0105
DEL06158,Lakshay Sant,+91 64109 10006,Male,22-12-2021,Full-Time,EV Bike,LOC0059
DEL06159,Samar Iyengar,+91 89733 94774,Male,19-03-2023,Contract,Van,LOC0047
DEL06160,Ayesha Kibe,+91 99597 70586,Male,19-11-2024,Full-Time,Bike,LOC0095
DEL06161,Ivana Solanki,+91 94416 23583,Female,18-11-2021,Contract,Scooter,LOC0001
DEL06162,Alia Kapur,+91 86544 61515,Female,17-11-2021,Contract,Bike,LOC0045
DEL06163,Divyansh Kale,+91 99494 26850,Male,26-08-2025,Full-Time,Van,LOC0066
DEL06164,Prisha Ramanathan,+91 60141 85881,Male,30-10-2024,Full-Time,Van,LOC0093
DEL06165,Hridaan Sanghvi,+91 95224 54666,Male,10-04-2022,Contract,EV Bike,LOC0079
DEL06166,Zoya Ramaswamy,+91 98192 28217,Male,10-08-2024,Contract,Bike,LOC0105
DEL06167,Kashvi Vyas,+91 67443 08444,Female,03-04-2023,Full-Time,Scooter,LOC0085
DEL06168,Vritika Dasgupta,+91 64401 54455,Male,07-04-2022,Contract,Scooter,LOC0045
DEL06169,Keya Bora,+91 71830 65220,Male,04-10-2021,Full-Time,EV Bike,LOC0065
DEL06170,Ritvik Mannan,+91 69860 31992,Male,04-07-2024,Full-Time,EV Bike,LOC0029
DEL06171,Azad Dua,+91 78782 25127,Female,19-01-2024,Contract,Van,LOC0077
DEL06172,Kashvi Chokshi,+91 89287 00230,Male,28-09-2024,Full-Time,Scooter,LOC0095
DEL06173,Aarush Samra,+91 98838 57611,Male,30-04-2022,Contract,EV Bike,LOC0099
DEL06174,Rasha Andra,+91 65970 53958,Female,19-05-2025,Full-Time,EV Bike,LOC0021
DEL06175,Bhavin Agarwal,+91 83324 56530,Male,24-12-2024,Full-Time,Scooter,LOC0014
DEL06176,Akarsh Mahal,+91 96190 81870,Male,26-01-2025,Contract,Bike,LOC0071
DEL06177,Reyansh Rana,+91 66595 62377,Male,25-11-2024,Contract,Bike,LOC0077
DEL06178,Ivana Raj,+91 93643 10539,Female,30-06-2025,Contract,Scooter,LOC0019
DEL06179,Samiha Dua,+91 83790 30538,Female,07-11-2021,Contract,Van,LOC0110
DEL06180,Dhanuk Gole,+91 71338 94499,Male,14-01-2023,Full-Time,Bike,LOC0039
DEL06181,Anya Gera,+91 65883 95301,Male,23-01-2025,Contract,Van,LOC0113
DEL06182,Vedika Behl,+91 81654 55402,Male,01-07-2021,Full-Time,EV Bike,LOC0061
DEL06183,Ivan Hayer,+91 91625 02701,Female,16-08-2022,Full-Time,Van,LOC0086
DEL06184,Chirag Master,+91 84430 12756,Female,07-08-2025,Contract,EV Bike,LOC0025
DEL06185,Manikya Gala,+91 78926 14704,Female,21-12-2025,Contract,Bike,LOC0099
DEL06186,Shanaya Bhargava,+91 89436 36312,Female,25-10-2023,Full-Time,Van,LOC0083
DEL06187,Aarna Ramachandran,+91 65323 82699,Female,12-04-2025,Full-Time,Scooter,LOC0113
DEL06188,Indranil Kurian,+91 82417 27200,Female,03-08-2025,Contract,Bike,LOC0107
DEL06189,Armaan Talwar,+91 62558 61170,Female,01-04-2026,Contract,Van,LOC0009
DEL06190,Dhruv Sama,+91 77256 79574,Female,20-12-2025,Full-Time,Van,LOC0058
DEL06191,Umang Grover,+91 88812 32173,Male,06-08-2021,Full-Time,Scooter,LOC0069
DEL06192,Shayak Din,+91 65924 41589,Female,18-07-2022,Contract,Van,LOC0002
DEL06193,Raghav Kaul,+91 91437 87974,Male,11-08-2021,Full-Time,Van,LOC0051
DEL06194,Zain Uppal,+91 93132 15467,Male,05-12-2024,Contract,EV Bike,LOC0058
DEL06195,Vidur Kaul,+91 96702 02127,Male,06-06-2025,Contract,Bike,LOC0060
DEL06196,Vaibhav Kala,+91 64181 29784,Male,28-01-2023,Full-Time,Bike,LOC0093
DEL06197,Advik Hora,+91 68299 88040,Female,05-10-2023,Contract,Bike,LOC0031
DEL06198,Sana Lal,+91 88602 98659,Female,14-01-2023,Full-Time,EV Bike,LOC0088
DEL06199,Anika Badami,+91 62399 36085,Male,06-04-2024,Full-Time,Bike,LOC0111
DEL06200,Kimaya Chawla,+91 61703 98732,Female,16-05-2024,Contract,Bike,LOC0011
DEL06201,Eshani Subramanian,+91 86489 82781,Male,26-06-2022,Contract,Van,LOC0012
DEL06202,Dhanuk Dave,+91 86414 64269,Male,08-11-2024,Contract,Van,LOC0030
DEL06203,Aniruddh Seshadri,+91 73031 48678,Female,05-05-2021,Contract,Bike,LOC0018
DEL06204,Mehul Kara,+91 93322 47867,Female,26-01-2026,Full-Time,Bike,LOC0089
DEL06205,Divij Solanki,+91 78155 35085,Male,31-03-2024,Full-Time,EV Bike,LOC0101
DEL06206,Seher Khurana,+91 70049 43392,Male,13-04-2022,Contract,Van,LOC0001
DEL06207,Lavanya Yohannan,+91 60996 46920,Female,10-06-2025,Contract,Bike,LOC0020
DEL06208,Trisha Rama,+91 92060 67710,Female,22-03-2026,Full-Time,Bike,LOC0084
DEL06209,Alisha Kota,+91 78625 38326,Female,14-12-2021,Full-Time,Scooter,LOC0108
DEL06210,Badal Kari,+91 94268 08374,Female,03-04-2023,Full-Time,Scooter,LOC0095
DEL06211,Nitara Swamy,+91 74735 91288,Male,19-01-2024,Contract,Scooter,LOC0080
DEL06212,Samaira Seshadri,+91 83047 18644,Female,25-04-2021,Contract,Scooter,LOC0053
DEL06213,Hiran Sengupta,+91 87370 73445,Female,02-02-2025,Full-Time,Bike,LOC0103
DEL06214,Adah Tak,+91 88222 34706,Female,17-05-2023,Full-Time,Scooter,LOC0043
DEL06215,Onkar Dayal,+91 62333 83211,Male,16-02-2022,Contract,EV Bike,LOC0061
DEL06216,Nehmat Kota,+91 80284 80405,Female,15-03-2025,Contract,Van,LOC0011
DEL06217,Aaryahi Gopal,+91 84436 09909,Female,27-04-2023,Full-Time,Bike,LOC0079
DEL06218,Samarth Batta,+91 62929 75491,Male,30-06-2021,Full-Time,Bike,LOC0052
DEL06219,Eshani Rana,+91 77299 34411,Female,30-03-2025,Contract,Van,LOC0078
DEL06220,Biju Chawla,+91 91184 11963,Female,23-04-2024,Contract,EV Bike,LOC0052
DEL06221,Riaan Mander,+91 60375 26833,Male,23-07-2025,Full-Time,Bike,LOC0023
DEL06222,Khushi Dhillon,+91 83199 60756,Male,22-09-2023,Contract,Scooter,LOC0004
DEL06223,Aayush Bumb,+91 80036 86082,Female,01-02-2026,Full-Time,Bike,LOC0089
DEL06224,Oorja Dugar,+91 99892 54668,Male,31-12-2023,Full-Time,Van,LOC0034
DEL06225,Kashvi Sekhon,+91 73413 31380,Female,26-06-2023,Contract,Bike,LOC0045
DEL06226,Romil Mandal,+91 81843 96884,Female,18-09-2023,Full-Time,Van,LOC0098
DEL06227,Anahi Sahota,+91 95522 28990,Female,30-10-2022,Full-Time,Van,LOC0112
DEL06228,Vedika Vig,+91 60870 22883,Female,27-01-2025,Contract,Bike,LOC0066
DEL06229,Anay Shetty,+91 84494 11383,Male,25-11-2022,Contract,EV Bike,LOC0014
DEL06230,Jiya Dalal,+91 67510 08999,Female,12-12-2021,Full-Time,Scooter,LOC0103
DEL06231,Ryan Sunder,+91 73101 30450,Male,28-03-2025,Full-Time,Bike,LOC0073
DEL06232,Mahika Tiwari,+91 87715 37410,Male,16-12-2025,Contract,EV Bike,LOC0013
DEL06233,Navya D’Alia,+91 64657 07412,Female,31-07-2024,Contract,EV Bike,LOC0045
DEL06234,Sana Varty,+91 84601 14412,Male,06-10-2022,Full-Time,Van,LOC0033
DEL06235,Vardaniya Chowdhury,+91 82082 28254,Female,11-02-2024,Contract,Van,LOC0086
DEL06236,Shayak Bhalla,+91 65864 36050,Female,18-11-2024,Contract,Bike,LOC0026
DEL06237,Misha Kar,+91 74461 62802,Male,05-03-2023,Full-Time,Scooter,LOC0055
DEL06238,Ayesha Handa,+91 61928 98529,Female,04-09-2022,Contract,Scooter,LOC0003
DEL06239,Purab Sangha,+91 87399 31457,Male,15-06-2023,Full-Time,EV Bike,LOC0094
DEL06240,Rohan Bhatnagar,+91 89935 11643,Male,19-01-2022,Contract,Bike,LOC0101
DEL06241,Prerak Kale,+91 67808 28634,Female,22-12-2025,Full-Time,EV Bike,LOC0037
DEL06242,Romil Goswami,+91 84540 37295,Male,27-01-2026,Contract,Scooter,LOC0049
DEL06243,Aarush Banerjee,+91 99357 12760,Female,05-10-2022,Full-Time,EV Bike,LOC0019
DEL06244,Vardaniya Chahal,+91 60665 18530,Female,16-07-2022,Contract,Bike,LOC0090
DEL06245,Taran Cherian,+91 85329 60483,Male,11-06-2023,Contract,Van,LOC0069
DEL06246,Divij Edwin,+91 65967 41219,Male,07-02-2025,Full-Time,Scooter,LOC0015
DEL06247,Sahil Varughese,+91 71331 06166,Male,17-02-2023,Full-Time,EV Bike,LOC0081
DEL06248,Sara Korpal,+91 69825 48377,Male,18-09-2023,Full-Time,EV Bike,LOC0007
DEL06249,Piya Goda,+91 71910 05566,Female,30-01-2022,Full-Time,Bike,LOC0080
DEL06250,Mohanlal Grewal,+91 75133 78364,Female,22-11-2021,Full-Time,Scooter,LOC0037
DEL06251,Raunak Kakar,+91 96019 60971,Female,27-07-2022,Contract,Scooter,LOC0102
DEL06252,Aniruddh Tank,+91 70644 35259,Female,03-03-2022,Full-Time,Van,LOC0073
DEL06253,Eva Kaur,+91 84256 82721,Male,23-09-2022,Full-Time,Van,LOC0101
DEL06254,Jhanvi Rajagopal,+91 61694 28418,Male,26-07-2025,Full-Time,Van,LOC0079
DEL06255,Urvi Raval,+91 67373 06785,Female,18-09-2023,Full-Time,Bike,LOC0037
DEL06256,Raghav Varma,+91 63729 71257,Male,22-09-2023,Contract,Bike,LOC0103
DEL06257,Lavanya Virk,+91 67249 31265,Male,03-06-2021,Full-Time,Van,LOC0104
DEL06258,Pari Goyal,+91 75141 74472,Male,18-09-2024,Contract,EV Bike,LOC0060
DEL06259,Zara Bhardwaj,+91 75661 85763,Female,09-12-2022,Contract,Van,LOC0028
DEL06260,Gokul Bakshi,+91 84363 23114,Male,04-07-2025,Full-Time,Bike,LOC0028
DEL06261,Jivika Rajan,+91 61189 52933,Female,24-10-2023,Full-Time,EV Bike,LOC0038
DEL06262,Jhanvi Ratta,+91 65523 15470,Female,04-11-2022,Full-Time,Scooter,LOC0026
DEL06263,Onkar Thakur,+91 78307 34038,Male,03-03-2026,Full-Time,Van,LOC0082
DEL06264,Shlok Iyengar,+91 76036 52149,Male,19-09-2024,Contract,EV Bike,LOC0095
DEL06265,Hridaan Hegde,+91 91608 22644,Female,24-06-2023,Contract,Scooter,LOC0034
DEL06266,Raghav Mallick,+91 97200 87928,Female,20-04-2021,Contract,Van,LOC0063
DEL06267,Hrishita Sandhu,+91 85821 87241,Male,18-10-2021,Contract,Van,LOC0035
DEL06268,Miraya Bhatt,+91 62108 79171,Male,09-11-2021,Contract,Scooter,LOC0017
DEL06269,Pranay Lalla,+91 85835 09625,Male,28-06-2023,Full-Time,Van,LOC0073
DEL06270,Shanaya Ramaswamy,+91 74478 18957,Female,15-10-2025,Full-Time,Bike,LOC0101
DEL06271,Yuvraj  Char,+91 96790 21183,Female,25-08-2021,Full-Time,EV Bike,LOC0097
DEL06272,Drishya Lad,+91 79941 48057,Male,15-12-2025,Contract,Scooter,LOC0042
DEL06273,Aayush Zacharia,+91 67000 90595,Female,24-04-2023,Full-Time,Van,LOC0096
DEL06274,Drishya Kata,+91 90177 87684,Female,25-08-2021,Contract,Scooter,LOC0105
DEL06275,Khushi Dora,+91 84239 16274,Female,05-02-2023,Full-Time,Scooter,LOC0065
DEL06276,Kabir Sharaf,+91 76138 41986,Male,04-06-2023,Full-Time,Van,LOC0065
DEL06277,Farhan Gaba,+91 73114 24621,Male,10-06-2021,Contract,Scooter,LOC0110
DEL06278,Ryan Doctor,+91 93788 24188,Male,13-08-2021,Full-Time,Van,LOC0025
DEL06279,Saanvi Kar,+91 75182 04735,Female,16-08-2023,Full-Time,EV Bike,LOC0018
DEL06280,Urvi Sahni,+91 67179 85556,Female,18-01-2025,Contract,Van,LOC0020
DEL06281,Nirvaan Buch,+91 60850 95740,Male,04-02-2023,Contract,Scooter,LOC0049
DEL06282,Jayesh Goel,+91 80313 31611,Male,05-07-2023,Full-Time,Scooter,LOC0102
DEL06283,Piya Borah,+91 97454 69874,Female,01-01-2022,Full-Time,Bike,LOC0022
DEL06284,Inaaya  Kalla,+91 84204 38622,Male,07-06-2021,Contract,Scooter,LOC0055
DEL06285,Alisha Edwin,+91 95542 14601,Male,17-01-2022,Full-Time,Bike,LOC0103
DEL06286,Zaina Kapadia,+91 99134 03416,Female,25-04-2025,Contract,Van,LOC0102
DEL06287,Hazel Dara,+91 86182 76086,Female,24-10-2022,Contract,Scooter,LOC0083
DEL06288,Yuvraj  Verma,+91 66253 31210,Female,31-12-2022,Contract,Bike,LOC0008
DEL06289,Jayant Chaudhary,+91 65482 31374,Female,26-05-2022,Full-Time,EV Bike,LOC0110
DEL06290,Mannat Dutta,+91 89878 46433,Female,14-07-2023,Contract,Van,LOC0029
DEL06291,Hansh Gala,+91 82625 98170,Male,25-11-2024,Contract,Scooter,LOC0097
DEL06292,Vaibhav Gole,+91 86541 26803,Female,18-05-2022,Contract,Bike,LOC0015
DEL06293,Chirag Varughese,+91 88283 46455,Male,03-10-2021,Full-Time,Bike,LOC0008
DEL06294,Parinaaz Lall,+91 82968 87862,Female,14-08-2024,Contract,Bike,LOC0064
DEL06295,Nirvi Dasgupta,+91 71065 46853,Male,31-10-2025,Full-Time,Bike,LOC0071
DEL06296,Hiran Wadhwa,+91 64381 17680,Male,25-11-2022,Full-Time,Van,LOC0037
DEL06297,Indrajit Mani,+91 83620 74308,Female,14-02-2025,Full-Time,Scooter,LOC0061
DEL06298,Dhruv Iyengar,+91 92592 77341,Male,06-02-2022,Full-Time,Scooter,LOC0027
DEL06299,Yashvi Banerjee,+91 76654 62558,Male,26-04-2025,Full-Time,Scooter,LOC0075
DEL06300,Jayesh Char,+91 89572 23780,Male,28-07-2025,Full-Time,Scooter,LOC0088
DEL06301,Emir Seth,+91 96984 12780,Male,02-05-2023,Full-Time,Scooter,LOC0094
DEL06302,Rania Ghose,+91 82367 77149,Male,05-09-2023,Contract,Van,LOC0089
DEL06303,Dishani Kurian,+91 94862 12343,Male,12-01-2023,Contract,EV Bike,LOC0086
DEL06304,Gokul Rau,+91 94504 77155,Male,01-05-2021,Full-Time,Bike,LOC0036
DEL06305,Lakshit Kari,+91 66994 00524,Female,12-09-2025,Full-Time,Scooter,LOC0030
DEL06306,Ranbir Deol,+91 94416 76300,Male,25-02-2023,Full-Time,EV Bike,LOC0068
DEL06307,Zara Gulati,+91 92510 62115,Male,13-11-2024,Full-Time,Van,LOC0088
DEL06308,Aayush Ganesh,+91 83631 88656,Male,20-11-2025,Full-Time,Van,LOC0100
DEL06309,Vivaan Cherian,+91 90313 76463,Male,30-01-2026,Contract,Van,LOC0045
DEL06310,Uthkarsh Khatri,+91 75394 82731,Male,09-06-2023,Full-Time,Van,LOC0015
DEL06311,Ishita Bera,+91 84448 21508,Male,16-11-2023,Contract,Scooter,LOC0026
DEL06312,Zeeshan Subramaniam,+91 82736 65830,Male,27-07-2025,Contract,Bike,LOC0016
DEL06313,Indranil Tripathi,+91 72688 38283,Female,08-02-2026,Full-Time,EV Bike,LOC0078
DEL06314,Aarush Sahota,+91 81500 98518,Male,06-04-2025,Contract,EV Bike,LOC0061
DEL06315,Oorja Tandon,+91 85267 82088,Male,07-06-2023,Contract,Van,LOC0096
DEL06316,Jiya Grover,+91 95578 48866,Male,05-06-2021,Full-Time,EV Bike,LOC0067
DEL06317,Abram Bahri,+91 72373 99156,Female,15-04-2022,Full-Time,EV Bike,LOC0048
DEL06318,Myra Yohannan,+91 90675 22815,Female,28-10-2021,Contract,Bike,LOC0052
DEL06319,Sana Sagar,+91 87795 47225,Female,23-03-2026,Contract,Scooter,LOC0077
DEL06320,Riya Borra,+91 61735 17449,Male,05-01-2026,Full-Time,EV Bike,LOC0054
DEL06321,Armaan Sanghvi,+91 78209 52409,Male,16-11-2022,Contract,EV Bike,LOC0003
DEL06322,Romil Som,+91 63740 94377,Male,03-06-2021,Contract,Bike,LOC0050
DEL06323,Samiha Buch,+91 92902 62685,Female,21-03-2026,Full-Time,EV Bike,LOC0027
DEL06324,Dhruv Toor,+91 80830 55660,Male,02-05-2022,Contract,Van,LOC0052
DEL06325,Mannat Sandal,+91 77073 06447,Male,20-06-2021,Contract,EV Bike,LOC0113
DEL06326,Aarush Reddy,+91 62786 67001,Male,12-02-2022,Contract,EV Bike,LOC0108
DEL06327,Taran Grover,+91 65990 55889,Male,27-06-2021,Contract,Bike,LOC0043
DEL06328,Kabir Reddy,+91 96659 55254,Female,26-04-2022,Full-Time,Van,LOC0093
DEL06329,Parinaaz Manda,+91 99308 63180,Male,27-02-2023,Full-Time,Van,LOC0087
DEL06330,Vedika Devi,+91 61488 98043,Female,11-03-2026,Full-Time,Van,LOC0105
DEL06331,Taimur Solanki,+91 62147 19065,Male,01-04-2021,Full-Time,Van,LOC0018
DEL06332,Pihu Shankar,+91 88284 35383,Female,04-12-2021,Full-Time,EV Bike,LOC0041
DEL06333,Zoya Das,+91 96767 04623,Male,20-11-2021,Contract,Bike,LOC0054
DEL06334,Badal Dhawan,+91 82248 64976,Male,05-08-2025,Full-Time,EV Bike,LOC0035
DEL06335,Krish Mander,+91 73849 70580,Male,16-05-2024,Full-Time,Scooter,LOC0067
DEL06336,Ayesha Kalita,+91 92978 40931,Female,19-09-2021,Full-Time,Bike,LOC0081
DEL06337,Manjari Ganguly,+91 79912 88293,Female,09-10-2024,Contract,EV Bike,LOC0027
DEL06338,Diya Bhandari,+91 92116 91752,Female,27-08-2025,Full-Time,Van,LOC0004
DEL06339,Shray Soman,+91 79769 80557,Female,06-04-2025,Contract,EV Bike,LOC0022
DEL06340,Samar Hora,+91 63356 45535,Male,17-07-2025,Full-Time,EV Bike,LOC0089
DEL06341,Pihu Dasgupta,+91 66184 02311,Male,11-03-2022,Full-Time,Van,LOC0087
DEL06342,Tiya Gandhi,+91 64395 59494,Female,05-12-2022,Full-Time,Van,LOC0017
DEL06343,Rania Gour,+91 72637 61080,Female,17-03-2024,Full-Time,Bike,LOC0061
DEL06344,Ranbir Shan,+91 68797 58804,Male,26-07-2024,Contract,Scooter,LOC0104
DEL06345,Yuvraj  Bhatia,+91 89527 27311,Female,30-01-2022,Full-Time,Scooter,LOC0077
DEL06346,Mohanlal Sawhney,+91 63180 62332,Female,19-09-2025,Full-Time,Bike,LOC0009
DEL06347,Ranbir Sem,+91 92348 32560,Male,28-06-2024,Contract,Bike,LOC0091
DEL06348,Zoya Atwal,+91 62874 62299,Male,19-10-2021,Contract,Bike,LOC0079
DEL06349,Aniruddh Ravel,+91 88062 81726,Female,30-07-2023,Contract,Van,LOC0043
DEL06350,Manikya Baral,+91 69631 48493,Female,18-08-2025,Contract,EV Bike,LOC0087
DEL06351,Ela Batta,+91 94069 06408,Female,17-02-2024,Full-Time,EV Bike,LOC0081
DEL06352,Jayant Bhakta,+91 85821 24213,Male,13-10-2024,Contract,EV Bike,LOC0021
DEL06353,Mamooty Sankaran,+91 72845 28285,Female,25-08-2023,Full-Time,Scooter,LOC0055
DEL06354,Jivika Lal,+91 89659 02704,Female,03-04-2025,Contract,Scooter,LOC0062
DEL06355,Nirvi Mahajan,+91 64604 49049,Male,13-08-2021,Full-Time,EV Bike,LOC0010
DEL06356,Renee Anne,+91 60109 70866,Male,29-09-2021,Contract,EV Bike,LOC0065
DEL06357,Elakshi Dugal,+91 82141 55819,Female,19-02-2022,Contract,Bike,LOC0028
DEL06358,Jayesh Bora,+91 61256 68325,Female,21-01-2026,Contract,Bike,LOC0031
DEL06359,Adah Vyas,+91 87517 72754,Female,27-08-2021,Contract,EV Bike,LOC0033
DEL06360,Charvi Dixit,+91 97629 47665,Female,23-10-2022,Full-Time,EV Bike,LOC0016
DEL06361,Arnav Bali,+91 76181 99405,Female,05-09-2024,Full-Time,Bike,LOC0113
DEL06362,Advik Walia,+91 60599 46567,Male,25-08-2025,Contract,Scooter,LOC0081
DEL06363,Riya Gokhale,+91 77712 18686,Female,20-05-2022,Contract,EV Bike,LOC0052
DEL06364,Divij Bassi,+91 96236 94448,Female,06-03-2022,Contract,Bike,LOC0085
DEL06365,Mahika Buch,+91 91176 49033,Female,19-02-2023,Contract,EV Bike,LOC0015
DEL06366,Ishita Vyas,+91 64254 93664,Male,30-08-2023,Contract,EV Bike,LOC0023
DEL06367,Zara Sampath,+91 71479 45761,Male,20-11-2021,Full-Time,Bike,LOC0106
DEL06368,Prerak Tiwari,+91 70511 34393,Male,13-03-2022,Contract,Scooter,LOC0030
DEL06369,Neysa Vasa,+91 63557 88621,Female,25-12-2024,Contract,Van,LOC0066
DEL06370,Hansh Sridhar,+91 75808 05544,Female,06-08-2023,Full-Time,Scooter,LOC0046
DEL06371,Lakshay Kapadia,+91 74362 69275,Female,23-07-2025,Contract,Scooter,LOC0089
DEL06372,Zain Dhar,+91 88918 18383,Female,10-04-2025,Contract,EV Bike,LOC0042
DEL06373,Samar Kakar,+91 93295 26039,Female,26-09-2024,Full-Time,Bike,LOC0046
DEL06374,Tiya Raju,+91 84491 14707,Male,29-09-2024,Contract,Scooter,LOC0060
DEL06375,Adira Kakar,+91 73403 45022,Female,01-08-2025,Full-Time,Van,LOC0046
DEL06376,Reyansh Rajagopalan,+91 74141 66025,Female,05-05-2022,Contract,Scooter,LOC0049
DEL06377,Tejas Sridhar,+91 96532 13647,Female,04-12-2023,Contract,EV Bike,LOC0096
DEL06378,Amani Dada,+91 72561 17567,Female,14-01-2023,Contract,EV Bike,LOC0075
DEL06379,Adah Mane,+91 65423 51810,Male,27-07-2023,Full-Time,Van,LOC0068
DEL06380,Onkar Vora,+91 72478 08438,Male,18-05-2024,Contract,Scooter,LOC0007
DEL06381,Ishaan Bahl,+91 69782 96804,Male,20-10-2021,Contract,Bike,LOC0019
DEL06382,Abram Ahluwalia,+91 88252 93717,Female,10-05-2023,Full-Time,Bike,LOC0079
DEL06383,Navya Ravel,+91 93583 17325,Male,10-10-2025,Contract,EV Bike,LOC0009
DEL06384,Anay Dash,+91 67145 55400,Female,10-08-2024,Full-Time,Van,LOC0018
DEL06385,Baiju Divan,+91 71673 71314,Female,10-07-2023,Contract,Scooter,LOC0110
DEL06386,Sahil Chowdhury,+91 75210 64396,Female,21-03-2023,Full-Time,Scooter,LOC0017
DEL06387,Anahita Handa,+91 70604 23246,Female,02-07-2024,Contract,EV Bike,LOC0022
DEL06388,Akarsh Chauhan,+91 98138 44615,Female,11-10-2023,Full-Time,Van,LOC0111
DEL06389,Tushar Saraf,+91 84391 16248,Male,05-07-2023,Full-Time,EV Bike,LOC0013
DEL06390,Myra Chahal,+91 79242 39927,Male,06-10-2023,Full-Time,Scooter,LOC0019
DEL06391,Mehul Sandal,+91 94026 97575,Male,11-01-2024,Full-Time,Bike,LOC0111
DEL06392,Nitya Kalla,+91 72571 50938,Female,13-11-2025,Contract,Van,LOC0031
DEL06393,Vritika Choudhury,+91 63709 14940,Male,18-10-2021,Full-Time,EV Bike,LOC0107
DEL06394,Nirvi Date,+91 86139 72728,Male,29-01-2023,Contract,EV Bike,LOC0019
DEL06395,Nirvaan Dey,+91 63444 57625,Male,09-01-2025,Contract,Scooter,LOC0079
DEL06396,Jayan Saran,+91 77595 56944,Female,31-07-2024,Contract,Van,LOC0002
DEL06397,Mahika Mammen,+91 91903 78084,Female,23-06-2022,Contract,Van,LOC0110
DEL06398,Aaina Kashyap,+91 84300 35671,Female,05-03-2023,Contract,Bike,LOC0048
DEL06399,Indranil Rastogi,+91 78595 62687,Male,29-03-2024,Contract,Bike,LOC0013
DEL06400,Veer Shroff,+91 66767 96773,Male,08-06-2025,Contract,Scooter,LOC0041
DEL06401,Farhan Sachar,+91 79309 63629,Male,29-01-2022,Contract,Scooter,LOC0102
DEL06402,Indrans Saran,+91 97486 42899,Female,30-09-2021,Full-Time,Bike,LOC0011
DEL06403,Anya Sankaran,+91 77104 04682,Male,21-02-2024,Full-Time,Bike,LOC0029
DEL06404,Trisha Deol,+91 90267 01580,Male,03-04-2022,Contract,Scooter,LOC0029
DEL06405,Gokul Gokhale,+91 74993 39343,Male,17-07-2024,Full-Time,EV Bike,LOC0049
DEL06406,Hridaan Agarwal,+91 88846 83714,Female,02-02-2024,Full-Time,EV Bike,LOC0010
DEL06407,Aaina Kanda,+91 63932 97071,Female,17-06-2021,Full-Time,Scooter,LOC0097
DEL06408,Faiyaz Suresh,+91 81130 91501,Male,14-09-2025,Contract,EV Bike,LOC0074
DEL06409,Hiran Dada,+91 73822 21818,Female,18-11-2021,Full-Time,Bike,LOC0022
DEL06410,Manikya Suri,+91 95905 59492,Male,15-06-2023,Full-Time,EV Bike,LOC0079
DEL06411,Vardaniya Bir,+91 65299 75095,Female,19-07-2025,Contract,EV Bike,LOC0004
DEL06412,Sara Saha,+91 88879 99662,Female,06-12-2021,Contract,Scooter,LOC0055
DEL06413,Ishaan Biswas,+91 89571 88804,Female,01-12-2023,Full-Time,Van,LOC0090
DEL06414,Zoya Tara,+91 95135 33303,Female,31-07-2022,Full-Time,EV Bike,LOC0050
DEL06415,Jivin Thaman,+91 97553 58741,Male,12-05-2021,Full-Time,Van,LOC0099
DEL06416,Khushi Madan,+91 83251 68394,Male,08-11-2022,Full-Time,EV Bike,LOC0109
DEL06417,Indrans Gera,+91 74747 89121,Female,07-01-2022,Contract,Scooter,LOC0038
DEL06418,Nehmat Chanda,+91 68824 24195,Male,26-03-2024,Full-Time,Van,LOC0057
DEL06419,Anahi Hans,+91 89530 42624,Female,17-11-2023,Contract,Van,LOC0055
DEL06420,Abram Korpal,+91 88366 95876,Male,07-09-2021,Contract,EV Bike,LOC0057
DEL06421,Rati Dyal,+91 86200 97004,Male,06-06-2024,Contract,Bike,LOC0055
DEL06422,Anay Rau,+91 82820 12376,Female,20-10-2023,Contract,Van,LOC0071
DEL06423,Kashvi Seshadri,+91 64024 64669,Male,21-05-2024,Full-Time,Van,LOC0078
DEL06424,Raunak Mahajan,+91 82514 51036,Male,15-06-2022,Full-Time,EV Bike,LOC0049
DEL06425,Nakul Borra,+91 64276 75575,Male,06-01-2026,Full-Time,EV Bike,LOC0073
DEL06426,Kavya Mangat,+91 67759 04575,Male,13-01-2025,Contract,EV Bike,LOC0071
DEL06427,Trisha Chaudry,+91 60863 73805,Female,21-10-2025,Contract,EV Bike,LOC0079
DEL06428,Amira Dhar,+91 93841 47599,Female,28-01-2026,Full-Time,Bike,LOC0043
DEL06429,Trisha Vig,+91 79765 91662,Male,16-09-2023,Full-Time,Scooter,LOC0001
DEL06430,Vritika Chada,+91 75358 28432,Male,20-01-2022,Full-Time,Bike,LOC0091
DEL06431,Riya Chana,+91 87016 77092,Male,09-08-2024,Full-Time,Scooter,LOC0055
DEL06432,Inaaya  Sodhi,+91 69805 44873,Female,05-01-2023,Contract,Bike,LOC0112
DEL06433,Mahika Dhaliwal,+91 69724 51388,Male,06-02-2026,Contract,Scooter,LOC0009
DEL06434,Kismat Vaidya,+91 91707 92300,Male,16-06-2023,Contract,Scooter,LOC0103
DEL06435,Misha Bhatnagar,+91 71451 44987,Male,19-09-2021,Contract,EV Bike,LOC0073
DEL06436,Ayesha Bajaj,+91 72506 22440,Female,01-01-2026,Contract,EV Bike,LOC0073
DEL06437,Romil Kaur,+91 76692 21449,Male,14-12-2025,Full-Time,Van,LOC0064
DEL06438,Vaibhav Bawa,+91 74113 83752,Male,26-01-2026,Contract,Scooter,LOC0035
DEL06439,Urvi Sule,+91 64193 45783,Male,27-07-2023,Full-Time,Scooter,LOC0080
DEL06440,Tejas Kuruvilla,+91 63494 16723,Male,12-09-2025,Full-Time,Van,LOC0049
DEL06441,Baiju Jayaraman,+91 91631 02713,Male,06-04-2022,Contract,EV Bike,LOC0008
DEL06442,Anvi Contractor,+91 91662 74587,Male,07-12-2023,Full-Time,Bike,LOC0076
DEL06443,Nishith Sridhar,+91 94622 28874,Male,09-08-2022,Full-Time,EV Bike,LOC0072
DEL06444,Adah Goel,+91 81911 40253,Female,27-11-2023,Contract,Van,LOC0076
DEL06445,Hiran Ganesan,+91 76078 73028,Male,29-12-2023,Full-Time,Scooter,LOC0036
DEL06446,Anika Choudhry,+91 74765 61413,Male,01-12-2023,Full-Time,Bike,LOC0009
DEL06447,Shalv Lall,+91 86583 16558,Female,26-07-2023,Full-Time,Bike,LOC0051
DEL06448,Sahil Deshpande,+91 99141 51476,Male,23-08-2023,Contract,Van,LOC0061
DEL06449,Alia Varghese,+91 99825 68578,Male,26-06-2024,Contract,Bike,LOC0003
DEL06450,Sumer Sangha,+91 87349 81816,Male,12-09-2025,Full-Time,EV Bike,LOC0100
DEL06451,Vihaan Deshpande,+91 70969 93682,Male,21-07-2022,Contract,Van,LOC0082
DEL06452,Arhaan Anand,+91 78150 20557,Female,15-06-2023,Full-Time,EV Bike,LOC0094
DEL06453,Navya Sant,+91 88983 97583,Male,27-02-2024,Contract,Bike,LOC0062
DEL06454,Vardaniya Uppal,+91 99529 52992,Female,02-03-2024,Contract,Bike,LOC0043
DEL06455,Veer Korpal,+91 60451 61353,Female,25-02-2023,Full-Time,EV Bike,LOC0030
DEL06456,Advika Bhavsar,+91 92642 98489,Male,18-02-2024,Contract,Bike,LOC0065
DEL06457,Darshit Sampath,+91 69393 57421,Male,06-05-2025,Full-Time,Van,LOC0055
DEL06458,Kashvi Sethi,+91 64787 44493,Male,02-06-2025,Full-Time,EV Bike,LOC0096
DEL06459,Tanya Sama,+91 71811 62325,Male,02-06-2023,Contract,Scooter,LOC0066
DEL06460,Indrans Goswami,+91 89858 92652,Female,01-05-2023,Contract,Van,LOC0002
DEL06461,Shalv Chandra,+91 85221 15009,Female,06-04-2024,Contract,Bike,LOC0062
DEL06462,Madhav Chada,+91 75628 85615,Female,20-03-2023,Full-Time,Scooter,LOC0108
DEL06463,Bhamini Rana,+91 90605 37849,Male,02-08-2025,Full-Time,EV Bike,LOC0103
DEL06464,Zaina Kurian,+91 68733 70147,Male,24-08-2021,Contract,Bike,LOC0087
DEL06465,Tushar Kaul,+91 63360 82684,Male,08-11-2024,Full-Time,Bike,LOC0013
DEL06466,Ritvik Datta,+91 99676 72825,Male,06-12-2022,Full-Time,Bike,LOC0062
DEL06467,Aradhya Sami,+91 76310 95013,Male,11-01-2022,Contract,Scooter,LOC0109
DEL06468,Farhan Soni,+91 67605 38968,Female,17-02-2023,Contract,EV Bike,LOC0064
DEL06469,Taimur Khalsa,+91 73347 91267,Female,28-01-2025,Contract,Bike,LOC0062
DEL06470,Chirag Dua,+91 86496 09549,Male,01-10-2022,Full-Time,Van,LOC0054
DEL06471,Nehmat Saini,+91 88602 66195,Female,19-09-2022,Full-Time,Bike,LOC0040
DEL06472,Anika Setty,+91 73385 83208,Female,24-04-2025,Full-Time,Bike,LOC0050
DEL06473,Urvi Cherian,+91 60658 54188,Female,17-09-2023,Contract,EV Bike,LOC0037
DEL06474,Charvi Sastry,+91 94462 35329,Male,11-06-2023,Contract,Scooter,LOC0027
DEL06475,Mishti Karpe,+91 93968 10196,Male,08-09-2025,Full-Time,Scooter,LOC0003
DEL06476,Hazel Samra,+91 76936 99197,Female,11-02-2026,Full-Time,Scooter,LOC0043
DEL06477,Sara Sehgal,+91 66281 82811,Female,13-09-2022,Full-Time,Bike,LOC0095
DEL06478,Hiran Sagar,+91 65929 34879,Female,03-11-2025,Contract,Van,LOC0054
DEL06479,Vivaan Rastogi,+91 70821 28422,Male,30-07-2025,Contract,Van,LOC0086
DEL06480,Amira Dugar,+91 81655 59713,Male,13-05-2025,Contract,Scooter,LOC0070
DEL06481,Yuvaan Basak,+91 63074 92094,Female,18-02-2024,Contract,Van,LOC0024
DEL06482,Aarav Chaudhry,+91 61017 09565,Male,26-01-2025,Contract,Scooter,LOC0003
DEL06483,Anahita Mani,+91 93661 24080,Male,06-12-2022,Contract,Van,LOC0013
DEL06484,Hazel Batta,+91 61552 84216,Male,16-10-2021,Contract,Bike,LOC0083
DEL06485,Romil Sharaf,+91 78982 24693,Female,28-09-2024,Contract,Bike,LOC0003
DEL06486,Gatik Bansal,+91 61187 45623,Female,24-02-2025,Full-Time,Scooter,LOC0111
DEL06487,Lakshit Dyal,+91 86680 25229,Female,26-07-2025,Contract,EV Bike,LOC0009
DEL06488,Jhanvi Dubey,+91 93543 00940,Female,03-07-2023,Contract,Bike,LOC0053
DEL06489,Amani Srinivas,+91 85982 98282,Female,15-01-2026,Full-Time,EV Bike,LOC0032
DEL06490,Miraya Luthra,+91 78203 40833,Female,22-12-2022,Full-Time,Bike,LOC0113
DEL06491,Vivaan Din,+91 94963 18104,Female,01-09-2024,Full-Time,Van,LOC0092
DEL06492,Kashvi Goel,+91 89783 41409,Male,07-11-2021,Full-Time,EV Bike,LOC0020
DEL06493,Rania Chand,+91 89331 91392,Male,21-05-2022,Contract,EV Bike,LOC0108
DEL06494,Samaira Dhaliwal,+91 69934 88073,Female,09-10-2025,Full-Time,EV Bike,LOC0066
DEL06495,Dhruv Vyas,+91 77698 85588,Female,08-04-2022,Full-Time,EV Bike,LOC0059
DEL06496,Mannat Bahl,+91 99345 81893,Female,08-06-2024,Full-Time,EV Bike,LOC0014
DEL06497,Renee Bera,+91 64682 87616,Female,07-02-2022,Full-Time,EV Bike,LOC0090
DEL06498,Shalv Subramanian,+91 88437 24168,Male,20-04-2023,Contract,Bike,LOC0074
DEL06499,Dharmajan Sathe,+91 69859 11079,Female,21-08-2021,Contract,Scooter,LOC0055
DEL06500,Bhavin Dhingra,+91 72402 86789,Male,02-06-2025,Full-Time,Scooter,LOC0056
DEL06501,Aaryahi Mani,+91 73867 26154,Female,19-01-2025,Contract,Bike,LOC0102
DEL06502,Vardaniya Sastry,+91 69267 34652,Female,15-03-2025,Full-Time,Scooter,LOC0028
DEL06503,Mohanlal Sani,+91 79706 97563,Female,24-03-2026,Contract,EV Bike,LOC0100
DEL06504,Jayesh Shan,+91 73704 19019,Female,17-10-2025,Full-Time,Scooter,LOC0082
DEL06505,Samaira Basu,+91 86107 00256,Male,21-08-2024,Full-Time,EV Bike,LOC0113
DEL06506,Hiran Ramaswamy,+91 82026 74524,Male,04-11-2022,Contract,Van,LOC0016
DEL06507,Aarna Chadha,+91 82127 88608,Male,04-04-2025,Contract,Van,LOC0057
DEL06508,Sumer Bail,+91 85689 05420,Male,21-02-2025,Full-Time,EV Bike,LOC0030
DEL06509,Gatik Dugal,+91 77303 61274,Female,28-08-2023,Contract,Van,LOC0085
DEL06510,Bhavin Chand,+91 76902 62779,Female,22-06-2024,Full-Time,Scooter,LOC0054
DEL06511,Kimaya Arora,+91 94378 19830,Male,29-10-2022,Full-Time,Bike,LOC0055
DEL06512,Tejas Bhakta,+91 88886 63382,Male,28-07-2023,Contract,EV Bike,LOC0050
DEL06513,Sahil Ray,+91 83584 37140,Female,16-04-2024,Contract,Van,LOC0054
DEL06514,Nitara Singh,+91 90474 64947,Female,25-11-2021,Contract,Van,LOC0037
DEL06515,Ivana Datta,+91 72797 14548,Male,16-10-2021,Contract,Scooter,LOC0018
DEL06516,Nitya Amble,+91 62175 42286,Female,31-10-2024,Contract,Scooter,LOC0100
DEL06517,Zain Dey,+91 79472 12861,Male,02-07-2025,Contract,Bike,LOC0057
DEL06518,Vedika Buch,+91 88364 94303,Female,12-12-2023,Full-Time,Van,LOC0049
DEL06519,Sumer Bhattacharyya,+91 74254 94220,Female,31-07-2025,Contract,Van,LOC0068
DEL06520,Nirvaan Gopal,+91 80119 55478,Male,21-06-2022,Full-Time,EV Bike,LOC0111
DEL06521,Kaira Rajan,+91 60343 23322,Male,19-07-2021,Contract,Scooter,LOC0084
DEL06522,Aaryahi Raj,+91 82990 78946,Female,11-03-2026,Full-Time,Bike,LOC0016
DEL06523,Shamik Brahmbhatt,+91 62287 44002,Female,28-09-2021,Contract,Bike,LOC0063
DEL06524,Jayesh Trivedi,+91 63032 31276,Female,16-08-2025,Full-Time,EV Bike,LOC0039
DEL06525,Advik Hayre,+91 74502 60326,Female,11-05-2024,Contract,Scooter,LOC0028
DEL06526,Abram Sarkar,+91 74897 80443,Male,09-09-2025,Full-Time,EV Bike,LOC0033
DEL06527,Dhanush Bera,+91 83786 52511,Male,17-02-2026,Contract,Van,LOC0044
DEL06528,Samiha Manda,+91 86658 03590,Female,17-06-2025,Contract,EV Bike,LOC0079
DEL06529,Siya Agate,+91 72482 21271,Female,21-04-2024,Full-Time,EV Bike,LOC0017
DEL06530,Vritika Biswas,+91 83136 04412,Male,04-04-2022,Contract,EV Bike,LOC0102
DEL06531,Ayesha Soni,+91 65829 47244,Male,24-07-2025,Contract,EV Bike,LOC0091
DEL06532,Neysa Atwal,+91 98276 59972,Female,27-02-2023,Full-Time,Bike,LOC0030
DEL06533,Aarna Ahuja,+91 98935 23385,Female,13-04-2021,Contract,Scooter,LOC0026
DEL06534,Inaaya  Soni,+91 67188 84574,Male,05-01-2025,Full-Time,EV Bike,LOC0112
DEL06535,Tara Sankar,+91 84419 74858,Female,26-03-2022,Contract,Scooter,LOC0022
DEL06536,Vanya Grewal,+91 86322 04779,Female,27-09-2025,Full-Time,Van,LOC0111
DEL06537,Samaira Dalal,+91 80696 78835,Male,03-04-2024,Full-Time,Scooter,LOC0026
DEL06538,Vedika Chana,+91 90059 12586,Female,16-12-2023,Full-Time,Van,LOC0016
DEL06539,Jayan Buch,+91 69725 12982,Male,15-11-2023,Full-Time,EV Bike,LOC0113
DEL06540,Damini Krishnan,+91 91913 89616,Male,30-11-2025,Contract,Bike,LOC0049
DEL06541,Kimaya Kapadia,+91 66111 67643,Female,17-05-2022,Full-Time,Scooter,LOC0071
DEL06542,Indrajit Bath,+91 94213 61785,Male,10-02-2024,Contract,Bike,LOC0054
DEL06543,Shayak Saran,+91 69533 76734,Female,18-08-2023,Contract,EV Bike,LOC0072
DEL06544,Saira Batra,+91 86004 81295,Male,07-04-2024,Full-Time,Scooter,LOC0056
DEL06545,Anika Mani,+91 61418 47757,Female,12-04-2021,Contract,EV Bike,LOC0111
DEL06546,Vardaniya Bhalla,+91 76825 04323,Male,27-01-2024,Contract,Bike,LOC0041
DEL06547,Armaan Basak,+91 86862 60996,Female,02-05-2024,Full-Time,Van,LOC0083
DEL06548,Misha Dasgupta,+91 97119 33388,Female,05-04-2021,Contract,Van,LOC0050
DEL06549,Arnav Kibe,+91 74365 02293,Female,23-03-2023,Full-Time,EV Bike,LOC0082
DEL06550,Mohanlal Mani,+91 84172 05139,Male,12-01-2024,Full-Time,Bike,LOC0028
DEL06551,Armaan Basak,+91 67161 89313,Male,30-08-2024,Contract,Scooter,LOC0077
DEL06552,Myra Thaman,+91 86606 47214,Male,06-05-2023,Full-Time,Scooter,LOC0058
DEL06553,Saanvi Dora,+91 79562 71815,Female,05-05-2024,Full-Time,Van,LOC0005
DEL06554,Nirvaan Borra,+91 64122 03401,Male,25-10-2022,Full-Time,EV Bike,LOC0011
DEL06555,Nehmat Raman,+91 89780 48238,Male,30-09-2022,Contract,Van,LOC0103
DEL06556,Raunak Kanda,+91 98425 42988,Male,09-09-2021,Contract,Bike,LOC0021
DEL06557,Riya Acharya,+91 73384 18260,Female,31-08-2021,Full-Time,Van,LOC0001
DEL06558,Zeeshan Sura,+91 62972 25357,Female,16-04-2022,Contract,EV Bike,LOC0005
DEL06559,Indrans Varghese,+91 78320 62331,Male,08-08-2024,Contract,EV Bike,LOC0076
DEL06560,Shlok Ganguly,+91 97267 99396,Female,07-05-2023,Full-Time,Scooter,LOC0112
DEL06561,Sumer Zachariah,+91 97965 99080,Male,11-07-2021,Full-Time,Van,LOC0011
DEL06562,Neysa Tata,+91 76144 27582,Male,23-06-2025,Contract,Bike,LOC0083
DEL06563,Pranay Bhatt,+91 61023 25670,Female,01-11-2024,Contract,Van,LOC0106
DEL06564,Tara Bhavsar,+91 61421 59498,Female,22-01-2025,Full-Time,Van,LOC0050
DEL06565,Mannat Chandra,+91 75149 35462,Female,06-06-2021,Contract,EV Bike,LOC0096
DEL06566,Abram Talwar,+91 88485 20812,Male,11-02-2022,Full-Time,EV Bike,LOC0015
DEL06567,Shayak Dhingra,+91 88107 22803,Female,26-12-2021,Contract,Van,LOC0079
DEL06568,Neelofar Dash,+91 89583 70263,Male,23-10-2021,Full-Time,EV Bike,LOC0048
DEL06569,Rania Jaggi,+91 81336 79273,Female,02-12-2025,Contract,Bike,LOC0079
DEL06570,Gatik Karpe,+91 84191 09523,Male,20-05-2023,Contract,Van,LOC0001
DEL06571,Tushar Goel,+91 66555 10091,Female,15-07-2023,Full-Time,EV Bike,LOC0072
DEL06572,Ivan Venkatesh,+91 92824 83425,Female,07-12-2022,Full-Time,Van,LOC0031
DEL06573,Gatik Shanker,+91 76629 48112,Female,12-08-2022,Full-Time,Scooter,LOC0041
DEL06574,Anahi Reddy,+91 85201 88674,Male,27-08-2023,Contract,EV Bike,LOC0012
DEL06575,Prerak Rajagopal,+91 82693 30239,Male,02-12-2023,Contract,EV Bike,LOC0064
DEL06576,Aayush Din,+91 99435 24113,Female,21-11-2024,Full-Time,Scooter,LOC0017
DEL06577,Kaira Keer,+91 77932 52002,Female,18-12-2022,Full-Time,Van,LOC0100
DEL06578,Sara Srivastava,+91 88386 43923,Male,07-02-2024,Full-Time,Scooter,LOC0034
DEL06579,Oorja Saxena,+91 60679 21642,Female,29-08-2022,Contract,Van,LOC0013
DEL06580,Yakshit Kibe,+91 88698 57739,Male,11-01-2026,Full-Time,Van,LOC0002
DEL06581,Himmat Gaba,+91 87052 50555,Male,14-10-2025,Contract,Van,LOC0096
DEL06582,Tara Dutt,+91 82800 28028,Female,23-05-2025,Full-Time,Scooter,LOC0074
DEL06583,Anahi Kapoor,+91 63133 98556,Male,13-10-2022,Contract,Bike,LOC0092
DEL06584,Baiju Sarkar,+91 74156 34346,Male,22-11-2023,Contract,Scooter,LOC0070
DEL06585,Romil Ramachandran,+91 77618 12524,Male,18-07-2025,Full-Time,EV Bike,LOC0081
DEL06586,Zain Basu,+91 61046 75619,Male,22-09-2024,Full-Time,Bike,LOC0014
DEL06587,Zeeshan Setty,+91 87626 38746,Female,12-06-2022,Full-Time,Bike,LOC0082
DEL06588,Emir Bava,+91 71674 12717,Female,14-02-2024,Contract,Scooter,LOC0033
DEL06589,Renee Chada,+91 62231 34125,Female,30-03-2026,Contract,Scooter,LOC0042
DEL06590,Nitara Banerjee,+91 72669 42530,Female,13-10-2021,Full-Time,Bike,LOC0049
DEL06591,Adah Amble,+91 71967 24749,Male,09-05-2025,Contract,Scooter,LOC0089
DEL06592,Tiya Kannan,+91 60509 32040,Male,21-11-2024,Contract,Van,LOC0005
DEL06593,Jayesh Devi,+91 96472 81487,Male,03-11-2021,Contract,Van,LOC0058
DEL06594,Yuvaan Basu,+91 85983 24281,Female,20-05-2025,Contract,Bike,LOC0005
DEL06595,Rhea Ben,+91 92765 00455,Male,03-03-2024,Full-Time,Van,LOC0002
DEL06596,Rohan Rastogi,+91 79502 03146,Female,26-03-2023,Contract,Van,LOC0048
DEL06597,Keya Aggarwal,+91 91090 38760,Male,29-12-2021,Contract,Scooter,LOC0060
DEL06598,Darshit Rana,+91 69028 20602,Male,02-12-2024,Contract,EV Bike,LOC0071
DEL06599,Keya Kibe,+91 81207 20653,Male,01-02-2026,Contract,Scooter,LOC0074
DEL06600,Ira Boase,+91 92364 05667,Male,02-04-2022,Full-Time,Van,LOC0056
DEL06601,Jivika Vora,+91 96423 89021,Female,07-09-2025,Full-Time,Bike,LOC0099
DEL06602,Inaaya  Lal,+91 99405 94557,Male,10-10-2024,Full-Time,EV Bike,LOC0014
DEL06603,Saira Sha,+91 74557 36756,Female,20-12-2025,Contract,EV Bike,LOC0018
DEL06604,Urvi Tiwari,+91 63741 64393,Female,21-03-2024,Full-Time,EV Bike,LOC0056
DEL06605,Shayak Dhar,+91 86675 72289,Female,15-12-2022,Full-Time,EV Bike,LOC0085
DEL06606,Chirag Jaggi,+91 84677 77465,Female,06-07-2021,Full-Time,EV Bike,LOC0061
DEL06607,Nitara Sangha,+91 71860 00306,Female,06-07-2024,Contract,Scooter,LOC0080
DEL06608,Madhup Kadakia,+91 80520 84504,Male,30-09-2022,Contract,Bike,LOC0091
DEL06609,Madhav Koshy,+91 80791 51300,Female,22-08-2021,Full-Time,Van,LOC0035
DEL06610,Shalv Varghese,+91 76384 13306,Female,04-12-2022,Full-Time,Scooter,LOC0009
DEL06611,Ishita Deshpande,+91 62216 18769,Female,01-07-2025,Contract,EV Bike,LOC0006
DEL06612,Hridaan Bir,+91 90609 38841,Female,01-04-2021,Contract,Bike,LOC0060
DEL06613,Vidur Baria,+91 86276 81815,Male,01-11-2024,Contract,Scooter,LOC0110
DEL06614,Fateh Dube,+91 80119 63066,Male,21-07-2022,Full-Time,Van,LOC0007
DEL06615,Badal Kala,+91 86538 97985,Female,08-01-2022,Full-Time,Van,LOC0096
DEL06616,Dhruv Chopra,+91 68107 90143,Male,12-04-2021,Contract,Bike,LOC0021
DEL06617,Bhamini Mane,+91 99008 53832,Male,17-03-2026,Full-Time,Scooter,LOC0080
DEL06618,Romil Ramakrishnan,+91 94059 26984,Male,22-08-2022,Full-Time,Van,LOC0073
DEL06619,Abram Koshy,+91 89409 91758,Male,19-07-2022,Full-Time,Van,LOC0047
DEL06620,Ranbir Wason,+91 90802 55401,Male,18-07-2024,Full-Time,Bike,LOC0076
DEL06621,Kiaan Shanker,+91 97577 45503,Male,11-06-2023,Contract,Bike,LOC0102
DEL06622,Miraan Dhawan,+91 80953 11097,Female,17-12-2024,Full-Time,Bike,LOC0033
DEL06623,Armaan Bose,+91 82828 96504,Female,06-12-2024,Full-Time,Bike,LOC0071
DEL06624,Lavanya Taneja,+91 63038 14081,Male,09-01-2022,Full-Time,Van,LOC0092
DEL06625,Samaira Gola,+91 88302 74971,Male,22-10-2024,Full-Time,Bike,LOC0075
DEL06626,Nitara Jhaveri,+91 78967 00394,Male,27-04-2023,Full-Time,EV Bike,LOC0039
DEL06627,Veer Jain,+91 69917 83789,Female,24-01-2025,Contract,Scooter,LOC0055
DEL06628,Alia Hans,+91 69247 46060,Female,31-08-2021,Full-Time,EV Bike,LOC0048
DEL06629,Hrishita Wable,+91 86897 23833,Male,22-11-2022,Contract,Bike,LOC0006
DEL06630,Ishita Loke,+91 94076 27479,Female,22-12-2024,Contract,Scooter,LOC0031
DEL06631,Tara Sodhi,+91 67435 06344,Female,12-12-2025,Full-Time,Van,LOC0077
DEL06632,Yuvaan Kapoor,+91 64157 44274,Male,06-07-2021,Contract,Bike,LOC0022
DEL06633,Kiaan Bal,+91 68094 01649,Female,05-11-2023,Full-Time,Scooter,LOC0032
DEL06634,Rasha De,+91 67546 70861,Male,23-09-2024,Contract,EV Bike,LOC0003
DEL06635,Neelofar Sharma,+91 91814 76411,Male,13-04-2025,Full-Time,EV Bike,LOC0079
DEL06636,Nitya Dhaliwal,+91 90160 13159,Female,12-09-2025,Contract,Bike,LOC0105
DEL06637,Dhanush Dubey,+91 90921 80133,Male,07-07-2025,Contract,EV Bike,LOC0107
DEL06638,Aayush Lall,+91 72804 82316,Male,21-05-2022,Contract,EV Bike,LOC0089
DEL06639,Kiaan Bawa,+91 68212 40455,Female,16-05-2021,Full-Time,Van,LOC0088
DEL06640,Ira Tandon,+91 90453 21912,Female,12-03-2022,Contract,Van,LOC0073
DEL06641,Zoya Bhagat,+91 82626 15722,Female,23-04-2022,Contract,Van,LOC0079
DEL06642,Ritvik Tella,+91 86478 39468,Male,13-09-2022,Contract,Bike,LOC0034
DEL06643,Nitya Korpal,+91 70339 08360,Male,09-10-2023,Contract,Van,LOC0013
DEL06644,Zaina Kunda,+91 60675 63021,Female,20-09-2025,Full-Time,Bike,LOC0026
DEL06645,Riaan Vala,+91 65293 15270,Male,04-05-2025,Full-Time,Scooter,LOC0009
DEL06646,Sara Sandhu,+91 73138 56841,Male,10-01-2024,Full-Time,Van,LOC0075
DEL06647,Neysa Gara,+91 67295 19190,Male,23-01-2023,Full-Time,EV Bike,LOC0022
DEL06648,Elakshi Kuruvilla,+91 74648 74710,Female,28-04-2023,Contract,EV Bike,LOC0094
DEL06649,Sara Sagar,+91 62273 46960,Male,28-11-2024,Full-Time,Van,LOC0078
DEL06650,Miraya Saraf,+91 97768 73280,Female,23-05-2022,Contract,Van,LOC0004
DEL06651,Dharmajan Varghese,+91 82982 47573,Male,25-11-2023,Contract,Scooter,LOC0019
DEL06652,Rati Sama,+91 86915 95295,Male,20-01-2022,Contract,Van,LOC0076
DEL06653,Mehul Sood,+91 89256 02162,Female,23-07-2025,Contract,EV Bike,LOC0102
DEL06654,Shlok Dhar,+91 90689 38703,Female,26-05-2023,Contract,Van,LOC0022
DEL06655,Jayesh Banik,+91 77886 78000,Female,05-01-2024,Contract,Van,LOC0097
DEL06656,Charvi Chaudhari,+91 97475 63318,Female,10-04-2024,Full-Time,Scooter,LOC0058
DEL06657,Zara Dugar,+91 95027 53127,Male,18-08-2025,Contract,Bike,LOC0025
DEL06658,Shayak Deshpande,+91 63384 50237,Female,07-07-2023,Contract,Van,LOC0062
DEL06659,Riaan Sule,+91 73242 84451,Male,11-04-2023,Contract,Scooter,LOC0067
DEL06660,Arhaan Acharya,+91 96755 41613,Female,24-07-2023,Contract,Scooter,LOC0028
DEL06661,Jivin Badami,+91 63609 19692,Female,23-02-2022,Contract,EV Bike,LOC0079
DEL06662,Ishaan Bail,+91 83586 69879,Male,13-12-2022,Contract,Bike,LOC0106
DEL06663,Misha Lata,+91 83353 89749,Male,04-09-2021,Contract,Van,LOC0065
DEL06664,Shanaya Chand,+91 76700 20483,Male,14-11-2021,Full-Time,Scooter,LOC0044
DEL06665,Hansh Grover,+91 60598 84077,Male,05-01-2026,Contract,Scooter,LOC0022
DEL06666,Sumer Kapadia,+91 66929 02331,Male,06-10-2021,Full-Time,EV Bike,LOC0073
DEL06667,Vaibhav Suri,+91 75356 47844,Male,18-12-2021,Full-Time,Van,LOC0057
DEL06668,Vivaan Chaudhary,+91 64121 66183,Female,07-03-2025,Contract,Scooter,LOC0008
DEL06669,Yakshit Raj,+91 60569 64235,Male,07-05-2021,Full-Time,Bike,LOC0105
DEL06670,Trisha Shetty,+91 91720 16788,Female,31-01-2024,Full-Time,Van,LOC0090
DEL06671,Anika Saxena,+91 69742 20970,Male,17-04-2021,Contract,Van,LOC0045
DEL06672,Jayesh Saraf,+91 82719 06015,Male,23-12-2025,Full-Time,EV Bike,LOC0085
DEL06673,Tarini Sane,+91 63660 47760,Male,12-10-2024,Contract,EV Bike,LOC0092
DEL06674,Hridaan Sastry,+91 82796 49983,Female,01-10-2024,Contract,Van,LOC0050
DEL06675,Shamik Dhar,+91 68483 23258,Female,06-12-2021,Contract,EV Bike,LOC0024
DEL06676,Seher Yogi,+91 99123 26974,Male,12-11-2023,Contract,Bike,LOC0101
DEL06677,Manikya Sandal,+91 91012 37768,Male,04-03-2023,Full-Time,EV Bike,LOC0104
DEL06678,Indrans Sandal,+91 96071 91413,Female,11-10-2024,Contract,Scooter,LOC0038
DEL06679,Bhamini Bhardwaj,+91 65742 54454,Female,05-07-2024,Contract,Scooter,LOC0092
DEL06680,Rohan Suresh,+91 70404 77396,Male,19-08-2023,Contract,Van,LOC0078
DEL06681,Ishita Korpal,+91 61771 98674,Male,14-02-2024,Contract,EV Bike,LOC0009
DEL06682,Indrajit Batta,+91 79230 16928,Male,07-03-2026,Contract,Bike,LOC0103
DEL06683,Vihaan Bhattacharyya,+91 97731 76154,Male,02-08-2021,Contract,EV Bike,LOC0040
DEL06684,Shamik Sem,+91 80127 83185,Female,08-03-2024,Contract,EV Bike,LOC0085
DEL06685,Anay Vig,+91 95994 36763,Male,17-06-2023,Full-Time,Scooter,LOC0079
DEL06686,Dharmajan Kashyap,+91 60439 22983,Female,08-12-2022,Contract,Bike,LOC0044
DEL06687,Bhamini Joshi,+91 67885 57130,Female,06-04-2021,Contract,Bike,LOC0110
DEL06688,Myra Dara,+91 61345 96054,Female,25-12-2023,Contract,Van,LOC0020
DEL06689,Baiju Bora,+91 71786 19844,Female,19-11-2025,Contract,Bike,LOC0092
DEL06690,Prerak Mahajan,+91 73268 89720,Male,16-02-2023,Full-Time,Scooter,LOC0062
DEL06691,Veer Dani,+91 75519 88905,Male,01-09-2024,Contract,Bike,LOC0064
DEL06692,Indranil Tata,+91 60794 55228,Female,08-11-2023,Full-Time,Scooter,LOC0105
DEL06693,Azad Zacharia,+91 97690 43448,Male,07-09-2021,Full-Time,Van,LOC0108
DEL06694,Ryan Maharaj,+91 86751 87711,Female,06-11-2024,Full-Time,EV Bike,LOC0014
DEL06695,Aarush D’Alia,+91 90165 37301,Female,11-05-2023,Contract,Bike,LOC0093
DEL06696,Tarini Madan,+91 90671 09736,Male,11-12-2023,Contract,Van,LOC0063
DEL06697,Nakul Tella,+91 66976 40617,Male,28-07-2024,Full-Time,Scooter,LOC0019
DEL06698,Anahi Mand,+91 95191 88213,Male,16-10-2023,Contract,EV Bike,LOC0006
DEL06699,Romil Desai,+91 80276 24982,Male,18-08-2025,Full-Time,Van,LOC0030
DEL06700,Nirvaan Dhar,+91 71578 80403,Female,16-04-2021,Full-Time,Bike,LOC0001
DEL06701,Gokul Mammen,+91 60245 00656,Male,23-01-2026,Contract,Scooter,LOC0083
DEL06702,Heer Hayre,+91 74704 39061,Male,08-01-2024,Contract,EV Bike,LOC0064
DEL06703,Vedika Mandal,+91 79336 85536,Male,22-05-2025,Full-Time,Van,LOC0080
DEL06704,Advik Dutta,+91 76509 36065,Female,20-11-2022,Full-Time,EV Bike,LOC0076
DEL06705,Alisha Shere,+91 97845 25192,Male,14-08-2025,Contract,Scooter,LOC0104
DEL06706,Yuvraj  Master,+91 97536 68869,Male,18-01-2024,Full-Time,Van,LOC0087
DEL06707,Shray Sanghvi,+91 98845 75819,Male,11-12-2025,Full-Time,Van,LOC0089
DEL06708,Amira Bajwa,+91 99404 30504,Male,05-09-2021,Contract,Bike,LOC0041
DEL06709,Uthkarsh Cheema,+91 65576 09578,Male,04-03-2026,Contract,Scooter,LOC0069
DEL06710,Saksham Deo,+91 69009 93042,Female,08-05-2021,Full-Time,Scooter,LOC0015
DEL06711,Sana Agrawal,+91 92132 02840,Female,13-04-2021,Full-Time,Bike,LOC0036
DEL06712,Kaira Wagle,+91 71873 16761,Female,12-08-2023,Contract,Bike,LOC0004
DEL06713,Ryan Datta,+91 78771 93916,Female,08-10-2021,Full-Time,Scooter,LOC0069
DEL06714,Vritika Dutt,+91 94944 73547,Male,27-09-2023,Full-Time,EV Bike,LOC0014
DEL06715,Indrans Rajagopal,+91 86985 68327,Female,21-01-2022,Full-Time,Bike,LOC0107
DEL06716,Indrajit Golla,+91 84188 17112,Male,07-12-2022,Full-Time,Bike,LOC0075
DEL06717,Onkar Balan,+91 94743 81038,Female,30-08-2022,Full-Time,Bike,LOC0065
DEL06718,Drishya Tank,+91 89296 53421,Female,13-05-2025,Full-Time,Bike,LOC0015
DEL06719,Jivika Rao,+91 89310 89579,Male,28-05-2021,Full-Time,Van,LOC0022
DEL06720,Ahana  Sarin,+91 93214 02754,Female,14-03-2023,Full-Time,Van,LOC0029
DEL06721,Ryan Deshmukh,+91 62382 19767,Female,07-07-2024,Full-Time,Bike,LOC0022
DEL06722,Samaira Rajagopal,+91 99040 77002,Male,06-03-2022,Contract,EV Bike,LOC0099
DEL06723,Manjari Keer,+91 67540 17553,Male,07-02-2022,Contract,Bike,LOC0033
DEL06724,Dhanush Biswas,+91 98252 09332,Female,27-10-2023,Full-Time,EV Bike,LOC0093
DEL06725,Mannat Ramesh,+91 91249 43138,Male,25-08-2021,Contract,EV Bike,LOC0075
DEL06726,Divyansh Chaudhari,+91 76873 67556,Male,09-11-2024,Contract,Van,LOC0013
DEL06727,Jivin Ben,+91 60155 82786,Male,23-11-2023,Full-Time,EV Bike,LOC0068
DEL06728,Adah Chakrabarti,+91 66501 14392,Male,02-12-2022,Full-Time,Scooter,LOC0062
DEL06729,Vedika Maharaj,+91 78912 14184,Male,07-05-2021,Contract,EV Bike,LOC0096
DEL06730,Alisha Bhalla,+91 92842 24534,Female,11-02-2022,Contract,Scooter,LOC0026
DEL06731,Hazel Kalita,+91 69771 92993,Male,31-10-2023,Full-Time,Bike,LOC0042
DEL06732,Arhaan Jayaraman,+91 84873 55990,Female,05-07-2022,Full-Time,EV Bike,LOC0044
DEL06733,Ahana  Seshadri,+91 80713 18501,Female,21-09-2021,Full-Time,Scooter,LOC0092
DEL06734,Urvi Dua,+91 99956 92067,Male,12-12-2025,Contract,Van,LOC0003
DEL06735,Ritvik Sanghvi,+91 82595 86386,Female,26-09-2025,Full-Time,Scooter,LOC0033
DEL06736,Zaina Varty,+91 86168 14542,Male,06-06-2024,Contract,EV Bike,LOC0073
DEL06737,Sahil Garde,+91 96279 75109,Male,17-07-2022,Contract,Scooter,LOC0010
DEL06738,Shlok Solanki,+91 68064 96105,Male,19-07-2023,Full-Time,Scooter,LOC0109
DEL06739,Eshani Kannan,+91 74142 78560,Male,27-05-2022,Contract,Bike,LOC0074
DEL06740,Mehul Bera,+91 93633 27524,Male,31-10-2023,Contract,Bike,LOC0085
DEL06741,Kashvi Kunda,+91 60226 64140,Female,07-03-2022,Full-Time,Van,LOC0065
DEL06742,Neelofar Sama,+91 94576 56783,Male,26-03-2024,Full-Time,Scooter,LOC0108
DEL06743,Parinaaz Gour,+91 70817 61504,Male,14-01-2022,Contract,Van,LOC0010
DEL06744,Yuvraj  Chaudhari,+91 65409 61321,Male,19-05-2023,Full-Time,Bike,LOC0098
DEL06745,Gatik Dhar,+91 76064 56078,Female,18-12-2023,Full-Time,Van,LOC0049
DEL06746,Adah Sama,+91 77055 05530,Female,10-10-2023,Full-Time,Scooter,LOC0018
DEL06747,Saanvi Hora,+91 97755 66093,Male,20-09-2021,Full-Time,Scooter,LOC0093
DEL06748,Aayush Trivedi,+91 86943 79375,Male,26-10-2023,Full-Time,Van,LOC0055
DEL06749,Kiaan Sami,+91 89100 56767,Female,09-01-2024,Contract,Scooter,LOC0079
DEL06750,Eva Bhatia,+91 84199 40785,Female,19-03-2023,Full-Time,Bike,LOC0111
DEL06751,Khushi Batra,+91 60920 61335,Male,30-04-2022,Full-Time,Bike,LOC0046
DEL06752,Vanya Cherian,+91 76646 52037,Male,07-07-2022,Contract,EV Bike,LOC0017
DEL06753,Ishaan Bora,+91 72952 46716,Male,26-07-2021,Contract,Van,LOC0061
DEL06754,Alisha Gandhi,+91 74059 53475,Female,24-02-2026,Full-Time,Van,LOC0006
DEL06755,Romil Singh,+91 75026 42270,Male,27-06-2023,Full-Time,Van,LOC0076
DEL06756,Keya Bal,+91 72055 00110,Male,29-09-2022,Full-Time,Bike,LOC0029
DEL06757,Divyansh Dey,+91 85652 01969,Male,04-04-2022,Contract,Scooter,LOC0088
DEL06758,Tara Rout,+91 86086 99341,Female,21-06-2023,Full-Time,Scooter,LOC0046
DEL06759,Jiya Varughese,+91 76016 45979,Male,14-09-2021,Full-Time,Van,LOC0112
DEL06760,Aaryahi Comar,+91 73975 87826,Female,01-10-2021,Full-Time,Van,LOC0064
DEL06761,Kiaan Shankar,+91 99425 08352,Male,28-08-2023,Contract,Van,LOC0082
DEL06762,Dhanuk Kalla,+91 77293 16123,Female,15-06-2022,Full-Time,Bike,LOC0088
DEL06763,Jivika Sekhon,+91 94499 54818,Female,25-10-2024,Contract,EV Bike,LOC0008
DEL06764,Kiaan Jha,+91 86291 77325,Female,20-06-2023,Contract,EV Bike,LOC0039
DEL06765,Kimaya Tandon,+91 67176 35796,Male,06-03-2022,Contract,Van,LOC0108
DEL06766,Vidur Khalsa,+91 98799 04348,Female,12-12-2025,Full-Time,Van,LOC0108
DEL06767,Anay Chana,+91 67189 34328,Male,19-05-2023,Contract,EV Bike,LOC0094
DEL06768,Alisha Ganesan,+91 83752 85759,Female,06-10-2024,Full-Time,Scooter,LOC0008
DEL06769,Rasha Deshpande,+91 90971 29091,Female,24-06-2021,Full-Time,Bike,LOC0012
DEL06770,Aarna Bhandari,+91 95415 28396,Male,14-07-2022,Full-Time,Bike,LOC0090
DEL06771,Samarth Jha,+91 82047 20432,Female,14-08-2023,Contract,Bike,LOC0014
DEL06772,Rati Uppal,+91 96601 87757,Female,01-10-2021,Full-Time,EV Bike,LOC0001
DEL06773,Hiran Kota,+91 85998 61963,Female,15-08-2025,Contract,EV Bike,LOC0108
DEL06774,Yakshit Bhatnagar,+91 65011 71337,Female,30-01-2024,Contract,Scooter,LOC0013
DEL06775,Madhav Kant,+91 95897 50000,Female,13-08-2025,Full-Time,EV Bike,LOC0094
DEL06776,Kabir Agate,+91 83301 73387,Male,12-08-2023,Contract,Bike,LOC0022
DEL06777,Arhaan Varma,+91 95964 36399,Male,13-06-2022,Full-Time,Van,LOC0002
DEL06778,Vritika Buch,+91 81897 84670,Male,25-05-2021,Contract,EV Bike,LOC0055
DEL06779,Riaan Raman,+91 82885 46806,Female,30-09-2021,Contract,Van,LOC0062
DEL06780,Vihaan Johal,+91 64548 39062,Female,21-05-2025,Contract,EV Bike,LOC0024
DEL06781,Keya Taneja,+91 86329 80183,Female,13-02-2022,Full-Time,Scooter,LOC0096
DEL06782,Renee Varughese,+91 67450 23248,Male,07-04-2023,Full-Time,Bike,LOC0096
DEL06783,Armaan Tailor,+91 80486 54800,Female,20-04-2024,Contract,Bike,LOC0014
DEL06784,Samiha Dani,+91 94306 03909,Female,23-11-2025,Full-Time,EV Bike,LOC0056
DEL06785,Keya Chahal,+91 61267 69379,Male,03-06-2023,Contract,Bike,LOC0026
DEL06786,Nirvaan Khare,+91 91973 53678,Female,17-04-2022,Full-Time,Scooter,LOC0067
DEL06787,Himmat Suresh,+91 89073 14226,Male,15-05-2021,Full-Time,Van,LOC0049
DEL06788,Kartik Bora,+91 65782 67925,Male,18-09-2022,Contract,Scooter,LOC0045
DEL06789,Stuvan Lal,+91 70843 64313,Male,31-12-2025,Contract,Van,LOC0071
DEL06790,Yakshit Maharaj,+91 60816 78469,Male,18-07-2024,Full-Time,Bike,LOC0078
DEL06791,Renee Gola,+91 75600 30503,Female,15-10-2024,Contract,Bike,LOC0022
DEL06792,Hrishita Warrior,+91 91573 69505,Female,19-02-2025,Contract,Bike,LOC0074
DEL06793,Oorja Bail,+91 95192 56056,Male,04-06-2024,Full-Time,Scooter,LOC0028
DEL06794,Kartik Walia,+91 64205 74744,Male,07-11-2024,Full-Time,Scooter,LOC0101
DEL06795,Eva Garg,+91 95283 04765,Male,12-09-2021,Contract,EV Bike,LOC0103
DEL06796,Hrishita Raj,+91 70926 79966,Male,12-10-2022,Full-Time,EV Bike,LOC0091
DEL06797,Bhamini Deol,+91 87007 62841,Male,23-06-2024,Full-Time,Bike,LOC0057
DEL06798,Lakshit Mallick,+91 79439 48075,Male,05-09-2022,Contract,EV Bike,LOC0020
DEL06799,Charvi Anne,+91 74423 87692,Male,07-01-2025,Full-Time,Scooter,LOC0035
DEL06800,Armaan Talwar,+91 80269 00269,Male,31-03-2023,Contract,Bike,LOC0110
DEL06801,Yasmin Bains,+91 88226 79762,Female,23-03-2023,Full-Time,Bike,LOC0040
DEL06802,Jayant Luthra,+91 80393 67235,Female,29-08-2021,Full-Time,Scooter,LOC0004
DEL06803,Hazel Char,+91 71204 20337,Male,20-09-2023,Contract,Bike,LOC0061
DEL06804,Hiran Chakrabarti,+91 90615 93708,Male,20-07-2024,Contract,EV Bike,LOC0014
DEL06805,Ojas Hayre,+91 95859 70628,Female,28-10-2024,Contract,Van,LOC0037
DEL06806,Kavya Ramachandran,+91 98520 88171,Male,28-10-2022,Contract,Scooter,LOC0035
DEL06807,Farhan Sandhu,+91 61915 17972,Female,01-02-2025,Contract,Bike,LOC0047
DEL06808,Samaira Sheth,+91 90281 31418,Female,23-07-2023,Contract,EV Bike,LOC0043
DEL06809,Sumer Biswas,+91 75688 32247,Female,13-04-2024,Full-Time,Scooter,LOC0004
DEL06810,Anahita Krishnan,+91 66254 40610,Male,22-10-2021,Full-Time,Van,LOC0014
DEL06811,Rati Grewal,+91 64200 75725,Female,29-08-2024,Full-Time,Scooter,LOC0045
DEL06812,Riya Din,+91 76935 42260,Female,13-02-2022,Contract,Scooter,LOC0045
DEL06813,Krish Choudhry,+91 94099 91281,Female,07-08-2025,Full-Time,Van,LOC0061
DEL06814,Hunar Deshpande,+91 87071 01640,Female,19-12-2021,Full-Time,EV Bike,LOC0036
DEL06815,Nishith Gour,+91 92737 37162,Male,04-11-2025,Contract,Van,LOC0088
DEL06816,Ayesha Chaudhari,+91 96437 96216,Male,09-03-2026,Full-Time,EV Bike,LOC0030
DEL06817,Armaan Ratti,+91 70915 75333,Male,30-10-2021,Contract,Van,LOC0069
DEL06818,Hridaan Majumdar,+91 85721 47427,Female,04-02-2023,Full-Time,Bike,LOC0023
DEL06819,Azad Bhatt,+91 78636 04917,Male,07-01-2024,Full-Time,Scooter,LOC0039
DEL06820,Vidur Kurian,+91 99924 33167,Female,09-06-2022,Full-Time,Van,LOC0004
DEL06821,Pari Sidhu,+91 80249 59623,Male,17-08-2022,Contract,Scooter,LOC0111
DEL06822,Kabir Trivedi,+91 82764 76032,Female,20-08-2025,Full-Time,EV Bike,LOC0102
DEL06823,Mishti Kapadia,+91 64685 36774,Female,26-06-2021,Contract,Van,LOC0007
DEL06824,Darshit Char,+91 85023 49738,Male,23-05-2023,Full-Time,EV Bike,LOC0034
DEL06825,Vihaan Hegde,+91 63653 17169,Female,12-04-2021,Contract,Scooter,LOC0038
DEL06826,Faiyaz Vyas,+91 76869 06433,Female,23-03-2025,Contract,EV Bike,LOC0072
DEL06827,Samarth Balakrishnan,+91 78419 02578,Male,16-10-2022,Full-Time,Bike,LOC0055
DEL06828,Prisha Salvi,+91 80203 73292,Female,16-04-2021,Full-Time,Van,LOC0028
DEL06829,Pari Swamy,+91 83611 47824,Male,26-01-2026,Contract,Bike,LOC0071
DEL06830,Urvi Tata,+91 73589 77096,Male,15-02-2025,Full-Time,Van,LOC0105
DEL06831,Zain Bhat,+91 94465 74817,Female,09-05-2023,Contract,Scooter,LOC0080
DEL06832,Mohanlal Khanna,+91 89395 94779,Male,30-10-2024,Contract,Van,LOC0068
DEL06833,Ehsaan Devan,+91 87747 91666,Female,23-06-2022,Contract,Bike,LOC0013
DEL06834,Mannat Kapoor,+91 75512 10990,Male,23-09-2021,Contract,Van,LOC0027
DEL06835,Sara Gara,+91 69665 17021,Male,10-02-2025,Contract,Van,LOC0019
DEL06836,Neelofar Kapoor,+91 65109 23631,Male,04-05-2022,Full-Time,Bike,LOC0029
DEL06837,Saira Bhavsar,+91 67322 42942,Male,07-12-2025,Full-Time,Bike,LOC0084
DEL06838,Shray Choudhary,+91 83020 92695,Female,22-06-2024,Contract,Van,LOC0023
DEL06839,Anvi Wable,+91 76257 82330,Male,19-06-2022,Full-Time,Van,LOC0018
DEL06840,Siya Sem,+91 89297 11112,Female,10-11-2024,Full-Time,Bike,LOC0024
DEL06841,Tejas Kapoor,+91 84377 49533,Female,19-01-2026,Contract,EV Bike,LOC0087
DEL06842,Bhamini Bhasin,+91 91917 27751,Female,10-07-2025,Full-Time,EV Bike,LOC0065
DEL06843,Mehul Din,+91 65564 96376,Male,14-02-2022,Contract,EV Bike,LOC0108
DEL06844,Shray Dhillon,+91 80578 76528,Female,14-07-2024,Full-Time,Van,LOC0074
DEL06845,Anya Basu,+91 91011 87750,Male,10-04-2024,Full-Time,Van,LOC0049
DEL06846,Baiju Madan,+91 78972 06238,Female,16-10-2021,Full-Time,Scooter,LOC0048
DEL06847,Taimur Batta,+91 98402 79269,Male,27-05-2021,Contract,Scooter,LOC0105
DEL06848,Lakshay Andra,+91 79348 48951,Female,19-04-2023,Full-Time,Van,LOC0077
DEL06849,Rhea Cherian,+91 91752 21348,Male,06-07-2025,Full-Time,EV Bike,LOC0049
DEL06850,Ivana Anne,+91 64532 04747,Female,06-06-2022,Full-Time,Van,LOC0041
DEL06851,Kavya Kari,+91 73606 39815,Female,15-02-2026,Full-Time,EV Bike,LOC0085
DEL06852,Pranay Kohli,+91 72825 72260,Female,15-05-2021,Full-Time,Van,LOC0074
DEL06853,Aradhya Singhal,+91 75412 24018,Male,05-07-2024,Contract,Bike,LOC0104
DEL06854,Hiran Bandi,+91 98411 60201,Male,28-12-2021,Contract,Scooter,LOC0102
DEL06855,Umang Sule,+91 82582 50449,Female,28-08-2025,Contract,Van,LOC0062
DEL06856,Aarush Bains,+91 94800 09590,Male,05-09-2021,Full-Time,Scooter,LOC0022
DEL06857,Yasmin Swaminathan,+91 86536 34604,Female,22-01-2025,Contract,Van,LOC0093
DEL06858,Sumer Behl,+91 93140 62969,Female,18-01-2023,Full-Time,EV Bike,LOC0061
DEL06859,Dhanush Madan,+91 83398 08293,Female,29-11-2023,Full-Time,Bike,LOC0047
DEL06860,Arhaan Bhatt,+91 68076 72735,Male,14-02-2025,Contract,Bike,LOC0003
DEL06861,Tanya Barad,+91 84968 31958,Female,18-03-2024,Contract,Scooter,LOC0023
DEL06862,Renee Sahota,+91 95950 89796,Male,27-10-2023,Contract,Scooter,LOC0048
DEL06863,Bhamini Sachdev,+91 77691 56701,Female,27-01-2022,Full-Time,Bike,LOC0038
DEL06864,Gokul Bassi,+91 91423 96043,Male,16-09-2021,Contract,EV Bike,LOC0093
DEL06865,Seher Sundaram,+91 86079 04708,Male,10-11-2024,Full-Time,EV Bike,LOC0062
DEL06866,Trisha Chadha,+91 75529 55499,Male,16-10-2022,Full-Time,Van,LOC0007
DEL06867,Hunar Randhawa,+91 93380 06940,Male,05-01-2026,Full-Time,Scooter,LOC0087
DEL06868,Dishani Chaudhari,+91 94131 92769,Female,24-05-2025,Full-Time,Scooter,LOC0034
DEL06869,Aaina Mall,+91 66399 60426,Male,22-06-2025,Full-Time,Bike,LOC0055
DEL06870,Dhanuk Ramachandran,+91 87720 63524,Female,06-11-2025,Full-Time,Van,LOC0032
DEL06871,Aaryahi Wable,+91 64498 87873,Male,11-12-2023,Contract,Van,LOC0101
DEL06872,Rania Das,+91 76527 05924,Male,14-04-2022,Contract,EV Bike,LOC0037
DEL06873,Anay Handa,+91 72836 65657,Female,24-02-2024,Contract,EV Bike,LOC0022
DEL06874,Vardaniya Viswanathan,+91 66643 99722,Male,12-04-2025,Full-Time,Scooter,LOC0024
DEL06875,Dhruv Shankar,+91 62621 61292,Female,31-08-2025,Contract,Bike,LOC0012
DEL06876,Keya Joshi,+91 95600 28321,Male,10-09-2021,Full-Time,Bike,LOC0091
DEL06877,Yasmin Karan,+91 86019 10914,Male,24-11-2025,Full-Time,Van,LOC0067
DEL06878,Keya Sami,+91 75010 12691,Female,15-07-2024,Contract,EV Bike,LOC0050
DEL06879,Khushi Bhargava,+91 79309 78778,Male,24-09-2022,Contract,EV Bike,LOC0112
DEL06880,Nirvi Buch,+91 76363 97566,Male,06-11-2021,Full-Time,Scooter,LOC0112
DEL06881,Nitya Bail,+91 87822 18208,Male,15-11-2021,Full-Time,Bike,LOC0007
DEL06882,Kabir Subramanian,+91 73742 68672,Male,22-07-2024,Contract,Scooter,LOC0075
DEL06883,Mannat Ratta,+91 61761 42385,Male,13-09-2025,Full-Time,EV Bike,LOC0070
DEL06884,Aarav Baria,+91 69735 12893,Female,07-02-2025,Contract,Van,LOC0105
DEL06885,Shamik Chhabra,+91 64841 75769,Female,12-08-2023,Full-Time,EV Bike,LOC0076
DEL06886,Ira Shenoy,+91 80545 44271,Female,04-04-2023,Contract,EV Bike,LOC0082
DEL06887,Jivin Singhal,+91 89919 95007,Female,02-09-2021,Contract,Bike,LOC0038
DEL06888,Neysa Deep,+91 60543 35105,Female,25-02-2025,Contract,Bike,LOC0073
DEL06889,Tushar Dass,+91 86269 96376,Female,22-07-2025,Contract,Bike,LOC0108
DEL06890,Zain Deshmukh,+91 95195 47287,Male,02-09-2021,Contract,Van,LOC0054
DEL06891,Alisha Salvi,+91 82350 65360,Female,11-07-2025,Contract,Scooter,LOC0044
DEL06892,Navya Uppal,+91 69682 23196,Male,26-09-2025,Full-Time,Bike,LOC0012
DEL06893,Navya Bora,+91 77378 25575,Male,06-08-2024,Full-Time,Van,LOC0065
DEL06894,Jayant Mangat,+91 96672 52389,Female,29-08-2023,Full-Time,Van,LOC0093
DEL06895,Tarini Dhaliwal,+91 66801 24281,Male,09-07-2021,Contract,Van,LOC0040
DEL06896,Charvi Warrior,+91 78579 77995,Male,11-08-2022,Contract,Bike,LOC0016
DEL06897,Mohanlal Sarma,+91 78611 43788,Female,31-01-2024,Full-Time,Bike,LOC0101
DEL06898,Sumer Chanda,+91 75468 07644,Female,20-08-2023,Contract,EV Bike,LOC0108
DEL06899,Miraya Gill,+91 97065 66019,Female,29-05-2022,Contract,Van,LOC0093
DEL06900,Trisha Thaman,+91 99081 01114,Male,29-07-2025,Contract,Bike,LOC0061
DEL06901,Charvi Wali,+91 78597 84028,Female,31-10-2025,Contract,Bike,LOC0081
DEL06902,Bhavin Gera,+91 81621 98731,Male,02-12-2022,Full-Time,EV Bike,LOC0040
DEL06903,Ojas Kalla,+91 99844 64798,Female,27-09-2022,Contract,Scooter,LOC0031
DEL06904,Kashvi Trivedi,+91 85014 53565,Male,09-11-2021,Full-Time,Van,LOC0030
DEL06905,Adira Arya,+91 71481 58239,Male,27-02-2026,Full-Time,Van,LOC0037
DEL06906,Alia D’Alia,+91 95160 25943,Female,12-11-2024,Full-Time,EV Bike,LOC0060
DEL06907,Mahika Talwar,+91 98705 32824,Female,24-09-2021,Contract,Van,LOC0049
DEL06908,Badal Wagle,+91 86248 40667,Female,27-07-2024,Contract,Scooter,LOC0066
DEL06909,Taimur Saini,+91 77075 98573,Male,01-02-2024,Contract,Scooter,LOC0099
DEL06910,Rati Karan,+91 67480 44925,Female,19-05-2022,Contract,EV Bike,LOC0007
DEL06911,Rasha Bora,+91 75600 94801,Female,10-02-2025,Full-Time,Bike,LOC0019
DEL06912,Jivika Thaker,+91 69750 61149,Female,01-08-2022,Contract,Scooter,LOC0028
DEL06913,Nitara Choudhry,+91 71237 82868,Female,03-02-2026,Full-Time,Bike,LOC0037
DEL06914,Kashvi Sengupta,+91 64967 30225,Male,24-05-2023,Full-Time,Bike,LOC0021
DEL06915,Devansh Cherian,+91 91743 60335,Female,18-06-2024,Contract,Scooter,LOC0113
DEL06916,Tushar Bhatnagar,+91 87039 43646,Female,08-06-2024,Full-Time,Bike,LOC0110
DEL06917,Jivin Sharaf,+91 65115 64890,Male,07-08-2021,Full-Time,EV Bike,LOC0093
DEL06918,Alia Tata,+91 88416 32975,Male,29-10-2022,Full-Time,EV Bike,LOC0019
DEL06919,Azad Baral,+91 78955 02977,Male,15-02-2026,Contract,Bike,LOC0017
DEL06920,Mannat Guha,+91 64557 71986,Female,15-12-2021,Contract,Scooter,LOC0033
DEL06921,Yuvaan Chad,+91 95907 90746,Female,08-04-2024,Contract,Van,LOC0112
DEL06922,Ishaan Chakrabarti,+91 96659 34128,Male,12-03-2023,Contract,EV Bike,LOC0003
DEL06923,Yuvraj  Jhaveri,+91 74048 58516,Male,14-02-2025,Full-Time,Scooter,LOC0045
DEL06924,Saira Mandal,+91 65482 32219,Male,25-04-2022,Contract,Scooter,LOC0107
DEL06925,Nakul Dixit,+91 89122 68301,Female,10-09-2023,Full-Time,EV Bike,LOC0045
DEL06926,Pari Loyal,+91 61493 01023,Male,28-06-2025,Full-Time,EV Bike,LOC0032
DEL06927,Jayesh Ramaswamy,+91 90168 07969,Female,25-02-2023,Contract,EV Bike,LOC0060
DEL06928,Mannat Boase,+91 92285 32784,Female,24-06-2024,Full-Time,Scooter,LOC0009
DEL06929,Kashvi Chada,+91 99406 57594,Male,22-08-2021,Contract,Van,LOC0046
DEL06930,Baiju Chaudhari,+91 90476 15915,Male,08-09-2025,Full-Time,EV Bike,LOC0048
DEL06931,Mahika Venkatesh,+91 94698 38235,Female,29-06-2022,Full-Time,EV Bike,LOC0023
DEL06932,Ayesha Venkataraman,+91 99855 26017,Male,01-01-2022,Contract,Bike,LOC0084
DEL06933,Vedika Srinivasan,+91 89929 11392,Female,15-09-2021,Contract,Van,LOC0110
DEL06934,Divit Srivastava,+91 63258 79905,Female,28-05-2024,Contract,Scooter,LOC0028
DEL06935,Aaryahi Bansal,+91 79256 53923,Female,20-08-2022,Full-Time,Scooter,LOC0056
DEL06936,Armaan Dhar,+91 96078 14104,Female,06-08-2023,Full-Time,EV Bike,LOC0061
DEL06937,Parinaaz Taneja,+91 61118 89101,Female,07-05-2021,Contract,Scooter,LOC0010
DEL06938,Nitara Bajwa,+91 62305 21326,Female,11-10-2023,Contract,EV Bike,LOC0021
DEL06939,Taran Dar,+91 93525 27462,Male,09-10-2022,Full-Time,Scooter,LOC0111
DEL06940,Bhamini D’Alia,+91 76122 02844,Male,27-04-2025,Contract,EV Bike,LOC0040
DEL06941,Manjari Bobal,+91 65022 52382,Female,17-01-2025,Contract,Bike,LOC0011
DEL06942,Kanav Suresh,+91 74612 98877,Male,16-03-2024,Full-Time,EV Bike,LOC0011
DEL06943,Rhea Swamy,+91 92190 62905,Male,10-12-2022,Full-Time,Bike,LOC0027
DEL06944,Yakshit Balasubramanian,+91 61873 56964,Male,13-08-2022,Contract,Van,LOC0090
DEL06945,Shray Kalla,+91 64444 37270,Female,01-01-2025,Full-Time,EV Bike,LOC0029
DEL06946,Hazel Khosla,+91 68582 61746,Male,05-06-2024,Full-Time,Bike,LOC0050
DEL06947,Nitya Goyal,+91 89015 04066,Female,27-06-2025,Contract,Bike,LOC0105
DEL06948,Tanya Majumdar,+91 81441 86702,Male,08-04-2021,Full-Time,EV Bike,LOC0080
DEL06949,Pihu Khare,+91 72314 66694,Female,01-04-2021,Contract,Scooter,LOC0001
DEL06950,Indrajit Chana,+91 94347 40553,Female,01-05-2022,Contract,Scooter,LOC0035
DEL06951,Raunak Bakshi,+91 74208 15897,Female,16-02-2024,Contract,Bike,LOC0080
DEL06952,Ela Loke,+91 74588 12710,Female,01-01-2024,Full-Time,Bike,LOC0058
DEL06953,Lagan Bala,+91 74239 49991,Male,13-07-2022,Full-Time,EV Bike,LOC0005
DEL06954,Anvi Batta,+91 67161 14818,Male,01-04-2021,Contract,Van,LOC0102
DEL06955,Taran Viswanathan,+91 72342 57479,Female,15-09-2022,Contract,Van,LOC0035
DEL06956,Abram Chand,+91 72283 57439,Male,21-02-2024,Full-Time,Van,LOC0072
DEL06957,Azad Ravel,+91 68202 23997,Female,09-08-2024,Full-Time,EV Bike,LOC0016
DEL06958,Raunak Ahuja,+91 71778 17320,Female,08-11-2025,Full-Time,EV Bike,LOC0029
DEL06959,Tiya Suresh,+91 65946 41624,Male,19-03-2025,Full-Time,Scooter,LOC0061
DEL06960,Hrishita Chacko,+91 80341 37596,Female,10-07-2022,Contract,EV Bike,LOC0016
DEL06961,Vaibhav Chandra,+91 71383 87596,Female,26-09-2021,Full-Time,Scooter,LOC0071
DEL06962,Sumer Bhasin,+91 83502 46127,Male,25-09-2022,Full-Time,EV Bike,LOC0088
DEL06963,Ojas Agrawal,+91 68438 25742,Male,21-09-2021,Full-Time,Bike,LOC0047
DEL06964,Biju Lad,+91 99909 76563,Female,23-08-2021,Full-Time,Bike,LOC0023
DEL06965,Madhup Suri,+91 89427 73551,Female,08-11-2021,Full-Time,Scooter,LOC0079
DEL06966,Kartik Khatri,+91 71139 86016,Female,23-04-2021,Full-Time,Scooter,LOC0015
DEL06967,Suhana Butala,+91 78070 26826,Female,15-04-2024,Full-Time,Van,LOC0087
DEL06968,Ayesha Sharma,+91 85889 86359,Male,16-09-2024,Full-Time,EV Bike,LOC0041
DEL06969,Yakshit Raja,+91 87151 44733,Male,17-04-2023,Full-Time,EV Bike,LOC0108
DEL06970,Purab Chada,+91 75797 36196,Female,30-05-2023,Contract,Scooter,LOC0061
DEL06971,Shanaya Zachariah,+91 70998 14242,Female,26-09-2022,Full-Time,EV Bike,LOC0016
DEL06972,Yakshit Kanda,+91 84875 78670,Male,27-03-2022,Full-Time,EV Bike,LOC0094
DEL06973,Shamik Wali,+91 90630 48127,Female,30-08-2021,Full-Time,Bike,LOC0099
DEL06974,Armaan Krishnan,+91 61617 98954,Male,04-06-2022,Contract,Bike,LOC0105
DEL06975,Urvi Bath,+91 80785 96736,Female,15-09-2023,Full-Time,Van,LOC0014
DEL06976,Vihaan Kari,+91 89281 53075,Male,16-07-2022,Full-Time,Van,LOC0090
DEL06977,Lakshit Bhandari,+91 73667 57940,Female,08-09-2021,Contract,Bike,LOC0087
DEL06978,Yasmin Kar,+91 81884 34078,Male,18-03-2023,Full-Time,Scooter,LOC0038
DEL06979,Nirvi Ahluwalia,+91 74215 91336,Female,17-04-2022,Contract,Van,LOC0047
DEL06980,Aaina Dora,+91 70533 18819,Female,02-03-2026,Contract,EV Bike,LOC0065
DEL06981,Dhanuk Chacko,+91 64024 73544,Male,21-04-2023,Full-Time,Van,LOC0090
DEL06982,Yasmin Rau,+91 62838 28257,Female,23-08-2024,Full-Time,Van,LOC0066
DEL06983,Manjari Krishnan,+91 84490 60812,Female,06-04-2021,Contract,EV Bike,LOC0037
DEL06984,Shanaya Hayre,+91 99239 30178,Male,04-10-2022,Full-Time,Scooter,LOC0090
DEL06985,Prerak Hayer,+91 62170 06132,Male,23-02-2022,Full-Time,EV Bike,LOC0113
DEL06986,Ishita Doctor,+91 61497 79022,Male,19-09-2022,Full-Time,Bike,LOC0078
DEL06987,Jayant Deshpande,+91 62459 09605,Female,09-07-2024,Contract,Scooter,LOC0071
DEL06988,Rania Kashyap,+91 75709 90978,Female,18-07-2021,Contract,EV Bike,LOC0078
DEL06989,Yakshit Sami,+91 73706 75543,Male,27-02-2025,Full-Time,Bike,LOC0028
DEL06990,Ritvik Mand,+91 71994 63208,Male,24-09-2025,Full-Time,EV Bike,LOC0060
DEL06991,Vaibhav Venkataraman,+91 62439 64729,Male,27-11-2022,Contract,EV Bike,LOC0063
DEL06992,Arnav Kala,+91 87153 60145,Female,02-11-2023,Full-Time,Van,LOC0094
DEL06993,Raunak Koshy,+91 84478 48300,Male,29-12-2022,Contract,EV Bike,LOC0035
DEL06994,Divyansh Kalla,+91 70131 11166,Male,30-03-2023,Full-Time,EV Bike,LOC0057
DEL06995,Jayesh Mani,+91 62368 44184,Female,13-11-2024,Full-Time,EV Bike,LOC0032
DEL06996,Mamooty Behl,+91 66562 04324,Male,20-10-2024,Full-Time,Van,LOC0071
DEL06997,Damini Dada,+91 72499 96459,Female,19-04-2021,Full-Time,Van,LOC0017
DEL06998,Ira Barad,+91 60002 00906,Male,25-06-2021,Contract,EV Bike,LOC0048
DEL06999,Jivin Uppal,+91 96354 64479,Female,14-02-2022,Full-Time,Scooter,LOC0030
DEL07000,Samar Gala,+91 69884 79832,Female,18-09-2022,Contract,Van,LOC0097
DEL07001,Aarush Gopal,+91 81323 38125,Male,26-11-2023,Full-Time,Van,LOC0007
DEL07002,Rania Thakur,+91 68682 79839,Female,25-06-2024,Full-Time,Bike,LOC0010
DEL07003,Myra Suresh,+91 91623 04928,Male,08-04-2022,Contract,Scooter,LOC0086
DEL07004,Jhanvi Balan,+91 68360 88788,Female,14-06-2021,Full-Time,Van,LOC0033
DEL07005,Heer Maharaj,+91 96608 82776,Female,19-08-2024,Contract,Bike,LOC0032
DEL07006,Pranay Shukla,+91 76559 30527,Male,12-09-2023,Full-Time,Bike,LOC0089
DEL07007,Neysa Kapadia,+91 68938 40903,Male,31-10-2022,Contract,Scooter,LOC0019
DEL07008,Jhanvi Bhavsar,+91 86651 15033,Female,17-10-2022,Contract,Bike,LOC0060
DEL07009,Jayan Cheema,+91 73581 89365,Male,11-04-2025,Contract,Bike,LOC0109
DEL07010,Mannat Contractor,+91 73622 65258,Male,24-06-2024,Full-Time,Bike,LOC0043
DEL07011,Dhanush Saxena,+91 95414 79956,Female,29-03-2025,Full-Time,Scooter,LOC0039
DEL07012,Arhaan Kala,+91 69478 12337,Female,04-07-2023,Full-Time,Van,LOC0003
DEL07013,Ahana  Master,+91 77325 88859,Female,02-07-2021,Contract,Scooter,LOC0105
DEL07014,Raunak Seshadri,+91 99089 23246,Male,16-09-2025,Contract,EV Bike,LOC0049
DEL07015,Divit Sule,+91 79818 36918,Male,25-03-2023,Contract,Bike,LOC0013
DEL07016,Trisha Dugar,+91 65676 00732,Male,02-06-2025,Full-Time,EV Bike,LOC0105
DEL07017,Jayan Yadav,+91 97793 71071,Male,17-11-2021,Full-Time,Van,LOC0030
DEL07018,Advik Joshi,+91 83411 30219,Male,20-09-2022,Full-Time,Van,LOC0012
DEL07019,Divij Dube,+91 89634 52115,Male,27-03-2025,Contract,Scooter,LOC0081
DEL07020,Vedika Saini,+91 71931 07519,Female,12-12-2025,Contract,Scooter,LOC0042
DEL07021,Jivin Bir,+91 63307 08299,Male,19-12-2025,Contract,Bike,LOC0067
DEL07022,Oorja Sampath,+91 66491 77865,Female,20-09-2025,Contract,Van,LOC0031
DEL07023,Hunar Chaudhry,+91 76827 89672,Female,09-09-2021,Full-Time,Scooter,LOC0085
DEL07024,Divit Goyal,+91 88932 57007,Male,19-04-2025,Full-Time,Scooter,LOC0090
DEL07025,Devansh Bhavsar,+91 79846 16010,Male,29-03-2025,Contract,EV Bike,LOC0079
DEL07026,Saira Singh,+91 72012 46546,Male,04-03-2022,Full-Time,EV Bike,LOC0054
DEL07027,Kiara Dalal,+91 75617 64400,Male,24-11-2024,Full-Time,Van,LOC0024
DEL07028,Ojas Kaul,+91 99866 44006,Male,04-01-2025,Contract,EV Bike,LOC0011
DEL07029,Nirvi Chacko,+91 92321 12155,Female,03-07-2025,Full-Time,EV Bike,LOC0008
DEL07030,Damini Khatri,+91 77125 21023,Female,17-01-2024,Full-Time,Van,LOC0101
DEL07031,Pihu Dubey,+91 88662 94951,Male,27-08-2023,Contract,Van,LOC0028
DEL07032,Charvi Gupta,+91 74840 33052,Male,21-02-2024,Contract,Van,LOC0083
DEL07033,Aniruddh Varty,+91 83378 65879,Female,19-03-2026,Contract,Bike,LOC0113
DEL07034,Myra Dada,+91 89822 86015,Male,08-04-2022,Full-Time,Van,LOC0029
DEL07035,Kiaan Ahluwalia,+91 80393 03273,Male,18-12-2025,Full-Time,Scooter,LOC0027
DEL07036,Zeeshan Kalita,+91 61817 04994,Female,18-01-2025,Full-Time,Bike,LOC0077
DEL07037,Hansh Mangat,+91 81648 87747,Female,13-11-2021,Contract,Van,LOC0112
DEL07038,Anahi Garg,+91 62272 00816,Female,30-01-2026,Contract,Scooter,LOC0087
DEL07039,Drishya Dugar,+91 69576 50131,Female,06-05-2023,Contract,Van,LOC0077
DEL07040,Divyansh Chaudhuri,+91 79409 14218,Female,12-12-2025,Contract,EV Bike,LOC0071
DEL07041,Aarush Madan,+91 96486 45835,Female,13-04-2025,Full-Time,Scooter,LOC0023
DEL07042,Advik Tank,+91 91385 00466,Male,11-05-2025,Full-Time,EV Bike,LOC0082
DEL07043,Riaan Chauhan,+91 65425 66037,Male,19-03-2026,Full-Time,Bike,LOC0004
DEL07044,Madhup Wali,+91 78159 63951,Female,04-08-2024,Full-Time,Van,LOC0037
DEL07045,Yuvaan Madan,+91 83395 10879,Female,16-07-2021,Contract,EV Bike,LOC0103
DEL07046,Charvi Chad,+91 85553 06040,Male,25-06-2021,Full-Time,Van,LOC0091
DEL07047,Myra Bahri,+91 77833 33555,Male,03-03-2023,Full-Time,Scooter,LOC0077
DEL07048,Vritika Gulati,+91 86820 69399,Female,15-08-2023,Contract,EV Bike,LOC0018
DEL07049,Nishith Rout,+91 71274 28186,Male,15-02-2025,Full-Time,Scooter,LOC0008
DEL07050,Kiaan Kala,+91 61930 33024,Male,30-06-2021,Full-Time,Scooter,LOC0063
DEL07051,Baiju Gola,+91 74455 20644,Female,27-07-2023,Contract,Bike,LOC0020
DEL07052,Rasha Brar,+91 82676 62608,Male,15-04-2022,Full-Time,EV Bike,LOC0061
DEL07053,Ayesha Bhatti,+91 77636 05203,Male,04-09-2024,Full-Time,Scooter,LOC0094
DEL07054,Kartik Kurian,+91 88695 78101,Female,19-04-2023,Full-Time,Van,LOC0109
DEL07055,Hazel Kant,+91 60984 95589,Female,03-04-2021,Contract,Scooter,LOC0095
DEL07056,Nakul Issac,+91 86556 54477,Female,17-05-2023,Contract,Bike,LOC0088
DEL07057,Rania Mangal,+91 69613 98379,Male,07-03-2026,Full-Time,Bike,LOC0104
DEL07058,Riaan Gill,+91 67305 29633,Male,12-05-2022,Full-Time,Scooter,LOC0067
DEL07059,Uthkarsh Rajagopal,+91 98878 28025,Female,07-01-2025,Contract,Van,LOC0021
DEL07060,Rania Hegde,+91 97823 84274,Female,29-10-2023,Full-Time,Scooter,LOC0051
DEL07061,Nishith Deol,+91 70758 22099,Female,11-11-2022,Full-Time,Bike,LOC0028
DEL07062,Suhana Ramanathan,+91 67451 95088,Female,25-05-2022,Contract,Scooter,LOC0093
DEL07063,Ivana Bumb,+91 62426 10875,Female,03-12-2022,Contract,Bike,LOC0010
DEL07064,Tara Kurian,+91 67407 89651,Male,27-01-2022,Contract,Scooter,LOC0042
DEL07065,Parinaaz Varty,+91 88943 20464,Female,23-08-2025,Contract,EV Bike,LOC0006
DEL07066,Kimaya Ravel,+91 97425 43079,Female,23-08-2023,Full-Time,EV Bike,LOC0087
DEL07067,Saira Warrior,+91 80780 02021,Male,01-06-2025,Contract,Scooter,LOC0084
DEL07068,Hrishita Lad,+91 60154 06076,Male,19-05-2023,Contract,Scooter,LOC0077
DEL07069,Pihu Mann,+91 75557 48883,Male,14-07-2022,Full-Time,Scooter,LOC0064
DEL07070,Umang Rajan,+91 89839 49308,Male,13-11-2023,Contract,Bike,LOC0006
DEL07071,Yuvraj  Bath,+91 81127 69955,Male,30-03-2022,Contract,EV Bike,LOC0039
DEL07072,Pihu Kohli,+91 93471 08322,Male,04-03-2024,Full-Time,Bike,LOC0002
DEL07073,Anahi Seshadri,+91 72397 82694,Female,09-02-2026,Contract,EV Bike,LOC0077
DEL07074,Aaryahi Upadhyay,+91 94864 53629,Male,29-08-2022,Contract,Scooter,LOC0062
DEL07075,Neysa Jani,+91 92402 36153,Male,16-01-2025,Full-Time,Bike,LOC0012
DEL07076,Vedika Ramakrishnan,+91 74561 89145,Male,17-02-2025,Contract,Scooter,LOC0072
DEL07077,Shlok Venkataraman,+91 96450 35964,Female,10-04-2023,Full-Time,Bike,LOC0095
DEL07078,Fateh Anand,+91 61174 04060,Male,17-12-2023,Contract,Scooter,LOC0064
DEL07079,Lavanya Rao,+91 81077 49017,Male,22-05-2023,Full-Time,Bike,LOC0036
DEL07080,Alisha Bhat,+91 81440 53322,Male,09-08-2023,Contract,Scooter,LOC0013
DEL07081,Vritika Sem,+91 72287 60273,Male,12-05-2024,Full-Time,Scooter,LOC0065
DEL07082,Advik Chakrabarti,+91 93081 24188,Male,25-03-2023,Full-Time,EV Bike,LOC0069
DEL07083,Biju Rajagopalan,+91 63104 47437,Male,27-01-2022,Contract,EV Bike,LOC0043
DEL07084,Ivan Kapur,+91 78788 31654,Female,23-02-2023,Contract,Van,LOC0033
DEL07085,Adah Kar,+91 82001 59165,Female,01-04-2022,Full-Time,Bike,LOC0004
DEL07086,Tarini Sarma,+91 81975 43850,Male,16-02-2022,Contract,EV Bike,LOC0002
DEL07087,Seher Khurana,+91 99168 35737,Female,29-11-2024,Contract,Van,LOC0005
DEL07088,Jayan Sachdeva,+91 79050 84468,Female,02-07-2024,Full-Time,Bike,LOC0032
DEL07089,Divij Buch,+91 63783 39836,Male,26-03-2022,Full-Time,Van,LOC0105
DEL07090,Stuvan Kashyap,+91 61314 02542,Female,02-08-2022,Contract,Bike,LOC0049
DEL07091,Krish Bora,+91 75371 17464,Male,08-05-2025,Contract,EV Bike,LOC0085
DEL07092,Piya Loyal,+91 90174 04084,Female,15-11-2022,Full-Time,Van,LOC0077
DEL07093,Kabir Bhatia,+91 67231 69995,Male,04-03-2023,Full-Time,Bike,LOC0009
DEL07094,Eshani Basak,+91 83417 97380,Female,20-01-2026,Contract,Van,LOC0027
DEL07095,Rati Andra,+91 99793 10361,Male,10-12-2021,Contract,Bike,LOC0090
DEL07096,Faiyaz Ravel,+91 99241 27699,Female,31-03-2026,Full-Time,Bike,LOC0110
DEL07097,Rati Banik,+91 86970 95195,Male,15-04-2021,Contract,EV Bike,LOC0074
DEL07098,Chirag Mall,+91 74653 95007,Female,25-01-2024,Full-Time,Scooter,LOC0070
DEL07099,Dhruv Brahmbhatt,+91 68661 66807,Female,02-09-2023,Full-Time,Scooter,LOC0095
DEL07100,Rohan Seth,+91 70350 02683,Female,03-02-2023,Full-Time,Bike,LOC0078
DEL07101,Vanya Kulkarni,+91 80992 02415,Female,01-06-2025,Contract,Scooter,LOC0008
DEL07102,Baiju Seth,+91 97524 09931,Male,14-09-2021,Full-Time,Bike,LOC0024
DEL07103,Ishaan Tank,+91 77516 76085,Male,04-10-2023,Full-Time,Bike,LOC0107
DEL07104,Fateh Savant,+91 83719 33151,Male,03-04-2025,Contract,Van,LOC0072
DEL07105,Mannat Ramakrishnan,+91 81648 85115,Female,23-02-2024,Contract,Van,LOC0081
DEL07106,Kartik Chowdhury,+91 90290 82392,Female,03-04-2022,Full-Time,Bike,LOC0016
DEL07107,Diya Wable,+91 90535 34812,Female,30-12-2024,Contract,Bike,LOC0082
DEL07108,Charvi Sha,+91 79896 11363,Male,08-03-2025,Full-Time,Van,LOC0091
DEL07109,Jiya Kalla,+91 93042 58021,Male,31-05-2022,Full-Time,Scooter,LOC0041
DEL07110,Zoya Kalita,+91 91062 09827,Male,21-03-2024,Contract,Bike,LOC0032
DEL07111,Kavya Sodhi,+91 63189 51175,Female,21-02-2022,Contract,Van,LOC0068
DEL07112,Aaryahi Kala,+91 83278 94455,Male,13-03-2025,Full-Time,Van,LOC0045
DEL07113,Uthkarsh Dua,+91 83089 91093,Male,27-09-2022,Full-Time,Scooter,LOC0010
DEL07114,Eva Bhatt,+91 78222 80803,Female,24-02-2023,Full-Time,EV Bike,LOC0109
DEL07115,Ivana Thakkar,+91 71916 33429,Male,27-04-2021,Full-Time,Van,LOC0014
DEL07116,Vivaan Devan,+91 90153 03044,Male,10-11-2023,Contract,Bike,LOC0043
DEL07117,Shalv Krishna,+91 86946 29341,Male,26-11-2022,Contract,Van,LOC0007
DEL07118,Zara Shan,+91 98557 15231,Female,19-12-2022,Full-Time,EV Bike,LOC0096
DEL07119,Suhana Chaudhuri,+91 81430 17738,Male,08-07-2023,Contract,EV Bike,LOC0037
DEL07120,Samar Gokhale,+91 60058 29151,Male,05-09-2025,Contract,EV Bike,LOC0094
DEL07121,Rohan Sani,+91 76794 89244,Female,16-03-2023,Full-Time,EV Bike,LOC0073
DEL07122,Renee Sachar,+91 91678 67713,Female,09-11-2025,Contract,Van,LOC0026
DEL07123,Anay Kakar,+91 77552 43812,Male,20-01-2024,Contract,EV Bike,LOC0075
DEL07124,Madhup Ben,+91 74251 64082,Male,16-02-2024,Contract,Bike,LOC0090
DEL07125,Madhup Ramaswamy,+91 92234 03291,Female,22-01-2022,Full-Time,Van,LOC0059
DEL07126,Jayan Dugar,+91 73137 48746,Male,12-02-2022,Full-Time,EV Bike,LOC0011
DEL07127,Mahika Jain,+91 75526 02071,Male,13-07-2024,Contract,EV Bike,LOC0031
DEL07128,Ira Tailor,+91 82264 76154,Female,26-08-2023,Full-Time,Scooter,LOC0086
DEL07129,Myra Amble,+91 93164 26747,Female,25-04-2022,Contract,Van,LOC0089
DEL07130,Mamooty Kamdar,+91 64145 22394,Female,01-07-2024,Contract,Scooter,LOC0027
DEL07131,Oorja Mane,+91 68684 73027,Female,29-11-2022,Contract,Van,LOC0088
DEL07132,Amira Chadha,+91 69226 15899,Male,18-07-2021,Full-Time,Scooter,LOC0095
DEL07133,Nitya Ratti,+91 65022 79461,Male,16-02-2026,Contract,Bike,LOC0088
DEL07134,Biju Vora,+91 93669 62645,Female,25-04-2023,Full-Time,Van,LOC0083
DEL07135,Miraya Cheema,+91 82207 62637,Female,05-02-2022,Full-Time,Van,LOC0014
DEL07136,Gatik Bora,+91 64160 99872,Female,30-03-2023,Full-Time,Van,LOC0016
DEL07137,Yasmin Jaggi,+91 62126 06908,Female,19-04-2023,Contract,Bike,LOC0053
DEL07138,Raghav Lalla,+91 97451 33637,Female,11-07-2025,Full-Time,EV Bike,LOC0088
DEL07139,Vardaniya Basak,+91 69015 02745,Male,11-04-2024,Contract,Bike,LOC0104
DEL07140,Aarush Shukla,+91 99754 77346,Female,14-09-2021,Contract,Bike,LOC0025
DEL07141,Samaira Baria,+91 97442 39938,Female,26-09-2022,Contract,Scooter,LOC0077
DEL07142,Seher Raju,+91 98775 27154,Female,16-08-2023,Contract,Scooter,LOC0079
DEL07143,Nakul Sura,+91 81635 45004,Male,01-10-2021,Contract,Scooter,LOC0067
DEL07144,Manjari Rama,+91 81848 57207,Male,02-02-2022,Full-Time,EV Bike,LOC0025
DEL07145,Vivaan Maharaj,+91 73578 22048,Male,11-10-2025,Contract,Bike,LOC0058
DEL07146,Vivaan Seth,+91 64223 81774,Male,27-11-2023,Full-Time,Bike,LOC0038
DEL07147,Jivika Mannan,+91 75112 77148,Male,30-09-2025,Contract,EV Bike,LOC0046
DEL07148,Divyansh Bora,+91 80105 95655,Female,08-11-2024,Full-Time,Van,LOC0104
DEL07149,Indrans Keer,+91 81481 98335,Male,14-09-2022,Contract,EV Bike,LOC0090
DEL07150,Adah Atwal,+91 75378 67287,Female,22-08-2023,Contract,EV Bike,LOC0107
DEL07151,Suhana Garde,+91 73595 05903,Male,11-11-2025,Full-Time,Scooter,LOC0002
DEL07152,Prerak Suri,+91 75571 27505,Female,19-11-2024,Full-Time,EV Bike,LOC0022
DEL07153,Mehul Rajan,+91 85552 76376,Female,01-01-2024,Contract,Scooter,LOC0032
DEL07154,Shaan Ghose,+91 65467 35164,Male,11-08-2024,Contract,Van,LOC0006
DEL07155,Kismat Roy,+91 70166 21083,Female,23-08-2022,Full-Time,Van,LOC0103
DEL07156,Mishti Iyengar,+91 76223 99595,Male,11-12-2025,Contract,Van,LOC0083
DEL07157,Oorja Rao,+91 99696 75700,Male,12-05-2025,Full-Time,EV Bike,LOC0048
DEL07158,Anya Zacharia,+91 96763 76028,Female,21-09-2025,Full-Time,Van,LOC0016
DEL07159,Yasmin Barad,+91 79430 91785,Male,27-12-2023,Contract,Bike,LOC0087
DEL07160,Drishya Suresh,+91 72362 29602,Male,14-10-2021,Full-Time,Scooter,LOC0049
DEL07161,Aradhya Ahuja,+91 95193 12082,Male,22-09-2025,Full-Time,Bike,LOC0084
DEL07162,Tarini Dube,+91 66990 30145,Male,12-08-2025,Contract,Scooter,LOC0029
DEL07163,Divij Rao,+91 63623 07483,Female,31-03-2023,Contract,Van,LOC0021
DEL07164,Uthkarsh Kaul,+91 69612 35169,Female,28-11-2022,Contract,EV Bike,LOC0074
DEL07165,Hiran Iyer,+91 66666 17383,Male,28-12-2023,Full-Time,Scooter,LOC0009
DEL07166,Stuvan Shere,+91 66064 36829,Female,30-08-2022,Contract,Bike,LOC0064
DEL07167,Jivika Gara,+91 92456 13830,Male,15-01-2022,Full-Time,EV Bike,LOC0027
DEL07168,Hunar Korpal,+91 99641 46867,Female,12-03-2026,Full-Time,Van,LOC0061
DEL07169,Damini Seth,+91 89958 95330,Female,15-02-2022,Full-Time,Van,LOC0059
DEL07170,Nirvi Mandal,+91 89163 91531,Male,04-04-2023,Full-Time,Bike,LOC0023
DEL07171,Hridaan Kanda,+91 90761 59573,Male,15-01-2023,Contract,Van,LOC0025
DEL07172,Aarush Madan,+91 92287 49438,Male,12-09-2021,Contract,Bike,LOC0076
DEL07173,Uthkarsh Shere,+91 89724 01010,Female,14-11-2021,Full-Time,Scooter,LOC0071
DEL07174,Divyansh Badami,+91 82957 63671,Male,22-05-2024,Full-Time,Bike,LOC0035
DEL07175,Ira Bhandari,+91 99849 42807,Female,17-09-2023,Full-Time,EV Bike,LOC0007
DEL07176,Purab Talwar,+91 94331 28754,Male,13-02-2026,Contract,Bike,LOC0089
DEL07177,Shray Gala,+91 69958 97733,Male,27-07-2025,Full-Time,Scooter,LOC0038
DEL07178,Mehul Karan,+91 79622 13590,Male,03-08-2023,Contract,Bike,LOC0013
DEL07179,Anvi Sastry,+91 87212 42290,Male,16-08-2022,Full-Time,EV Bike,LOC0053
DEL07180,Alisha Kamdar,+91 62851 19274,Male,08-07-2025,Contract,EV Bike,LOC0051
DEL07181,Vaibhav Bobal,+91 92701 15063,Male,08-01-2025,Contract,EV Bike,LOC0083
DEL07182,Tara Ahuja,+91 65426 04978,Female,20-06-2025,Contract,Bike,LOC0044
DEL07183,Nehmat Balay,+91 74193 71413,Female,25-11-2023,Contract,Van,LOC0023
DEL07184,Anay Dave,+91 62781 23862,Female,07-09-2023,Contract,Scooter,LOC0105
DEL07185,Zoya Bhardwaj,+91 82087 23712,Male,02-02-2022,Full-Time,Van,LOC0087
DEL07186,Mahika Shah,+91 76256 78793,Female,10-11-2023,Contract,Bike,LOC0097
DEL07187,Oorja Sarna,+91 99330 70584,Male,10-10-2022,Contract,Van,LOC0087
DEL07188,Keya Char,+91 72707 36543,Male,06-10-2022,Contract,Bike,LOC0010
DEL07189,Anya Bava,+91 77275 54363,Female,15-06-2021,Full-Time,EV Bike,LOC0081
DEL07190,Advika Ganesan,+91 64948 28899,Male,10-09-2024,Contract,Van,LOC0040
DEL07191,Rasha Maharaj,+91 79166 64537,Female,01-07-2023,Contract,Scooter,LOC0082
DEL07192,Sara Thaman,+91 81890 48441,Male,28-10-2023,Full-Time,EV Bike,LOC0013
DEL07193,Hrishita Sankar,+91 65976 79420,Male,23-02-2024,Contract,Bike,LOC0016
DEL07194,Uthkarsh Kunda,+91 82614 72161,Female,05-08-2025,Full-Time,Van,LOC0021
DEL07195,Lakshit Trivedi,+91 73706 87234,Female,26-05-2025,Contract,EV Bike,LOC0046
DEL07196,Amani Tripathi,+91 94561 31615,Female,02-01-2026,Contract,Van,LOC0065
DEL07197,Inaaya  Hayre,+91 75873 17911,Male,28-01-2023,Full-Time,Van,LOC0043
DEL07198,Vritika Biswas,+91 68861 76096,Male,09-12-2024,Full-Time,Van,LOC0020
DEL07199,Faiyaz Wali,+91 95141 90877,Female,13-12-2025,Full-Time,Bike,LOC0106
DEL07200,Indrans Kari,+91 73643 52649,Female,06-08-2025,Full-Time,Van,LOC0021
DEL07201,Manjari Dave,+91 87245 39812,Female,21-03-2026,Full-Time,Bike,LOC0068
DEL07202,Hunar Kannan,+91 67012 35679,Female,30-05-2023,Full-Time,Bike,LOC0066
DEL07203,Jayesh Wadhwa,+91 60842 26950,Male,29-06-2022,Full-Time,Bike,LOC0111
DEL07204,Hazel Gade,+91 97635 27151,Male,07-07-2025,Full-Time,Scooter,LOC0089
DEL07205,Rasha Soni,+91 81752 64077,Male,04-09-2025,Contract,Van,LOC0014
DEL07206,Charvi Raj,+91 61676 03012,Female,22-12-2022,Full-Time,Scooter,LOC0077
DEL07207,Eva Char,+91 85058 73804,Male,11-09-2022,Full-Time,EV Bike,LOC0043
DEL07208,Neysa Sarma,+91 68050 80728,Male,03-11-2021,Full-Time,Van,LOC0020
DEL07209,Kavya Bhavsar,+91 81474 96403,Male,09-04-2022,Contract,Scooter,LOC0063
DEL07210,Chirag Brar,+91 71965 40876,Female,06-01-2025,Contract,Scooter,LOC0088
DEL07211,Gatik Kala,+91 90247 58554,Male,14-10-2022,Full-Time,EV Bike,LOC0059
DEL07212,Kaira Kulkarni,+91 62298 12372,Female,24-03-2025,Full-Time,EV Bike,LOC0056
DEL07213,Yakshit Ramesh,+91 68065 42265,Female,25-02-2022,Contract,Scooter,LOC0097
DEL07214,Oorja Grover,+91 95528 06889,Male,07-04-2024,Full-Time,Bike,LOC0036
DEL07215,Mohanlal Rau,+91 88837 72488,Male,06-08-2021,Contract,Van,LOC0055
DEL07216,Sana Mander,+91 65392 47475,Male,30-09-2022,Full-Time,EV Bike,LOC0065
DEL07217,Damini Mandal,+91 81739 89286,Male,06-05-2025,Contract,Bike,LOC0100
DEL07218,Rasha Aggarwal,+91 89259 69321,Female,22-06-2021,Full-Time,Van,LOC0012
DEL07219,Vardaniya Sane,+91 92704 30988,Male,19-08-2024,Contract,Bike,LOC0052
DEL07220,Divyansh Devan,+91 75664 30689,Female,05-01-2026,Contract,EV Bike,LOC0083
DEL07221,Amani Bal,+91 84634 29374,Female,14-02-2024,Full-Time,Bike,LOC0100
DEL07222,Samiha Shankar,+91 68726 06954,Male,14-09-2024,Contract,Bike,LOC0086
DEL07223,Arhaan Madan,+91 78333 00775,Female,02-12-2022,Contract,Bike,LOC0039
DEL07224,Aradhya Singhal,+91 80617 62982,Male,01-01-2026,Full-Time,EV Bike,LOC0092
DEL07225,Arhaan Bhalla,+91 95095 96856,Male,17-09-2022,Full-Time,Van,LOC0035
DEL07226,Tara Bhatt,+91 71489 33530,Male,02-05-2021,Full-Time,EV Bike,LOC0086
DEL07227,Aaryahi Khanna,+91 60281 17776,Female,21-08-2024,Contract,Scooter,LOC0073
DEL07228,Ranbir Sanghvi,+91 85635 63847,Male,21-01-2022,Full-Time,Bike,LOC0008
DEL07229,Bhamini Soni,+91 85368 52205,Female,11-05-2022,Full-Time,Van,LOC0101
DEL07230,Raghav Korpal,+91 62705 46478,Male,08-09-2023,Full-Time,Bike,LOC0094
DEL07231,Badal Chandran,+91 61194 85286,Female,11-07-2023,Contract,EV Bike,LOC0045
DEL07232,Tara Magar,+91 69232 46064,Female,10-11-2022,Full-Time,Van,LOC0107
DEL07233,Umang Vyas,+91 86799 25981,Male,16-07-2021,Full-Time,Scooter,LOC0040
DEL07234,Farhan Lalla,+91 87044 55302,Female,26-12-2022,Contract,Scooter,LOC0013
DEL07235,Keya Kumer,+91 98290 67274,Male,13-12-2021,Contract,EV Bike,LOC0099
DEL07236,Nayantara Kalita,+91 97217 36134,Male,14-02-2023,Contract,Van,LOC0027
DEL07237,Sumer Singhal,+91 67978 03106,Female,29-09-2024,Full-Time,Bike,LOC0104
DEL07238,Saira Ghose,+91 62649 00119,Female,03-04-2021,Contract,Bike,LOC0060
DEL07239,Anahita Venkataraman,+91 89392 96117,Male,23-08-2023,Contract,Scooter,LOC0061
DEL07240,Mohanlal Bhakta,+91 62593 05901,Male,08-03-2024,Contract,Scooter,LOC0034
DEL07241,Advik Doshi,+91 81291 24599,Female,11-10-2025,Contract,Bike,LOC0098
DEL07242,Reyansh Sekhon,+91 84431 50595,Female,05-03-2023,Full-Time,Bike,LOC0060
DEL07243,Aradhya Sridhar,+91 76345 58620,Male,16-03-2022,Contract,Bike,LOC0100
DEL07244,Anay Gokhale,+91 84702 68561,Female,31-08-2024,Full-Time,Bike,LOC0045
DEL07245,Kanav Lall,+91 81974 63265,Male,19-03-2026,Contract,Bike,LOC0110
DEL07246,Tarini Badal,+91 60365 92576,Female,29-06-2023,Contract,Van,LOC0043
DEL07247,Mahika Bala,+91 95082 51295,Female,01-07-2025,Contract,EV Bike,LOC0002
DEL07248,Ela Lanka,+91 68993 63820,Male,14-01-2025,Full-Time,EV Bike,LOC0091
DEL07249,Mahika Gara,+91 91553 25056,Male,03-02-2026,Contract,Bike,LOC0111
DEL07250,Dharmajan Wason,+91 63762 36487,Female,03-03-2026,Full-Time,Van,LOC0050
DEL07251,Hridaan Mahal,+91 83169 67045,Male,14-10-2023,Full-Time,Bike,LOC0032
DEL07252,Manjari Rajagopalan,+91 88765 68895,Male,04-01-2023,Full-Time,Van,LOC0086
DEL07253,Ira Gera,+91 92020 23566,Female,16-05-2023,Contract,Bike,LOC0066
DEL07254,Jivin Kant,+91 92439 04288,Female,02-06-2022,Contract,Van,LOC0022
DEL07255,Ivan Doctor,+91 86443 55146,Male,03-06-2025,Full-Time,Van,LOC0061
DEL07256,Alisha Balay,+91 86680 19735,Male,25-12-2024,Full-Time,Scooter,LOC0106
DEL07257,Dhruv Jayaraman,+91 70162 65832,Male,09-11-2023,Contract,Scooter,LOC0018
DEL07258,Lagan Varughese,+91 74829 15148,Male,17-12-2023,Contract,EV Bike,LOC0089
DEL07259,Gokul Rege,+91 63602 36808,Male,18-08-2021,Contract,Scooter,LOC0045
DEL07260,Devansh Subramaniam,+91 92526 94032,Female,29-12-2021,Full-Time,EV Bike,LOC0013
DEL07261,Heer Sheth,+91 77849 92046,Female,04-11-2022,Full-Time,EV Bike,LOC0082
DEL07262,Mahika Bhakta,+91 94547 90514,Male,20-09-2023,Full-Time,Van,LOC0030
DEL07263,Kanav Dhar,+91 61369 01594,Male,23-05-2024,Contract,EV Bike,LOC0086
DEL07264,Elakshi Ramaswamy,+91 74057 93456,Female,12-08-2022,Contract,EV Bike,LOC0035
DEL07265,Ela Varghese,+91 97978 01265,Female,01-08-2024,Full-Time,Scooter,LOC0033
DEL07266,Jayesh Choudhary,+91 82816 97104,Female,02-09-2021,Full-Time,Scooter,LOC0015
DEL07267,Gatik Andra,+91 60279 82421,Male,10-05-2023,Contract,Bike,LOC0023
DEL07268,Stuvan Malhotra,+91 63489 07382,Female,07-04-2022,Full-Time,EV Bike,LOC0033
DEL07269,Lagan Agate,+91 75939 38505,Female,09-12-2025,Contract,Scooter,LOC0033
DEL07270,Krish Soni,+91 76311 18191,Female,25-08-2024,Contract,Bike,LOC0037
DEL07271,Kiara Dhingra,+91 70335 67602,Male,28-04-2025,Full-Time,EV Bike,LOC0012
DEL07272,Samaira Subramaniam,+91 94401 91593,Female,16-05-2022,Contract,Scooter,LOC0091
DEL07273,Manikya Upadhyay,+91 72160 67947,Female,17-10-2024,Full-Time,EV Bike,LOC0057
DEL07274,Mahika Deep,+91 92027 81168,Female,05-02-2025,Full-Time,EV Bike,LOC0100
DEL07275,Drishya Ghose,+91 91240 88089,Male,20-05-2024,Contract,Bike,LOC0017
DEL07276,Tiya Tripathi,+91 72818 85617,Female,04-12-2024,Contract,Scooter,LOC0071
DEL07277,Ojas Kar,+91 82661 31715,Male,12-10-2025,Full-Time,Bike,LOC0057
DEL07278,Dhruv Loyal,+91 86906 62528,Male,01-05-2024,Contract,Scooter,LOC0098
DEL07279,Gatik Randhawa,+91 71946 83052,Female,27-11-2023,Contract,Scooter,LOC0011
DEL07280,Ehsaan Sandal,+91 97630 08286,Male,04-07-2024,Full-Time,Bike,LOC0019
DEL07281,Eshani Das,+91 87197 17314,Male,03-03-2022,Full-Time,Bike,LOC0065
DEL07282,Ela Wali,+91 94964 06692,Female,04-12-2024,Contract,Bike,LOC0044
DEL07283,Onkar Sawhney,+91 96275 83620,Male,22-06-2021,Contract,Scooter,LOC0087
DEL07284,Jivin Shankar,+91 96083 59571,Male,27-09-2021,Full-Time,Van,LOC0054
DEL07285,Madhav Vala,+91 74632 63075,Male,03-07-2023,Contract,Scooter,LOC0057
DEL07286,Ryan Madan,+91 83160 24623,Male,15-02-2022,Full-Time,Bike,LOC0047
DEL07287,Kiara Sachdev,+91 70082 03963,Male,15-12-2024,Full-Time,Van,LOC0106
DEL07288,Miraan Sankaran,+91 86992 03896,Male,08-12-2025,Full-Time,Bike,LOC0077
DEL07289,Anvi Bath,+91 97518 00801,Male,21-11-2023,Contract,Van,LOC0025
DEL07290,Gokul Dutt,+91 65143 74253,Male,14-07-2024,Contract,EV Bike,LOC0080
DEL07291,Jivika Vasa,+91 69481 50183,Female,19-12-2022,Contract,EV Bike,LOC0078
DEL07292,Miraan Sur,+91 88606 20860,Male,20-01-2025,Full-Time,Van,LOC0090
DEL07293,Drishya Chad,+91 81372 27909,Male,02-08-2025,Full-Time,Scooter,LOC0084
DEL07294,Miraan Talwar,+91 60566 71287,Male,26-10-2023,Contract,Scooter,LOC0099
DEL07295,Pari Basak,+91 89157 78933,Male,31-05-2025,Contract,Van,LOC0031
DEL07296,Advik Sunder,+91 98064 78780,Male,19-07-2021,Contract,Scooter,LOC0104
DEL07297,Vedika Vyas,+91 75756 01008,Female,15-11-2022,Contract,Bike,LOC0063
DEL07298,Gokul Biswas,+91 64230 11443,Female,31-05-2023,Contract,Bike,LOC0013
DEL07299,Rati Kapoor,+91 89679 91012,Female,21-09-2022,Contract,Scooter,LOC0027
DEL07300,Ishaan Sethi,+91 96923 09178,Male,17-06-2024,Full-Time,EV Bike,LOC0021
DEL07301,Anaya Sridhar,+91 65113 02968,Female,07-11-2025,Full-Time,Van,LOC0089
DEL07302,Urvi Ganesh,+91 65589 88658,Female,25-03-2023,Full-Time,Scooter,LOC0083
DEL07303,Divit Mammen,+91 92291 68063,Male,23-05-2024,Contract,Scooter,LOC0073
DEL07304,Anika Mann,+91 82251 67518,Male,28-08-2025,Contract,EV Bike,LOC0084
DEL07305,Kiaan Mane,+91 63651 07217,Male,01-02-2023,Full-Time,EV Bike,LOC0091
DEL07306,Taimur Kalla,+91 68555 85264,Male,23-07-2022,Contract,Scooter,LOC0069
DEL07307,Indrans Luthra,+91 84288 36487,Female,18-02-2023,Contract,EV Bike,LOC0029
DEL07308,Samar Hora,+91 75390 47777,Female,05-04-2025,Full-Time,EV Bike,LOC0079
DEL07309,Anika Goswami,+91 89126 97099,Female,01-03-2026,Contract,Scooter,LOC0005
DEL07310,Inaaya  Sheth,+91 82507 87647,Female,25-08-2023,Full-Time,EV Bike,LOC0076
DEL07311,Bhamini Balan,+91 95940 33330,Male,22-10-2025,Contract,EV Bike,LOC0107
DEL07312,Ira Vasa,+91 81716 03173,Male,13-02-2026,Full-Time,Van,LOC0075
DEL07313,Anahita Srivastava,+91 83438 09463,Female,16-09-2023,Contract,Scooter,LOC0018
DEL07314,Keya Brar,+91 61978 55167,Female,26-09-2024,Contract,Van,LOC0024
DEL07315,Sara Aggarwal,+91 79346 04874,Male,12-12-2024,Contract,EV Bike,LOC0005
DEL07316,Ivana Wadhwa,+91 71271 72025,Male,11-02-2022,Contract,Scooter,LOC0017
DEL07317,Suhana Gola,+91 82690 17407,Male,23-09-2021,Full-Time,EV Bike,LOC0029
DEL07318,Alia Seth,+91 91201 90973,Male,02-08-2024,Contract,Bike,LOC0087
DEL07319,Anahi Borra,+91 84274 53070,Female,21-10-2024,Contract,Bike,LOC0050
DEL07320,Kimaya Chadha,+91 85962 19885,Male,25-06-2022,Full-Time,Scooter,LOC0064
DEL07321,Yuvraj  Mammen,+91 63642 06198,Male,02-11-2025,Full-Time,Bike,LOC0043
DEL07322,Taran Bhattacharyya,+91 94750 96313,Female,28-10-2025,Contract,Bike,LOC0042
DEL07323,Anika Tata,+91 79211 65828,Male,31-12-2023,Contract,Bike,LOC0030
DEL07324,Arhaan Seshadri,+91 87525 77256,Male,03-10-2021,Contract,Van,LOC0111
DEL07325,Aaryahi Dhar,+91 97686 37319,Male,03-02-2026,Full-Time,EV Bike,LOC0042
DEL07326,Kanav Sarma,+91 85548 33592,Female,30-07-2023,Contract,EV Bike,LOC0057
DEL07327,Kartik Korpal,+91 64103 85987,Male,09-12-2025,Contract,EV Bike,LOC0010
DEL07328,Indrajit Shukla,+91 77219 04989,Male,28-06-2024,Full-Time,Van,LOC0026
DEL07329,Kiaan Brar,+91 93506 88625,Male,23-12-2025,Contract,Scooter,LOC0043
DEL07330,Gokul Rout,+91 79002 01742,Female,17-11-2024,Contract,EV Bike,LOC0049
DEL07331,Mishti Jhaveri,+91 66487 24528,Male,20-03-2024,Contract,Scooter,LOC0043
DEL07332,Renee Badal,+91 91253 40610,Male,13-10-2025,Full-Time,EV Bike,LOC0063
DEL07333,Myra Bir,+91 92457 51740,Male,17-04-2024,Contract,Bike,LOC0056
DEL07334,Vaibhav Sodhi,+91 71961 09232,Male,03-12-2022,Contract,EV Bike,LOC0035
DEL07335,Mannat Hora,+91 71766 00973,Female,05-10-2024,Full-Time,Van,LOC0015
DEL07336,Anika Batra,+91 92765 31321,Male,22-02-2022,Contract,EV Bike,LOC0021
DEL07337,Badal Kulkarni,+91 78416 91378,Male,20-09-2024,Contract,Bike,LOC0002
DEL07338,Diya Lad,+91 88221 62400,Female,04-06-2025,Contract,Scooter,LOC0102
DEL07339,Bhamini Gupta,+91 71722 38357,Male,20-10-2022,Full-Time,Bike,LOC0100
DEL07340,Yuvaan Jaggi,+91 64299 27234,Female,14-07-2023,Contract,EV Bike,LOC0040
DEL07341,Zara Chanda,+91 79066 45447,Female,30-01-2022,Full-Time,Scooter,LOC0040
DEL07342,Alia Ramaswamy,+91 65659 42796,Male,18-07-2025,Full-Time,Scooter,LOC0007
DEL07343,Samiha Sinha,+91 90873 23658,Male,07-05-2023,Full-Time,Scooter,LOC0058
DEL07344,Rhea Mandal,+91 76810 79364,Female,06-07-2021,Full-Time,Van,LOC0011
DEL07345,Kashvi Balan,+91 83114 66938,Male,30-12-2022,Full-Time,Scooter,LOC0095
DEL07346,Hridaan Sharaf,+91 73579 24171,Male,24-11-2025,Full-Time,Scooter,LOC0009
DEL07347,Hazel Kaul,+91 83941 27164,Male,18-09-2024,Contract,Scooter,LOC0088
DEL07348,Arnav Hans,+91 87411 64204,Male,21-02-2022,Contract,EV Bike,LOC0023
DEL07349,Samaira Thakkar,+91 85140 74640,Male,05-06-2022,Contract,Van,LOC0041
DEL07350,Trisha Doctor,+91 61561 46507,Female,30-01-2026,Contract,Van,LOC0056
DEL07351,Samarth Din,+91 61892 24446,Male,04-04-2022,Full-Time,Scooter,LOC0041
DEL07352,Kimaya Sarkar,+91 92571 54810,Male,08-08-2025,Contract,EV Bike,LOC0009
DEL07353,Ehsaan Maharaj,+91 78425 97592,Female,15-06-2021,Contract,Scooter,LOC0041
DEL07354,Adah Wagle,+91 79561 11393,Female,29-10-2022,Contract,Bike,LOC0032
DEL07355,Vanya Ramaswamy,+91 80590 42263,Male,12-11-2024,Contract,EV Bike,LOC0052
DEL07356,Priyansh Vig,+91 84235 77222,Female,02-08-2025,Full-Time,Scooter,LOC0069
DEL07357,Ela Baria,+91 91251 15715,Female,02-03-2022,Contract,Scooter,LOC0063
DEL07358,Divij Chatterjee,+91 74716 95510,Female,28-01-2025,Full-Time,Scooter,LOC0101
DEL07359,Ivan Borah,+91 72370 70530,Female,03-04-2025,Full-Time,Scooter,LOC0089
DEL07360,Navya Gade,+91 60395 64693,Male,23-12-2023,Full-Time,Scooter,LOC0027
DEL07361,Saira Bhavsar,+91 93467 13662,Female,03-02-2024,Full-Time,Bike,LOC0027
DEL07362,Suhana Dar,+91 66904 77235,Female,01-04-2022,Full-Time,Bike,LOC0001
DEL07363,Sumer Ravi,+91 73639 69292,Female,15-01-2023,Full-Time,EV Bike,LOC0007
DEL07364,Shray Salvi,+91 70034 31281,Male,18-11-2021,Full-Time,Scooter,LOC0034
DEL07365,Vanya Raj,+91 75046 86979,Male,10-11-2024,Contract,Scooter,LOC0107
DEL07366,Alisha Solanki,+91 94995 18567,Male,17-08-2021,Contract,EV Bike,LOC0051
DEL07367,Anvi Chandran,+91 99277 74940,Male,24-06-2025,Full-Time,EV Bike,LOC0102
DEL07368,Seher Zacharia,+91 82130 48697,Male,26-01-2025,Contract,EV Bike,LOC0113
DEL07369,Arnav Babu,+91 62313 32933,Male,26-12-2025,Full-Time,EV Bike,LOC0049
DEL07370,Ehsaan Choudhury,+91 99070 35300,Male,04-08-2023,Full-Time,Scooter,LOC0031
DEL07371,Advika Loyal,+91 79099 50569,Female,09-02-2022,Full-Time,Bike,LOC0079
DEL07372,Nehmat Date,+91 89946 89281,Male,03-03-2022,Contract,Van,LOC0076
DEL07373,Nayantara Apte,+91 77300 09724,Female,31-05-2025,Full-Time,Bike,LOC0012
DEL07374,Darshit Borde,+91 89108 81345,Female,11-06-2021,Full-Time,Bike,LOC0087
DEL07375,Zaina Deep,+91 77681 38780,Male,21-04-2021,Full-Time,Scooter,LOC0057
DEL07376,Mishti Savant,+91 68727 39660,Female,15-08-2021,Full-Time,EV Bike,LOC0084
DEL07377,Jayant Krishnamurthy,+91 73357 99125,Male,17-01-2026,Contract,Van,LOC0062
DEL07378,Tejas Bhagat,+91 85863 91096,Male,05-09-2024,Contract,Scooter,LOC0067
DEL07379,Fateh Barad,+91 76258 40587,Male,07-07-2022,Full-Time,Van,LOC0007
DEL07380,Saksham Vyas,+91 66969 07381,Female,20-04-2025,Full-Time,Bike,LOC0052
DEL07381,Jiya Dasgupta,+91 90408 52057,Male,12-02-2024,Contract,Scooter,LOC0085
DEL07382,Inaaya  Mahajan,+91 87066 97285,Male,12-02-2023,Contract,EV Bike,LOC0058
DEL07383,Nitara Vyas,+91 64179 70255,Female,09-10-2021,Contract,Scooter,LOC0090
DEL07384,Madhav Saxena,+91 90310 48245,Female,15-08-2025,Full-Time,Scooter,LOC0057
DEL07385,Kabir Ray,+91 86152 31004,Male,04-04-2022,Full-Time,Van,LOC0069
DEL07386,Manikya Varghese,+91 95866 18261,Female,09-06-2024,Full-Time,Scooter,LOC0089
DEL07387,Eshani Date,+91 90209 57289,Female,06-02-2026,Contract,Scooter,LOC0026
DEL07388,Adira Jhaveri,+91 83982 38871,Male,13-11-2022,Contract,Scooter,LOC0004
DEL07389,Advik Anne,+91 80195 16899,Male,07-03-2025,Contract,Scooter,LOC0097
DEL07390,Nitara Kaur,+91 60721 48959,Male,10-08-2024,Full-Time,Scooter,LOC0092
DEL07391,Divyansh Baria,+91 91084 71486,Male,19-01-2025,Contract,EV Bike,LOC0009
DEL07392,Gatik De,+91 71663 50618,Male,25-10-2021,Contract,Scooter,LOC0009
DEL07393,Tara Saxena,+91 83490 92202,Male,24-02-2022,Contract,Bike,LOC0039
DEL07394,Ivan Ratti,+91 82552 18404,Female,30-11-2025,Full-Time,Van,LOC0019
DEL07395,Adira Behl,+91 95303 51843,Female,27-10-2025,Contract,Bike,LOC0016
DEL07396,Prisha Gala,+91 69906 00883,Female,09-08-2021,Full-Time,EV Bike,LOC0018
DEL07397,Ritvik Maharaj,+91 94110 78289,Female,03-08-2023,Contract,Van,LOC0102
DEL07398,Mohanlal Edwin,+91 67251 13407,Female,01-12-2025,Contract,Bike,LOC0061
DEL07399,Manjari Karnik,+91 68371 82558,Female,16-02-2023,Full-Time,EV Bike,LOC0111
DEL07400,Ela Bhandari,+91 84247 95381,Female,08-05-2024,Contract,EV Bike,LOC0026
DEL07401,Heer Sahota,+91 67949 66754,Female,24-02-2023,Contract,Bike,LOC0007
DEL07402,Siya Raja,+91 73333 15752,Female,20-03-2024,Full-Time,Van,LOC0063
DEL07403,Zaina Sekhon,+91 91740 83784,Female,03-03-2023,Contract,Scooter,LOC0081
DEL07404,Vidur Mane,+91 83430 71494,Male,10-08-2021,Contract,EV Bike,LOC0101
DEL07405,Tara Lala,+91 97187 70255,Female,12-02-2023,Full-Time,Bike,LOC0035
DEL07406,Hansh Ramesh,+91 67510 48391,Male,13-07-2024,Contract,Scooter,LOC0104
DEL07407,Yuvaan Shenoy,+91 89030 81505,Female,31-01-2023,Full-Time,Scooter,LOC0026
DEL07408,Jiya Grewal,+91 61488 26141,Male,19-10-2021,Contract,Bike,LOC0028
DEL07409,Kiaan Roy,+91 98269 16093,Male,25-05-2025,Full-Time,Van,LOC0052
DEL07410,Lavanya Shukla,+91 69857 40441,Male,26-09-2023,Contract,Van,LOC0056
DEL07411,Mishti Sharma,+91 83982 66651,Female,29-09-2021,Full-Time,Scooter,LOC0062
DEL07412,Pihu Anand,+91 69999 87459,Male,27-02-2022,Full-Time,Bike,LOC0029
DEL07413,Farhan Kala,+91 79298 42721,Male,11-09-2024,Full-Time,EV Bike,LOC0088
DEL07414,Stuvan Bawa,+91 67254 73650,Female,30-06-2025,Full-Time,Bike,LOC0070
DEL07415,Neelofar Balay,+91 82983 93978,Female,23-08-2022,Contract,Scooter,LOC0027
DEL07416,Shamik Chacko,+91 99911 11597,Female,19-07-2022,Full-Time,EV Bike,LOC0011
DEL07417,Aradhya Bala,+91 67792 13544,Male,01-11-2023,Full-Time,EV Bike,LOC0006
DEL07418,Nehmat Devi,+91 82755 47009,Female,10-08-2021,Full-Time,Scooter,LOC0050
DEL07419,Charvi Ramanathan,+91 91543 54479,Male,16-04-2025,Full-Time,Bike,LOC0033
DEL07420,Miraya Dhillon,+91 82736 72216,Female,13-08-2022,Full-Time,Scooter,LOC0020
DEL07421,Rania Sehgal,+91 60163 91641,Male,25-10-2022,Full-Time,Van,LOC0033
