seller_id,seller_name,email,phone_number,join_date,location_id,rating,category_focus,bank_name,bank_account_number,ifsc_code
SELL0001,"Kapoor, Badal and Bhat",kapoorbadalandbhat@gmail.com,+91 72199 66532,24-05-2022,LOC0044,1.5,Books,Axis Bank,1.89265E+11,UTIB6812230
SELL0002,Saraf Inc,sarafinc@gmail.com,+91 63100 63257,05-09-2025,LOC0052,3.8,Books,Axis Bank,3741626654,UTIB2439674
SELL0003,Tailor-Rajagopal,tailor-rajagopal@gmail.com,+91 89039 13396,20-09-2025,LOC0007,1.8,Office Supplies,Bank of Baroda,9526428433,BARB9167519
SELL0004,Baria-Jayaraman,baria-jayaraman2610@gmail.com,+91 89225 92447,23-01-2025,LOC0024,1.1,Bags & Luggage,State Bank of India,5079198177,SBIN5432763
SELL0005,Gole-Gulati,gole-gulati@gmail.com,+91 74674 87571,02-07-2022,LOC0101,3.8,Footwear,ICICI Bank,98325118033,ICIC9115637
SELL0006,"Divan, Comar and Lala",divancomarandlala@gmail.com,+91 75541 14586,18-06-2023,LOC0019,4.7,Footwear,Kotak Mahindra Bank,1586470343,KKBK6316776
SELL0007,Seth-Singhal,seth-singhal@gmail.com,+91 61281 23639,16-01-2026,LOC0038,4.9,Clothing,Kotak Mahindra Bank,4297336295,KKBK7472356
SELL0008,Bassi PLC,bassiplc7051@gmail.com,+91 93965 78396,19-01-2024,LOC0069,3.4,Sports,ICICI Bank,4.33689E+13,ICIC8156983
SELL0009,"Bajaj, Doshi and Boase",bajajdoshiandboase7156@gmail.com,+91 72889 90878,12-04-2022,LOC0044,1,Footwear,Axis Bank,9.48111E+12,UTIB4637455
SELL0010,Amble-Shanker,amble-shanker@gmail.com,+91 78341 32085,30-10-2021,LOC0026,3.9,Beauty,Canara Bank,7.44382E+12,CNRB1269186
SELL0011,"Sawhney, Sahota and Kulkarni",sawhneysahotaandkulkarni6822@gmail.com,+91 61212 53870,20-04-2021,LOC0039,1.7,Clothing,IndusInd Bank,1.50164E+12,INDB7909982
SELL0012,Sarna LLC,sarnallc3359@gmail.com,+91 64067 98687,23-07-2025,LOC0019,3.1,Jewellery,HDFC Bank,25494342972,HDFC7691788
SELL0013,"Subramanian, Srinivasan and Uppal",subramaniansrinivasananduppal@gmail.com,+91 92123 66957,25-06-2024,LOC0071,4.8,Automotive,IndusInd Bank,7127731395,INDB9777101
SELL0014,Sabharwal Group,sabharwalgroup@gmail.com,+91 64519 98972,26-10-2023,LOC0059,2.7,Sports,IndusInd Bank,7.72075E+11,INDB4299450
SELL0015,Amble LLC,amblellc2961@gmail.com,+91 95325 07800,09-03-2026,LOC0027,2.6,Baby,HDFC Bank,6890267345,HDFC2613350
SELL0016,Kurian Inc,kurianinc7749@gmail.com,+91 61285 45740,26-02-2023,LOC0094,4.1,Automotive,IndusInd Bank,3.19724E+12,INDB5960428
SELL0017,Bala LLC,balallc@gmail.com,+91 64039 53996,17-11-2023,LOC0103,4.2,Books,Kotak Mahindra Bank,46697613795,KKBK9595585
SELL0018,"De, Banik and Gera",debanikandgera@gmail.com,+91 62758 34096,10-08-2025,LOC0015,4,Stationery,Canara Bank,9.71943E+13,CNRB6771906
SELL0019,Wali Group,waligroup@gmail.com,+91 94819 16545,11-06-2024,LOC0036,1,Automotive,Axis Bank,9.31542E+12,UTIB7272967
SELL0020,Buch and Sons,buchandsons@gmail.com,+91 64039 48572,20-03-2022,LOC0021,3,Bags & Luggage,State Bank of India,6.28524E+12,SBIN3173147
SELL0021,Lalla Inc,lallainc@gmail.com,+91 73666 08807,12-08-2025,LOC0024,1.1,Baby,State Bank of India,5.67558E+12,SBIN3187741
SELL0022,Khare-Tailor,khare-tailor2164@gmail.com,+91 84136 21748,11-03-2023,LOC0002,1.8,Music & Instruments,State Bank of India,6.88141E+11,SBIN3759832
SELL0023,Ahuja Group,ahujagroup3085@gmail.com,+91 95857 69019,14-11-2021,LOC0098,2,Clothing,ICICI Bank,26933732948,ICIC3237653
SELL0024,Dara LLC,darallc8909@gmail.com,+91 96749 05711,24-02-2026,LOC0042,3.7,Jewellery,State Bank of India,68143363399,SBIN7083887
SELL0025,Chana LLC,chanallc@gmail.com,+91 82199 55134,22-04-2021,LOC0044,1.8,Pets,State Bank of India,32265002878,SBIN7763951
SELL0026,Mahajan Group,mahajangroup@gmail.com,+91 87679 31297,13-12-2025,LOC0020,1.3,Toys,Punjab National Bank,6.93748E+12,PUNB8858099
SELL0027,Karan-Gaba,karan-gaba@gmail.com,+91 88016 84121,06-12-2025,LOC0058,4.1,Footwear,Axis Bank,6.72396E+11,UTIB9502041
SELL0028,Gour-Maharaj,gour-maharaj7771@gmail.com,+91 70512 75992,05-04-2025,LOC0060,1.8,Jewellery,IndusInd Bank,28003317411,INDB5809479
SELL0029,"Sagar, Lall and Grover",sagarlallandgrover@gmail.com,+91 94843 48396,03-11-2022,LOC0085,1.9,Books,ICICI Bank,95217060898,ICIC9903243
SELL0030,"Baria, Mangal and Sachar",bariamangalandsachar@gmail.com,+91 62932 77540,20-07-2023,LOC0068,2.1,Baby,HDFC Bank,3.55577E+11,HDFC4065132
SELL0031,Chacko and Sons,chackoandsons@gmail.com,+91 70599 04275,08-10-2022,LOC0045,1.5,Stationery,Bank of Baroda,36832560,BARB2099078
SELL0032,Wadhwa-Sekhon,wadhwa-sekhon@gmail.com,+91 79411 75197,12-02-2025,LOC0057,1.3,Home,ICICI Bank,67026667343,ICIC9552728
SELL0033,"Doctor, Lanka and Bahri",doctorlankaandbahri3168@gmail.com,+91 98603 21491,12-02-2024,LOC0081,1.4,Office Supplies,Union Bank of India,1.50462E+12,UBIN1056225
SELL0034,Setty-Karan,setty-karan5081@gmail.com,+91 67087 16375,14-08-2025,LOC0053,2.5,Health,Punjab National Bank,4.02165E+11,PUNB3956950
SELL0035,"Uppal, Maharaj and Yadav",uppalmaharajandyadav8575@gmail.com,+91 97011 16048,21-07-2021,LOC0086,1.4,Health,IndusInd Bank,2936440163,INDB4060488
SELL0036,Savant-Choudhary,savant-choudhary@gmail.com,+91 71023 56460,16-12-2025,LOC0017,3.6,Beauty,Union Bank of India,26526467222,UBIN2903662
SELL0037,Singh-Gulati,singh-gulati@gmail.com,+91 78409 01510,29-11-2022,LOC0047,5,Jewellery,Union Bank of India,1.53425E+13,UBIN9980594
SELL0038,Doctor-Kala,doctor-kala@gmail.com,+91 84355 30706,06-10-2024,LOC0038,2.6,Books,Kotak Mahindra Bank,10753073713,KKBK2668744
SELL0039,Kanda Ltd,kandaltd@gmail.com,+91 81255 36689,12-01-2025,LOC0030,4.9,Automotive,Bank of Baroda,22762375364,BARB1547025
SELL0040,"Venkatesh, Trivedi and Hans",venkateshtrivediandhans@gmail.com,+91 99618 11112,02-07-2023,LOC0012,2.7,Jewellery,ICICI Bank,3.42577E+11,ICIC9427200
SELL0041,Sarkar Ltd,sarkarltd791@gmail.com,+91 73444 00330,29-11-2024,LOC0098,1.5,Electronics,Bank of Baroda,2.76743E+11,BARB2973824
SELL0042,"Malhotra, Sachdev and Bhalla",malhotrasachdevandbhalla5897@gmail.com,+91 74282 17733,24-11-2025,LOC0059,2.5,Toys,State Bank of India,4.70501E+13,SBIN2529731
SELL0043,"Biswas, Devi and Sarraf",biswasdeviandsarraf42@gmail.com,+91 67088 50742,26-11-2021,LOC0099,1.8,Music & Instruments,Union Bank of India,7.63151E+12,UBIN3014176
SELL0044,Ramachandran-Bumb,ramachandran-bumb@gmail.com,+91 65164 93325,19-01-2024,LOC0098,3.3,Office Supplies,IndusInd Bank,4.51569E+11,INDB9394861
SELL0045,Sankaran-Vasa,sankaran-vasa6562@gmail.com,+91 98207 87069,31-05-2022,LOC0042,1.2,Beauty,HDFC Bank,6.06466E+12,HDFC9722889
SELL0046,Bora-Chana,bora-chana@gmail.com,+91 79743 11260,14-01-2025,LOC0047,2.3,Automotive,IndusInd Bank,4191150900,INDB9543363
SELL0047,Shroff-Sant,shroff-sant3139@gmail.com,+91 61146 92447,15-08-2023,LOC0087,4.4,Electronics,Kotak Mahindra Bank,9242407949,KKBK7228913
SELL0048,Kalita PLC,kalitaplc@gmail.com,+91 67920 50488,05-08-2025,LOC0080,3.6,Books,Canara Bank,2.31425E+11,CNRB9257347
SELL0049,Cheema-Sahota,cheema-sahota4137@gmail.com,+91 74775 33161,03-08-2021,LOC0031,3.6,Beauty,HDFC Bank,70112673050,HDFC7343332
SELL0050,"Uppal, Bali and Bose",uppalbaliandbose5735@gmail.com,+91 73656 87063,07-11-2024,LOC0019,4.3,Bags & Luggage,Axis Bank,58601872855,UTIB6811245
SELL0051,Raja and Sons,rajaandsons@gmail.com,+91 73306 56999,17-09-2025,LOC0025,4.3,Sports,IndusInd Bank,5.85569E+12,INDB6753964
SELL0052,Som PLC,somplc@gmail.com,+91 90435 89291,12-10-2022,LOC0032,4.8,Automotive,IndusInd Bank,5.90314E+11,INDB4938422
SELL0053,Comar and Sons,comarandsons9494@gmail.com,+91 75910 85959,27-11-2025,LOC0063,3.9,Clothing,IndusInd Bank,9.14084E+11,INDB7338290
SELL0054,"Ganguly, Ravi and Yohannan",gangulyraviandyohannan@gmail.com,+91 92347 27122,28-10-2022,LOC0080,4.3,Music & Instruments,HDFC Bank,6.23647E+11,HDFC8681536
SELL0055,"Bhargava, Aurora and Trivedi",bhargavaauroraandtrivedi@gmail.com,+91 85460 44809,06-12-2022,LOC0040,2.5,Music & Instruments,HDFC Bank,5.30732E+12,HDFC8801789
SELL0056,"Chokshi, Sane and Ben",chokshisaneandben7079@gmail.com,+91 83882 74639,17-05-2021,LOC0082,1.9,Groceries,HDFC Bank,7.00517E+11,HDFC3754588
SELL0057,Date and Sons,dateandsons@gmail.com,+91 78297 03052,18-05-2021,LOC0036,3.9,Baby,Punjab National Bank,8.02049E+13,PUNB6620100
SELL0058,Sabharwal-Chana,sabharwal-chana7399@gmail.com,+91 66561 43079,24-06-2025,LOC0067,4.3,Footwear,Union Bank of India,5.54999E+11,UBIN8933864
SELL0059,"Bhakta, Aggarwal and Bala",bhaktaaggarwalandbala@gmail.com,+91 61111 37323,03-04-2023,LOC0039,1.4,Gaming,Union Bank of India,1.34683E+13,UBIN4228894
SELL0060,Bhalla-Ravi,bhalla-ravi9346@gmail.com,+91 88086 60755,01-01-2024,LOC0011,1.9,Home,IndusInd Bank,3.87667E+13,INDB9927720
SELL0061,Singh-Baral,singh-baral@gmail.com,+91 69899 79259,03-12-2021,LOC0022,2.8,Baby,Canara Bank,5211010737,CNRB9896759
SELL0062,Iyengar-Bava,iyengar-bava@gmail.com,+91 90337 04989,26-08-2023,LOC0083,4.6,Automotive,HDFC Bank,621100010,HDFC3227885
SELL0063,Gala Group,galagroup@gmail.com,+91 71083 13177,26-03-2022,LOC0109,3.6,Footwear,Punjab National Bank,17559706948,PUNB9527763
SELL0064,"Bandi, Keer and Balakrishnan",bandikeerandbalakrishnan8490@gmail.com,+91 96038 51229,29-04-2023,LOC0094,4.4,Health,Canara Bank,1.13524E+12,CNRB3576073
SELL0065,"Reddy, Ganguly and Kari",reddygangulyandkari@gmail.com,+91 98259 68636,30-08-2023,LOC0023,1.4,Electronics,IndusInd Bank,8761085899,INDB9003287
SELL0066,Dada Inc,dadainc5554@gmail.com,+91 83433 87248,09-04-2025,LOC0094,1.6,Music & Instruments,Union Bank of India,9.13128E+13,UBIN1439441
SELL0067,Gill Group,gillgroup@gmail.com,+91 87915 50983,25-12-2023,LOC0067,4.5,Sports,HDFC Bank,8.53729E+12,HDFC8597364
SELL0068,Kothari-Deshmukh,kothari-deshmukh6535@gmail.com,+91 77965 31853,21-06-2023,LOC0043,2.6,Office Supplies,Canara Bank,2.25404E+11,CNRB2091401
SELL0069,"Dugal, Kannan and Rattan",dugalkannanandrattan@gmail.com,+91 70514 35796,20-08-2024,LOC0109,3.4,Books,HDFC Bank,9.22353E+12,HDFC6455453
SELL0070,Vora-Kapur,vora-kapur@gmail.com,+91 63490 83888,07-04-2022,LOC0078,2,Footwear,HDFC Bank,3.95341E+12,HDFC4121829
SELL0071,"Sood, Chaudhari and Aurora",soodchaudhariandaurora@gmail.com,+91 88059 43497,15-08-2022,LOC0036,2.4,Office Supplies,State Bank of India,5741488016,SBIN8147232
SELL0072,Solanki-Ray,solanki-ray@gmail.com,+91 68763 03634,18-08-2025,LOC0021,1.2,Gaming,IndusInd Bank,2022767498,INDB6761835
SELL0073,"Uppal, Bir and Bhavsar",uppalbirandbhavsar7870@gmail.com,+91 92763 95382,08-06-2025,LOC0105,2.3,Health,State Bank of India,88475945977,SBIN9453990
SELL0074,Tata Inc,tatainc@gmail.com,+91 92771 39986,19-03-2026,LOC0049,1,Groceries,Kotak Mahindra Bank,3.83483E+13,KKBK2682633
SELL0075,Gola Inc,golainc6100@gmail.com,+91 90348 24376,07-01-2025,LOC0089,4.5,Groceries,Bank of Baroda,8620011020,BARB1768106
SELL0076,Brahmbhatt LLC,brahmbhattllc@gmail.com,+91 67701 00855,14-10-2022,LOC0010,2.4,Home,ICICI Bank,1.22614E+13,ICIC6484409
SELL0077,Tiwari Group,tiwarigroup9575@gmail.com,+91 98500 77714,10-06-2021,LOC0055,3.3,Sports,IndusInd Bank,8.92497E+11,INDB9628684
SELL0078,Ranganathan and Sons,ranganathanandsons@gmail.com,+91 81842 03679,12-08-2025,LOC0073,4.3,Books,Axis Bank,7.04794E+12,UTIB4071789
SELL0079,Sheth-Chakrabarti,sheth-chakrabarti@gmail.com,+91 62958 15668,28-10-2022,LOC0100,2,Footwear,State Bank of India,18519735453,SBIN1781587
SELL0080,"Banik, Venkataraman and Tailor",banikvenkataramanandtailor2387@gmail.com,+91 81843 61535,19-01-2023,LOC0023,4.3,Toys,Canara Bank,66003071524,CNRB1987403
SELL0081,Char and Sons,charandsons@gmail.com,+91 60965 95030,24-11-2024,LOC0054,1.4,Beauty,Axis Bank,2876226885,UTIB1599707
SELL0082,Agarwal-Bhattacharyya,agarwal-bhattacharyya@gmail.com,+91 81997 41513,22-11-2021,LOC0062,4.1,Health,IndusInd Bank,8.9612E+12,INDB4775779
SELL0083,"Sheth, Kapoor and Shan",shethkapoorandshan5530@gmail.com,+91 80717 02166,07-08-2023,LOC0058,2.5,Jewellery,State Bank of India,3.48005E+13,SBIN9241645
SELL0084,"Sharaf, Shah and Kadakia",sharafshahandkadakia@gmail.com,+91 80465 43001,09-07-2021,LOC0007,4.1,Bags & Luggage,Axis Bank,2.89179E+11,UTIB1424195
SELL0085,Yogi-Mahajan,yogi-mahajan@gmail.com,+91 77012 85457,27-08-2025,LOC0112,4.7,Electronics,IndusInd Bank,51190631804,INDB6082404
SELL0086,"Dhillon, Som and Deol",dhillonsomanddeol6962@gmail.com,+91 98370 64299,08-11-2025,LOC0043,4.3,Footwear,Kotak Mahindra Bank,83426274754,KKBK7193502
SELL0087,"Thaman, Anne and Mand",thamananneandmand1974@gmail.com,+91 69310 35686,25-09-2025,LOC0023,4.5,Bags & Luggage,Union Bank of India,3199263641,UBIN4994006
SELL0088,Yohannan-Choudhary,yohannan-choudhary8726@gmail.com,+91 89699 19366,07-08-2024,LOC0081,1.7,Baby,State Bank of India,2.45268E+11,SBIN5912911
SELL0089,Sandal and Sons,sandalandsons@gmail.com,+91 97619 57744,29-09-2024,LOC0013,1.9,Toys,Union Bank of India,1.8005E+12,UBIN1901338
SELL0090,Kakar-Behl,kakar-behl@gmail.com,+91 95451 30162,05-11-2022,LOC0012,2.9,Groceries,State Bank of India,32530139173,SBIN9065536
SELL0091,Sathe-Kala,sathe-kala@gmail.com,+91 87745 67843,05-12-2025,LOC0038,2.7,Books,Bank of Baroda,8.07563E+12,BARB1531322
SELL0092,"Shah, Sodhi and Sachdev",shahsodhiandsachdev9533@gmail.com,+91 99931 53720,30-10-2021,LOC0084,2.2,Groceries,Bank of Baroda,70248274602,BARB1447224
SELL0093,"Sarin, Devan and Kant",sarindevanandkant@gmail.com,+91 68847 79627,14-03-2024,LOC0002,4.8,Stationery,ICICI Bank,6.90134E+13,ICIC4590817
SELL0094,"Bansal, Suresh and Bal",bansalsureshandbal@gmail.com,+91 79276 66975,17-05-2025,LOC0030,3.3,Jewellery,IndusInd Bank,6.53675E+13,INDB8116449
SELL0095,Bail-Sekhon,bail-sekhon2427@gmail.com,+91 73193 90609,14-12-2024,LOC0112,4.6,Books,Union Bank of India,3.4835E+11,UBIN4514441
SELL0096,Chaudhari-Goda,chaudhari-goda@gmail.com,+91 93469 29358,20-05-2021,LOC0091,3.7,Jewellery,Axis Bank,8.88073E+12,UTIB6269339
SELL0097,Krish PLC,krishplc@gmail.com,+91 88521 22279,22-10-2021,LOC0040,2.8,Toys,IndusInd Bank,202542877,INDB2327041
SELL0098,Chopra-Deol,chopra-deol@gmail.com,+91 85088 43880,18-09-2023,LOC0047,1.4,Toys,Union Bank of India,1.80043E+11,UBIN7242129
SELL0099,Bhardwaj and Sons,bhardwajandsons4352@gmail.com,+91 60373 19363,27-06-2023,LOC0105,2,Beauty,State Bank of India,3.84152E+12,SBIN4241614
SELL0100,Sampath Group,sampathgroup876@gmail.com,+91 96606 49789,27-12-2022,LOC0036,3.6,Health,Kotak Mahindra Bank,1.62762E+11,KKBK3650519
SELL0101,Shah Group,shahgroup6006@gmail.com,+91 71019 50927,05-04-2024,LOC0012,3.9,Toys,Kotak Mahindra Bank,69889697761,KKBK4655928
SELL0102,"Walia, Dhingra and Manne",waliadhingraandmanne@gmail.com,+91 92113 64999,12-01-2022,LOC0035,3.9,Music & Instruments,Bank of Baroda,72654131977,BARB5357697
SELL0103,Bali-Dey,bali-dey2076@gmail.com,+91 68099 85539,30-08-2022,LOC0088,3.1,Health,Axis Bank,68515457905,UTIB6192132
SELL0104,Sundaram-Karan,sundaram-karan@gmail.com,+91 62847 77213,26-05-2025,LOC0104,3.9,Beauty,HDFC Bank,6.19169E+13,HDFC9678204
SELL0105,Sule-Sinha,sule-sinha@gmail.com,+91 81771 96286,22-12-2024,LOC0048,4.8,Sports,Punjab National Bank,9352604145,PUNB3824875
SELL0106,Maharaj-Kota,maharaj-kota3299@gmail.com,+91 90131 97297,09-05-2023,LOC0105,3.8,Baby,Punjab National Bank,4995221385,PUNB2733501
SELL0107,Khalsa-Kale,khalsa-kale2706@gmail.com,+91 65846 65750,18-05-2024,LOC0047,4.8,Bags & Luggage,IndusInd Bank,6906731091,INDB5218287
SELL0108,Khosla-Sunder,khosla-sunder8324@gmail.com,+91 74219 94392,05-11-2023,LOC0044,4.8,Electronics,HDFC Bank,5278173976,HDFC4670618
SELL0109,Gill LLC,gillllc@gmail.com,+91 95137 16426,26-01-2026,LOC0053,1.3,Groceries,Punjab National Bank,5.09722E+12,PUNB6121916
SELL0110,Aurora Inc,aurorainc@gmail.com,+91 83113 45501,15-10-2024,LOC0016,1.8,Bags & Luggage,Axis Bank,7.38103E+13,UTIB4846165
SELL0111,Jhaveri-Khosla,jhaveri-khosla@gmail.com,+91 89081 07257,07-10-2024,LOC0039,1.9,Health,IndusInd Bank,4.19694E+13,INDB3985373
SELL0112,Singh Group,singhgroup@gmail.com,+91 87385 55272,09-08-2025,LOC0017,2.2,Office Supplies,Kotak Mahindra Bank,58799972360,KKBK6634981
SELL0113,Ahluwalia and Sons,ahluwaliaandsons@gmail.com,+91 80872 12021,28-03-2025,LOC0111,1.8,Baby,IndusInd Bank,13426242149,INDB8048014
SELL0114,Srinivas LLC,srinivasllc@gmail.com,+91 62830 06374,03-05-2024,LOC0097,3.4,Beauty,ICICI Bank,4.94316E+13,ICIC3887653
SELL0115,"Khosla, Ahluwalia and Suri",khoslaahluwaliaandsuri6308@gmail.com,+91 65145 39707,16-09-2021,LOC0008,3.1,Health,Bank of Baroda,4.66407E+11,BARB8391611
SELL0116,Kothari-Chada,kothari-chada@gmail.com,+91 95598 94138,02-06-2022,LOC0076,1.9,Baby,Bank of Baroda,4.0803E+13,BARB2871933
SELL0117,Bhalla-Rana,bhalla-rana4320@gmail.com,+91 79819 27940,25-07-2024,LOC0027,2.4,Clothing,State Bank of India,7.21504E+13,SBIN4673563
SELL0118,"Raman, Thakkar and Desai",ramanthakkaranddesai@gmail.com,+91 97431 06901,28-06-2023,LOC0016,2.7,Sports,Union Bank of India,1631164811,UBIN9943337
SELL0119,"Sandal, Rout and Kadakia",sandalroutandkadakia@gmail.com,+91 80807 74123,09-10-2024,LOC0010,1.6,Clothing,Kotak Mahindra Bank,60215492203,KKBK5905732
SELL0120,Ravel-Bhatia,ravel-bhatia9823@gmail.com,+91 92776 78770,13-07-2024,LOC0015,4.6,Toys,ICICI Bank,2.97378E+12,ICIC7113518
SELL0121,Raj-Krishna,raj-krishna7597@gmail.com,+91 65143 26152,24-09-2022,LOC0100,3,Bags & Luggage,ICICI Bank,9754567651,ICIC6258278
SELL0122,Kamdar-Shanker,kamdar-shanker@gmail.com,+91 60349 73038,10-09-2024,LOC0094,4.9,Clothing,State Bank of India,2363307556,SBIN6990923
SELL0123,"Magar, Zacharia and Sehgal",magarzachariaandsehgal@gmail.com,+91 80688 76769,02-07-2023,LOC0002,3.7,Clothing,Union Bank of India,18983072805,UBIN7714164
SELL0124,Dugal-Sandhu,dugal-sandhu4655@gmail.com,+91 81375 02641,28-06-2024,LOC0074,1.8,Office Supplies,HDFC Bank,8.07377E+13,HDFC8263391
SELL0125,Babu-Suri,babu-suri@gmail.com,+91 61830 44431,01-03-2023,LOC0055,1.1,Home,Kotak Mahindra Bank,3.68546E+11,KKBK4999366
SELL0126,"Bal, Chand and Doshi",balchandanddoshi@gmail.com,+91 64647 15575,14-10-2024,LOC0037,4.4,Books,Union Bank of India,82212178471,UBIN8471578
SELL0127,"Saha, Sabharwal and Sinha",sahasabharwalandsinha@gmail.com,+91 81595 30778,10-06-2021,LOC0093,2.8,Gaming,State Bank of India,4.88549E+12,SBIN7378954
SELL0128,Raval-Rajan,raval-rajan7927@gmail.com,+91 70874 27952,07-05-2024,LOC0040,1,Baby,Axis Bank,7971477402,UTIB5007893
SELL0129,Date and Sons,dateandsons6363@gmail.com,+91 82996 64350,21-08-2022,LOC0010,3.3,Baby,HDFC Bank,3.98108E+11,HDFC1099284
SELL0130,"Aggarwal, Tripathi and Mandal",aggarwaltripathiandmandal@gmail.com,+91 77757 84408,08-05-2024,LOC0107,2.1,Beauty,State Bank of India,9.38944E+11,SBIN6396746
SELL0131,Rajan LLC,rajanllc@gmail.com,+91 83768 56493,09-06-2022,LOC0048,1.1,Bags & Luggage,Union Bank of India,8774937673,UBIN9621901
SELL0132,Dewan-Dyal,dewan-dyal@gmail.com,+91 99234 62132,30-03-2026,LOC0013,3.8,Footwear,Axis Bank,2.27632E+12,UTIB1415626
SELL0133,Bhatti PLC,bhattiplc@gmail.com,+91 98985 37117,29-03-2022,LOC0104,2.9,Health,Punjab National Bank,6010665482,PUNB4393787
SELL0134,Sahota LLC,sahotallc5740@gmail.com,+91 79948 47543,11-05-2025,LOC0091,1.3,Books,Bank of Baroda,6.95187E+13,BARB1249071
SELL0135,Keer-Das,keer-das@gmail.com,+91 74306 98281,09-11-2022,LOC0033,2.3,Sports,Punjab National Bank,6.89349E+11,PUNB3859983
SELL0136,Bail and Sons,bailandsons@gmail.com,+91 70791 97870,11-03-2024,LOC0055,1.8,Pets,Union Bank of India,3.19267E+12,UBIN3699274
SELL0137,Lanka Ltd,lankaltd@gmail.com,+91 71331 33041,19-04-2024,LOC0008,2.5,Office Supplies,IndusInd Bank,6.99341E+12,INDB7781055
SELL0138,"Devi, Sachar and Issac",devisacharandissac@gmail.com,+91 86785 08803,17-09-2024,LOC0109,4.1,Gaming,Kotak Mahindra Bank,87623551895,KKBK3239389
SELL0139,Raj Group,rajgroup@gmail.com,+91 81566 48016,28-07-2022,LOC0098,3.6,Sports,IndusInd Bank,8.82898E+12,INDB2603825
SELL0140,Saraf Inc,sarafinc1615@gmail.com,+91 78750 42915,14-10-2024,LOC0017,4.5,Beauty,Punjab National Bank,6.11315E+13,PUNB6712651
SELL0141,"Gour, Apte and Raja",gourapteandraja@gmail.com,+91 69808 46807,25-07-2025,LOC0073,2.4,Stationery,Axis Bank,8359789967,UTIB4081556
SELL0142,"Thaman, Barad and Saraf",thamanbaradandsaraf3837@gmail.com,+91 72507 45960,07-06-2022,LOC0024,4.4,Health,Union Bank of India,5514474809,UBIN4243309
SELL0143,"Sundaram, Swamy and Amble",sundaramswamyandamble@gmail.com,+91 70389 30990,28-11-2024,LOC0015,1.4,Toys,Bank of Baroda,9.52494E+12,BARB3331014
SELL0144,"Ghose, Tiwari and Arya",ghosetiwariandarya2876@gmail.com,+91 91823 66811,14-03-2022,LOC0014,3.7,Footwear,Kotak Mahindra Bank,1734003245,KKBK3181441
SELL0145,"Sagar, Deshpande and Dani",sagardeshpandeanddani@gmail.com,+91 92322 75531,12-04-2022,LOC0082,1.9,Gaming,IndusInd Bank,2154533050,INDB4298451
SELL0146,Chawla-Subramanian,chawla-subramanian@gmail.com,+91 98269 68942,24-11-2022,LOC0109,3.2,Groceries,Axis Bank,8964987134,UTIB4847681
SELL0147,Sura-Mann,sura-mann@gmail.com,+91 73485 49194,23-01-2026,LOC0113,3.4,Pets,Canara Bank,924533177,CNRB9505572
SELL0148,Bhatia-Mallick,bhatia-mallick@gmail.com,+91 96830 10496,02-07-2025,LOC0051,3.8,Clothing,Punjab National Bank,4843095133,PUNB7421612
SELL0149,Shan-Chacko,shan-chacko3658@gmail.com,+91 92854 43274,12-07-2024,LOC0095,3.4,Beauty,Punjab National Bank,4.39503E+13,PUNB6936914
SELL0150,Krish Inc,krishinc@gmail.com,+91 75170 56368,28-12-2023,LOC0079,2.3,Footwear,ICICI Bank,2.93162E+12,ICIC7195885
SELL0151,Deshmukh-Garg,deshmukh-garg@gmail.com,+91 74078 36660,05-09-2022,LOC0037,3.4,Automotive,IndusInd Bank,4.21738E+12,INDB5074780
SELL0152,"Arora, Chacko and Chaudhuri",arorachackoandchaudhuri@gmail.com,+91 80575 68528,31-10-2021,LOC0031,4.9,Health,Canara Bank,7336785397,CNRB1873837
SELL0153,Dhillon-Verma,dhillon-verma@gmail.com,+91 90591 54568,01-06-2021,LOC0033,2.1,Health,Union Bank of India,9.14769E+12,UBIN8586729
SELL0154,Ahluwalia-Garde,ahluwalia-garde@gmail.com,+91 87398 55476,04-08-2025,LOC0016,2.3,Office Supplies,IndusInd Bank,3.70231E+11,INDB4993037
SELL0155,Bala Group,balagroup@gmail.com,+91 73715 84045,18-11-2023,LOC0082,3.6,Pets,Canara Bank,76267989472,CNRB4917574
SELL0156,"Aurora, Sem and Sheth",aurorasemandsheth8964@gmail.com,+91 72477 91075,14-03-2026,LOC0006,2.7,Pets,Bank of Baroda,10507473299,BARB9741752
SELL0157,Chopra LLC,choprallc5521@gmail.com,+91 63695 21561,21-08-2023,LOC0012,2.2,Pets,Punjab National Bank,2.52459E+11,PUNB4068838
SELL0158,Venkataraman-Wali,venkataraman-wali@gmail.com,+91 67255 87762,19-04-2022,LOC0074,2.8,Jewellery,State Bank of India,6851212046,SBIN9554232
SELL0159,Dua LLC,duallc@gmail.com,+91 64956 41435,18-01-2023,LOC0081,1.1,Stationery,ICICI Bank,7907850573,ICIC9802238
SELL0160,"Yogi, Solanki and Ravi",yogisolankiandravi4194@gmail.com,+91 77534 41174,24-07-2021,LOC0070,3.5,Footwear,Union Bank of India,4.78217E+11,UBIN5166555
SELL0161,Balay PLC,balayplc6180@gmail.com,+91 80708 51532,16-08-2022,LOC0111,1.1,Jewellery,ICICI Bank,4356127020,ICIC7312256
SELL0162,"Gulati, Dada and Sem",gulatidadaandsem7210@gmail.com,+91 61222 88646,24-06-2022,LOC0052,4.5,Jewellery,ICICI Bank,2.36545E+11,ICIC8668668
SELL0163,Edwin-Reddy,edwin-reddy@gmail.com,+91 70446 16567,26-10-2025,LOC0045,1,Sports,Union Bank of India,27326898401,UBIN5972874
SELL0164,Chatterjee-Majumdar,chatterjee-majumdar1212@gmail.com,+91 92234 70923,11-08-2024,LOC0035,3.1,Books,Punjab National Bank,6.77947E+11,PUNB7025939
SELL0165,Balakrishnan-Master,balakrishnan-master@gmail.com,+91 72896 83585,06-10-2024,LOC0075,3,Pets,Axis Bank,6.07874E+13,UTIB8313149
SELL0166,Kashyap and Sons,kashyapandsons@gmail.com,+91 79336 88186,06-02-2024,LOC0086,2.6,Bags & Luggage,Punjab National Bank,6.44826E+11,PUNB5628900
SELL0167,Sengupta-Iyer,sengupta-iyer807@gmail.com,+91 61442 10685,21-01-2025,LOC0018,3.8,Jewellery,Kotak Mahindra Bank,7.62594E+13,KKBK8215111
SELL0168,"Dani, Bajaj and Bakshi",danibajajandbakshi@gmail.com,+91 83061 48570,09-06-2025,LOC0095,3.5,Groceries,HDFC Bank,8.74283E+11,HDFC4204723
SELL0169,"Bhatnagar, Virk and Dar",bhatnagarvirkanddar@gmail.com,+91 86795 92460,11-02-2026,LOC0009,3.4,Beauty,Kotak Mahindra Bank,99579657772,KKBK4408939
SELL0170,"Babu, Sachar and Chada",babusacharandchada260@gmail.com,+91 86951 11858,20-06-2023,LOC0007,2.9,Sports,HDFC Bank,5.22006E+12,HDFC2058957
SELL0171,"Comar, Chakrabarti and Sethi",comarchakrabartiandsethi@gmail.com,+91 77687 80651,15-10-2023,LOC0081,2.7,Groceries,Kotak Mahindra Bank,2.52203E+13,KKBK8480419
SELL0172,Mander Group,mandergroup1555@gmail.com,+91 81637 80111,15-04-2024,LOC0106,2,Groceries,Union Bank of India,3.64209E+13,UBIN5102016
SELL0173,Dube-Datta,dube-datta@gmail.com,+91 66962 07428,24-12-2021,LOC0042,4.5,Automotive,Kotak Mahindra Bank,9626162221,KKBK4978715
SELL0174,De Ltd,deltd@gmail.com,+91 82605 21958,26-09-2023,LOC0085,4.9,Sports,IndusInd Bank,8136697144,INDB3123934
SELL0175,"Gola, Anne and Jha",golaanneandjha@gmail.com,+91 91042 32146,22-08-2024,LOC0055,2.3,Books,State Bank of India,471301418,SBIN8232956
SELL0176,"Saran, Ganesh and Swaminathan",saranganeshandswaminathan337@gmail.com,+91 75238 71103,08-10-2025,LOC0006,3.2,Groceries,State Bank of India,4.332E+12,SBIN5492661
SELL0177,Agrawal-Garde,agrawal-garde@gmail.com,+91 93102 74714,10-01-2025,LOC0071,3.6,Sports,ICICI Bank,80134953991,ICIC5411151
SELL0178,Trivedi-Babu,trivedi-babu4148@gmail.com,+91 77927 91064,13-09-2021,LOC0098,2.8,Baby,ICICI Bank,3070034907,ICIC7908775
SELL0179,Bhavsar-Doshi,bhavsar-doshi5288@gmail.com,+91 92044 92680,11-09-2022,LOC0072,4.4,Electronics,Union Bank of India,87737744658,UBIN9880368
SELL0180,"Wagle, Agrawal and Mani",wagleagrawalandmani@gmail.com,+91 88045 79134,15-03-2023,LOC0006,3,Baby,Canara Bank,7.96853E+12,CNRB6368353
SELL0181,"Khurana, Rana and Goswami",khuranaranaandgoswami@gmail.com,+91 85319 86737,25-06-2025,LOC0066,2.8,Music & Instruments,Canara Bank,5.69198E+13,CNRB9359892
SELL0182,Venkataraman-Thaker,venkataraman-thaker9744@gmail.com,+91 81331 43807,03-04-2024,LOC0113,4.8,Music & Instruments,HDFC Bank,1408965624,HDFC9994025
SELL0183,Kota Group,kotagroup@gmail.com,+91 67133 42107,20-05-2022,LOC0060,1.7,Toys,ICICI Bank,7618960415,ICIC1718856
SELL0184,"Hans, Mandal and Das",hansmandalanddas@gmail.com,+91 60320 15573,08-08-2021,LOC0086,3.6,Electronics,HDFC Bank,6.55304E+12,HDFC1840337
SELL0185,Barad-Srinivas,barad-srinivas@gmail.com,+91 81561 02969,01-09-2023,LOC0009,4.3,Books,Union Bank of India,5.60446E+12,UBIN9662618
SELL0186,"Gulati, Atwal and Ramakrishnan",gulatiatwalandramakrishnan@gmail.com,+91 64289 88894,07-08-2023,LOC0059,4.5,Bags & Luggage,Bank of Baroda,3.94346E+13,BARB7271945
SELL0187,"Loke, Sethi and Dey",lokesethianddey@gmail.com,+91 76476 06263,06-06-2022,LOC0061,1.9,Groceries,Axis Bank,2.65245E+11,UTIB6023892
SELL0188,"Handa, Anne and Dash",handaanneanddash@gmail.com,+91 98535 59960,14-03-2022,LOC0087,4.1,Health,Punjab National Bank,9.65999E+13,PUNB6488154
SELL0189,"Bobal, Hayer and Kunda",bobalhayerandkunda@gmail.com,+91 83671 18851,20-08-2024,LOC0035,1.7,Automotive,Kotak Mahindra Bank,4792521535,KKBK4707582
SELL0190,Kaul-Apte,kaul-apte@gmail.com,+91 60219 86428,12-03-2024,LOC0037,3,Clothing,IndusInd Bank,5.27024E+12,INDB7114211
SELL0191,Wali-Gole,wali-gole@gmail.com,+91 93384 04429,15-12-2024,LOC0038,3.2,Electronics,Bank of Baroda,9.72429E+12,BARB4213581
SELL0192,Sanghvi-Divan,sanghvi-divan@gmail.com,+91 81279 41003,08-10-2022,LOC0106,1.2,Office Supplies,ICICI Bank,3.47979E+12,ICIC8895638
SELL0193,Cheema Ltd,cheemaltd1389@gmail.com,+91 94322 36856,07-02-2026,LOC0101,1.2,Baby,HDFC Bank,5954445895,HDFC2099162
SELL0194,Bhandari-Mahal,bhandari-mahal@gmail.com,+91 66234 90878,28-03-2024,LOC0033,4.2,Bags & Luggage,ICICI Bank,5.77401E+13,ICIC9331966
SELL0195,Dixit-Gill,dixit-gill@gmail.com,+91 77721 84916,10-07-2023,LOC0057,3.2,Beauty,Axis Bank,3.53723E+11,UTIB4385471
SELL0196,Ganguly-Chakrabarti,ganguly-chakrabarti7840@gmail.com,+91 70511 39087,03-04-2022,LOC0086,4.7,Footwear,Union Bank of India,93868857832,UBIN7792428
SELL0197,"Dugal, Wali and Barad",dugalwaliandbarad@gmail.com,+91 75115 42656,02-09-2023,LOC0070,3.2,Pets,HDFC Bank,1.58337E+12,HDFC4375760
SELL0198,Sachar-Rajagopal,sachar-rajagopal@gmail.com,+91 88186 83744,25-04-2023,LOC0096,3.5,Baby,Punjab National Bank,66920787169,PUNB7411014
SELL0199,Borah and Sons,borahandsons871@gmail.com,+91 63676 65121,06-02-2023,LOC0009,3.9,Sports,ICICI Bank,57973594272,ICIC4535205
SELL0200,"Kothari, Bahri and Vasa",kotharibahriandvasa506@gmail.com,+91 98849 24859,29-06-2021,LOC0113,2.7,Clothing,Punjab National Bank,24500816785,PUNB4368043
SELL0201,De Inc,deinc@gmail.com,+91 84167 41879,29-07-2021,LOC0058,2.3,Health,Bank of Baroda,6.08723E+13,BARB4094661
SELL0202,Dani Group,danigroup@gmail.com,+91 93057 88764,27-10-2021,LOC0024,2.5,Beauty,Kotak Mahindra Bank,68387265563,KKBK9441521
SELL0203,Agarwal Ltd,agarwalltd2962@gmail.com,+91 85362 39047,29-12-2022,LOC0108,4.8,Stationery,IndusInd Bank,8.65708E+12,INDB2355374
SELL0204,Ben and Sons,benandsons@gmail.com,+91 75607 52238,19-08-2022,LOC0088,2.9,Sports,Canara Bank,40483863917,CNRB2296180
SELL0205,Ratta-Viswanathan,ratta-viswanathan@gmail.com,+91 95741 49969,22-04-2021,LOC0109,1.9,Health,Union Bank of India,1.19716E+13,UBIN6995809
SELL0206,"Thaker, Swamy and Sangha",thakerswamyandsangha@gmail.com,+91 73805 18861,06-04-2023,LOC0056,2.1,Toys,ICICI Bank,8.99166E+12,ICIC1777301
SELL0207,Ganesh-Dubey,ganesh-dubey@gmail.com,+91 81038 74534,12-04-2025,LOC0066,1.8,Footwear,Union Bank of India,83413873838,UBIN5173915
SELL0208,Singhal-Srinivasan,singhal-srinivasan6446@gmail.com,+91 89186 49396,26-08-2025,LOC0001,2.7,Beauty,Bank of Baroda,5049948040,BARB7928001
SELL0209,Kurian Ltd,kurianltd3835@gmail.com,+91 85483 82049,02-07-2021,LOC0040,3.4,Groceries,HDFC Bank,3.83629E+13,HDFC6007424
SELL0210,Kulkarni Ltd,kulkarniltd@gmail.com,+91 79049 29109,16-03-2024,LOC0011,2.1,Home,IndusInd Bank,7.38328E+11,INDB5028593
SELL0211,Basu-Balan,basu-balan7071@gmail.com,+91 62260 29800,09-05-2024,LOC0055,2.2,Electronics,ICICI Bank,9532676697,ICIC2121396
SELL0212,Chad-Sagar,chad-sagar@gmail.com,+91 73350 75423,08-12-2022,LOC0004,4,Automotive,IndusInd Bank,8.58875E+13,INDB1203649
SELL0213,"Jani, Kaul and Loyal",janikaulandloyal@gmail.com,+91 88260 51862,11-02-2026,LOC0066,4.5,Pets,Bank of Baroda,2007691388,BARB5825040
SELL0214,Dutt Ltd,duttltd8752@gmail.com,+91 65250 08933,18-06-2024,LOC0007,1.8,Jewellery,ICICI Bank,2484627131,ICIC1221714
SELL0215,Dayal Inc,dayalinc@gmail.com,+91 95563 21487,07-04-2025,LOC0041,1.6,Footwear,Canara Bank,1.85011E+11,CNRB5197876
SELL0216,Varghese-Saini,varghese-saini2383@gmail.com,+91 69290 37001,27-03-2025,LOC0003,2.4,Clothing,State Bank of India,9.71609E+11,SBIN6176023
SELL0217,Chandran-Thaker,chandran-thaker5828@gmail.com,+91 68597 86207,09-10-2022,LOC0092,2.5,Beauty,Union Bank of India,3.14181E+13,UBIN6544397
SELL0218,Dasgupta and Sons,dasguptaandsons@gmail.com,+91 77310 62843,01-08-2021,LOC0018,4.4,Electronics,ICICI Bank,1425420301,ICIC6949405
SELL0219,Boase LLC,boasellc@gmail.com,+91 86325 07631,06-11-2021,LOC0059,1.4,Baby,Union Bank of India,5.3176E+13,UBIN3546798
SELL0220,"Chatterjee, Deshpande and Cheema",chatterjeedeshpandeandcheema@gmail.com,+91 89452 06357,26-11-2022,LOC0071,4.4,Home,Punjab National Bank,9258579350,PUNB5245160
SELL0221,Dani Inc,daniinc@gmail.com,+91 84613 10428,13-11-2021,LOC0112,5,Electronics,Bank of Baroda,6.9154E+13,BARB4131683
SELL0222,"Barman, Sridhar and Raman",barmansridharandraman8826@gmail.com,+91 89957 54665,01-01-2022,LOC0056,4.8,Bags & Luggage,Canara Bank,5546967149,CNRB6710243
SELL0223,"Dugar, Garg and Saxena",dugargargandsaxena@gmail.com,+91 63803 52221,14-12-2021,LOC0058,2.8,Bags & Luggage,IndusInd Bank,4.27008E+12,INDB9324060
SELL0224,"Kapur, Lala and Sarraf",kapurlalaandsarraf6322@gmail.com,+91 79749 50955,23-09-2022,LOC0040,1.3,Jewellery,Kotak Mahindra Bank,61500378466,KKBK7474926
SELL0225,"Tara, Sanghvi and Goda",tarasanghviandgoda705@gmail.com,+91 65199 83697,10-01-2022,LOC0017,1.1,Books,Bank of Baroda,3.26899E+11,BARB8159362
SELL0226,Sahota-Khatri,sahota-khatri@gmail.com,+91 84012 71845,30-08-2022,LOC0001,2.8,Bags & Luggage,State Bank of India,41843917489,SBIN1837267
SELL0227,Lad-Goyal,lad-goyal@gmail.com,+91 81994 26758,12-02-2023,LOC0066,2,Jewellery,Punjab National Bank,2.88169E+13,PUNB8768469
SELL0228,Toor-Vyas,toor-vyas1485@gmail.com,+91 92250 59785,02-08-2021,LOC0050,4.4,Office Supplies,State Bank of India,4179185744,SBIN1941046
SELL0229,Salvi Ltd,salviltd@gmail.com,+91 80195 83816,16-03-2025,LOC0067,4.6,Health,IndusInd Bank,2.86475E+12,INDB5602162
SELL0230,"Bal, Chana and Sundaram",balchanaandsundaram6565@gmail.com,+91 91428 01453,24-11-2023,LOC0101,3.1,Automotive,Kotak Mahindra Bank,3587591571,KKBK2459863
SELL0231,Tara-Jhaveri,tara-jhaveri6038@gmail.com,+91 84403 22471,29-01-2022,LOC0108,1.3,Office Supplies,HDFC Bank,75100104584,HDFC5249721
SELL0232,Chhabra-Sami,chhabra-sami@gmail.com,+91 69931 56019,06-12-2025,LOC0097,1.3,Toys,IndusInd Bank,5.70747E+11,INDB9187800
SELL0233,"Gade, Kapadia and Bava",gadekapadiaandbava6074@gmail.com,+91 76843 27751,28-03-2022,LOC0086,1.4,Gaming,Axis Bank,4380669849,UTIB3098411
SELL0234,"Talwar, Varma and Ramakrishnan",talwarvarmaandramakrishnan7195@gmail.com,+91 62221 15790,06-03-2022,LOC0033,3.9,Footwear,IndusInd Bank,5.78463E+12,INDB5490999
SELL0235,Raja-Date,raja-date6500@gmail.com,+91 69644 13226,18-03-2024,LOC0092,2.8,Clothing,Canara Bank,57742395542,CNRB1787943
SELL0236,Vohra-Sinha,vohra-sinha4263@gmail.com,+91 83170 17982,05-03-2025,LOC0112,2.3,Electronics,Union Bank of India,1.04988E+12,UBIN7818648
SELL0237,Kurian-Bala,kurian-bala7453@gmail.com,+91 92774 34086,22-03-2022,LOC0069,4.9,Books,State Bank of India,6.72358E+13,SBIN7097302
SELL0238,Dugar PLC,dugarplc9387@gmail.com,+91 86213 20577,13-12-2021,LOC0026,3.2,Groceries,IndusInd Bank,1.91702E+12,INDB7022570
SELL0239,Sarin-Badami,sarin-badami1005@gmail.com,+91 89454 90383,01-03-2025,LOC0098,1.4,Books,Bank of Baroda,3.47926E+11,BARB7109659
SELL0240,"Sridhar, Das and Banik",sridhardasandbanik6269@gmail.com,+91 95725 99043,30-09-2021,LOC0052,2.3,Groceries,State Bank of India,2.60654E+12,SBIN5121624
SELL0241,"Contractor, Shankar and Kibe",contractorshankarandkibe4761@gmail.com,+91 96914 76812,07-03-2026,LOC0104,4.3,Clothing,Kotak Mahindra Bank,5927923021,KKBK4797052
SELL0242,"Ravi, Ramaswamy and Thakur",raviramaswamyandthakur@gmail.com,+91 92941 59085,27-09-2023,LOC0072,2.7,Groceries,HDFC Bank,3.77195E+13,HDFC3779842
SELL0243,"Chaudhry, Krishnan and Kalita",chaudhrykrishnanandkalita@gmail.com,+91 66303 66472,18-02-2024,LOC0004,2.6,Office Supplies,Punjab National Bank,88808391090,PUNB9919232
SELL0244,Kumar-Dave,kumar-dave@gmail.com,+91 74121 95517,30-08-2025,LOC0072,4.3,Automotive,Canara Bank,7526476475,CNRB3410200
SELL0245,Basak Ltd,basakltd@gmail.com,+91 65746 15736,09-10-2025,LOC0101,3.4,Beauty,Kotak Mahindra Bank,5.65434E+11,KKBK1263400
SELL0246,"Devan, Batra and Chadha",devanbatraandchadha@gmail.com,+91 76996 67468,20-04-2023,LOC0104,3.8,Bags & Luggage,Canara Bank,92733681642,CNRB5827545
SELL0247,"Master, Dhawan and Sharma",masterdhawanandsharma@gmail.com,+91 65306 88860,07-05-2024,LOC0104,2,Clothing,Axis Bank,70193055931,UTIB3017569
SELL0248,Badami-Goyal,badami-goyal9446@gmail.com,+91 92481 50087,31-12-2023,LOC0028,3.4,Baby,Axis Bank,96609057728,UTIB5770831
SELL0249,Tripathi and Sons,tripathiandsons7624@gmail.com,+91 88707 69452,01-08-2025,LOC0067,2.3,Toys,HDFC Bank,6855456405,HDFC3348387
SELL0250,"Butala, Dyal and Deshmukh",butaladyalanddeshmukh948@gmail.com,+91 71048 57737,19-05-2022,LOC0009,2,Clothing,Axis Bank,7.84382E+11,UTIB8957503
SELL0251,Dave LLC,davellc@gmail.com,+91 76032 07550,07-07-2025,LOC0066,2.3,Health,Punjab National Bank,9.39294E+13,PUNB5207068
SELL0252,"Ghosh, Jayaraman and Ratti",ghoshjayaramanandratti2657@gmail.com,+91 99228 76886,08-10-2023,LOC0035,4.3,Stationery,Bank of Baroda,5.18904E+12,BARB8386398
SELL0253,"Krishnamurthy, Khalsa and Gulati",krishnamurthykhalsaandgulati3716@gmail.com,+91 78274 00824,26-02-2023,LOC0078,1.6,Footwear,Axis Bank,4.41962E+11,UTIB6148950
SELL0254,Wable-Mandal,wable-mandal6378@gmail.com,+91 79902 06986,27-12-2024,LOC0021,4.5,Bags & Luggage,IndusInd Bank,15511730661,INDB2132460
SELL0255,"Bassi, Sodhi and Basak",bassisodhiandbasak@gmail.com,+91 95657 09577,14-11-2022,LOC0024,1.9,Electronics,Punjab National Bank,6355535038,PUNB4910138
SELL0256,Subramanian-Lad,subramanian-lad@gmail.com,+91 96594 01173,29-03-2025,LOC0096,1.9,Home,Axis Bank,58572481094,UTIB8619914
SELL0257,"Wadhwa, Ramaswamy and Bumb",wadhwaramaswamyandbumb@gmail.com,+91 83003 37223,17-12-2025,LOC0002,1.3,Automotive,Punjab National Bank,2.51051E+13,PUNB2056995
SELL0258,Luthra-Brahmbhatt,luthra-brahmbhatt2971@gmail.com,+91 70458 27767,19-08-2024,LOC0067,1.1,Groceries,HDFC Bank,47759894870,HDFC3646205
SELL0259,"Thaman, Tandon and Bala",thamantandonandbala5426@gmail.com,+91 66436 41573,15-02-2023,LOC0022,1.9,Bags & Luggage,Bank of Baroda,8.52031E+11,BARB1119987
SELL0260,Dube-Sibal,dube-sibal@gmail.com,+91 63326 54257,05-05-2025,LOC0097,1.2,Sports,Union Bank of India,7.13504E+12,UBIN9357381
SELL0261,Dyal-Kar,dyal-kar@gmail.com,+91 84765 61189,05-06-2023,LOC0040,1.8,Music & Instruments,Bank of Baroda,2.15386E+13,BARB8971622
SELL0262,"Karan, Magar and Bala",karanmagarandbala@gmail.com,+91 93157 17844,09-02-2022,LOC0054,2.2,Electronics,Axis Bank,21600870781,UTIB5453554
SELL0263,Biswas and Sons,biswasandsons@gmail.com,+91 80354 09786,05-10-2021,LOC0052,2.3,Sports,Punjab National Bank,1.94861E+13,PUNB5903563
SELL0264,Dubey-Swaminathan,dubey-swaminathan@gmail.com,+91 67339 72047,21-06-2023,LOC0047,4,Beauty,Canara Bank,7.7691E+12,CNRB3504768
SELL0265,"Banerjee, Banik and Deshpande",banerjeebanikanddeshpande@gmail.com,+91 69559 41511,01-11-2022,LOC0065,1.1,Gaming,Union Bank of India,4.36116E+11,UBIN8808370
SELL0266,"Dyal, Kale and Chakrabarti",dyalkaleandchakrabarti@gmail.com,+91 62439 89779,18-07-2025,LOC0099,2.4,Gaming,HDFC Bank,9.27888E+13,HDFC8554413
SELL0267,"Chandran, Viswanathan and Chhabra",chandranviswanathanandchhabra@gmail.com,+91 63354 44915,12-04-2024,LOC0069,1.4,Toys,ICICI Bank,1.05708E+11,ICIC4826815
SELL0268,"Buch, Issac and Kadakia",buchissacandkadakia8341@gmail.com,+91 88300 89481,17-11-2023,LOC0003,1.9,Footwear,State Bank of India,8733742370,SBIN6243864
SELL0269,"Halder, Dyal and Gill",halderdyalandgill2712@gmail.com,+91 90758 56939,21-11-2024,LOC0094,2.8,Automotive,IndusInd Bank,6183414500,INDB4380944
SELL0270,Ahluwalia-Dugal,ahluwalia-dugal@gmail.com,+91 76752 21705,14-08-2022,LOC0105,2.6,Gaming,Axis Bank,6.97493E+12,UTIB8794503
SELL0271,"Swamy, Yohannan and Saini",swamyyohannanandsaini4360@gmail.com,+91 78075 45194,29-01-2025,LOC0047,2.3,Electronics,HDFC Bank,9.36631E+13,HDFC1951982
SELL0272,Krishnan-Kata,krishnan-kata4638@gmail.com,+91 82215 36752,06-08-2025,LOC0086,1.7,Toys,Union Bank of India,4.67606E+13,UBIN6593150
SELL0273,Guha-Wason,guha-wason9782@gmail.com,+91 74803 28501,29-07-2024,LOC0045,3.5,Clothing,Union Bank of India,9264903694,UBIN2212095
SELL0274,Choudhry-Chandra,choudhry-chandra@gmail.com,+91 72598 17814,10-07-2023,LOC0071,1.1,Health,IndusInd Bank,9804851494,INDB1308659
SELL0275,"Sule, Loke and Tailor",sulelokeandtailor@gmail.com,+91 97242 40478,04-10-2022,LOC0006,4.8,Home,HDFC Bank,5846224428,HDFC8067616
SELL0276,Atwal-Mane,atwal-mane@gmail.com,+91 97093 77458,16-02-2024,LOC0065,4.3,Bags & Luggage,Punjab National Bank,2.23147E+11,PUNB7270100
SELL0277,Bawa LLC,bawallc329@gmail.com,+91 82550 77016,15-08-2021,LOC0012,4.2,Books,Canara Bank,1.4216E+11,CNRB1448527
SELL0278,Kalla-Mani,kalla-mani@gmail.com,+91 90813 65350,16-02-2022,LOC0067,1.4,Groceries,Punjab National Bank,5.56835E+13,PUNB2126824
SELL0279,Bhat Ltd,bhatltd@gmail.com,+91 94491 18227,09-08-2023,LOC0011,2.3,Automotive,ICICI Bank,8.59994E+12,ICIC1710918
SELL0280,Chaudhuri and Sons,chaudhuriandsons632@gmail.com,+91 66649 92291,05-11-2024,LOC0104,3.1,Beauty,IndusInd Bank,6.29158E+11,INDB9240134
SELL0281,Viswanathan-Dugar,viswanathan-dugar@gmail.com,+91 85554 68824,07-05-2021,LOC0014,4.8,Beauty,ICICI Bank,6.49061E+13,ICIC2362248
SELL0282,Bera LLC,berallc@gmail.com,+91 67579 42689,01-06-2024,LOC0057,1.2,Home,Kotak Mahindra Bank,6886133137,KKBK5558526
SELL0283,Tak-Dhar,tak-dhar8922@gmail.com,+91 72710 52407,29-09-2025,LOC0060,4.9,Health,Union Bank of India,2.2309E+11,UBIN9029583
SELL0284,Sant-Kakar,sant-kakar6456@gmail.com,+91 99777 01422,27-10-2023,LOC0088,3.8,Jewellery,Bank of Baroda,9.9726E+13,BARB4411254
SELL0285,Saran and Sons,saranandsons@gmail.com,+91 96272 40601,22-09-2023,LOC0055,4.7,Beauty,Canara Bank,5.61613E+11,CNRB4185502
SELL0286,Sinha Group,sinhagroup5218@gmail.com,+91 89839 46870,20-06-2021,LOC0096,1.2,Music & Instruments,ICICI Bank,29689955265,ICIC9846354
SELL0287,"Bahri, Solanki and Dutt",bahrisolankianddutt@gmail.com,+91 87951 22065,17-04-2025,LOC0014,1,Office Supplies,IndusInd Bank,4.4737E+12,INDB3874881
SELL0288,Mander-Sood,mander-sood5347@gmail.com,+91 78447 63758,12-04-2023,LOC0105,2.4,Groceries,HDFC Bank,33173306580,HDFC1704983
SELL0289,Jayaraman Inc,jayaramaninc@gmail.com,+91 77102 11369,23-06-2021,LOC0079,3.5,Beauty,ICICI Bank,8.14397E+13,ICIC3384920
SELL0290,Sekhon PLC,sekhonplc9270@gmail.com,+91 82577 57251,29-08-2024,LOC0021,1.8,Electronics,State Bank of India,76765097352,SBIN8016615
SELL0291,Atwal Group,atwalgroup@gmail.com,+91 65237 09956,19-11-2021,LOC0056,1.9,Books,Axis Bank,40176931345,UTIB8131830
SELL0292,Chander-Kuruvilla,chander-kuruvilla980@gmail.com,+91 76311 43699,12-02-2023,LOC0075,5,Groceries,HDFC Bank,23887505776,HDFC5275973
SELL0293,"Bala, Mangat and Brar",balamangatandbrar1689@gmail.com,+91 91984 02011,27-06-2024,LOC0010,1.5,Beauty,Kotak Mahindra Bank,1756233751,KKBK8713950
SELL0294,Sama Inc,samainc@gmail.com,+91 86883 28416,04-02-2025,LOC0072,3.9,Pets,Canara Bank,22978706134,CNRB5061423
SELL0295,Dora Group,doragroup@gmail.com,+91 86255 74044,20-07-2021,LOC0067,2.2,Bags & Luggage,Union Bank of India,2.28824E+11,UBIN1593440
SELL0296,"Kurian, Raju and Manne",kurianrajuandmanne8659@gmail.com,+91 74945 11524,31-10-2024,LOC0106,2.8,Footwear,IndusInd Bank,1123518046,INDB7036942
SELL0297,Thakkar LLC,thakkarllc8881@gmail.com,+91 91234 46679,02-09-2024,LOC0018,2.1,Music & Instruments,IndusInd Bank,3205917610,INDB7242124
SELL0298,Chauhan-Toor,chauhan-toor2575@gmail.com,+91 89291 04301,09-11-2023,LOC0087,2.6,Gaming,Canara Bank,6.57703E+11,CNRB8192146
SELL0299,Kibe Ltd,kibeltd@gmail.com,+91 66349 67272,31-01-2023,LOC0004,2.6,Home,Bank of Baroda,8.15707E+13,BARB5232784
SELL0300,"Chakrabarti, Zacharia and Keer",chakrabartizachariaandkeer@gmail.com,+91 87524 37744,04-05-2021,LOC0102,1.6,Office Supplies,Punjab National Bank,4.5316E+12,PUNB8105579
SELL0301,Goel PLC,goelplc4667@gmail.com,+91 64565 12354,18-08-2022,LOC0088,4.4,Toys,State Bank of India,77286724574,SBIN8011719
SELL0302,Chopra and Sons,chopraandsons@gmail.com,+91 84624 05139,12-08-2024,LOC0087,3.6,Footwear,ICICI Bank,32165649632,ICIC9191382
SELL0303,Goda LLC,godallc9311@gmail.com,+91 71060 34539,30-10-2023,LOC0066,2.4,Toys,IndusInd Bank,3803985218,INDB5274764
SELL0304,Malhotra-Tandon,malhotra-tandon@gmail.com,+91 97727 55796,02-09-2025,LOC0033,2.2,Books,Kotak Mahindra Bank,7906224923,KKBK6722012
SELL0305,Andra Ltd,andraltd1602@gmail.com,+91 83517 90040,10-11-2025,LOC0019,2.1,Gaming,Union Bank of India,37862066412,UBIN1955360
SELL0306,"Bhattacharyya, Upadhyay and Shanker",bhattacharyyaupadhyayandshanker@gmail.com,+91 70565 20145,06-09-2023,LOC0080,2.6,Electronics,State Bank of India,9.00158E+12,SBIN9718926
SELL0307,Ramesh-Raman,ramesh-raman@gmail.com,+91 65538 26934,10-03-2025,LOC0067,1.4,Baby,ICICI Bank,45291153861,ICIC7852959
SELL0308,Chadha-Gulati,chadha-gulati@gmail.com,+91 72982 54828,19-05-2024,LOC0071,3.9,Footwear,State Bank of India,5248336014,SBIN5494533
SELL0309,Devan and Sons,devanandsons@gmail.com,+91 70653 53192,12-05-2021,LOC0097,4.8,Footwear,Canara Bank,98540822668,CNRB5226033
SELL0310,Sawhney Inc,sawhneyinc@gmail.com,+91 97398 33315,26-09-2023,LOC0056,2.5,Office Supplies,Axis Bank,6.55641E+12,UTIB8345686
SELL0311,"Sani, Salvi and Mannan",sanisalviandmannan@gmail.com,+91 71891 90192,21-02-2025,LOC0090,3.7,Beauty,HDFC Bank,8255931100,HDFC4711161
SELL0312,"Boase, Chakrabarti and Hari",boasechakrabartiandhari@gmail.com,+91 77753 03806,23-12-2025,LOC0074,1.8,Baby,Bank of Baroda,8992691769,BARB1133666
SELL0313,"Char, Soni and Shere",charsoniandshere@gmail.com,+91 74328 72065,22-09-2024,LOC0068,2,Sports,ICICI Bank,1.92148E+11,ICIC2134841
SELL0314,Karpe PLC,karpeplc9498@gmail.com,+91 91874 69886,21-07-2022,LOC0060,3.9,Gaming,IndusInd Bank,5766576360,INDB8011661
SELL0315,Kalla-Apte,kalla-apte7351@gmail.com,+91 97695 32748,29-11-2022,LOC0056,3.7,Groceries,Axis Bank,8.38575E+12,UTIB6442732
SELL0316,Kala-Karan,kala-karan@gmail.com,+91 85199 08141,08-10-2025,LOC0077,2.3,Pets,IndusInd Bank,8.13217E+12,INDB6157584
SELL0317,"Sani, Chaudry and Balasubramanian",sanichaudryandbalasubramanian@gmail.com,+91 90041 76359,06-04-2024,LOC0032,4.8,Office Supplies,Union Bank of India,60282067250,UBIN9410469
SELL0318,Borah Inc,borahinc@gmail.com,+91 92247 90341,08-12-2023,LOC0070,1.6,Toys,Punjab National Bank,48156002120,PUNB2867081
SELL0319,"Saha, Sama and Zacharia",sahasamaandzacharia@gmail.com,+91 79568 76503,13-04-2022,LOC0031,4.3,Stationery,ICICI Bank,61700795459,ICIC8478672
SELL0320,Shankar and Sons,shankarandsons@gmail.com,+91 74260 68421,18-01-2023,LOC0017,1.7,Groceries,Canara Bank,6.61299E+11,CNRB7624133
SELL0321,Baral and Sons,baralandsons@gmail.com,+91 77021 38685,12-10-2021,LOC0106,2.3,Electronics,Union Bank of India,13807110196,UBIN8135028
SELL0322,"Mane, Jani and Jaggi",manejaniandjaggi5605@gmail.com,+91 98617 31067,09-10-2024,LOC0039,1.1,Footwear,Axis Bank,2953855257,UTIB9500715
SELL0323,Chahal-Das,chahal-das@gmail.com,+91 75454 04428,17-10-2023,LOC0028,1.2,Baby,Punjab National Bank,39132489899,PUNB1849652
SELL0324,Zacharia-Kashyap,zacharia-kashyap4141@gmail.com,+91 68920 80902,29-03-2022,LOC0016,1.5,Books,Bank of Baroda,6.01365E+11,BARB2398479
SELL0325,Walla Inc,wallainc@gmail.com,+91 70298 97381,11-02-2025,LOC0091,4.2,Gaming,Canara Bank,3198221101,CNRB3223609
SELL0326,"Goel, Sandal and Shenoy",goelsandalandshenoy@gmail.com,+91 83611 80719,15-05-2024,LOC0050,5,Beauty,ICICI Bank,3164375982,ICIC1881674
SELL0327,"Khalsa, Agarwal and Hayre",khalsaagarwalandhayre@gmail.com,+91 65222 62790,27-07-2025,LOC0006,1.3,Electronics,State Bank of India,61758869948,SBIN3414767
SELL0328,Sathe-Balakrishnan,sathe-balakrishnan3070@gmail.com,+91 66591 64611,22-11-2023,LOC0079,3.5,Stationery,IndusInd Bank,4.29059E+13,INDB3899082
SELL0329,"Solanki, Contractor and Chatterjee",solankicontractorandchatterjee@gmail.com,+91 88122 97991,14-08-2024,LOC0047,2.3,Home,ICICI Bank,1.8125E+12,ICIC3201000
SELL0330,"Thakkar, Korpal and Kala",thakkarkorpalandkala@gmail.com,+91 98008 11624,04-08-2024,LOC0078,3.2,Baby,HDFC Bank,1.88908E+13,HDFC8124039
SELL0331,Bhavsar and Sons,bhavsarandsons@gmail.com,+91 90821 25777,01-10-2023,LOC0007,3.1,Books,Punjab National Bank,3.15979E+12,PUNB1531481
SELL0332,"Sabharwal, Gole and Bala",sabharwalgoleandbala6697@gmail.com,+91 85050 53355,01-05-2022,LOC0091,1.9,Pets,Bank of Baroda,1.59847E+11,BARB7542270
SELL0333,Bali Group,baligroup@gmail.com,+91 76028 53830,04-08-2024,LOC0047,1.4,Home,State Bank of India,37978825323,SBIN3589857
SELL0334,Sami-Seth,sami-seth@gmail.com,+91 61415 82684,22-12-2023,LOC0076,3.2,Footwear,Axis Bank,22389620590,UTIB3431357
SELL0335,Solanki-Bahri,solanki-bahri@gmail.com,+91 90673 27051,01-10-2023,LOC0026,1.8,Home,IndusInd Bank,6.22421E+12,INDB6309567
SELL0336,"Sharma, Bhat and Jhaveri",sharmabhatandjhaveri@gmail.com,+91 82029 36208,15-02-2023,LOC0064,4.7,Pets,Bank of Baroda,23204442656,BARB3366118
SELL0337,Lad-Sarkar,lad-sarkar@gmail.com,+91 70781 45621,09-11-2025,LOC0099,3.2,Baby,Bank of Baroda,43279035816,BARB8507159
SELL0338,"Sahota, Mannan and Krishna",sahotamannanandkrishna4512@gmail.com,+91 96906 02551,18-08-2025,LOC0006,4.5,Music & Instruments,Union Bank of India,9669186908,UBIN9639550
SELL0339,Dugar-Bains,dugar-bains5758@gmail.com,+91 69399 30564,13-07-2025,LOC0003,2.4,Beauty,Canara Bank,2.88614E+11,CNRB5733016
SELL0340,Dalal-Randhawa,dalal-randhawa@gmail.com,+91 87232 13121,07-03-2026,LOC0004,4.9,Electronics,HDFC Bank,6.94213E+11,HDFC8602028
SELL0341,Sha-Ganesh,sha-ganesh@gmail.com,+91 90909 38507,19-02-2024,LOC0094,4,Pets,ICICI Bank,6229832573,ICIC1676672
SELL0342,"Roy, Gupta and Gopal",royguptaandgopal@gmail.com,+91 63836 16473,28-01-2025,LOC0072,4.1,Books,State Bank of India,8.94136E+13,SBIN6785167
SELL0343,"Atwal, Borra and Chatterjee",atwalborraandchatterjee@gmail.com,+91 98993 20207,24-01-2022,LOC0001,2,Music & Instruments,Axis Bank,1.47638E+12,UTIB8246058
SELL0344,Atwal and Sons,atwalandsons@gmail.com,+91 70338 71694,06-08-2021,LOC0029,2.4,Bags & Luggage,State Bank of India,6.06331E+11,SBIN9067780
SELL0345,Bahl Inc,bahlinc4198@gmail.com,+91 80816 95814,19-06-2024,LOC0065,3.5,Music & Instruments,IndusInd Bank,8.52763E+11,INDB6902033
SELL0346,Tank LLC,tankllc5084@gmail.com,+91 77049 19079,26-09-2021,LOC0083,1.8,Sports,IndusInd Bank,1.06984E+11,INDB4768361
SELL0347,"Kapur, Tak and Deep",kapurtakanddeep@gmail.com,+91 79556 99216,16-12-2021,LOC0053,3.9,Gaming,Union Bank of India,8.83356E+12,UBIN4497507
SELL0348,Kota PLC,kotaplc@gmail.com,+91 86092 37038,28-09-2024,LOC0004,1.3,Office Supplies,Kotak Mahindra Bank,6.81714E+12,KKBK1475784
SELL0349,Sama-Baria,sama-baria@gmail.com,+91 83778 52290,23-08-2021,LOC0049,4.7,Groceries,Bank of Baroda,5.59319E+13,BARB8525895
SELL0350,Sethi-Korpal,sethi-korpal@gmail.com,+91 72223 12357,29-12-2024,LOC0009,1.5,Music & Instruments,Kotak Mahindra Bank,3.22164E+13,KKBK8274651
SELL0351,Bhavsar Inc,bhavsarinc@gmail.com,+91 98629 97517,28-11-2023,LOC0066,3.8,Beauty,Union Bank of India,4.92494E+13,UBIN8454545
SELL0352,Yogi-Rastogi,yogi-rastogi@gmail.com,+91 92245 65979,27-01-2023,LOC0003,4.4,Bags & Luggage,ICICI Bank,7238302350,ICIC9675319
SELL0353,"Sekhon, Koshy and Tata",sekhonkoshyandtata@gmail.com,+91 88009 19881,27-01-2024,LOC0112,3.8,Clothing,IndusInd Bank,125915126,INDB7100580
SELL0354,"Dhawan, Goda and Bhatia",dhawangodaandbhatia@gmail.com,+91 73503 49390,07-08-2023,LOC0104,2.4,Groceries,Punjab National Bank,11924820062,PUNB3118296
SELL0355,"Khare, Sachdeva and Kade",kharesachdevaandkade3927@gmail.com,+91 93485 26217,18-04-2025,LOC0051,3.1,Jewellery,Bank of Baroda,2.51945E+13,BARB4686892
SELL0356,Deshpande Ltd,deshpandeltd2402@gmail.com,+91 80054 64834,12-11-2025,LOC0045,3.7,Office Supplies,Punjab National Bank,5.48948E+11,PUNB1720599
SELL0357,Sama-Deo,sama-deo@gmail.com,+91 79945 43756,26-06-2024,LOC0095,4.2,Automotive,Bank of Baroda,4.73606E+12,BARB5121233
SELL0358,Raval and Sons,ravalandsons7924@gmail.com,+91 74529 88001,14-07-2024,LOC0089,2.3,Books,Union Bank of India,451058098,UBIN2892317
SELL0359,Mahal PLC,mahalplc@gmail.com,+91 67910 36379,06-06-2021,LOC0084,3.6,Pets,State Bank of India,56627101719,SBIN6964177
SELL0360,Khosla and Sons,khoslaandsons@gmail.com,+91 95230 01379,18-06-2025,LOC0084,3.2,Bags & Luggage,ICICI Bank,82647221008,ICIC6672001
SELL0361,Kapur PLC,kapurplc@gmail.com,+91 66256 17661,17-01-2026,LOC0062,3.1,Music & Instruments,Punjab National Bank,8.03833E+12,PUNB3059863
SELL0362,Saran-Singhal,saran-singhal@gmail.com,+91 78218 72329,17-11-2022,LOC0111,4.8,Electronics,IndusInd Bank,5.81842E+13,INDB3244252
SELL0363,Suri LLC,surillc@gmail.com,+91 74604 33486,23-09-2021,LOC0037,1.4,Bags & Luggage,IndusInd Bank,2.48749E+11,INDB2077000
SELL0364,Shanker Ltd,shankerltd@gmail.com,+91 63694 46301,15-02-2022,LOC0003,2.3,Footwear,Bank of Baroda,2.53203E+12,BARB5510716
SELL0365,"D’Alia, Walia and Uppal",d’aliawaliaanduppal5033@gmail.com,+91 61507 73257,26-06-2024,LOC0030,2.4,Pets,State Bank of India,1.42701E+11,SBIN3163282
SELL0366,Hans-Kala,hans-kala@gmail.com,+91 71864 32265,11-06-2022,LOC0023,1.8,Pets,Kotak Mahindra Bank,4.21377E+13,KKBK7377552
SELL0367,"Sachdeva, Sood and Kata",sachdevasoodandkata1710@gmail.com,+91 84792 40049,08-07-2023,LOC0043,3,Home,Punjab National Bank,42565764405,PUNB9235595
SELL0368,Mahal-Dugar,mahal-dugar8336@gmail.com,+91 65880 46065,04-01-2024,LOC0040,3.7,Books,Canara Bank,1660327190,CNRB2820009
SELL0369,Tella-Chanda,tella-chanda@gmail.com,+91 83218 76364,11-01-2022,LOC0018,1.6,Footwear,Axis Bank,5.62837E+11,UTIB1482582
SELL0370,Wali-Bassi,wali-bassi@gmail.com,+91 62030 80955,23-10-2023,LOC0013,4.3,Stationery,Punjab National Bank,5.86738E+12,PUNB7573301
SELL0371,Agarwal Inc,agarwalinc@gmail.com,+91 89242 97357,05-12-2023,LOC0103,3.4,Home,Punjab National Bank,21688284592,PUNB6753172
SELL0372,Bava-Sahota,bava-sahota@gmail.com,+91 85081 77735,04-04-2021,LOC0003,1.5,Clothing,Punjab National Bank,1.70493E+12,PUNB7426635
SELL0373,Virk Inc,virkinc773@gmail.com,+91 83906 49327,21-02-2024,LOC0044,4.5,Stationery,Canara Bank,8.9215E+12,CNRB6312618
SELL0374,"Wali, Bera and Sama",waliberaandsama@gmail.com,+91 60373 01905,28-09-2024,LOC0096,1.5,Stationery,IndusInd Bank,4.01274E+12,INDB2009882
SELL0375,Lad-Kar,lad-kar@gmail.com,+91 82706 42377,27-01-2023,LOC0111,1.1,Home,Kotak Mahindra Bank,681155283,KKBK4969663
SELL0376,Mann and Sons,mannandsons@gmail.com,+91 85847 80279,20-02-2025,LOC0058,2.2,Toys,ICICI Bank,15409764001,ICIC8667101
SELL0377,Master LLC,masterllc@gmail.com,+91 71712 82823,26-04-2022,LOC0012,4.6,Toys,Union Bank of India,2.85111E+11,UBIN2552402
SELL0378,Gandhi Ltd,gandhiltd@gmail.com,+91 80536 18102,02-10-2023,LOC0082,1.8,Automotive,State Bank of India,65435030789,SBIN9978329
SELL0379,"Kothari, Uppal and Dani",kothariuppalanddani@gmail.com,+91 66611 45801,07-06-2024,LOC0044,3.2,Sports,Union Bank of India,2100918444,UBIN6118036
SELL0380,"Chadha, Chhabra and Buch",chadhachhabraandbuch@gmail.com,+91 79620 85038,09-01-2024,LOC0053,1.3,Books,IndusInd Bank,6.76115E+12,INDB1937643
SELL0381,Kibe PLC,kibeplc@gmail.com,+91 93806 97562,23-12-2024,LOC0028,3.8,Toys,ICICI Bank,3.05163E+11,ICIC2814648
SELL0382,"Thaman, Walla and Master",thamanwallaandmaster@gmail.com,+91 97685 17570,02-02-2022,LOC0003,4,Beauty,Canara Bank,69498391739,CNRB9822428
SELL0383,Bhatti-Aurora,bhatti-aurora@gmail.com,+91 97334 07370,25-02-2025,LOC0090,3.8,Stationery,Union Bank of India,29867474563,UBIN7972644
SELL0384,"Issac, Thakur and Bail",issacthakurandbail5579@gmail.com,+91 97622 15730,27-05-2023,LOC0067,2.6,Footwear,IndusInd Bank,9.91659E+11,INDB2393296
SELL0385,Rau-Lanka,rau-lanka@gmail.com,+91 79594 92760,08-04-2024,LOC0046,1.2,Groceries,Bank of Baroda,5573265563,BARB3471441
SELL0386,Lanka-Chad,lanka-chad@gmail.com,+91 73400 66902,20-04-2022,LOC0002,4.4,Sports,Kotak Mahindra Bank,43911726008,KKBK6173751
SELL0387,"Kaul, Walla and Thaman",kaulwallaandthaman2188@gmail.com,+91 89432 82855,08-01-2022,LOC0010,4.3,Jewellery,Bank of Baroda,80497381796,BARB8814777
SELL0388,Issac Inc,issacinc@gmail.com,+91 91174 35190,10-10-2021,LOC0095,3.9,Toys,State Bank of India,554193643,SBIN8131867
SELL0389,Badal Ltd,badalltd6606@gmail.com,+91 75757 43648,07-07-2021,LOC0039,3.8,Office Supplies,State Bank of India,1.28233E+12,SBIN8089754
SELL0390,Vohra-Sur,vohra-sur549@gmail.com,+91 89694 39981,27-12-2022,LOC0097,3,Automotive,IndusInd Bank,1.35235E+11,INDB6869668
SELL0391,"Boase, Rama and Chanda",boaseramaandchanda2047@gmail.com,+91 83976 07264,02-01-2025,LOC0090,3.1,Home,Axis Bank,6660280924,UTIB5695612
SELL0392,Mahal Inc,mahalinc@gmail.com,+91 69636 94611,16-03-2023,LOC0100,3.4,Bags & Luggage,IndusInd Bank,15818104069,INDB1831690
SELL0393,Kapadia Ltd,kapadialtd7527@gmail.com,+91 65172 72845,11-01-2024,LOC0113,2.7,Beauty,Canara Bank,2.812E+11,CNRB3588830
SELL0394,Joshi Inc,joshiinc@gmail.com,+91 63528 31328,07-06-2023,LOC0002,1.2,Baby,State Bank of India,4707691511,SBIN1706097
SELL0395,"Karnik, Deo and Chakraborty",karnikdeoandchakraborty4902@gmail.com,+91 78074 04562,14-07-2021,LOC0088,4.2,Beauty,HDFC Bank,16314890004,HDFC7439181
SELL0396,Doshi-Chacko,doshi-chacko@gmail.com,+91 77385 78771,05-03-2026,LOC0108,4.9,Groceries,Axis Bank,4.12787E+13,UTIB1504084
SELL0397,Thakur Inc,thakurinc@gmail.com,+91 67672 61820,15-08-2022,LOC0094,1.5,Beauty,Bank of Baroda,2.27302E+13,BARB3647732
SELL0398,"Khurana, Ganguly and Mangat",khuranagangulyandmangat4433@gmail.com,+91 90796 39710,27-02-2022,LOC0027,2.3,Health,Punjab National Bank,8.22426E+11,PUNB1648757
SELL0399,Das-Bhakta,das-bhakta@gmail.com,+91 84684 11256,08-07-2025,LOC0012,1.7,Clothing,State Bank of India,2.22099E+11,SBIN3434213
SELL0400,"Brahmbhatt, Chahal and Sahota",brahmbhattchahalandsahota@gmail.com,+91 97097 03362,06-10-2023,LOC0066,4,Bags & Luggage,HDFC Bank,6.48232E+11,HDFC4539064
SELL0401,Khare and Sons,khareandsons8047@gmail.com,+91 88620 38540,03-01-2023,LOC0007,1.9,Electronics,HDFC Bank,8.92658E+13,HDFC2825734
SELL0402,"Keer, Buch and Loke",keerbuchandloke@gmail.com,+91 71935 79883,20-02-2026,LOC0061,1.3,Office Supplies,Kotak Mahindra Bank,9767910959,KKBK9386646
SELL0403,Dash-Venkatesh,dash-venkatesh@gmail.com,+91 90213 86695,27-10-2022,LOC0004,2.1,Electronics,IndusInd Bank,7.42929E+11,INDB5441947
SELL0404,De-Tank,de-tank@gmail.com,+91 75149 42280,17-03-2024,LOC0062,1.1,Health,ICICI Bank,4333942509,ICIC1693283
SELL0405,"Varkey, Babu and Barman",varkeybabuandbarman5586@gmail.com,+91 66792 99811,27-11-2023,LOC0033,1.6,Books,ICICI Bank,8.81484E+11,ICIC1829342
SELL0406,"Bhattacharyya, Batra and Atwal",bhattacharyyabatraandatwal@gmail.com,+91 78649 63811,21-01-2025,LOC0055,3.8,Toys,Union Bank of India,98764666980,UBIN7503988
SELL0407,Mann Inc,manninc@gmail.com,+91 63282 02160,21-09-2024,LOC0061,4.3,Beauty,Union Bank of India,51438942125,UBIN6606634
SELL0408,Madan PLC,madanplc@gmail.com,+91 71225 73259,09-11-2024,LOC0013,4.5,Footwear,Punjab National Bank,78782378735,PUNB3340586
SELL0409,"Singhal, Reddy and Jha",singhalreddyandjha816@gmail.com,+91 84324 98589,20-11-2022,LOC0112,2.2,Office Supplies,Union Bank of India,7.54781E+11,UBIN8377973
SELL0410,"Bahri, Choudhury and Seth",bahrichoudhuryandseth1514@gmail.com,+91 85447 49837,10-03-2022,LOC0033,3.6,Footwear,Punjab National Bank,3.44669E+13,PUNB4407392
SELL0411,Sandhu PLC,sandhuplc@gmail.com,+91 60281 05259,24-12-2025,LOC0016,1.3,Electronics,Union Bank of India,9.30269E+12,UBIN1245253
SELL0412,Ramesh-Bhagat,ramesh-bhagat8333@gmail.com,+91 63565 65514,02-06-2025,LOC0078,2,Electronics,Canara Bank,1.54972E+11,CNRB6238379
SELL0413,Vasa-Wable,vasa-wable@gmail.com,+91 79825 72938,10-09-2021,LOC0037,2.1,Stationery,Canara Bank,9.45312E+13,CNRB5737329
SELL0414,Shetty-Aggarwal,shetty-aggarwal135@gmail.com,+91 91843 42076,18-08-2023,LOC0058,1.5,Baby,Kotak Mahindra Bank,23749289353,KKBK2567592
SELL0415,Kar-Iyer,kar-iyer@gmail.com,+91 61016 34207,31-12-2024,LOC0030,4.9,Baby,Canara Bank,64562142156,CNRB6606077
SELL0416,Bawa LLC,bawallc2320@gmail.com,+91 63815 00649,08-08-2021,LOC0037,3,Footwear,Punjab National Bank,6671685291,PUNB5964208
SELL0417,Kurian PLC,kurianplc1828@gmail.com,+91 78320 23647,25-02-2022,LOC0060,2.1,Music & Instruments,Canara Bank,11312202235,CNRB2618686
SELL0418,Rajan-Mangat,rajan-mangat@gmail.com,+91 80661 47026,11-08-2022,LOC0016,1.1,Music & Instruments,HDFC Bank,2.71605E+13,HDFC4559841
SELL0419,Tata-Tailor,tata-tailor1336@gmail.com,+91 64722 59948,05-02-2026,LOC0006,1.6,Footwear,Canara Bank,9.59014E+13,CNRB2906612
SELL0420,Goyal-Chandra,goyal-chandra@gmail.com,+91 62622 16376,30-12-2022,LOC0097,3.4,Music & Instruments,Bank of Baroda,3.17165E+12,BARB8107999
SELL0421,Bala-Magar,bala-magar7003@gmail.com,+91 78798 58799,08-06-2024,LOC0005,1.5,Home,Kotak Mahindra Bank,52599858110,KKBK5070243
SELL0422,Jhaveri-Mani,jhaveri-mani@gmail.com,+91 73198 52353,21-06-2024,LOC0083,1.2,Home,Punjab National Bank,3.75584E+11,PUNB3934160
SELL0423,Mand Inc,mandinc@gmail.com,+91 93932 08546,10-11-2024,LOC0070,2.2,Health,IndusInd Bank,6455340579,INDB9013040
SELL0424,"Borah, Sahota and Chatterjee",borahsahotaandchatterjee@gmail.com,+91 81768 99504,03-08-2025,LOC0009,3.4,Home,Kotak Mahindra Bank,9.97251E+12,KKBK8829177
SELL0425,Bhat Ltd,bhatltd4353@gmail.com,+91 96433 62445,29-05-2023,LOC0061,4.3,Electronics,HDFC Bank,3.72554E+13,HDFC4032141
SELL0426,Devan-Ghosh,devan-ghosh@gmail.com,+91 89987 58886,18-06-2023,LOC0073,3,Automotive,IndusInd Bank,37077584840,INDB8879852
SELL0427,"Venkataraman, Butala and Madan",venkataramanbutalaandmadan4351@gmail.com,+91 89457 30072,19-10-2023,LOC0052,4.9,Beauty,Bank of Baroda,71764036402,BARB8690306
SELL0428,"Bhargava, Dugal and Sibal",bhargavadugalandsibal6719@gmail.com,+91 64749 65303,18-10-2025,LOC0002,2,Footwear,State Bank of India,1927853479,SBIN4367753
SELL0429,"Mahal, Dar and Swamy",mahaldarandswamy@gmail.com,+91 72152 79726,02-05-2024,LOC0091,1.4,Automotive,Canara Bank,5.49918E+12,CNRB4241138
SELL0430,Sani-Handa,sani-handa@gmail.com,+91 68417 15251,25-08-2021,LOC0044,3.6,Gaming,Axis Bank,7329712157,UTIB4700748
SELL0431,Bansal LLC,bansalllc2894@gmail.com,+91 65912 05188,22-10-2022,LOC0017,4.9,Home,Canara Bank,42851796985,CNRB6452017
SELL0432,Sengupta-Sachar,sengupta-sachar@gmail.com,+91 96976 21863,25-03-2026,LOC0108,4.8,Gaming,Axis Bank,26255613072,UTIB3564184
SELL0433,"Dar, Ganesh and Choudhry",darganeshandchoudhry@gmail.com,+91 82155 99978,08-04-2022,LOC0095,2.1,Toys,Kotak Mahindra Bank,9123168658,KKBK4684748
SELL0434,Lata-Yadav,lata-yadav6315@gmail.com,+91 90796 58797,26-04-2021,LOC0017,1.1,Books,Punjab National Bank,63294170660,PUNB6450441
SELL0435,Keer Inc,keerinc5134@gmail.com,+91 69757 67283,28-07-2024,LOC0036,4.5,Bags & Luggage,HDFC Bank,9065294465,HDFC4210635
SELL0436,"Thaman, Kumer and Chandra",thamankumerandchandra4657@gmail.com,+91 74021 44441,06-11-2022,LOC0044,4.5,Footwear,Kotak Mahindra Bank,1.72756E+13,KKBK4552388
SELL0437,"Bhatnagar, Kale and Chaudhary",bhatnagarkaleandchaudhary@gmail.com,+91 91230 32693,09-03-2023,LOC0001,1.2,Music & Instruments,Canara Bank,3.59604E+12,CNRB2604217
SELL0438,Vyas-Sandal,vyas-sandal5517@gmail.com,+91 77393 09260,17-01-2025,LOC0084,3.7,Baby,ICICI Bank,572719541,ICIC5862713
SELL0439,"Dube, Dubey and Chhabra",dubedubeyandchhabra8667@gmail.com,+91 90061 17935,18-08-2022,LOC0028,1,Electronics,Punjab National Bank,8.02301E+11,PUNB3393762
SELL0440,Chaudhry LLC,chaudhryllc@gmail.com,+91 74431 70239,14-04-2025,LOC0065,4.8,Stationery,Punjab National Bank,98411023546,PUNB4953293
SELL0441,Arya-Deep,arya-deep@gmail.com,+91 62069 42569,27-01-2023,LOC0035,1.7,Books,ICICI Bank,8797334743,ICIC3716454
SELL0442,Kannan Inc,kannaninc@gmail.com,+91 74368 28122,13-06-2025,LOC0069,1.5,Gaming,Bank of Baroda,50167428497,BARB9749702
SELL0443,Tiwari Inc,tiwariinc3075@gmail.com,+91 65655 48664,16-12-2025,LOC0059,2.4,Office Supplies,HDFC Bank,7.94317E+12,HDFC9484277
SELL0444,"Khanna, Dayal and Barman",khannadayalandbarman7307@gmail.com,+91 69559 52096,23-06-2024,LOC0017,3.7,Pets,ICICI Bank,5.09726E+11,ICIC9527878
SELL0445,Gokhale-Bail,gokhale-bail2566@gmail.com,+91 83427 75808,08-04-2025,LOC0012,4.3,Bags & Luggage,Bank of Baroda,6009372583,BARB6648756
SELL0446,"Bhatti, Bora and Acharya",bhattiboraandacharya@gmail.com,+91 94879 35774,19-04-2022,LOC0014,4.2,Clothing,Axis Bank,6675369494,UTIB1849084
SELL0447,Soman-Rattan,soman-rattan2858@gmail.com,+91 97925 38773,11-04-2023,LOC0059,2.9,Sports,Axis Bank,8923634906,UTIB8584781
SELL0448,Bhardwaj-Khosla,bhardwaj-khosla1190@gmail.com,+91 91934 66389,27-12-2025,LOC0033,4.1,Books,Canara Bank,2711726344,CNRB7234825
SELL0449,"Soni, Comar and Dhillon",sonicomaranddhillon2772@gmail.com,+91 62835 32872,04-03-2022,LOC0091,3.2,Clothing,IndusInd Bank,9.74764E+11,INDB5760792
SELL0450,"Bahri, Devi and Hayre",bahrideviandhayre@gmail.com,+91 85824 10130,20-04-2022,LOC0091,4.3,Electronics,Axis Bank,65935352567,UTIB6801883
SELL0451,Sankar-Krishna,sankar-krishna@gmail.com,+91 94163 72568,21-05-2025,LOC0038,4.7,Clothing,State Bank of India,2.0405E+13,SBIN1114596
SELL0452,Uppal LLC,uppalllc123@gmail.com,+91 76901 09720,30-12-2023,LOC0046,2,Footwear,Bank of Baroda,7.74083E+11,BARB1928907
SELL0453,Golla-Bansal,golla-bansal@gmail.com,+91 66291 17120,27-01-2026,LOC0079,1.1,Clothing,Canara Bank,7959540105,CNRB1635517
SELL0454,"Wagle, Dash and Rajan",wagledashandrajan@gmail.com,+91 64725 10940,25-12-2025,LOC0092,3.9,Clothing,Canara Bank,3753357006,CNRB4934193
SELL0455,Reddy LLC,reddyllc5422@gmail.com,+91 97092 60168,21-06-2021,LOC0078,2.5,Baby,IndusInd Bank,1878426170,INDB2806190
SELL0456,"Dhillon, Char and Dhillon",dhilloncharanddhillon@gmail.com,+91 68889 75286,26-12-2025,LOC0096,1.7,Jewellery,ICICI Bank,7.97568E+13,ICIC8229133
SELL0457,"Lanka, Bakshi and Lalla",lankabakshiandlalla1412@gmail.com,+91 75931 16312,28-08-2023,LOC0012,4.6,Automotive,Canara Bank,1.16204E+12,CNRB6122078
SELL0458,"Bhavsar, Sani and Seth",bhavsarsaniandseth5278@gmail.com,+91 63099 92882,27-12-2024,LOC0047,4,Electronics,Union Bank of India,3.33177E+13,UBIN2132726
SELL0459,"Sane, Koshy and Randhawa",sanekoshyandrandhawa@gmail.com,+91 73839 07686,19-11-2021,LOC0107,2.8,Groceries,Union Bank of India,23708504690,UBIN6866860
SELL0460,Dixit-Kala,dixit-kala@gmail.com,+91 82950 87179,05-12-2022,LOC0008,3.2,Baby,IndusInd Bank,8.3783E+11,INDB4589596
SELL0461,Hans LLC,hansllc@gmail.com,+91 82664 47682,09-05-2025,LOC0059,1.6,Clothing,Kotak Mahindra Bank,2.95747E+12,KKBK8986708
SELL0462,Varghese-Wason,varghese-wason@gmail.com,+91 83552 76795,04-05-2025,LOC0019,4.6,Groceries,Axis Bank,1.18747E+12,UTIB3843882
SELL0463,Khare LLC,kharellc7388@gmail.com,+91 89710 77850,26-09-2021,LOC0021,2.1,Baby,Punjab National Bank,40012378153,PUNB8183236
SELL0464,Kar-Savant,kar-savant2637@gmail.com,+91 89801 68288,07-06-2024,LOC0107,1.5,Health,ICICI Bank,9.65864E+11,ICIC9936355
SELL0465,Dubey Inc,dubeyinc@gmail.com,+91 76652 92322,04-08-2024,LOC0029,3,Automotive,ICICI Bank,1.87044E+11,ICIC8438589
SELL0466,Mani Ltd,maniltd5138@gmail.com,+91 65980 80750,04-08-2021,LOC0079,3.7,Sports,ICICI Bank,6722509471,ICIC7057543
SELL0467,Apte and Sons,apteandsons@gmail.com,+91 87606 13307,24-01-2026,LOC0098,1.4,Toys,State Bank of India,1897647288,SBIN7825714
SELL0468,Grover-Raman,grover-raman4335@gmail.com,+91 82277 57796,08-12-2021,LOC0020,2.4,Electronics,Punjab National Bank,4.17283E+13,PUNB4710497
SELL0469,"Yadav, Balakrishnan and Badami",yadavbalakrishnanandbadami8972@gmail.com,+91 99308 48792,06-12-2021,LOC0072,1.5,Office Supplies,Canara Bank,2338891395,CNRB1963236
SELL0470,Tata Ltd,tataltd@gmail.com,+91 88774 50940,14-01-2024,LOC0091,1.6,Electronics,Union Bank of India,6.4499E+12,UBIN9176470
SELL0471,Jaggi-Arya,jaggi-arya@gmail.com,+91 89805 94739,02-10-2023,LOC0064,3.3,Clothing,Punjab National Bank,8.98342E+11,PUNB6361765
SELL0472,Bajwa-Bhatnagar,bajwa-bhatnagar2459@gmail.com,+91 85870 67949,01-04-2024,LOC0028,3.6,Electronics,HDFC Bank,477687887,HDFC6382067
SELL0473,"Gupta, Sarraf and Ranganathan",guptasarrafandranganathan@gmail.com,+91 99432 92653,28-08-2021,LOC0023,1.2,Office Supplies,Canara Bank,2797984850,CNRB2093064
SELL0474,"Chander, Kapadia and Dara",chanderkapadiaanddara@gmail.com,+91 97758 05947,17-07-2024,LOC0055,2.7,Pets,Kotak Mahindra Bank,3.17108E+12,KKBK1099433
SELL0475,Agate PLC,agateplc@gmail.com,+91 95611 77763,12-08-2022,LOC0009,4.6,Stationery,Kotak Mahindra Bank,51255742776,KKBK3609811
SELL0476,Kant Group,kantgroup@gmail.com,+91 82933 46312,13-10-2023,LOC0066,1.6,Stationery,HDFC Bank,8.39495E+11,HDFC3992789
SELL0477,"Johal, Tripathi and Kumar",johaltripathiandkumar@gmail.com,+91 69331 55931,09-02-2026,LOC0097,4.1,Music & Instruments,Punjab National Bank,3055816095,PUNB3684185
SELL0478,"Master, Shenoy and Kari",mastershenoyandkari4960@gmail.com,+91 65534 01465,13-11-2024,LOC0062,2.2,Pets,IndusInd Bank,67900250827,INDB8232450
SELL0479,"Gara, Bahri and Sangha",garabahriandsangha2388@gmail.com,+91 82840 62273,06-05-2021,LOC0001,4.5,Gaming,Punjab National Bank,1.02655E+13,PUNB7869618
SELL0480,Hayre-Badami,hayre-badami@gmail.com,+91 72315 83508,15-08-2022,LOC0062,1.6,Books,HDFC Bank,99876709987,HDFC7524498
SELL0481,"Barad, Kota and Lall",baradkotaandlall6822@gmail.com,+91 93535 62393,30-12-2022,LOC0052,1.8,Beauty,Axis Bank,4.91673E+12,UTIB8055844
SELL0482,"Dube, Balasubramanian and Mangal",dubebalasubramanianandmangal@gmail.com,+91 81656 81673,01-03-2025,LOC0104,4.2,Gaming,Bank of Baroda,6189417007,BARB4918245
SELL0483,Dass-Talwar,dass-talwar8242@gmail.com,+91 84056 02128,09-11-2023,LOC0015,3.1,Home,IndusInd Bank,2.16272E+13,INDB9349835
SELL0484,"Dalal, Sanghvi and Das",dalalsanghvianddas@gmail.com,+91 69893 22700,26-06-2023,LOC0018,1.1,Music & Instruments,Kotak Mahindra Bank,13847070729,KKBK4791356
SELL0485,Kumar-Ramachandran,kumar-ramachandran@gmail.com,+91 71040 13811,04-10-2025,LOC0087,1.7,Gaming,Union Bank of India,2.14745E+11,UBIN5639133
SELL0486,"Dua, Sane and Walia",duasaneandwalia9500@gmail.com,+91 70936 70601,25-03-2022,LOC0004,2.2,Clothing,Kotak Mahindra Bank,4.36954E+13,KKBK1547578
SELL0487,Batra Inc,batrainc6575@gmail.com,+91 81735 34332,12-09-2025,LOC0020,4.4,Music & Instruments,IndusInd Bank,25982497271,INDB2897752
SELL0488,"Kaur, Walia and Kurian",kaurwaliaandkurian@gmail.com,+91 67110 95315,12-08-2021,LOC0018,1.5,Groceries,Axis Bank,9.49676E+12,UTIB6490569
SELL0489,"Goswami, Sodhi and Mannan",goswamisodhiandmannan@gmail.com,+91 88664 87367,10-07-2023,LOC0008,2.9,Beauty,State Bank of India,4.74422E+13,SBIN9680626
SELL0490,Raval-Chadha,raval-chadha2034@gmail.com,+91 97220 47231,12-06-2024,LOC0030,3.9,Health,Bank of Baroda,8.43461E+11,BARB8063292
SELL0491,"Deshpande, Wable and Sarraf",deshpandewableandsarraf1696@gmail.com,+91 62035 97981,20-09-2023,LOC0068,2.4,Toys,IndusInd Bank,1.61849E+13,INDB3736284
SELL0492,Karpe-Rajagopalan,karpe-rajagopalan463@gmail.com,+91 96950 19005,27-04-2024,LOC0041,3.8,Footwear,ICICI Bank,1.19186E+13,ICIC6211804
SELL0493,Arya-Suresh,arya-suresh@gmail.com,+91 62366 84834,07-02-2026,LOC0048,4,Music & Instruments,Punjab National Bank,4.84047E+13,PUNB3886412
SELL0494,Gade and Sons,gadeandsons@gmail.com,+91 75375 04234,09-12-2025,LOC0058,1.1,Baby,ICICI Bank,8789285984,ICIC2291120
SELL0495,Jhaveri-Johal,jhaveri-johal1975@gmail.com,+91 73846 69366,06-09-2022,LOC0076,4,Gaming,Canara Bank,3.51969E+13,CNRB9985497
SELL0496,"Chaudhary, Ratti and Barad",chaudharyrattiandbarad@gmail.com,+91 97826 65895,16-05-2023,LOC0071,3.4,Electronics,Canara Bank,99834500858,CNRB8500015
SELL0497,Vaidya Ltd,vaidyaltd4208@gmail.com,+91 91684 32384,08-02-2025,LOC0088,2.8,Home,Bank of Baroda,9.07783E+13,BARB9102203
SELL0498,Kulkarni-Sule,kulkarni-sule@gmail.com,+91 72716 70418,17-05-2022,LOC0057,4.1,Footwear,Punjab National Bank,9.82615E+13,PUNB2787041
SELL0499,"Mannan, Setty and Taneja",mannansettyandtaneja271@gmail.com,+91 67629 51248,19-04-2023,LOC0047,2.5,Gaming,Kotak Mahindra Bank,2.22361E+11,KKBK2871749
SELL0500,Acharya-Yohannan,acharya-yohannan3497@gmail.com,+91 75433 30462,20-05-2025,LOC0034,3.2,Books,Kotak Mahindra Bank,5.64057E+13,KKBK1078948
SELL0501,Balasubramanian and Sons,balasubramanianandsons@gmail.com,+91 74695 07022,09-04-2023,LOC0084,2.8,Pets,Union Bank of India,8.69522E+11,UBIN8503664
SELL0502,Kurian LLC,kurianllc@gmail.com,+91 98276 09557,24-02-2022,LOC0075,2.5,Sports,State Bank of India,4.71579E+12,SBIN9056100
SELL0503,"Dora, Devan and Sankaran",doradevanandsankaran@gmail.com,+91 60206 38704,23-07-2021,LOC0021,2.5,Sports,Punjab National Bank,6337075612,PUNB8518877
SELL0504,Konda PLC,kondaplc9115@gmail.com,+91 70414 18411,03-05-2022,LOC0084,3.3,Electronics,IndusInd Bank,2074681182,INDB1063112
SELL0505,Dayal Inc,dayalinc199@gmail.com,+91 76973 88928,20-02-2023,LOC0027,4.9,Electronics,ICICI Bank,9.20912E+12,ICIC8753905
SELL0506,"Behl, Virk and Datta",behlvirkanddatta7576@gmail.com,+91 73068 73870,11-07-2024,LOC0102,4.1,Gaming,IndusInd Bank,7.19237E+13,INDB1447396
SELL0507,Devi LLC,devillc7093@gmail.com,+91 67425 50744,23-05-2025,LOC0011,1.4,Books,Canara Bank,3.23138E+13,CNRB9155065
SELL0508,Sawhney LLC,sawhneyllc@gmail.com,+91 90307 37063,12-07-2022,LOC0043,3.9,Groceries,ICICI Bank,619003823,ICIC4984111
SELL0509,"Rastogi, Deol and Bera",rastogideolandbera@gmail.com,+91 67651 51486,07-12-2024,LOC0077,3.6,Beauty,State Bank of India,4.51699E+11,SBIN4812978
SELL0510,Rege PLC,regeplc3315@gmail.com,+91 86489 33993,04-12-2021,LOC0091,2.2,Sports,Axis Bank,8.37843E+11,UTIB2997693
SELL0511,Anand and Sons,anandandsons@gmail.com,+91 94319 96608,20-11-2024,LOC0095,2.6,Beauty,Axis Bank,27728049494,UTIB2221768
SELL0512,Seshadri-Mann,seshadri-mann2336@gmail.com,+91 96003 68433,07-06-2025,LOC0061,1.7,Health,Union Bank of India,1.42133E+12,UBIN1257104
SELL0513,Gulati-Butala,gulati-butala@gmail.com,+91 61947 58341,06-03-2025,LOC0068,2.3,Pets,Union Bank of India,1856547118,UBIN6920308
SELL0514,"Borra, Gade and Korpal",borragadeandkorpal@gmail.com,+91 73764 32577,28-11-2024,LOC0042,1.3,Sports,ICICI Bank,6.72448E+13,ICIC7800648
SELL0515,"Ramesh, Bail and Dora",rameshbailanddora559@gmail.com,+91 66132 69141,06-01-2024,LOC0063,2.1,Automotive,Bank of Baroda,4.78453E+13,BARB1119040
SELL0516,Amble Group,amblegroup@gmail.com,+91 83124 68647,18-02-2025,LOC0108,2.8,Clothing,Kotak Mahindra Bank,2.4257E+11,KKBK8980642
SELL0517,Boase Group,boasegroup@gmail.com,+91 73287 30070,13-09-2022,LOC0018,2.5,Gaming,Union Bank of India,9933283488,UBIN2492636
SELL0518,"Dalal, Sidhu and Bala",dalalsidhuandbala@gmail.com,+91 73390 11079,06-02-2024,LOC0075,1.7,Groceries,HDFC Bank,2.27499E+11,HDFC9007967
SELL0519,"Dubey, Sethi and Sahni",dubeysethiandsahni@gmail.com,+91 75818 56250,04-01-2026,LOC0061,4.4,Jewellery,Punjab National Bank,8.17248E+11,PUNB9273141
SELL0520,Dey-Karpe,dey-karpe@gmail.com,+91 69062 31583,22-07-2023,LOC0078,3.1,Clothing,Axis Bank,6365997328,UTIB8141248
SELL0521,Ahuja-Swamy,ahuja-swamy6996@gmail.com,+91 79908 28006,18-03-2024,LOC0030,3.5,Gaming,State Bank of India,2069052553,SBIN3203915
SELL0522,"Kakar, Sampath and Dhar",kakarsampathanddhar@gmail.com,+91 67925 21160,18-01-2024,LOC0002,2.9,Groceries,State Bank of India,1683712664,SBIN9861501
SELL0523,Kala-Bajaj,kala-bajaj3635@gmail.com,+91 82525 77783,18-04-2024,LOC0092,1.5,Gaming,Canara Bank,4.21779E+13,CNRB8128804
SELL0524,"Ghose, Behl and Dey",ghosebehlanddey298@gmail.com,+91 84015 54885,10-06-2024,LOC0025,2.3,Beauty,State Bank of India,2.4138E+13,SBIN7809788
SELL0525,Soni Group,sonigroup@gmail.com,+91 81152 63376,19-02-2022,LOC0028,1.6,Toys,State Bank of India,4.19251E+11,SBIN5384389
SELL0526,Basak Ltd,basakltd3486@gmail.com,+91 96170 49897,06-11-2024,LOC0056,1.3,Health,HDFC Bank,2.58252E+11,HDFC2413767
SELL0527,"Khare, Bansal and Yogi",kharebansalandyogi@gmail.com,+91 93794 65825,27-06-2025,LOC0052,3.9,Office Supplies,Bank of Baroda,3477335254,BARB6236267
SELL0528,Shetty LLC,shettyllc2611@gmail.com,+91 92802 58956,22-12-2025,LOC0026,4.6,Jewellery,Punjab National Bank,2.00504E+13,PUNB7369972
SELL0529,Shanker-Upadhyay,shanker-upadhyay2002@gmail.com,+91 72095 77613,15-11-2022,LOC0083,4,Stationery,State Bank of India,7879158361,SBIN9910569
SELL0530,Kar Ltd,karltd665@gmail.com,+91 78102 54541,15-07-2023,LOC0082,1.7,Groceries,Union Bank of India,1757504225,UBIN9618859
SELL0531,Kale Group,kalegroup@gmail.com,+91 99836 24493,12-10-2022,LOC0074,4.5,Books,Bank of Baroda,981393087,BARB2574652
SELL0532,Varkey-D’Alia,varkey-d’alia6600@gmail.com,+91 73727 06247,07-01-2026,LOC0012,1.2,Footwear,Axis Bank,6.14041E+11,UTIB3255698
SELL0533,Handa-Borah,handa-borah@gmail.com,+91 65449 76462,19-07-2022,LOC0079,1.5,Toys,IndusInd Bank,1336575074,INDB3792576
SELL0534,Goel LLC,goelllc7328@gmail.com,+91 66189 10301,28-10-2022,LOC0108,2,Baby,Axis Bank,9.12339E+11,UTIB7177974
SELL0535,Buch LLC,buchllc@gmail.com,+91 72570 87180,26-06-2022,LOC0047,4.9,Clothing,State Bank of India,4353948267,SBIN1189895
SELL0536,Gokhale-Sharaf,gokhale-sharaf2141@gmail.com,+91 91769 03761,16-12-2023,LOC0056,1.9,Groceries,ICICI Bank,6781309825,ICIC3761754
SELL0537,Butala-Toor,butala-toor@gmail.com,+91 92849 25993,01-12-2023,LOC0075,1.5,Toys,IndusInd Bank,3.61577E+12,INDB1782281
SELL0538,"Gala, Deshpande and Dora",galadeshpandeanddora@gmail.com,+91 84120 44138,01-11-2025,LOC0046,4.4,Home,Kotak Mahindra Bank,6.08666E+13,KKBK4756063
SELL0539,Grover and Sons,groverandsons@gmail.com,+91 71496 51594,02-06-2022,LOC0043,4,Baby,Canara Bank,68617522199,CNRB2903644
SELL0540,Agrawal-Din,agrawal-din@gmail.com,+91 96912 04730,12-09-2022,LOC0050,2.5,Gaming,IndusInd Bank,28537388801,INDB7727373
SELL0541,Saini-Bumb,saini-bumb3002@gmail.com,+91 60561 47430,16-12-2024,LOC0034,3.3,Automotive,Canara Bank,2452350444,CNRB4723104
SELL0542,Vohra-Bhargava,vohra-bhargava@gmail.com,+91 80261 18117,14-06-2025,LOC0065,4.4,Sports,Bank of Baroda,4365002989,BARB1661087
SELL0543,Sathe Group,sathegroup@gmail.com,+91 86977 76293,09-03-2025,LOC0023,1.2,Books,ICICI Bank,1.91743E+12,ICIC2072440
SELL0544,"Wali, Bhatnagar and Raman",walibhatnagarandraman2561@gmail.com,+91 68557 82933,09-09-2025,LOC0008,2.5,Baby,Kotak Mahindra Bank,2.23476E+12,KKBK7262582
SELL0545,Das Group,dasgroup3191@gmail.com,+91 97032 69217,11-04-2024,LOC0072,4.8,Pets,Axis Bank,2.64724E+11,UTIB8984212
SELL0546,Sethi-Badal,sethi-badal5666@gmail.com,+91 89838 24328,21-09-2024,LOC0064,4.2,Baby,Punjab National Bank,16278795087,PUNB2366072
SELL0547,Kakar-Chakrabarti,kakar-chakrabarti1830@gmail.com,+91 87869 46096,06-04-2025,LOC0042,4.9,Music & Instruments,Axis Bank,3318416021,UTIB9169571
SELL0548,"Samra, Sha and Raval",samrashaandraval@gmail.com,+91 94247 07024,17-09-2024,LOC0006,1.5,Stationery,ICICI Bank,22824767592,ICIC6017049
SELL0549,Hari-Chaudhry,hari-chaudhry@gmail.com,+91 65595 71161,03-10-2023,LOC0026,1.5,Clothing,Kotak Mahindra Bank,5.22838E+12,KKBK7611123
SELL0550,Raj-Sastry,raj-sastry@gmail.com,+91 91023 10053,27-08-2022,LOC0046,1.9,Jewellery,IndusInd Bank,1.67637E+11,INDB7826205
SELL0551,Sarma-Kapoor,sarma-kapoor@gmail.com,+91 75841 82086,11-09-2022,LOC0034,4.9,Footwear,Kotak Mahindra Bank,44114779848,KKBK5131338
SELL0552,Dixit-Bora,dixit-bora@gmail.com,+91 78990 38137,22-04-2021,LOC0075,2.3,Jewellery,Canara Bank,8.70043E+11,CNRB9654266
SELL0553,"Bora, Ganesan and Borah",boraganesanandborah@gmail.com,+91 98986 30537,10-01-2024,LOC0057,2.7,Baby,Union Bank of India,3.04598E+11,UBIN7584803
SELL0554,Din and Sons,dinandsons@gmail.com,+91 61436 72055,24-03-2024,LOC0084,5,Books,Bank of Baroda,37007317420,BARB2797627
SELL0555,Bakshi Inc,bakshiinc@gmail.com,+91 61250 12012,13-08-2024,LOC0040,2.7,Gaming,Punjab National Bank,8279476312,PUNB1333639
SELL0556,"Dass, Rama and Reddy",dassramaandreddy1456@gmail.com,+91 66843 21943,11-09-2024,LOC0026,2.3,Health,IndusInd Bank,5.76375E+11,INDB5799936
SELL0557,Sankaran and Sons,sankaranandsons@gmail.com,+91 98785 05512,05-08-2023,LOC0012,4.8,Baby,IndusInd Bank,8125606396,INDB7595181
SELL0558,"Dhingra, Sankar and Chaudhry",dhingrasankarandchaudhry919@gmail.com,+91 92217 52138,14-03-2026,LOC0089,4.9,Bags & Luggage,Punjab National Bank,4.77157E+12,PUNB5410494
SELL0559,"Bakshi, Tiwari and Bava",bakshitiwariandbava@gmail.com,+91 90920 55933,21-07-2023,LOC0061,4.5,Office Supplies,Axis Bank,2.38591E+13,UTIB1082950
SELL0560,"Buch, Taneja and Khalsa",buchtanejaandkhalsa1157@gmail.com,+91 70561 52587,24-10-2021,LOC0011,4.3,Pets,Bank of Baroda,52823066837,BARB9679172
SELL0561,Sekhon-Tak,sekhon-tak6011@gmail.com,+91 69826 94064,10-03-2026,LOC0082,4.9,Sports,Union Bank of India,4011804339,UBIN8129204
SELL0562,"Mander, Ben and Swaminathan",manderbenandswaminathan7026@gmail.com,+91 69441 69509,08-05-2024,LOC0025,3.2,Sports,Canara Bank,2.79811E+11,CNRB9247069
SELL0563,Kapoor-Zachariah,kapoor-zachariah@gmail.com,+91 93793 36337,08-01-2022,LOC0024,3.4,Office Supplies,HDFC Bank,2130703980,HDFC3403704
SELL0564,Balakrishnan-Konda,balakrishnan-konda@gmail.com,+91 82935 04368,23-10-2024,LOC0084,2.9,Toys,Union Bank of India,5.08252E+12,UBIN6919352
SELL0565,Din-Randhawa,din-randhawa898@gmail.com,+91 96333 39385,29-05-2023,LOC0025,4.2,Music & Instruments,Canara Bank,2.98313E+13,CNRB2906805
SELL0566,Sinha-Chaudhuri,sinha-chaudhuri8184@gmail.com,+91 70414 81489,11-12-2025,LOC0064,2.2,Groceries,State Bank of India,3316632004,SBIN7488995
SELL0567,Malhotra LLC,malhotrallc6998@gmail.com,+91 89614 99767,19-01-2025,LOC0018,2.8,Baby,State Bank of India,6.76011E+11,SBIN9400196
SELL0568,Jhaveri LLC,jhaverillc@gmail.com,+91 72825 52252,26-12-2024,LOC0102,1.7,Toys,State Bank of India,6.21077E+11,SBIN6060361
SELL0569,"Bhatti, Chaudhry and Anne",bhattichaudhryandanne@gmail.com,+91 66998 62071,17-02-2022,LOC0028,2.4,Clothing,Punjab National Bank,39552411238,PUNB6696925
SELL0570,Sidhu-Sachdev,sidhu-sachdev@gmail.com,+91 81287 56131,12-05-2021,LOC0099,2.2,Books,Kotak Mahindra Bank,6.23756E+11,KKBK7489220
SELL0571,"Bhavsar, Konda and Chandran",bhavsarkondaandchandran4590@gmail.com,+91 70106 85405,18-02-2026,LOC0064,2.8,Sports,ICICI Bank,44898906701,ICIC7855354
SELL0572,"Soni, Sridhar and Viswanathan",sonisridharandviswanathan@gmail.com,+91 77486 73285,03-07-2025,LOC0027,3.3,Pets,Punjab National Bank,14872916926,PUNB3797054
SELL0573,Lanka LLC,lankallc@gmail.com,+91 79943 41808,26-02-2025,LOC0012,3.7,Pets,Union Bank of India,6.48492E+13,UBIN2489179
SELL0574,Wali Group,waligroup6488@gmail.com,+91 98148 51732,06-12-2023,LOC0026,4,Toys,Axis Bank,1.12733E+11,UTIB4909992
SELL0575,Rattan PLC,rattanplc3599@gmail.com,+91 62636 72142,21-03-2022,LOC0073,2.5,Beauty,IndusInd Bank,4.521E+12,INDB7469569
SELL0576,"Soman, Contractor and Ahluwalia",somancontractorandahluwalia@gmail.com,+91 83256 96844,25-08-2024,LOC0029,3.7,Clothing,ICICI Bank,63632633152,ICIC4298479
SELL0577,Varty-Randhawa,varty-randhawa9326@gmail.com,+91 87593 78626,29-01-2025,LOC0013,1.9,Toys,IndusInd Bank,3.95879E+11,INDB9610192
SELL0578,"Kumar, Rattan and Kumar",kumarrattanandkumar5769@gmail.com,+91 69665 42090,12-04-2022,LOC0024,2,Toys,HDFC Bank,5.46514E+13,HDFC4800049
SELL0579,Gandhi PLC,gandhiplc@gmail.com,+91 69372 40893,25-12-2023,LOC0049,2.2,Beauty,Punjab National Bank,3830363866,PUNB2364499
SELL0580,Garde PLC,gardeplc926@gmail.com,+91 75997 42696,06-10-2021,LOC0081,3.2,Clothing,Union Bank of India,60571772412,UBIN5973348
SELL0581,Arya PLC,aryaplc@gmail.com,+91 87444 74317,24-05-2025,LOC0076,2.9,Stationery,Canara Bank,3.50586E+13,CNRB2853711
SELL0582,"Ramachandran, Kala and Bajwa",ramachandrankalaandbajwa1224@gmail.com,+91 91583 30894,01-02-2022,LOC0057,1.3,Clothing,Punjab National Bank,2446152122,PUNB8138932
SELL0583,Magar LLC,magarllc@gmail.com,+91 63342 24879,21-04-2025,LOC0035,1.7,Home,HDFC Bank,2.73057E+12,HDFC1144770
SELL0584,"Iyengar, Kaul and Acharya",iyengarkaulandacharya283@gmail.com,+91 80217 38921,05-11-2021,LOC0097,2.4,Office Supplies,Punjab National Bank,1.29704E+11,PUNB2338266
SELL0585,Gaba Inc,gabainc@gmail.com,+91 65523 98713,02-11-2024,LOC0112,3,Pets,IndusInd Bank,8.06668E+12,INDB6288904
SELL0586,"Ghose, Tiwari and Korpal",ghosetiwariandkorpal6330@gmail.com,+91 80711 82060,06-02-2026,LOC0108,4.7,Pets,Axis Bank,7.4842E+12,UTIB9951188
SELL0587,Mangal LLC,mangalllc9628@gmail.com,+91 72492 91685,07-06-2025,LOC0074,3.9,Health,Bank of Baroda,8.23497E+11,BARB5503334
SELL0588,Chowdhury-Krishnan,chowdhury-krishnan@gmail.com,+91 72684 15067,06-07-2024,LOC0057,2.4,Gaming,ICICI Bank,8642740420,ICIC8945863
SELL0589,"Anne, Loyal and Desai",anneloyalanddesai@gmail.com,+91 79944 20297,29-11-2024,LOC0106,3.6,Beauty,Kotak Mahindra Bank,9.60042E+11,KKBK5738061
SELL0590,"Mannan, Kulkarni and Bali",mannankulkarniandbali5127@gmail.com,+91 91687 83699,08-11-2025,LOC0087,1.1,Bags & Luggage,Punjab National Bank,16191989686,PUNB2566580
SELL0591,Kala Group,kalagroup@gmail.com,+91 93434 35327,16-07-2025,LOC0032,2.6,Sports,HDFC Bank,7.7498E+13,HDFC3428600
SELL0592,Kurian LLC,kurianllc3199@gmail.com,+91 80179 75616,25-12-2024,LOC0068,2.6,Baby,Punjab National Bank,9.65276E+12,PUNB5141298
SELL0593,Deo-Bandi,deo-bandi3166@gmail.com,+91 91335 82585,27-02-2026,LOC0065,2,Electronics,Axis Bank,6324881022,UTIB7168591
SELL0594,"Ganesan, Issac and Borde",ganesanissacandborde@gmail.com,+91 84980 59855,22-11-2022,LOC0090,4.2,Books,Kotak Mahindra Bank,8.57644E+11,KKBK5188748
SELL0595,Doctor-Hari,doctor-hari@gmail.com,+91 74436 97077,20-04-2025,LOC0054,2.6,Music & Instruments,Union Bank of India,1527562830,UBIN6194636
SELL0596,Bhatnagar-Wagle,bhatnagar-wagle@gmail.com,+91 77088 39990,12-03-2025,LOC0044,2.6,Beauty,Bank of Baroda,6.1472E+11,BARB4681507
SELL0597,"Khurana, Bhardwaj and Jhaveri",khuranabhardwajandjhaveri@gmail.com,+91 88791 56237,30-05-2023,LOC0006,1.2,Gaming,Bank of Baroda,8417431672,BARB7909630
SELL0598,Srivastava-Sura,srivastava-sura@gmail.com,+91 68278 86844,16-06-2024,LOC0050,2.3,Clothing,IndusInd Bank,39480632447,INDB5918490
SELL0599,Chowdhury-Chahal,chowdhury-chahal8139@gmail.com,+91 73408 83836,11-09-2025,LOC0009,2.9,Jewellery,HDFC Bank,5519248941,HDFC4374447
SELL0600,Choudhury-Bhavsar,choudhury-bhavsar5108@gmail.com,+91 93141 72264,09-06-2021,LOC0074,1.7,Music & Instruments,Punjab National Bank,78238811073,PUNB9459722
SELL0601,Bhatnagar-Goyal,bhatnagar-goyal@gmail.com,+91 71600 34994,20-06-2021,LOC0103,1.1,Stationery,State Bank of India,479426758,SBIN1742040
SELL0602,"Krishnamurthy, De and Das",krishnamurthydeanddas5574@gmail.com,+91 73864 18030,18-09-2025,LOC0092,2.7,Stationery,Punjab National Bank,79371684825,PUNB8907438
SELL0603,"Chad, Kalita and Khanna",chadkalitaandkhanna@gmail.com,+91 70579 90024,17-01-2022,LOC0069,4.3,Office Supplies,ICICI Bank,6.18855E+11,ICIC4798945
SELL0604,"Rout, Seth and Rao",routsethandrao3757@gmail.com,+91 86502 82220,29-03-2023,LOC0111,2.7,Office Supplies,HDFC Bank,17387606901,HDFC7868556
SELL0605,"Sura, Vohra and Bajwa",suravohraandbajwa@gmail.com,+91 97542 26330,02-11-2024,LOC0110,4.3,Electronics,Punjab National Bank,6.26728E+13,PUNB7154042
SELL0606,"Tiwari, Baria and Bava",tiwaribariaandbava@gmail.com,+91 68191 45796,01-03-2025,LOC0034,3.3,Office Supplies,State Bank of India,20622322575,SBIN5876595
SELL0607,Kala PLC,kalaplc5560@gmail.com,+91 84947 92794,06-11-2021,LOC0089,1.5,Stationery,IndusInd Bank,5.87291E+12,INDB7291247
SELL0608,Khatri Ltd,khatriltd@gmail.com,+91 97485 01952,18-08-2023,LOC0046,3.1,Office Supplies,State Bank of India,6.50773E+13,SBIN3633558
SELL0609,Dayal-Kaul,dayal-kaul@gmail.com,+91 98191 95089,19-10-2022,LOC0025,2.2,Electronics,Axis Bank,4.76191E+13,UTIB8221976
SELL0610,Ahluwalia-Sachdev,ahluwalia-sachdev@gmail.com,+91 66187 97248,11-08-2024,LOC0078,3.9,Automotive,Bank of Baroda,29125310419,BARB3224888
SELL0611,Goswami-Chopra,goswami-chopra@gmail.com,+91 79273 67592,15-02-2024,LOC0107,1.6,Music & Instruments,Punjab National Bank,5.9096E+11,PUNB3085008
SELL0612,Garde LLC,gardellc7923@gmail.com,+91 60285 82656,22-10-2025,LOC0032,2.1,Toys,HDFC Bank,3.30956E+12,HDFC5501152
SELL0613,Kale-Walla,kale-walla@gmail.com,+91 86763 15983,07-01-2023,LOC0001,1.4,Stationery,Bank of Baroda,90420048501,BARB9938230
SELL0614,Aurora Group,auroragroup@gmail.com,+91 98780 05762,29-12-2023,LOC0105,2.5,Bags & Luggage,Bank of Baroda,1.22896E+11,BARB9519286
SELL0615,Mandal and Sons,mandalandsons@gmail.com,+91 75859 17808,01-01-2026,LOC0003,3.5,Home,Punjab National Bank,80273238171,PUNB4220697
SELL0616,Sridhar PLC,sridharplc@gmail.com,+91 72407 53181,30-10-2023,LOC0032,3.8,Pets,State Bank of India,1.00318E+13,SBIN5379116
SELL0617,"Toor, Loyal and Sane",toorloyalandsane3082@gmail.com,+91 80833 42238,07-11-2024,LOC0055,3.4,Home,Kotak Mahindra Bank,85721686156,KKBK3218554
SELL0618,Thaman LLC,thamanllc@gmail.com,+91 88683 68265,04-02-2022,LOC0001,4.3,Electronics,ICICI Bank,31193032978,ICIC9613033
SELL0619,Chokshi PLC,chokshiplc5502@gmail.com,+91 63683 38870,25-08-2022,LOC0040,4.7,Beauty,Union Bank of India,38140161630,UBIN1288201
SELL0620,"Saran, Choudhury and Bala",saranchoudhuryandbala70@gmail.com,+91 98848 34733,20-02-2023,LOC0084,2.4,Office Supplies,Axis Bank,6527828484,UTIB8356809
SELL0621,Amble Ltd,ambleltd3393@gmail.com,+91 98176 41594,07-05-2023,LOC0049,2,Toys,IndusInd Bank,7.38202E+11,INDB8170849
SELL0622,Khurana Group,khuranagroup@gmail.com,+91 63701 29007,31-08-2023,LOC0079,4.5,Music & Instruments,ICICI Bank,6.20475E+13,ICIC7451436
SELL0623,Keer PLC,keerplc@gmail.com,+91 97277 61674,17-02-2023,LOC0002,3.2,Home,Bank of Baroda,3777126342,BARB7279337
SELL0624,"Swaminathan, Kapur and D’Alia",swaminathankapurandd’alia@gmail.com,+91 65907 65580,08-07-2023,LOC0019,1.3,Pets,Union Bank of India,5.253E+11,UBIN1462468
SELL0625,Vala-Barman,vala-barman@gmail.com,+91 95742 56039,27-05-2025,LOC0058,1.1,Music & Instruments,HDFC Bank,97643649013,HDFC4204472
SELL0626,"Halder, Bali and Lad",halderbaliandlad7576@gmail.com,+91 79870 39884,26-02-2024,LOC0057,4.8,Office Supplies,HDFC Bank,5115381811,HDFC4377456
SELL0627,Jayaraman-Butala,jayaraman-butala@gmail.com,+91 92922 20280,30-01-2025,LOC0056,2.6,Office Supplies,HDFC Bank,8.87595E+13,HDFC6217016
SELL0628,"Deol, Kuruvilla and Ratta",deolkuruvillaandratta@gmail.com,+91 69774 96555,26-02-2025,LOC0105,1.4,Clothing,Kotak Mahindra Bank,1.61549E+11,KKBK4998273
SELL0629,Borde Group,bordegroup23@gmail.com,+91 75597 20122,11-05-2022,LOC0105,3.4,Electronics,Kotak Mahindra Bank,63186251301,KKBK2490329
SELL0630,Mallick-Kibe,mallick-kibe@gmail.com,+91 75047 34531,15-07-2022,LOC0050,2.3,Books,Union Bank of India,58596730701,UBIN6296346
SELL0631,"Dugar, Char and Bhalla",dugarcharandbhalla@gmail.com,+91 69314 08161,06-12-2022,LOC0001,3.2,Clothing,Canara Bank,9.18344E+13,CNRB1922171
SELL0632,Chand-Kamdar,chand-kamdar@gmail.com,+91 77231 86939,04-10-2021,LOC0063,4.9,Jewellery,Axis Bank,3841844993,UTIB6515754
SELL0633,"Sheth, Datta and Wagle",shethdattaandwagle156@gmail.com,+91 81675 89826,16-05-2023,LOC0053,1.2,Automotive,HDFC Bank,16566857501,HDFC6477133
SELL0634,Borde-Mangat,borde-mangat@gmail.com,+91 74956 70778,25-02-2022,LOC0068,3.2,Jewellery,Canara Bank,63608636165,CNRB5645863
SELL0635,Vaidya LLC,vaidyallc@gmail.com,+91 78395 75872,17-12-2023,LOC0094,3.9,Beauty,ICICI Bank,8.99E+13,ICIC2790891
SELL0636,Bahri-Gera,bahri-gera3282@gmail.com,+91 76196 67896,06-01-2022,LOC0067,1.7,Jewellery,Bank of Baroda,2.99608E+13,BARB5631254
SELL0637,Maharaj-Shan,maharaj-shan@gmail.com,+91 67216 06371,24-06-2022,LOC0035,3.3,Electronics,Union Bank of India,57191054841,UBIN9150281
SELL0638,"Gandhi, Chaudhary and Gara",gandhichaudharyandgara7627@gmail.com,+91 62745 55678,01-10-2024,LOC0009,4.4,Baby,Canara Bank,59496766815,CNRB8292206
SELL0639,De-Kalita,de-kalita@gmail.com,+91 88203 60603,12-08-2023,LOC0001,2.8,Health,ICICI Bank,1.86243E+11,ICIC1962148
SELL0640,Kalita LLC,kalitallc7677@gmail.com,+91 90706 49779,24-02-2024,LOC0070,3.2,Gaming,Canara Bank,61186311268,CNRB8020795
SELL0641,"Trivedi, Kapur and Goel",trivedikapurandgoel7990@gmail.com,+91 74607 11631,08-07-2025,LOC0078,4.3,Stationery,State Bank of India,4.0194E+11,SBIN7236344
SELL0642,"Batra, Sarraf and Tella",batrasarrafandtella@gmail.com,+91 65130 77818,14-03-2023,LOC0042,3.2,Automotive,IndusInd Bank,6.51984E+11,INDB2585295
SELL0643,Garg and Sons,gargandsons@gmail.com,+91 96171 65962,04-11-2023,LOC0011,1.4,Footwear,HDFC Bank,6.54957E+13,HDFC4826885
SELL0644,"Zacharia, Bumb and Hegde",zachariabumbandhegde@gmail.com,+91 60327 00198,05-06-2023,LOC0100,4.8,Electronics,Union Bank of India,3.49011E+12,UBIN6005398
SELL0645,"Karan, Varughese and Atwal",karanvarugheseandatwal3368@gmail.com,+91 61528 67729,29-05-2023,LOC0026,4.4,Sports,Axis Bank,2.43751E+13,UTIB7978383
SELL0646,Dada-Buch,dada-buch7744@gmail.com,+91 76148 18741,05-04-2024,LOC0105,1.3,Music & Instruments,Canara Bank,36777112814,CNRB8241610
SELL0647,Bhasin-Ganesh,bhasin-ganesh1483@gmail.com,+91 67960 54762,16-11-2025,LOC0006,4.4,Toys,Axis Bank,5.50021E+13,UTIB7778280
SELL0648,Kara-Kade,kara-kade@gmail.com,+91 87951 98217,12-06-2025,LOC0035,1.1,Sports,Punjab National Bank,6.59194E+11,PUNB6143105
SELL0649,Dutta-Bava,dutta-bava@gmail.com,+91 69251 18051,19-01-2024,LOC0095,2.8,Automotive,IndusInd Bank,74576238062,INDB1247384
SELL0650,"Garg, Hora and Sarin",garghoraandsarin8691@gmail.com,+91 68491 67157,15-02-2022,LOC0007,5,Home,Axis Bank,9.49883E+12,UTIB5581453
SELL0651,Bali-Badami,bali-badami@gmail.com,+91 96631 29999,05-01-2026,LOC0032,3.3,Electronics,Bank of Baroda,8467938925,BARB9097153
SELL0652,"Sama, Dash and Grover",samadashandgrover@gmail.com,+91 80702 32324,08-08-2022,LOC0062,2.7,Beauty,IndusInd Bank,2.47414E+11,INDB7489401
SELL0653,Cheema-Mammen,cheema-mammen@gmail.com,+91 61459 45999,16-07-2023,LOC0094,1.8,Pets,Kotak Mahindra Bank,3.30349E+12,KKBK6998598
SELL0654,Bava Group,bavagroup9521@gmail.com,+91 62860 62655,09-11-2022,LOC0039,2.3,Pets,IndusInd Bank,1.66376E+13,INDB7471657
SELL0655,Tara-Rattan,tara-rattan@gmail.com,+91 80058 73810,18-09-2021,LOC0078,4.5,Home,Union Bank of India,2.9307E+12,UBIN4398536
SELL0656,Gandhi Ltd,gandhiltd7527@gmail.com,+91 84891 52830,09-10-2024,LOC0103,3.8,Gaming,State Bank of India,61607029295,SBIN2327636
SELL0657,Bahl Group,bahlgroup@gmail.com,+91 78624 15433,23-03-2022,LOC0036,1.8,Books,Canara Bank,65334457712,CNRB1886118
SELL0658,Keer PLC,keerplc5839@gmail.com,+91 74690 53954,30-06-2024,LOC0085,3.7,Pets,State Bank of India,5998793561,SBIN7242263
SELL0659,"Sarraf, Chawla and Sule",sarrafchawlaandsule@gmail.com,+91 78612 69473,09-10-2024,LOC0081,1.8,Beauty,Bank of Baroda,8.37341E+13,BARB6657030
SELL0660,"Yohannan, Krishnan and Sarna",yohannankrishnanandsarna@gmail.com,+91 81120 10440,20-01-2026,LOC0017,2.9,Toys,Axis Bank,53332180815,UTIB3536207
SELL0661,Sagar Ltd,sagarltd@gmail.com,+91 96181 66712,15-09-2025,LOC0112,1.4,Baby,Bank of Baroda,7.18869E+11,BARB2559942
SELL0662,Mani-Ganesh,mani-ganesh2767@gmail.com,+91 66264 72025,08-08-2025,LOC0061,5,Stationery,Union Bank of India,2144426345,UBIN2076568
SELL0663,"Sharaf, Suri and Anand",sharafsuriandanand@gmail.com,+91 75093 99679,20-06-2021,LOC0022,2.7,Pets,Canara Bank,2.122E+11,CNRB8807389
SELL0664,"Mannan, Acharya and Chaudhuri",mannanacharyaandchaudhuri5569@gmail.com,+91 69230 24102,27-10-2022,LOC0056,3.7,Footwear,IndusInd Bank,3722797694,INDB5598454
SELL0665,Tata and Sons,tataandsons@gmail.com,+91 89286 99900,24-12-2024,LOC0058,2.2,Toys,IndusInd Bank,9110472650,INDB6501477
SELL0666,"Sawhney, Boase and Krishnamurthy",sawhneyboaseandkrishnamurthy@gmail.com,+91 69441 61076,08-12-2023,LOC0040,2.5,Books,Punjab National Bank,1.80308E+13,PUNB9898944
SELL0667,"Varughese, Sarin and Baral",varughesesarinandbaral3108@gmail.com,+91 67838 11478,17-03-2022,LOC0044,4.1,Clothing,HDFC Bank,885819287,HDFC6817706
SELL0668,Majumdar-Tara,majumdar-tara@gmail.com,+91 90070 52521,20-08-2022,LOC0036,1.6,Health,Canara Bank,17351122979,CNRB1029052
SELL0669,"Mammen, Koshy and Rau",mammenkoshyandrau1241@gmail.com,+91 64779 39510,02-03-2024,LOC0065,3.7,Books,Union Bank of India,55500864046,UBIN6340552
SELL0670,Swaminathan-Chadha,swaminathan-chadha@gmail.com,+91 72272 73069,17-05-2023,LOC0066,3.5,Pets,Union Bank of India,4.34487E+12,UBIN8868086
SELL0671,"Raj, Devan and Ray",rajdevanandray@gmail.com,+91 75445 42226,31-12-2023,LOC0083,3.3,Books,IndusInd Bank,7.92925E+11,INDB9680798
SELL0672,Rama-Shanker,rama-shanker@gmail.com,+91 61785 14707,28-05-2025,LOC0023,4.3,Home,Canara Bank,61415192908,CNRB6006367
SELL0673,"Wali, Dutta and Vala",waliduttaandvala@gmail.com,+91 94634 99736,23-02-2022,LOC0072,3.4,Beauty,Punjab National Bank,7.94817E+12,PUNB7626364
SELL0674,"Dubey, Date and Sankaran",dubeydateandsankaran@gmail.com,+91 88570 97693,02-04-2022,LOC0099,3.7,Bags & Luggage,Bank of Baroda,5.415E+12,BARB1803745
SELL0675,Kapoor-Lall,kapoor-lall5490@gmail.com,+91 72063 03264,20-05-2024,LOC0014,1.7,Jewellery,Axis Bank,21789526012,UTIB2594159
SELL0676,Swaminathan-Sule,swaminathan-sule@gmail.com,+91 99179 40667,12-11-2025,LOC0032,2.3,Books,Union Bank of India,9.24527E+12,UBIN8845210
SELL0677,Sahni-Kadakia,sahni-kadakia@gmail.com,+91 92409 12396,24-12-2023,LOC0039,3.5,Automotive,Axis Bank,7567061822,UTIB9768868
SELL0678,Varty PLC,vartyplc@gmail.com,+91 87719 20825,09-01-2025,LOC0038,3.8,Books,ICICI Bank,9.39938E+13,ICIC9178544
SELL0679,"Das, Gala and Mani",dasgalaandmani9323@gmail.com,+91 66213 53301,16-11-2023,LOC0066,2.1,Electronics,ICICI Bank,5.61388E+11,ICIC8071360
SELL0680,Krish PLC,krishplc8224@gmail.com,+91 64723 82275,27-12-2025,LOC0042,3.2,Health,Union Bank of India,81509007705,UBIN7111495
SELL0681,"Buch, Rastogi and Gour",buchrastogiandgour3561@gmail.com,+91 94371 58301,19-12-2025,LOC0012,2.1,Books,Kotak Mahindra Bank,52057184523,KKBK4664487
SELL0682,"Wable, Mandal and Banerjee",wablemandalandbanerjee3577@gmail.com,+91 67624 30205,09-03-2022,LOC0096,2.4,Footwear,State Bank of India,6.11114E+12,SBIN3820449
SELL0683,Kibe Inc,kibeinc@gmail.com,+91 75768 65735,27-01-2026,LOC0068,4.8,Clothing,Kotak Mahindra Bank,8984840972,KKBK7558695
SELL0684,Kumer and Sons,kumerandsons@gmail.com,+91 67104 28762,24-07-2023,LOC0097,1.3,Pets,ICICI Bank,69890397072,ICIC8699236
SELL0685,Sachar-Bhalla,sachar-bhalla@gmail.com,+91 75248 67750,19-04-2025,LOC0007,3.6,Pets,State Bank of India,9.47657E+12,SBIN5743482
SELL0686,Karpe and Sons,karpeandsons@gmail.com,+91 87881 78794,23-09-2023,LOC0090,1.2,Stationery,Punjab National Bank,3.96891E+13,PUNB1923140
SELL0687,Khurana-Aggarwal,khurana-aggarwal1406@gmail.com,+91 69154 16213,04-02-2022,LOC0087,2.5,Sports,Kotak Mahindra Bank,8.28851E+11,KKBK4412654
SELL0688,Balay-Dada,balay-dada4394@gmail.com,+91 85423 70679,27-11-2025,LOC0064,3.4,Footwear,Kotak Mahindra Bank,88560893194,KKBK9553931
SELL0689,Krishnan and Sons,krishnanandsons3395@gmail.com,+91 68174 92384,07-04-2021,LOC0033,3.1,Toys,Union Bank of India,66106754331,UBIN3106363
SELL0690,Setty-Venkataraman,setty-venkataraman@gmail.com,+91 80508 28088,05-07-2025,LOC0032,3.3,Electronics,Bank of Baroda,6.85361E+11,BARB3380978
SELL0691,"Shroff, Rajagopalan and Bhat",shroffrajagopalanandbhat5286@gmail.com,+91 67294 39668,28-06-2024,LOC0090,1.6,Music & Instruments,Bank of Baroda,7.11804E+11,BARB2311480
SELL0692,"Varughese, Chawla and Raja",varughesechawlaandraja@gmail.com,+91 69863 73871,19-01-2022,LOC0036,3.5,Beauty,Union Bank of India,1965360471,UBIN8521528
SELL0693,"Gaba, Chahal and Badal",gabachahalandbadal@gmail.com,+91 75815 28124,04-05-2025,LOC0096,2.1,Jewellery,Bank of Baroda,73788473718,BARB4350953
SELL0694,"Chaudry, Saran and Saha",chaudrysaranandsaha1298@gmail.com,+91 69076 73961,08-08-2025,LOC0015,4,Footwear,IndusInd Bank,3.91883E+13,INDB9026497
SELL0695,"Mani, Bhatti and Din",manibhattianddin@gmail.com,+91 90531 02745,23-01-2024,LOC0063,1.8,Toys,Kotak Mahindra Bank,7.42758E+12,KKBK7677360
SELL0696,"Sampath, Keer and Deol",sampathkeeranddeol@gmail.com,+91 87871 45998,05-06-2021,LOC0085,4,Jewellery,Axis Bank,6239090980,UTIB4886450
SELL0697,Sethi PLC,sethiplc@gmail.com,+91 94271 47869,08-12-2025,LOC0037,3,Home,Kotak Mahindra Bank,3.81702E+13,KKBK9435957
SELL0698,Kari-Ghosh,kari-ghosh7848@gmail.com,+91 99599 62554,11-10-2024,LOC0111,3.4,Clothing,HDFC Bank,1829600342,HDFC7143744
SELL0699,Bala Inc,balainc@gmail.com,+91 92764 74569,18-05-2023,LOC0080,4.5,Footwear,Kotak Mahindra Bank,9.31144E+12,KKBK2636110
SELL0700,"Shenoy, Char and Sahota",shenoycharandsahota@gmail.com,+91 93491 19602,30-07-2022,LOC0112,3.9,Jewellery,HDFC Bank,2.90938E+11,HDFC3501742
SELL0701,Ratti Group,rattigroup8657@gmail.com,+91 85657 62114,25-07-2021,LOC0015,2.5,Books,Kotak Mahindra Bank,91963225032,KKBK4974407
SELL0702,"Bhatti, Krishnan and Mann",bhattikrishnanandmann6724@gmail.com,+91 95510 95477,23-05-2021,LOC0065,4,Books,HDFC Bank,8.958E+12,HDFC2714641
SELL0703,"Mane, Bhardwaj and Gola",manebhardwajandgola5959@gmail.com,+91 88306 22135,20-12-2024,LOC0007,1.3,Footwear,Punjab National Bank,5605243510,PUNB9898711
SELL0704,"Sura, Devi and Saran",suradeviandsaran@gmail.com,+91 68531 10154,19-09-2023,LOC0102,1.9,Toys,ICICI Bank,2007847723,ICIC1177825
SELL0705,Sehgal Inc,sehgalinc@gmail.com,+91 72104 05685,06-07-2024,LOC0074,3.4,Office Supplies,State Bank of India,64327494504,SBIN9941073
SELL0706,"Suresh, Johal and Krishnan",sureshjohalandkrishnan@gmail.com,+91 89459 47861,29-04-2022,LOC0055,4.2,Gaming,Axis Bank,4.30744E+12,UTIB8014961
SELL0707,Bhatia-Zacharia,bhatia-zacharia@gmail.com,+91 86277 26383,12-02-2022,LOC0113,3.4,Pets,State Bank of India,4.81683E+12,SBIN1527529
SELL0708,Gade-Comar,gade-comar@gmail.com,+91 83238 55821,26-08-2021,LOC0019,3.1,Groceries,IndusInd Bank,8.74955E+12,INDB1797308
SELL0709,"Dar, Handa and Sem",darhandaandsem@gmail.com,+91 71942 06207,03-08-2025,LOC0080,3.1,Office Supplies,ICICI Bank,79104907230,ICIC5303526
SELL0710,Chatterjee-Sahota,chatterjee-sahota9430@gmail.com,+91 67949 64725,31-01-2025,LOC0026,2.6,Automotive,Bank of Baroda,1.21687E+11,BARB3555434
SELL0711,"Halder, Sem and Yadav",haldersemandyadav@gmail.com,+91 82771 19425,05-11-2025,LOC0095,2.1,Beauty,Canara Bank,84000236404,CNRB8258842
SELL0712,Agate Group,agategroup@gmail.com,+91 84588 73481,09-02-2024,LOC0050,3.2,Pets,Union Bank of India,56840477573,UBIN1923306
SELL0713,Sengupta Inc,senguptainc9824@gmail.com,+91 94823 80263,13-07-2025,LOC0085,1.7,Jewellery,Axis Bank,8.29089E+13,UTIB7044076
SELL0714,Sarraf PLC,sarrafplc4055@gmail.com,+91 60053 12687,29-03-2022,LOC0038,1.3,Footwear,Union Bank of India,47370370915,UBIN9133351
SELL0715,"Verma, Bal and Kala",vermabalandkala4927@gmail.com,+91 82376 82274,02-08-2021,LOC0020,2,Footwear,State Bank of India,97570343,SBIN5788807
SELL0716,"Sawhney, Agrawal and Dey",sawhneyagrawalanddey@gmail.com,+91 79072 63664,25-10-2025,LOC0016,4,Office Supplies,IndusInd Bank,25196109984,INDB5865250
SELL0717,Sodhi LLC,sodhillc@gmail.com,+91 92221 58668,12-05-2023,LOC0003,1.1,Sports,Axis Bank,1793714660,UTIB1042001
SELL0718,"Desai, Bal and Ray",desaibalandray@gmail.com,+91 76282 95053,07-04-2023,LOC0040,1.5,Office Supplies,Union Bank of India,7.69149E+13,UBIN9073408
SELL0719,Ben-Dhar,ben-dhar6297@gmail.com,+91 90862 29672,26-06-2023,LOC0109,2.8,Clothing,Canara Bank,6.53032E+11,CNRB2672592
SELL0720,"Manne, Gole and Bhattacharyya",mannegoleandbhattacharyya@gmail.com,+91 91866 39703,16-07-2023,LOC0035,3.6,Office Supplies,ICICI Bank,3710629747,ICIC7769434
SELL0721,Sinha-Kapadia,sinha-kapadia@gmail.com,+91 75301 71160,12-08-2021,LOC0035,2.6,Electronics,Kotak Mahindra Bank,2.69189E+13,KKBK5364738
SELL0722,Chandran LLC,chandranllc@gmail.com,+91 71388 62636,23-08-2024,LOC0016,2.4,Beauty,Punjab National Bank,9.33102E+12,PUNB2641816
SELL0723,Mann-Chatterjee,mann-chatterjee@gmail.com,+91 96885 20246,09-03-2026,LOC0075,5,Health,Canara Bank,4.96712E+11,CNRB9155684
SELL0724,Butala-Dua,butala-dua@gmail.com,+91 77757 48471,24-11-2025,LOC0107,3.6,Jewellery,ICICI Bank,5633422543,ICIC9070707
SELL0725,"Mangat, Sankar and Bala",mangatsankarandbala8025@gmail.com,+91 69015 66073,04-02-2023,LOC0066,4.6,Automotive,Kotak Mahindra Bank,6871503132,KKBK9502706
SELL0726,"Desai, Apte and Ganguly",desaiapteandganguly5891@gmail.com,+91 75321 25384,17-07-2025,LOC0068,1.4,Music & Instruments,Canara Bank,9.19466E+12,CNRB3883441
SELL0727,"Bhargava, Bhattacharyya and Chahal",bhargavabhattacharyyaandchahal2490@gmail.com,+91 65592 17183,19-04-2025,LOC0046,2.3,Music & Instruments,Kotak Mahindra Bank,3.28299E+13,KKBK6822843
SELL0728,Dayal PLC,dayalplc@gmail.com,+91 87431 31658,13-09-2021,LOC0031,1.8,Electronics,Bank of Baroda,57227872721,BARB1150689
SELL0729,Sahota Group,sahotagroup9667@gmail.com,+91 75112 59698,20-01-2024,LOC0091,1.2,Beauty,HDFC Bank,1.54665E+12,HDFC2901725
SELL0730,Chopra-Iyer,chopra-iyer5967@gmail.com,+91 78824 75522,24-04-2022,LOC0063,4.7,Baby,IndusInd Bank,6027098253,INDB3486676
SELL0731,"Baral, Bains and Dixit",baralbainsanddixit@gmail.com,+91 82802 76769,18-02-2024,LOC0036,2,Toys,Axis Bank,52044450108,UTIB9846422
SELL0732,Sant-Shanker,sant-shanker@gmail.com,+91 68806 95273,02-05-2024,LOC0087,1.1,Music & Instruments,Kotak Mahindra Bank,9.42116E+11,KKBK7425748
SELL0733,Dugal and Sons,dugalandsons@gmail.com,+91 86725 68267,28-04-2023,LOC0017,1.8,Clothing,Bank of Baroda,1.27626E+11,BARB7447987
SELL0734,Vasa-Saha,vasa-saha@gmail.com,+91 62689 54570,27-11-2021,LOC0089,1.9,Sports,IndusInd Bank,79805619596,INDB9433165
SELL0735,"Wason, Kanda and Bora",wasonkandaandbora@gmail.com,+91 84793 43821,16-09-2025,LOC0026,4.2,Stationery,Punjab National Bank,9.03748E+11,PUNB7915632
SELL0736,Sami Inc,samiinc@gmail.com,+91 93309 09073,17-01-2022,LOC0071,4.7,Footwear,Union Bank of India,3312972782,UBIN9729270
SELL0737,"Das, Walia and Ramaswamy",daswaliaandramaswamy4827@gmail.com,+91 81011 59553,05-03-2024,LOC0040,3.8,Bags & Luggage,Kotak Mahindra Bank,3.87783E+12,KKBK6572217
SELL0738,Anand Group,anandgroup8890@gmail.com,+91 77102 55849,03-05-2023,LOC0076,3.5,Music & Instruments,Punjab National Bank,1.90769E+11,PUNB2770571
SELL0739,Dhaliwal-Savant,dhaliwal-savant7716@gmail.com,+91 65803 53382,30-12-2023,LOC0058,2,Bags & Luggage,Canara Bank,5758798762,CNRB3775792
SELL0740,Raval PLC,ravalplc@gmail.com,+91 68770 22113,03-12-2021,LOC0033,2.2,Stationery,Union Bank of India,2.41677E+13,UBIN8757170
SELL0741,"Char, Mani and Roy",charmaniandroy4799@gmail.com,+91 90778 98153,02-03-2022,LOC0061,3.4,Electronics,Bank of Baroda,2193580617,BARB6165952
SELL0742,"Kalita, Khatri and Chhabra",kalitakhatriandchhabra463@gmail.com,+91 80032 70753,22-10-2023,LOC0059,1.5,Office Supplies,Bank of Baroda,5.61338E+13,BARB2731328
SELL0743,Batra and Sons,batraandsons3862@gmail.com,+91 90806 18914,29-10-2025,LOC0020,3.6,Health,Axis Bank,7.95359E+13,UTIB6495864
SELL0744,Kumer-Kari,kumer-kari4762@gmail.com,+91 71457 97605,07-12-2021,LOC0071,1.2,Stationery,IndusInd Bank,80958885652,INDB8729675
SELL0745,Mann and Sons,mannandsons6819@gmail.com,+91 64611 17021,13-05-2022,LOC0026,1.7,Office Supplies,ICICI Bank,16791730425,ICIC1779312
SELL0746,Issac-Dasgupta,issac-dasgupta@gmail.com,+91 98496 12075,25-05-2024,LOC0095,1.8,Baby,Canara Bank,3052206507,CNRB5272294
SELL0747,Bose-Sachdev,bose-sachdev6898@gmail.com,+91 90181 10373,16-09-2024,LOC0073,1.9,Beauty,HDFC Bank,2.33294E+12,HDFC9752006
SELL0748,Dugal LLC,dugalllc3907@gmail.com,+91 89934 67657,07-04-2023,LOC0066,1.8,Jewellery,Bank of Baroda,7.22981E+12,BARB1220928
SELL0749,Raja and Sons,rajaandsons6005@gmail.com,+91 87694 89958,01-09-2023,LOC0001,3.2,Jewellery,Canara Bank,9.40584E+13,CNRB9292472
SELL0750,Gupta PLC,guptaplc5607@gmail.com,+91 98082 60835,31-05-2025,LOC0079,3.2,Bags & Luggage,State Bank of India,4.73449E+12,SBIN3438735
SELL0751,"Ratta, Brahmbhatt and Bhatt",rattabrahmbhattandbhatt1063@gmail.com,+91 60924 02416,12-09-2023,LOC0097,1.2,Music & Instruments,State Bank of India,23060674300,SBIN7173586
SELL0752,Soni Group,sonigroup5124@gmail.com,+91 71734 01668,10-02-2026,LOC0074,1.3,Electronics,Union Bank of India,6686978912,UBIN2169742
SELL0753,Suri-Gopal,suri-gopal1512@gmail.com,+91 85231 79649,17-12-2024,LOC0102,2.2,Groceries,HDFC Bank,6.15028E+12,HDFC3124233
SELL0754,"Dhar, Ravi and Gade",dharraviandgade@gmail.com,+91 90244 75715,06-08-2021,LOC0012,1.1,Groceries,Kotak Mahindra Bank,38946839015,KKBK1498297
SELL0755,"Ravel, Kale and Baral",ravelkaleandbaral3509@gmail.com,+91 60127 36603,02-10-2021,LOC0090,2.5,Clothing,State Bank of India,8.76203E+12,SBIN5574951
SELL0756,Ravel Inc,ravelinc3402@gmail.com,+91 99293 10988,15-06-2025,LOC0102,3.8,Sports,Bank of Baroda,1.47619E+11,BARB7342923
SELL0757,Shukla PLC,shuklaplc@gmail.com,+91 74832 80232,10-03-2022,LOC0085,4.6,Sports,Bank of Baroda,5.64158E+13,BARB8937768
SELL0758,Chhabra and Sons,chhabraandsons@gmail.com,+91 70162 15478,28-12-2025,LOC0008,1.2,Books,State Bank of India,55585754801,SBIN9887254
SELL0759,"Bhatia, Mangat and Kar",bhatiamangatandkar9036@gmail.com,+91 64934 77183,31-10-2022,LOC0017,1.8,Beauty,ICICI Bank,21900586891,ICIC2167779
SELL0760,Bera-Wali,bera-wali5975@gmail.com,+91 87693 33967,30-12-2025,LOC0035,4.8,Gaming,Canara Bank,255768925,CNRB7580671
SELL0761,"Dara, Gopal and Ganesh",daragopalandganesh8348@gmail.com,+91 89439 72600,31-12-2022,LOC0027,2.5,Electronics,Axis Bank,81991403324,UTIB9922466
SELL0762,"Samra, Reddy and Vasa",samrareddyandvasa4316@gmail.com,+91 73380 42966,30-04-2024,LOC0028,3.6,Health,Kotak Mahindra Bank,4.10692E+13,KKBK7757817
SELL0763,"Sundaram, Kara and Din",sundaramkaraanddin@gmail.com,+91 64086 37699,12-05-2022,LOC0112,4.6,Books,Canara Bank,2754102425,CNRB5356386
SELL0764,"Saha, Chakraborty and Batra",sahachakrabortyandbatra5929@gmail.com,+91 72873 82924,19-05-2024,LOC0042,4.8,Sports,Punjab National Bank,3.15472E+11,PUNB9914458
SELL0765,Kaur-Bali,kaur-bali295@gmail.com,+91 88245 45524,04-03-2023,LOC0010,1,Beauty,Canara Bank,1.83073E+12,CNRB1785213
SELL0766,"Bhatia, Jaggi and Bansal",bhatiajaggiandbansal@gmail.com,+91 73698 71792,04-06-2024,LOC0113,4.4,Baby,Union Bank of India,3.83609E+11,UBIN8935649
SELL0767,Chakrabarti and Sons,chakrabartiandsons@gmail.com,+91 69959 81794,01-06-2023,LOC0107,4.3,Sports,Axis Bank,6.21993E+12,UTIB4789480
SELL0768,Gade LLC,gadellc@gmail.com,+91 74707 13255,12-08-2025,LOC0060,2.2,Gaming,Axis Bank,4.74332E+13,UTIB5376240
SELL0769,"Salvi, Shere and Dasgupta",salvishereanddasgupta@gmail.com,+91 95203 26816,07-05-2022,LOC0007,4.8,Jewellery,HDFC Bank,7.31011E+11,HDFC8003771
SELL0770,Chaudry PLC,chaudryplc@gmail.com,+91 61582 13581,14-11-2025,LOC0068,2.2,Books,IndusInd Bank,3853836893,INDB7584241
SELL0771,"Varty, Gola and Sankaran",vartygolaandsankaran@gmail.com,+91 98704 80586,29-03-2025,LOC0006,4.6,Gaming,IndusInd Bank,1951000300,INDB6784305
SELL0772,Krishnan-D’Alia,krishnan-d’alia@gmail.com,+91 88402 06408,21-02-2022,LOC0069,4.6,Home,Axis Bank,2722335327,UTIB6686105
SELL0773,Majumdar LLC,majumdarllc@gmail.com,+91 88088 29737,02-11-2023,LOC0030,4.7,Gaming,State Bank of India,3.45608E+11,SBIN1109652
SELL0774,Dhar-Ramanathan,dhar-ramanathan31@gmail.com,+91 81784 93727,08-12-2025,LOC0082,3,Books,Bank of Baroda,7.89639E+11,BARB4872269
SELL0775,"Gade, Loyal and Kothari",gadeloyalandkothari1992@gmail.com,+91 88846 97965,26-11-2024,LOC0062,1.5,Home,Union Bank of India,4.58449E+13,UBIN2059651
SELL0776,Din-Tella,din-tella4639@gmail.com,+91 84626 00155,17-04-2023,LOC0045,1.2,Music & Instruments,HDFC Bank,6.28768E+12,HDFC2709351
SELL0777,"Dave, Bath and Gokhale",davebathandgokhale@gmail.com,+91 61364 97407,18-06-2025,LOC0021,4.1,Office Supplies,Punjab National Bank,68228386743,PUNB3351550
SELL0778,"Krishnamurthy, Baral and Handa",krishnamurthybaralandhanda@gmail.com,+91 84552 04642,31-03-2024,LOC0009,3.5,Home,Kotak Mahindra Bank,1366393740,KKBK2049805
SELL0779,Bir Inc,birinc@gmail.com,+91 72730 28851,08-01-2022,LOC0069,3.8,Toys,Kotak Mahindra Bank,1.08002E+12,KKBK7327521
SELL0780,"Bhattacharyya, Bhatia and Baral",bhattacharyyabhatiaandbaral@gmail.com,+91 69147 93102,07-12-2024,LOC0087,4.5,Gaming,Kotak Mahindra Bank,8.15082E+13,KKBK4659177
SELL0781,Lalla-Sengupta,lalla-sengupta@gmail.com,+91 94887 51754,17-05-2022,LOC0105,3.6,Clothing,Kotak Mahindra Bank,3865971776,KKBK6196620
SELL0782,Barman-Dugal,barman-dugal@gmail.com,+91 84544 45510,16-11-2022,LOC0076,1.6,Automotive,Punjab National Bank,5.36618E+12,PUNB9593883
SELL0783,Kulkarni-Shetty,kulkarni-shetty5942@gmail.com,+91 96206 02011,18-12-2024,LOC0086,3.9,Toys,State Bank of India,7.50157E+12,SBIN1809127
SELL0784,Sarraf-Bains,sarraf-bains5868@gmail.com,+91 82883 77628,28-10-2021,LOC0097,3.6,Footwear,Punjab National Bank,3.43509E+13,PUNB4064872
SELL0785,"Bora, Konda and Mandal",borakondaandmandal@gmail.com,+91 80813 95474,03-11-2021,LOC0096,3.7,Books,Canara Bank,8.05119E+13,CNRB8571745
SELL0786,Acharya Ltd,acharyaltd4902@gmail.com,+91 84179 98922,16-11-2023,LOC0078,4.7,Beauty,ICICI Bank,3.51599E+11,ICIC3481959
SELL0787,Dani Ltd,daniltd2704@gmail.com,+91 65515 15522,19-04-2025,LOC0069,4.1,Office Supplies,Union Bank of India,7703733258,UBIN7312417
SELL0788,"Vora, Tank and Grover",voratankandgrover@gmail.com,+91 82091 19173,27-08-2021,LOC0020,3.6,Bags & Luggage,Union Bank of India,7.96687E+11,UBIN5129822
SELL0789,Doctor Ltd,doctorltd@gmail.com,+91 68365 61072,02-07-2024,LOC0106,2.2,Bags & Luggage,Canara Bank,2.86227E+11,CNRB2220651
SELL0790,Garg-Walla,garg-walla@gmail.com,+91 60762 71392,30-01-2026,LOC0046,2,Music & Instruments,Union Bank of India,97445187268,UBIN6411449
SELL0791,"Sengupta, Manne and Ramachandran",senguptamanneandramachandran5740@gmail.com,+91 65222 48091,09-02-2025,LOC0099,3.7,Bags & Luggage,Kotak Mahindra Bank,6.27041E+12,KKBK6574273
SELL0792,"Mallick, Contractor and Chaudhuri",mallickcontractorandchaudhuri1776@gmail.com,+91 97692 82817,06-06-2022,LOC0052,3.5,Electronics,Axis Bank,2.78066E+11,UTIB8238438
SELL0793,"Thakur, Mangal and Sunder",thakurmangalandsunder3092@gmail.com,+91 62196 78866,21-04-2022,LOC0002,3.1,Health,Bank of Baroda,4.14589E+11,BARB7417132
SELL0794,Kapur Group,kapurgroup@gmail.com,+91 62530 52027,20-03-2025,LOC0012,2,Electronics,Bank of Baroda,48193042543,BARB1633404
SELL0795,"Balakrishnan, Kalla and Dugar",balakrishnankallaanddugar6846@gmail.com,+91 83232 18320,15-12-2023,LOC0082,3.8,Automotive,Union Bank of India,7402861067,UBIN3392833
SELL0796,Lad Ltd,ladltd2439@gmail.com,+91 71946 05388,09-12-2021,LOC0093,4.2,Baby,Bank of Baroda,2.66129E+12,BARB6138214
SELL0797,Bava Inc,bavainc@gmail.com,+91 68304 86417,12-07-2022,LOC0033,4.3,Automotive,Punjab National Bank,3.42053E+13,PUNB5446420
SELL0798,Desai-Shenoy,desai-shenoy5572@gmail.com,+91 93697 36890,10-04-2025,LOC0043,2.3,Baby,Kotak Mahindra Bank,2.62462E+12,KKBK4165848
SELL0799,"Master, Kale and Chand",masterkaleandchand7177@gmail.com,+91 64416 56260,30-05-2025,LOC0062,3.8,Footwear,State Bank of India,4.69502E+13,SBIN6153397
SELL0800,Dave-Bal,dave-bal2933@gmail.com,+91 81728 17419,11-08-2024,LOC0074,1.2,Groceries,IndusInd Bank,5930330958,INDB5610132
SELL0801,Thaker-Bath,thaker-bath@gmail.com,+91 73832 84665,03-09-2022,LOC0061,2.5,Beauty,Punjab National Bank,1.7697E+11,PUNB2336219
SELL0802,"Sanghvi, Kibe and Bava",sanghvikibeandbava@gmail.com,+91 89423 71424,28-06-2022,LOC0047,3.5,Pets,Kotak Mahindra Bank,4.10083E+12,KKBK5174207
SELL0803,Tella and Sons,tellaandsons409@gmail.com,+91 88389 73646,15-01-2024,LOC0025,3.1,Toys,Punjab National Bank,1.83246E+13,PUNB1462219
SELL0804,Ahuja Group,ahujagroup3648@gmail.com,+91 81245 81597,30-01-2026,LOC0079,2.3,Electronics,Kotak Mahindra Bank,65285914090,KKBK8236229
SELL0805,Ravi Group,ravigroup@gmail.com,+91 61434 98888,19-06-2022,LOC0074,4.2,Beauty,ICICI Bank,2.27206E+11,ICIC1433602
SELL0806,Sethi-Dash,sethi-dash3097@gmail.com,+91 95612 30792,11-05-2024,LOC0075,4.7,Bags & Luggage,State Bank of India,3.76015E+12,SBIN1878370
SELL0807,Khosla-Sarin,khosla-sarin4058@gmail.com,+91 63153 48299,19-08-2025,LOC0086,1.5,Clothing,State Bank of India,9.02878E+11,SBIN1864994
SELL0808,Choudhury and Sons,choudhuryandsons@gmail.com,+91 74782 00979,26-07-2022,LOC0045,4,Baby,Axis Bank,70403420921,UTIB5962016
SELL0809,Hari Group,harigroup@gmail.com,+91 95605 52490,23-04-2024,LOC0027,4.8,Music & Instruments,Bank of Baroda,2.52773E+11,BARB7157871
SELL0810,"Kanda, Gupta and Baral",kandaguptaandbaral@gmail.com,+91 94680 90901,13-07-2025,LOC0074,4.4,Health,Bank of Baroda,6.29604E+12,BARB8597804
SELL0811,Dara-Chatterjee,dara-chatterjee@gmail.com,+91 71019 39277,02-10-2025,LOC0026,3.4,Office Supplies,Kotak Mahindra Bank,3.59772E+11,KKBK4342692
SELL0812,Bhalla-Wagle,bhalla-wagle@gmail.com,+91 65436 84993,27-04-2022,LOC0107,4.5,Electronics,Axis Bank,7.97071E+12,UTIB6385627
SELL0813,Sabharwal Inc,sabharwalinc@gmail.com,+91 62164 41501,28-06-2025,LOC0050,4.6,Pets,Canara Bank,72996065195,CNRB9077493
SELL0814,Dara Inc,darainc2315@gmail.com,+91 79753 69250,25-09-2022,LOC0014,3,Footwear,Punjab National Bank,6.23289E+12,PUNB3433256
SELL0815,"Rao, Sunder and Sachdeva",raosunderandsachdeva3482@gmail.com,+91 88488 92966,21-07-2022,LOC0109,4.2,Health,ICICI Bank,5.74222E+12,ICIC2871066
SELL0816,Rout PLC,routplc@gmail.com,+91 61932 94735,22-06-2024,LOC0037,3.6,Bags & Luggage,Canara Bank,1.4575E+11,CNRB3024714
SELL0817,"Amble, Char and Tak",amblecharandtak@gmail.com,+91 62604 30815,12-07-2023,LOC0070,1,Automotive,ICICI Bank,15722880311,ICIC8952576
SELL0818,Lall Ltd,lallltd@gmail.com,+91 64144 28298,07-06-2022,LOC0047,4,Books,Axis Bank,4962942266,UTIB4678754
SELL0819,Master-Swaminathan,master-swaminathan@gmail.com,+91 63122 40958,19-07-2025,LOC0040,1.4,Automotive,Kotak Mahindra Bank,9.0468E+13,KKBK6490952
SELL0820,"Barad, Mani and Savant",baradmaniandsavant@gmail.com,+91 88872 89152,28-05-2022,LOC0106,3.5,Groceries,Axis Bank,8605817974,UTIB3543885
SELL0821,Sahota Inc,sahotainc@gmail.com,+91 62749 27496,25-06-2024,LOC0106,4.5,Footwear,Union Bank of India,6.74589E+12,UBIN7323665
SELL0822,Roy-Dugar,roy-dugar@gmail.com,+91 71546 88303,17-01-2024,LOC0035,3,Beauty,Union Bank of India,3.84256E+12,UBIN9219643
SELL0823,Aurora-Borde,aurora-borde4253@gmail.com,+91 84273 83721,23-06-2022,LOC0072,1.5,Pets,Punjab National Bank,5.53984E+11,PUNB9526410
SELL0824,Jain and Sons,jainandsons@gmail.com,+91 60400 80784,24-01-2024,LOC0046,3.4,Toys,Canara Bank,90420797096,CNRB3792942
SELL0825,Venkatesh-Dalal,venkatesh-dalal@gmail.com,+91 74816 42430,19-10-2021,LOC0110,1.6,Baby,Union Bank of India,81891021600,UBIN8845782
SELL0826,Khosla-Sani,khosla-sani@gmail.com,+91 81418 99224,21-10-2021,LOC0042,4,Gaming,Canara Bank,85852444042,CNRB9589594
SELL0827,"Kamdar, Dugar and Das",kamdardugaranddas3984@gmail.com,+91 80036 90225,24-02-2025,LOC0074,1.4,Music & Instruments,Axis Bank,4.22607E+13,UTIB4468720
SELL0828,"Saxena, Agate and Baria",saxenaagateandbaria@gmail.com,+91 77740 37298,19-09-2025,LOC0001,2.3,Stationery,IndusInd Bank,1.28951E+12,INDB2680101
SELL0829,"Kala, Loyal and Ranganathan",kalaloyalandranganathan@gmail.com,+91 84595 88696,28-10-2023,LOC0067,4.3,Sports,Union Bank of India,9155679024,UBIN2379272
SELL0830,Uppal-Ratta,uppal-ratta3383@gmail.com,+91 88869 74480,10-05-2024,LOC0012,4.8,Stationery,Kotak Mahindra Bank,9.80907E+11,KKBK3669656
SELL0831,Sen Ltd,senltd@gmail.com,+91 96045 42812,08-03-2025,LOC0024,1.6,Footwear,IndusInd Bank,771363442,INDB1779512
SELL0832,Dar and Sons,darandsons@gmail.com,+91 84680 44256,30-06-2021,LOC0061,4.6,Electronics,IndusInd Bank,6430252755,INDB1413236
SELL0833,"Chawla, Korpal and Chacko",chawlakorpalandchacko@gmail.com,+91 72085 53716,13-03-2023,LOC0092,4.5,Bags & Luggage,Union Bank of India,5.47776E+13,UBIN4270769
SELL0834,Srinivasan-Dani,srinivasan-dani@gmail.com,+91 81785 44039,17-09-2024,LOC0021,2.3,Beauty,Kotak Mahindra Bank,2312154766,KKBK8396180
SELL0835,"Mander, Dutt and Luthra",manderduttandluthra3899@gmail.com,+91 67122 75423,30-04-2022,LOC0054,4.2,Groceries,HDFC Bank,36214358680,HDFC6136586
SELL0836,"Keer, Jaggi and Batta",keerjaggiandbatta@gmail.com,+91 93600 04498,04-07-2025,LOC0025,4.3,Footwear,Bank of Baroda,8.36427E+13,BARB1512193
SELL0837,"Ratta, Sankaran and Tripathi",rattasankaranandtripathi@gmail.com,+91 61504 00993,28-10-2023,LOC0012,4.6,Stationery,Union Bank of India,2274422118,UBIN7976471
SELL0838,Golla PLC,gollaplc@gmail.com,+91 87816 71851,18-03-2024,LOC0040,3,Clothing,Bank of Baroda,60384702719,BARB3471387
SELL0839,Kaur LLC,kaurllc5997@gmail.com,+91 62915 87009,30-03-2026,LOC0061,2,Bags & Luggage,Punjab National Bank,75439784470,PUNB1099135
SELL0840,Tripathi LLC,tripathillc@gmail.com,+91 72471 28893,19-02-2022,LOC0024,4.2,Books,Union Bank of India,2.2329E+13,UBIN1306571
SELL0841,Venkatesh Inc,venkateshinc@gmail.com,+91 91762 58348,18-11-2024,LOC0113,1.2,Stationery,Canara Bank,9.8421E+13,CNRB9474532
SELL0842,Chopra-Kapoor,chopra-kapoor3638@gmail.com,+91 76255 61820,02-01-2026,LOC0032,1.7,Stationery,Union Bank of India,76977959681,UBIN4379180
SELL0843,Dayal and Sons,dayalandsons@gmail.com,+91 96064 49003,01-09-2023,LOC0087,1.8,Home,Union Bank of India,9272964170,UBIN2053849
SELL0844,Suresh and Sons,sureshandsons@gmail.com,+91 85954 56815,30-08-2021,LOC0028,1.7,Baby,Axis Bank,7.46615E+11,UTIB6867216
SELL0845,"Arora, Andra and Saxena",aroraandraandsaxena@gmail.com,+91 91298 87628,28-03-2026,LOC0103,2.6,Sports,IndusInd Bank,7.55376E+13,INDB2209113
SELL0846,"Dhawan, Chandran and Hayer",dhawanchandranandhayer@gmail.com,+91 98792 86793,04-05-2021,LOC0053,3.2,Toys,Canara Bank,4.72662E+13,CNRB6146387
SELL0847,Shukla LLC,shuklallc@gmail.com,+91 90665 20339,22-05-2021,LOC0052,3.7,Clothing,HDFC Bank,5.94379E+12,HDFC8781175
SELL0848,Viswanathan and Sons,viswanathanandsons@gmail.com,+91 83958 18915,19-06-2021,LOC0108,2.5,Automotive,HDFC Bank,2.57494E+12,HDFC1404705
SELL0849,Kothari and Sons,kothariandsons2344@gmail.com,+91 80426 86998,27-06-2023,LOC0080,4.9,Pets,IndusInd Bank,2.57153E+12,INDB5339431
SELL0850,Kakar PLC,kakarplc5745@gmail.com,+91 89980 75678,06-08-2025,LOC0015,1.4,Automotive,Union Bank of India,68613304,UBIN9004752
SELL0851,Kari LLC,karillc@gmail.com,+91 86550 39524,25-09-2021,LOC0023,4,Gaming,ICICI Bank,6.2821E+12,ICIC7692151
SELL0852,Sagar and Sons,sagarandsons@gmail.com,+91 60093 59421,28-08-2022,LOC0096,4.7,Clothing,IndusInd Bank,46548433977,INDB7396855
SELL0853,Tailor Ltd,tailorltd@gmail.com,+91 66935 36664,17-02-2024,LOC0011,4,Clothing,HDFC Bank,4.48755E+11,HDFC4979132
SELL0854,Dhingra PLC,dhingraplc6843@gmail.com,+91 99927 95409,27-11-2022,LOC0108,2.8,Automotive,Kotak Mahindra Bank,39008884726,KKBK2839928
SELL0855,"Banik, Basak and Banerjee",banikbasakandbanerjee9507@gmail.com,+91 98018 84765,31-12-2025,LOC0013,2.8,Office Supplies,Kotak Mahindra Bank,5.95455E+12,KKBK5480491
SELL0856,Arya-Gera,arya-gera291@gmail.com,+91 77925 59480,06-04-2023,LOC0040,3,Office Supplies,State Bank of India,8.07925E+12,SBIN1588587
SELL0857,"Madan, Dube and Bassi",madandubeandbassi4316@gmail.com,+91 94899 30325,26-09-2021,LOC0082,1.9,Home,Punjab National Bank,310505462,PUNB1840476
SELL0858,"Bera, Varkey and Tank",beravarkeyandtank@gmail.com,+91 87544 81526,14-04-2024,LOC0055,4.5,Beauty,IndusInd Bank,3779375342,INDB8365750
SELL0859,Sarin PLC,sarinplc@gmail.com,+91 98942 33890,20-03-2023,LOC0091,1.7,Sports,Canara Bank,5.5892E+11,CNRB4166290
SELL0860,Kala-Balay,kala-balay@gmail.com,+91 70001 66382,04-11-2022,LOC0069,3.2,Pets,Punjab National Bank,9817017542,PUNB7723032
SELL0861,Bala-Koshy,bala-koshy@gmail.com,+91 81655 03274,28-07-2025,LOC0039,3.2,Books,State Bank of India,33184537114,SBIN5217060
SELL0862,"Sha, Bansal and Saha",shabansalandsaha@gmail.com,+91 73744 21549,08-08-2025,LOC0059,2,Office Supplies,Union Bank of India,34222000975,UBIN6629174
SELL0863,Dora-Dara,dora-dara@gmail.com,+91 70721 45315,05-02-2024,LOC0043,2.7,Clothing,Axis Bank,8.26147E+12,UTIB4489494
SELL0864,"Thaman, Mani and Sawhney",thamanmaniandsawhney409@gmail.com,+91 69976 15722,23-08-2023,LOC0112,2.9,Home,Punjab National Bank,3811906890,PUNB7460980
SELL0865,"Cherian, Mallick and Kala",cherianmallickandkala1051@gmail.com,+91 93800 35727,04-10-2023,LOC0089,1.8,Health,Punjab National Bank,4.31507E+11,PUNB3355564
SELL0866,"Anand, Goel and Venkataraman",anandgoelandvenkataraman6544@gmail.com,+91 88293 70602,14-11-2022,LOC0038,3.5,Gaming,Canara Bank,6.10013E+11,CNRB3703052
SELL0867,Dave-Hayer,dave-hayer1415@gmail.com,+91 71910 74072,06-08-2021,LOC0100,2.1,Electronics,Axis Bank,4.28163E+13,UTIB4999216
SELL0868,Arya Inc,aryainc8622@gmail.com,+91 69880 50971,28-11-2023,LOC0048,5,Groceries,Axis Bank,8.30079E+13,UTIB1591531
SELL0869,Din Inc,dininc5279@gmail.com,+91 61485 84972,18-08-2023,LOC0057,4.1,Books,Bank of Baroda,9.00751E+11,BARB5056058
SELL0870,Behl LLC,behlllc@gmail.com,+91 86763 06146,20-11-2021,LOC0013,4.7,Clothing,Kotak Mahindra Bank,6.15809E+13,KKBK7572045
SELL0871,Ghosh LLC,ghoshllc@gmail.com,+91 86904 04635,22-06-2023,LOC0035,4.5,Groceries,State Bank of India,5.30241E+11,SBIN6530496
SELL0872,"Chadha, Gera and Kurian",chadhageraandkurian@gmail.com,+91 99799 78945,30-12-2021,LOC0015,2.1,Jewellery,ICICI Bank,4922080432,ICIC2378255
SELL0873,"Saraf, Chander and Yogi",sarafchanderandyogi@gmail.com,+91 82619 65162,26-09-2023,LOC0056,1.1,Bags & Luggage,HDFC Bank,9.4902E+12,HDFC7486633
SELL0874,Thaman-Dhillon,thaman-dhillon@gmail.com,+91 61529 86059,05-10-2021,LOC0005,2.4,Footwear,Axis Bank,97208338032,UTIB5855129
SELL0875,"Doshi, Chowdhury and Gola",doshichowdhuryandgola2728@gmail.com,+91 72175 02517,14-10-2023,LOC0060,3.1,Beauty,Canara Bank,30717027789,CNRB6234413
SELL0876,"Tella, Sethi and Karan",tellasethiandkaran@gmail.com,+91 92504 20522,12-03-2025,LOC0025,2.7,Toys,HDFC Bank,54966326344,HDFC6955956
SELL0877,Sha-Singhal,sha-singhal8570@gmail.com,+91 98683 30442,13-08-2023,LOC0020,1.8,Home,State Bank of India,8.09625E+12,SBIN3474808
SELL0878,Agrawal-Kurian,agrawal-kurian7678@gmail.com,+91 73858 03351,13-05-2021,LOC0011,3.3,Music & Instruments,HDFC Bank,6.43047E+11,HDFC5389500
SELL0879,Jha-Shenoy,jha-shenoy@gmail.com,+91 71711 78853,19-09-2021,LOC0049,4,Automotive,Kotak Mahindra Bank,25293695540,KKBK3237530
SELL0880,Dora-Chana,dora-chana@gmail.com,+91 99949 52274,24-11-2021,LOC0065,4.7,Automotive,State Bank of India,5377376885,SBIN5139227
SELL0881,Bir Ltd,birltd679@gmail.com,+91 91819 12995,10-04-2021,LOC0091,1.2,Jewellery,Axis Bank,7.53241E+11,UTIB1091516
SELL0882,Kumar-Mannan,kumar-mannan@gmail.com,+91 90082 85770,11-01-2022,LOC0111,4.2,Stationery,Union Bank of India,6.41525E+11,UBIN4329807
SELL0883,Bhattacharyya and Sons,bhattacharyyaandsons@gmail.com,+91 70551 39683,02-06-2021,LOC0090,4.8,Groceries,HDFC Bank,2.15913E+13,HDFC5684479
SELL0884,Tiwari-Konda,tiwari-konda@gmail.com,+91 60214 80200,01-07-2024,LOC0070,1.9,Home,IndusInd Bank,6.44085E+13,INDB8249073
SELL0885,Borah LLC,borahllc@gmail.com,+91 88195 13354,19-03-2026,LOC0081,4.4,Beauty,Union Bank of India,2.84958E+13,UBIN4880986
SELL0886,Barad PLC,baradplc@gmail.com,+91 68136 37974,06-01-2025,LOC0022,4,Office Supplies,Punjab National Bank,99628938247,PUNB7961399
SELL0887,Vora-Deo,vora-deo7679@gmail.com,+91 73462 30639,16-09-2021,LOC0070,1.4,Office Supplies,IndusInd Bank,3214781506,INDB3324537
SELL0888,"Sarin, Chad and Dyal",sarinchadanddyal2247@gmail.com,+91 60716 06236,01-09-2024,LOC0066,4.4,Sports,Kotak Mahindra Bank,9882434838,KKBK9266063
SELL0889,Zachariah-Thaker,zachariah-thaker@gmail.com,+91 95006 42361,03-06-2022,LOC0040,1.9,Home,HDFC Bank,2288544900,HDFC6681599
SELL0890,Seth Ltd,sethltd110@gmail.com,+91 74045 91061,23-08-2025,LOC0080,1.3,Music & Instruments,Kotak Mahindra Bank,9.98754E+12,KKBK3703990
SELL0891,Mannan-Batra,mannan-batra3292@gmail.com,+91 60291 19084,04-07-2023,LOC0031,4.3,Music & Instruments,Union Bank of India,6.54233E+13,UBIN7734487
SELL0892,"Lalla, Chana and Banik",lallachanaandbanik@gmail.com,+91 85963 80591,23-02-2026,LOC0016,1.6,Gaming,State Bank of India,8.53425E+13,SBIN7162003
SELL0893,"Dani, Dasgupta and Chokshi",danidasguptaandchokshi@gmail.com,+91 71335 99943,22-07-2021,LOC0088,4.7,Beauty,Union Bank of India,22866345619,UBIN9730383
SELL0894,Bhatia-Lad,bhatia-lad8951@gmail.com,+91 65610 12355,25-11-2023,LOC0102,1.4,Jewellery,ICICI Bank,6724803190,ICIC4024482
SELL0895,Sahni-Chauhan,sahni-chauhan@gmail.com,+91 94346 97451,02-09-2025,LOC0070,3.2,Gaming,HDFC Bank,8.03081E+13,HDFC6178618
SELL0896,"Randhawa, Ravel and Borde",randhawaravelandborde7749@gmail.com,+91 93602 04440,23-12-2023,LOC0102,4,Gaming,Union Bank of India,4.92782E+11,UBIN9261490
SELL0897,Mammen Inc,mammeninc4444@gmail.com,+91 61911 91909,26-05-2023,LOC0057,3.9,Home,Union Bank of India,2.65284E+11,UBIN8081521
SELL0898,Biswas Group,biswasgroup@gmail.com,+91 95661 27482,08-08-2023,LOC0042,4.9,Home,Kotak Mahindra Bank,9.40546E+11,KKBK4082993
SELL0899,"Ghose, Datta and Issac",ghosedattaandissac@gmail.com,+91 61999 61517,12-08-2022,LOC0093,4,Groceries,Canara Bank,2.21673E+12,CNRB2647168
SELL0900,"Butala, Chawla and Bhagat",butalachawlaandbhagat@gmail.com,+91 69708 82158,26-12-2025,LOC0051,4.7,Groceries,Canara Bank,5.5392E+12,CNRB6451373
SELL0901,Joshi and Sons,joshiandsons@gmail.com,+91 85966 93685,11-04-2024,LOC0039,2.6,Sports,State Bank of India,58898003465,SBIN7694684
SELL0902,Manda Inc,mandainc@gmail.com,+91 88619 88953,13-03-2022,LOC0022,3.5,Home,Kotak Mahindra Bank,8.83098E+12,KKBK2872672
SELL0903,Lal LLC,lalllc@gmail.com,+91 75473 99157,11-01-2026,LOC0028,1.3,Automotive,HDFC Bank,3.87454E+13,HDFC1434237
SELL0904,"Dhar, Hayer and Bhakta",dharhayerandbhakta@gmail.com,+91 99506 27741,05-11-2025,LOC0103,4.4,Stationery,Kotak Mahindra Bank,9.68739E+13,KKBK8217642
SELL0905,Manne and Sons,manneandsons6497@gmail.com,+91 85863 92698,26-04-2024,LOC0002,3.5,Pets,Punjab National Bank,5286136161,PUNB7718304
SELL0906,Loke PLC,lokeplc@gmail.com,+91 90686 07735,12-05-2025,LOC0009,3,Gaming,State Bank of India,81998483203,SBIN2304157
SELL0907,Sharma-Magar,sharma-magar@gmail.com,+91 82245 85902,27-07-2025,LOC0014,3,Office Supplies,Axis Bank,4636690393,UTIB3233442
SELL0908,Seth-Ramesh,seth-ramesh@gmail.com,+91 80947 99325,27-01-2026,LOC0022,3.9,Gaming,IndusInd Bank,8.99136E+12,INDB2218175
SELL0909,Shankar and Sons,shankarandsons2721@gmail.com,+91 90093 23342,24-04-2025,LOC0061,2.3,Pets,IndusInd Bank,4.70715E+12,INDB1334588
SELL0910,"Sarin, Singhal and Jha",sarinsinghalandjha@gmail.com,+91 77600 05787,12-09-2025,LOC0020,2.4,Baby,Kotak Mahindra Bank,8.5587E+11,KKBK8470129
SELL0911,Yadav-Acharya,yadav-acharya6974@gmail.com,+91 81503 83666,10-06-2023,LOC0028,2.2,Toys,Canara Bank,9.08748E+12,CNRB1573435
SELL0912,"Chanda, Sood and Shanker",chandasoodandshanker@gmail.com,+91 69901 20108,06-11-2022,LOC0073,3.4,Beauty,Bank of Baroda,800520714,BARB5034641
SELL0913,Chaudhuri-Gokhale,chaudhuri-gokhale@gmail.com,+91 61965 63793,02-03-2024,LOC0111,2.7,Beauty,HDFC Bank,4593512180,HDFC6908222
SELL0914,Gaba LLC,gaballc@gmail.com,+91 96542 07912,14-03-2023,LOC0026,4.9,Gaming,State Bank of India,3.19512E+13,SBIN8250455
SELL0915,Karan-Dhillon,karan-dhillon@gmail.com,+91 67491 17009,15-11-2022,LOC0075,1.3,Baby,Bank of Baroda,6.89533E+11,BARB7700582
SELL0916,Tripathi-Khare,tripathi-khare@gmail.com,+91 80071 83134,21-06-2025,LOC0068,4.1,Bags & Luggage,ICICI Bank,104019050,ICIC9232909
SELL0917,Kakar-Sarma,kakar-sarma@gmail.com,+91 60095 04485,30-08-2022,LOC0062,2.4,Footwear,Canara Bank,6.50283E+11,CNRB6009365
SELL0918,"Master, Gole and Setty",mastergoleandsetty@gmail.com,+91 67258 90738,05-07-2024,LOC0113,4.9,Groceries,Axis Bank,4.03286E+11,UTIB8506669
SELL0919,"Jayaraman, Rajagopal and Dugar",jayaramanrajagopalanddugar4040@gmail.com,+91 80169 82869,21-09-2022,LOC0097,4.4,Books,IndusInd Bank,3.04294E+13,INDB8471404
SELL0920,Dey-Uppal,dey-uppal4517@gmail.com,+91 88551 02758,08-06-2022,LOC0057,2.3,Home,State Bank of India,30057751486,SBIN9042434
SELL0921,Kapur and Sons,kapurandsons2348@gmail.com,+91 64874 25925,28-10-2021,LOC0077,2.2,Beauty,Punjab National Bank,5396073247,PUNB6752585
SELL0922,Gour-Chad,gour-chad@gmail.com,+91 88040 19677,24-07-2025,LOC0032,4.5,Jewellery,State Bank of India,8.15066E+11,SBIN8057928
SELL0923,Bandi-Dube,bandi-dube@gmail.com,+91 79157 11394,13-02-2024,LOC0099,2.6,Clothing,State Bank of India,3.28939E+11,SBIN4048040
SELL0924,"Sani, Sarraf and Yohannan",sanisarrafandyohannan2558@gmail.com,+91 91777 71128,26-06-2023,LOC0053,1.3,Beauty,Canara Bank,2413090723,CNRB1772975
SELL0925,Sankaran-Wable,sankaran-wable@gmail.com,+91 72312 18079,20-11-2022,LOC0101,1.3,Books,Bank of Baroda,4.65788E+11,BARB6242355
SELL0926,"Dara, Dhillon and Sarraf",daradhillonandsarraf@gmail.com,+91 70029 03378,12-03-2026,LOC0028,4,Clothing,Axis Bank,5.87496E+11,UTIB9393386
SELL0927,Bath Group,bathgroup3268@gmail.com,+91 98888 85324,01-12-2025,LOC0108,3,Baby,Union Bank of India,9.19103E+12,UBIN4117343
SELL0928,Dar Ltd,darltd@gmail.com,+91 99648 43228,30-10-2021,LOC0064,2.1,Footwear,State Bank of India,4.03552E+13,SBIN3096808
SELL0929,Edwin-Kapoor,edwin-kapoor8100@gmail.com,+91 92831 08411,09-06-2021,LOC0048,4.1,Office Supplies,ICICI Bank,8.83566E+11,ICIC9093786
SELL0930,Babu-Wadhwa,babu-wadhwa5524@gmail.com,+91 99338 34420,26-01-2025,LOC0096,3.4,Office Supplies,Axis Bank,3.69465E+13,UTIB3273735
SELL0931,"Shanker, Tara and Rama",shankertaraandrama@gmail.com,+91 74837 55862,26-09-2022,LOC0026,1.5,Bags & Luggage,Axis Bank,8327952436,UTIB8641722
SELL0932,"Subramanian, Sami and Devan",subramaniansamianddevan@gmail.com,+91 81250 86716,30-12-2025,LOC0036,1.9,Baby,Bank of Baroda,5.49228E+13,BARB8055305
SELL0933,"Bhattacharyya, Shankar and Tripathi",bhattacharyyashankarandtripathi@gmail.com,+91 73831 64322,23-01-2026,LOC0032,3.3,Toys,Union Bank of India,3738192238,UBIN2834716
SELL0934,Krishna-Tiwari,krishna-tiwari6299@gmail.com,+91 70659 06199,07-07-2022,LOC0061,3,Footwear,HDFC Bank,45224593710,HDFC6412334
SELL0935,Malhotra PLC,malhotraplc@gmail.com,+91 99919 82142,28-02-2025,LOC0014,1.9,Office Supplies,Bank of Baroda,5.73581E+11,BARB4931044
SELL0936,"Bath, Wali and Dugar",bathwalianddugar@gmail.com,+91 95459 54162,11-01-2026,LOC0057,5,Office Supplies,Canara Bank,1.52414E+11,CNRB1613649
SELL0937,Upadhyay-Ganesan,upadhyay-ganesan@gmail.com,+91 92623 59881,27-02-2022,LOC0048,3.7,Sports,State Bank of India,8.80219E+11,SBIN8615348
SELL0938,"Bhakta, Som and Gandhi",bhaktasomandgandhi@gmail.com,+91 70676 69685,08-10-2025,LOC0042,3.4,Gaming,Kotak Mahindra Bank,1.91771E+12,KKBK3678401
SELL0939,Choudhary-Dua,choudhary-dua@gmail.com,+91 72773 20007,18-02-2024,LOC0098,4.2,Health,Kotak Mahindra Bank,48257359022,KKBK1965211
SELL0940,Salvi-Chaudhary,salvi-chaudhary@gmail.com,+91 67272 32970,30-09-2022,LOC0040,4.7,Office Supplies,Axis Bank,7.80193E+12,UTIB2869944
SELL0941,Sunder Inc,sunderinc@gmail.com,+91 84989 47240,17-07-2022,LOC0097,3.3,Baby,Kotak Mahindra Bank,2.19827E+11,KKBK7122347
SELL0942,"Deol, Saha and Varma",deolsahaandvarma@gmail.com,+91 73105 70365,29-02-2024,LOC0034,4.8,Pets,Canara Bank,3.00543E+11,CNRB3869142
SELL0943,Rattan-Wable,rattan-wable@gmail.com,+91 73249 84143,09-06-2025,LOC0067,1.9,Sports,State Bank of India,5.53532E+12,SBIN6919804
SELL0944,Kunda and Sons,kundaandsons@gmail.com,+91 60639 35445,14-08-2021,LOC0025,2,Health,IndusInd Bank,3.70959E+12,INDB8679542
SELL0945,Roy-Dhar,roy-dhar@gmail.com,+91 93988 04783,15-09-2023,LOC0018,2.6,Gaming,IndusInd Bank,3125383898,INDB6465979
SELL0946,"Wali, Kapadia and Bera",walikapadiaandbera@gmail.com,+91 80179 68466,18-06-2024,LOC0025,2.1,Jewellery,Kotak Mahindra Bank,6.20315E+11,KKBK7045572
SELL0947,Din-Choudhry,din-choudhry@gmail.com,+91 77419 00448,10-03-2023,LOC0100,3.7,Electronics,HDFC Bank,56169191094,HDFC1550589
SELL0948,Bhavsar Group,bhavsargroup@gmail.com,+91 87585 69645,12-01-2022,LOC0097,3,Baby,IndusInd Bank,6.72622E+13,INDB8061247
SELL0949,"Toor, Varughese and Mani",toorvarugheseandmani2299@gmail.com,+91 85714 78866,24-01-2026,LOC0016,4.7,Baby,Axis Bank,7.75801E+13,UTIB9010051
SELL0950,Manda-Bajaj,manda-bajaj@gmail.com,+91 93155 41753,17-05-2022,LOC0050,3.7,Clothing,Canara Bank,9.13585E+11,CNRB3516236
SELL0951,"Garde, Atwal and Dar",gardeatwalanddar145@gmail.com,+91 68498 26691,24-11-2021,LOC0071,2.5,Groceries,Union Bank of India,5.19007E+11,UBIN8520938
SELL0952,"Agate, Khalsa and Hans",agatekhalsaandhans@gmail.com,+91 70527 58753,07-04-2021,LOC0103,3.3,Pets,ICICI Bank,4808426928,ICIC2680072
SELL0953,Dutta-De,dutta-de4741@gmail.com,+91 68416 01097,18-07-2021,LOC0029,3.3,Beauty,IndusInd Bank,7.70543E+11,INDB1227590
SELL0954,Saxena-Sur,saxena-sur481@gmail.com,+91 62029 18630,11-10-2023,LOC0096,3.1,Stationery,Bank of Baroda,7.65676E+11,BARB8491101
SELL0955,Desai PLC,desaiplc5577@gmail.com,+91 73480 91258,17-07-2025,LOC0041,1.9,Baby,Axis Bank,3.44118E+11,UTIB8606414
SELL0956,"Sampath, Ram and Dutt",sampathramanddutt@gmail.com,+91 95421 59953,22-08-2023,LOC0086,1.1,Books,Axis Bank,7.86513E+11,UTIB1648996
SELL0957,Tiwari LLC,tiwarillc@gmail.com,+91 61876 44797,26-08-2024,LOC0035,2.5,Office Supplies,HDFC Bank,2.00777E+11,HDFC3723679
SELL0958,"Gopal, Gokhale and Sharma",gopalgokhaleandsharma7129@gmail.com,+91 90717 26336,11-12-2025,LOC0001,4.2,Automotive,Union Bank of India,1.56959E+12,UBIN1789406
SELL0959,Singhal-Kalla,singhal-kalla1094@gmail.com,+91 72794 90120,05-08-2025,LOC0104,1.4,Groceries,ICICI Bank,73425012286,ICIC4875502
SELL0960,Ramachandran-Raj,ramachandran-raj3404@gmail.com,+91 61428 04476,23-10-2021,LOC0097,4.4,Home,HDFC Bank,8.33815E+11,HDFC2323207
SELL0961,"Walia, Thakkar and Rattan",waliathakkarandrattan@gmail.com,+91 91709 91706,10-04-2022,LOC0113,1.7,Music & Instruments,IndusInd Bank,3.68492E+12,INDB4766753
SELL0962,"Srivastava, Hari and Srinivas",srivastavahariandsrinivas8881@gmail.com,+91 91052 26384,27-03-2022,LOC0016,2.9,Sports,Bank of Baroda,74881941817,BARB3024733
SELL0963,Sangha PLC,sanghaplc@gmail.com,+91 72133 03316,21-10-2025,LOC0085,1.5,Clothing,Axis Bank,1334022188,UTIB9609453
SELL0964,Mannan Inc,mannaninc@gmail.com,+91 65226 64478,04-01-2026,LOC0022,1,Clothing,Canara Bank,7572803792,CNRB8848919
SELL0965,Chopra-Toor,chopra-toor3312@gmail.com,+91 98234 28460,16-09-2022,LOC0070,1.4,Stationery,State Bank of India,5.37958E+11,SBIN1928204
SELL0966,Ratta-Cheema,ratta-cheema@gmail.com,+91 95847 33522,12-08-2024,LOC0022,3.8,Toys,Punjab National Bank,1.67594E+12,PUNB3906073
SELL0967,Chander LLC,chanderllc@gmail.com,+91 64637 09645,06-02-2023,LOC0096,4.1,Bags & Luggage,Kotak Mahindra Bank,78609812047,KKBK7474703
SELL0968,Gulati LLC,gulatillc@gmail.com,+91 83390 03905,24-10-2024,LOC0052,2.9,Office Supplies,Punjab National Bank,9849144892,PUNB7744620
SELL0969,Saxena Group,saxenagroup@gmail.com,+91 61323 96245,18-01-2026,LOC0067,3.6,Bags & Luggage,Canara Bank,9.18449E+11,CNRB4480030
SELL0970,"Apte, Vaidya and Dhar",aptevaidyaanddhar@gmail.com,+91 88473 06939,05-11-2024,LOC0004,1.8,Jewellery,ICICI Bank,25612305627,ICIC2348417
SELL0971,"Hayre, Sarkar and Majumdar",hayresarkarandmajumdar@gmail.com,+91 63189 17149,19-10-2022,LOC0031,1.3,Groceries,Punjab National Bank,6.13915E+11,PUNB3885162
SELL0972,Khurana PLC,khuranaplc@gmail.com,+91 87323 81197,20-11-2025,LOC0021,3.2,Music & Instruments,Axis Bank,4.12571E+11,UTIB8277094
SELL0973,Ben-Lala,ben-lala@gmail.com,+91 88934 60895,29-10-2025,LOC0099,4.2,Jewellery,Punjab National Bank,5.41747E+11,PUNB8240693
SELL0974,Sathe and Sons,satheandsons2935@gmail.com,+91 83355 75610,11-05-2024,LOC0088,3.5,Music & Instruments,State Bank of India,41592593283,SBIN7452196
SELL0975,Tiwari-Mann,tiwari-mann1271@gmail.com,+91 80325 80411,21-02-2023,LOC0045,3.1,Home,Kotak Mahindra Bank,84807792374,KKBK5536800
SELL0976,Zacharia-Badal,zacharia-badal1761@gmail.com,+91 68590 41062,31-07-2023,LOC0112,3.9,Automotive,ICICI Bank,9428463896,ICIC8632980
SELL0977,"Suri, Vora and Kalita",surivoraandkalita3697@gmail.com,+91 63948 67283,02-12-2024,LOC0018,4.2,Books,Bank of Baroda,2.84183E+11,BARB5815053
SELL0978,Ram-Chander,ram-chander@gmail.com,+91 65440 12355,25-09-2022,LOC0034,3.8,Baby,HDFC Bank,8.88972E+12,HDFC8905264
SELL0979,Balakrishnan-Dada,balakrishnan-dada@gmail.com,+91 93912 46124,29-01-2024,LOC0021,4.2,Footwear,Axis Bank,2380644642,UTIB8998587
SELL0980,Saraf-Ganguly,saraf-ganguly@gmail.com,+91 84486 59269,06-08-2025,LOC0105,4.5,Clothing,HDFC Bank,4.17864E+13,HDFC1089303
SELL0981,Ahuja-Deep,ahuja-deep3098@gmail.com,+91 98447 73234,03-03-2025,LOC0004,2.4,Office Supplies,Canara Bank,4.8741E+12,CNRB8084125
SELL0982,"Rana, Kumar and Reddy",ranakumarandreddy@gmail.com,+91 69366 88079,24-06-2022,LOC0091,2.2,Clothing,Axis Bank,45659724749,UTIB9374692
SELL0983,"Babu, Bera and Dani",babuberaanddani2345@gmail.com,+91 94722 34942,17-08-2022,LOC0084,1.5,Sports,Union Bank of India,8.07887E+12,UBIN2571791
SELL0984,Ramanathan-Khurana,ramanathan-khurana@gmail.com,+91 77058 29807,02-01-2025,LOC0014,1.9,Home,Canara Bank,6.07971E+12,CNRB5691541
SELL0985,Anne-Borah,anne-borah@gmail.com,+91 76654 88933,01-08-2022,LOC0041,3.7,Books,Canara Bank,46606594316,CNRB4077276
SELL0986,Suri LLC,surillc389@gmail.com,+91 93544 67172,14-01-2024,LOC0040,4.8,Footwear,Axis Bank,2586947848,UTIB8759835
SELL0987,"Randhawa, Baria and Mani",randhawabariaandmani@gmail.com,+91 99710 20475,22-08-2024,LOC0042,1.7,Music & Instruments,Axis Bank,4.77301E+11,UTIB9072198
SELL0988,Ravi-Ravel,ravi-ravel@gmail.com,+91 75629 71436,15-04-2025,LOC0002,3.8,Toys,Punjab National Bank,49410357444,PUNB4935806
SELL0989,"Gade, Bail and Sandhu",gadebailandsandhu@gmail.com,+91 78015 40020,08-07-2025,LOC0020,1.8,Beauty,State Bank of India,9.55115E+11,SBIN8740751
SELL0990,Gole Inc,goleinc@gmail.com,+91 63311 41452,24-12-2024,LOC0028,2,Sports,Union Bank of India,4688294859,UBIN6920802
SELL0991,Jayaraman-Chander,jayaraman-chander1803@gmail.com,+91 92498 96958,13-12-2023,LOC0081,3.4,Stationery,Kotak Mahindra Bank,1.85527E+11,KKBK1516179
SELL0992,"Manda, Brahmbhatt and Dyal",mandabrahmbhattanddyal@gmail.com,+91 79859 89977,31-03-2022,LOC0001,4,Office Supplies,Bank of Baroda,75737495438,BARB9230781
SELL0993,Gupta and Sons,guptaandsons@gmail.com,+91 60955 74583,08-02-2024,LOC0108,3.7,Music & Instruments,Axis Bank,8.75526E+11,UTIB8710494
SELL0994,Sarraf-Bumb,sarraf-bumb@gmail.com,+91 66140 48661,08-06-2023,LOC0028,4.9,Footwear,Union Bank of India,4.98389E+13,UBIN8835713
SELL0995,"Tak, Cheema and Agrawal",takcheemaandagrawal1141@gmail.com,+91 75077 04417,05-03-2022,LOC0092,1.7,Baby,Kotak Mahindra Bank,2474617001,KKBK4237663
SELL0996,Dhawan LLC,dhawanllc@gmail.com,+91 96890 96489,28-07-2023,LOC0034,4.2,Books,IndusInd Bank,2.04377E+13,INDB4634026
SELL0997,"Madan, Roy and Choudhry",madanroyandchoudhry1759@gmail.com,+91 89681 64550,21-12-2021,LOC0038,4.5,Beauty,Axis Bank,9472309445,UTIB4127505
SELL0998,Wali and Sons,waliandsons@gmail.com,+91 76182 61936,15-06-2024,LOC0102,2,Sports,ICICI Bank,1.15705E+11,ICIC5584879
SELL0999,Tailor-Bawa,tailor-bawa532@gmail.com,+91 94258 05777,08-10-2021,LOC0076,2.2,Beauty,ICICI Bank,49724267625,ICIC4508497
SELL1000,"Lal, Khosla and Bhasin",lalkhoslaandbhasin657@gmail.com,+91 96186 01285,25-07-2024,LOC0036,2.6,Jewellery,Union Bank of India,9.29794E+13,UBIN6128992
SELL1001,Varghese LLC,varghesellc@gmail.com,+91 75398 48852,31-10-2024,LOC0038,4,Clothing,Punjab National Bank,6.68545E+13,PUNB1993468
SELL1002,Majumdar-Balan,majumdar-balan@gmail.com,+91 99697 26836,29-08-2024,LOC0058,4.8,Bags & Luggage,Punjab National Bank,80389731290,PUNB4281807
SELL1003,Bahl Group,bahlgroup5388@gmail.com,+91 85936 18289,03-08-2025,LOC0099,4.5,Office Supplies,Canara Bank,7.53057E+11,CNRB1819372
SELL1004,Badami PLC,badamiplc@gmail.com,+91 82679 50732,17-02-2026,LOC0049,2.9,Groceries,Kotak Mahindra Bank,5.95225E+12,KKBK5939091
SELL1005,Buch and Sons,buchandsons386@gmail.com,+91 76657 55806,08-02-2022,LOC0062,4.8,Electronics,Bank of Baroda,46168756321,BARB2920834
SELL1006,"Boase, Garde and Thaker",boasegardeandthaker2097@gmail.com,+91 69232 71745,09-08-2022,LOC0109,1.9,Clothing,IndusInd Bank,42858159686,INDB8554581
SELL1007,Shukla PLC,shuklaplc2620@gmail.com,+91 68771 52668,04-02-2026,LOC0070,2.6,Toys,State Bank of India,8.04666E+12,SBIN6298362
SELL1008,Ravi-Ganguly,ravi-ganguly3504@gmail.com,+91 61689 62613,19-01-2022,LOC0011,4.2,Automotive,Canara Bank,6.65622E+11,CNRB8643519
SELL1009,"Ravel, Raja and Atwal",ravelrajaandatwal@gmail.com,+91 66305 54936,09-10-2021,LOC0002,3,Jewellery,Punjab National Bank,21805937453,PUNB3173849
SELL1010,Karan Inc,karaninc941@gmail.com,+91 92765 01771,18-08-2023,LOC0110,4.7,Footwear,HDFC Bank,69100438780,HDFC4350134
SELL1011,Vaidya-Arya,vaidya-arya@gmail.com,+91 90620 34664,04-05-2021,LOC0007,2.9,Toys,Bank of Baroda,9131016457,BARB5000284
SELL1012,Ramakrishnan Inc,ramakrishnaninc@gmail.com,+91 76826 13816,03-12-2021,LOC0070,1.1,Groceries,Axis Bank,3.34509E+12,UTIB6107715
SELL1013,Singh LLC,singhllc@gmail.com,+91 77754 33451,05-10-2024,LOC0063,4.6,Bags & Luggage,State Bank of India,20992611234,SBIN8605834
SELL1014,Dua-Ahuja,dua-ahuja@gmail.com,+91 73639 71413,14-03-2026,LOC0070,3.1,Stationery,State Bank of India,6.08002E+12,SBIN4996114
SELL1015,Bajaj-Raval,bajaj-raval@gmail.com,+91 86203 08773,24-02-2025,LOC0053,4.9,Beauty,Axis Bank,72338526757,UTIB5660158
SELL1016,"Sethi, Raja and Sura",sethirajaandsura@gmail.com,+91 99580 15576,07-02-2025,LOC0050,3.1,Groceries,HDFC Bank,8.37336E+11,HDFC3845621
SELL1017,Divan and Sons,divanandsons1209@gmail.com,+91 67985 88425,03-11-2024,LOC0089,4.6,Automotive,Kotak Mahindra Bank,9.16953E+13,KKBK8704401
SELL1018,"Sandhu, Kale and Bahl",sandhukaleandbahl@gmail.com,+91 96684 73490,07-01-2023,LOC0038,1.4,Baby,Bank of Baroda,2.82265E+13,BARB7106362
SELL1019,"Dugar, Sankar and Sastry",dugarsankarandsastry4699@gmail.com,+91 84304 56259,30-03-2022,LOC0085,3.5,Books,Canara Bank,1.09324E+11,CNRB3552413
SELL1020,Trivedi-Hegde,trivedi-hegde6542@gmail.com,+91 79270 09583,09-07-2022,LOC0083,4.3,Groceries,Canara Bank,90004606592,CNRB6135002
SELL1021,"Kade, Deol and Sidhu",kadedeolandsidhu8571@gmail.com,+91 68369 26100,09-07-2022,LOC0080,3.3,Beauty,Union Bank of India,2.40061E+13,UBIN4364871
SELL1022,"Sanghvi, Goyal and Shah",sanghvigoyalandshah@gmail.com,+91 67628 20183,28-06-2021,LOC0061,2.2,Bags & Luggage,State Bank of India,8200210615,SBIN6521879
SELL1023,Master-Konda,master-konda@gmail.com,+91 77295 28516,25-09-2021,LOC0017,2.6,Gaming,Bank of Baroda,9.41169E+11,BARB8355041
SELL1024,Vyas-Luthra,vyas-luthra@gmail.com,+91 67292 02871,14-01-2026,LOC0015,2.7,Health,Union Bank of India,2.34852E+13,UBIN2305648
SELL1025,Sunder-Wason,sunder-wason1802@gmail.com,+91 66879 10438,18-09-2022,LOC0007,2.6,Toys,ICICI Bank,2.78353E+12,ICIC3043042
SELL1026,Ramakrishnan-Ram,ramakrishnan-ram@gmail.com,+91 78750 77851,17-07-2025,LOC0052,4.3,Footwear,HDFC Bank,69344678842,HDFC1089082
SELL1027,"Johal, Swamy and Boase",johalswamyandboase2823@gmail.com,+91 79668 74235,11-08-2022,LOC0070,2.9,Automotive,Canara Bank,37757385622,CNRB2333366
SELL1028,Chahal Inc,chahalinc@gmail.com,+91 69325 74176,03-06-2022,LOC0024,4.7,Home,Bank of Baroda,5.32647E+11,BARB5821737
SELL1029,Dhingra LLC,dhingrallc247@gmail.com,+91 79123 53350,23-07-2021,LOC0037,4.1,Home,HDFC Bank,9.92855E+12,HDFC7415328
SELL1030,Cherian and Sons,cherianandsons3533@gmail.com,+91 80811 86285,20-03-2025,LOC0032,4.8,Pets,Canara Bank,3239770458,CNRB2095794
SELL1031,Roy-Wason,roy-wason@gmail.com,+91 71030 08944,17-11-2024,LOC0013,2.7,Automotive,HDFC Bank,9.59726E+12,HDFC3946868
SELL1032,Bumb-Mangal,bumb-mangal@gmail.com,+91 60759 48283,15-12-2025,LOC0087,2.2,Groceries,Canara Bank,55073171649,CNRB8798826
SELL1033,Balasubramanian Group,balasubramaniangroup@gmail.com,+91 76098 92619,21-04-2025,LOC0101,2.7,Music & Instruments,ICICI Bank,8.39007E+11,ICIC1473374
SELL1034,Thaman-Konda,thaman-konda6416@gmail.com,+91 75317 79117,14-06-2023,LOC0071,2.4,Groceries,Axis Bank,7.2094E+12,UTIB9577119
SELL1035,Seth and Sons,sethandsons@gmail.com,+91 90875 57761,20-07-2023,LOC0001,4.8,Clothing,HDFC Bank,47622625338,HDFC5396002
SELL1036,"Garde, Shan and Dalal",gardeshananddalal2041@gmail.com,+91 72684 90244,23-05-2023,LOC0099,3.2,Bags & Luggage,IndusInd Bank,7.1682E+11,INDB2416084
SELL1037,Wadhwa PLC,wadhwaplc8709@gmail.com,+91 71366 57139,13-10-2022,LOC0084,4.1,Bags & Luggage,Canara Bank,3.84384E+11,CNRB7497717
SELL1038,"Koshy, Hayre and Sankaran",koshyhayreandsankaran7177@gmail.com,+91 69938 09944,11-06-2024,LOC0060,1.6,Health,Kotak Mahindra Bank,64629183850,KKBK6543240
SELL1039,Kari-Bedi,kari-bedi@gmail.com,+91 93375 49943,12-05-2022,LOC0076,3,Pets,IndusInd Bank,30795131245,INDB9553652
SELL1040,Gill-Saha,gill-saha4143@gmail.com,+91 97683 13347,31-12-2023,LOC0070,2.5,Sports,State Bank of India,5.02065E+11,SBIN4631982
SELL1041,Behl and Sons,behlandsons@gmail.com,+91 85734 16515,13-04-2022,LOC0039,1.3,Stationery,Union Bank of India,65866933345,UBIN1560993
SELL1042,Arora PLC,aroraplc@gmail.com,+91 76126 28815,28-09-2022,LOC0033,3.4,Toys,Canara Bank,1.44156E+11,CNRB5509853
SELL1043,Majumdar-Madan,majumdar-madan@gmail.com,+91 80977 42914,27-02-2024,LOC0022,4.2,Clothing,State Bank of India,5.14673E+11,SBIN6261135
SELL1044,"Konda, Sharaf and Vyas",kondasharafandvyas@gmail.com,+91 98740 12929,01-10-2022,LOC0086,2.8,Books,Kotak Mahindra Bank,9722073250,KKBK9032165
SELL1045,"Kohli, Khosla and Bhandari",kohlikhoslaandbhandari@gmail.com,+91 86797 73165,26-12-2025,LOC0083,4.6,Sports,Bank of Baroda,2346624323,BARB8161442
SELL1046,"Keer, Madan and Sani",keermadanandsani@gmail.com,+91 85130 51558,03-07-2021,LOC0050,2.6,Music & Instruments,Canara Bank,4.69124E+12,CNRB8196758
SELL1047,Bhasin and Sons,bhasinandsons@gmail.com,+91 66034 72008,01-01-2025,LOC0092,4.5,Baby,Canara Bank,40585095324,CNRB7141719
SELL1048,"Hora, Sama and Deol",horasamaanddeol8735@gmail.com,+91 61711 47678,08-11-2023,LOC0054,3,Toys,Axis Bank,2.72753E+12,UTIB5219449
SELL1049,Loke-Chakraborty,loke-chakraborty@gmail.com,+91 85597 20716,10-07-2022,LOC0071,1.7,Automotive,Union Bank of India,35751590833,UBIN7312823
SELL1050,Deep-Mannan,deep-mannan@gmail.com,+91 62052 03753,02-09-2023,LOC0095,3.4,Health,IndusInd Bank,28388522765,INDB7353898
SELL1051,Dave Ltd,daveltd@gmail.com,+91 93410 84668,25-05-2021,LOC0011,2.9,Toys,HDFC Bank,8.79916E+13,HDFC2634607
SELL1052,Chandran-Sani,chandran-sani@gmail.com,+91 73024 00372,06-12-2023,LOC0086,3.1,Jewellery,Axis Bank,5.75068E+11,UTIB4795744
SELL1053,Lala-Soman,lala-soman@gmail.com,+91 98725 24776,05-02-2026,LOC0047,2.3,Baby,IndusInd Bank,5.73079E+12,INDB2244443
SELL1054,"Wable, Ahuja and Edwin",wableahujaandedwin2649@gmail.com,+91 61939 39225,10-05-2024,LOC0111,2.9,Toys,Kotak Mahindra Bank,9.76446E+12,KKBK9697726
SELL1055,Majumdar-Deep,majumdar-deep@gmail.com,+91 70122 96787,16-10-2021,LOC0035,2.3,Beauty,Bank of Baroda,9805667712,BARB2960433
SELL1056,"Joshi, Lad and Keer",joshiladandkeer@gmail.com,+91 78928 30261,12-10-2022,LOC0042,5,Beauty,ICICI Bank,65142721918,ICIC4005779
SELL1057,"Bajaj, Bhasin and Tella",bajajbhasinandtella2076@gmail.com,+91 97810 78757,01-12-2022,LOC0036,2.3,Music & Instruments,ICICI Bank,10370538934,ICIC6558720
SELL1058,"Bhagat, Bal and Ramachandran",bhagatbalandramachandran@gmail.com,+91 97035 25793,29-11-2021,LOC0068,3.1,Toys,Axis Bank,4690006512,UTIB1627168
SELL1059,Bedi-Gill,bedi-gill@gmail.com,+91 60909 82568,03-08-2025,LOC0110,2,Clothing,Kotak Mahindra Bank,2.74672E+13,KKBK1371372
SELL1060,"Mammen, Luthra and Loyal",mammenluthraandloyal@gmail.com,+91 75593 04414,13-02-2025,LOC0041,3.3,Toys,ICICI Bank,1.39438E+11,ICIC4459666
SELL1061,Uppal Ltd,uppalltd@gmail.com,+91 75808 10280,28-08-2023,LOC0093,2.8,Footwear,IndusInd Bank,4.47099E+12,INDB2190945
SELL1062,Rau LLC,raullc1361@gmail.com,+91 91341 27987,16-07-2023,LOC0076,4.8,Stationery,State Bank of India,92680915537,SBIN7786737
SELL1063,"Dutta, Bail and Chaudhuri",duttabailandchaudhuri@gmail.com,+91 85327 34618,05-11-2022,LOC0027,2.4,Toys,IndusInd Bank,6.03368E+11,INDB8952642
SELL1064,Gulati Inc,gulatiinc@gmail.com,+91 67030 07283,05-08-2022,LOC0086,5,Footwear,ICICI Bank,5.98103E+11,ICIC9339076
SELL1065,Chad-Doshi,chad-doshi@gmail.com,+91 66115 48609,27-09-2021,LOC0067,3.3,Toys,Axis Bank,2.70183E+11,UTIB2471036
SELL1066,Gaba LLC,gaballc3177@gmail.com,+91 96340 86872,10-02-2024,LOC0112,4.9,Automotive,Canara Bank,9275400717,CNRB8470344
SELL1067,Anand Inc,anandinc@gmail.com,+91 76642 34487,02-08-2023,LOC0107,1.6,Electronics,ICICI Bank,4.60756E+13,ICIC4613757
SELL1068,Sagar-Chandran,sagar-chandran5987@gmail.com,+91 98927 99032,06-08-2025,LOC0014,2.6,Electronics,HDFC Bank,3.25127E+11,HDFC9488563
SELL1069,Srinivasan-Datta,srinivasan-datta@gmail.com,+91 96702 00941,01-10-2021,LOC0091,4.9,Sports,Canara Bank,5.02467E+12,CNRB7339954
SELL1070,"Kuruvilla, Sarin and Bera",kuruvillasarinandbera@gmail.com,+91 96562 62395,30-05-2023,LOC0031,4,Clothing,HDFC Bank,1743794466,HDFC6139490
SELL1071,Agate LLC,agatellc@gmail.com,+91 90474 22468,07-04-2025,LOC0058,3.1,Pets,Union Bank of India,1.8824E+13,UBIN4831850
SELL1072,"Krishnamurthy, Sood and Deep",krishnamurthysoodanddeep@gmail.com,+91 66003 25666,14-10-2021,LOC0100,2.6,Stationery,Bank of Baroda,4900983536,BARB9825570
SELL1073,Vora-Toor,vora-toor7310@gmail.com,+91 89557 22708,13-11-2024,LOC0087,5,Gaming,IndusInd Bank,75674555466,INDB2948632
SELL1074,"Doctor, Bajaj and Sehgal",doctorbajajandsehgal@gmail.com,+91 76398 35616,07-03-2026,LOC0084,3.3,Beauty,Canara Bank,29742349794,CNRB9531515
SELL1075,"Bora, Sanghvi and Acharya",borasanghviandacharya5338@gmail.com,+91 84747 69078,02-07-2021,LOC0009,2,Pets,Bank of Baroda,2.21314E+12,BARB5069390
SELL1076,Jayaraman-Varughese,jayaraman-varughese3234@gmail.com,+91 67327 66699,12-06-2024,LOC0111,2.2,Groceries,ICICI Bank,3.98734E+13,ICIC7828066
SELL1077,Edwin PLC,edwinplc@gmail.com,+91 61197 65727,04-07-2023,LOC0068,2.3,Bags & Luggage,Punjab National Bank,11024539368,PUNB9711977
SELL1078,Thakkar-Keer,thakkar-keer@gmail.com,+91 90182 71424,20-08-2021,LOC0091,1.5,Pets,IndusInd Bank,34916960255,INDB8579910
SELL1079,Thaman PLC,thamanplc3334@gmail.com,+91 87319 72487,10-11-2021,LOC0054,3.7,Home,IndusInd Bank,1.79417E+11,INDB7404996
SELL1080,Iyengar Inc,iyengarinc2528@gmail.com,+91 78263 70366,09-09-2024,LOC0034,2.9,Beauty,Union Bank of India,87089649438,UBIN9433040
SELL1081,"Dutta, Bakshi and Sarna",duttabakshiandsarna@gmail.com,+91 69017 06455,28-05-2023,LOC0006,4.5,Beauty,Axis Bank,7.9521E+12,UTIB8651484
SELL1082,Seshadri Group,seshadrigroup@gmail.com,+91 79883 40916,02-05-2023,LOC0083,3.3,Toys,IndusInd Bank,1.6566E+11,INDB7128688
SELL1083,Buch Group,buchgroup@gmail.com,+91 92390 98217,04-11-2024,LOC0107,4,Music & Instruments,ICICI Bank,4.69808E+12,ICIC2659137
SELL1084,Mand Group,mandgroup@gmail.com,+91 88189 19896,17-05-2024,LOC0016,1.7,Health,Punjab National Bank,6936367069,PUNB4998199
SELL1085,"Chowdhury, Rana and Ramachandran",chowdhuryranaandramachandran8994@gmail.com,+91 95314 14570,22-10-2024,LOC0032,4,Gaming,State Bank of India,2.93459E+11,SBIN3353385
SELL1086,Thakkar-Hegde,thakkar-hegde@gmail.com,+91 81666 96644,18-03-2023,LOC0039,4.6,Electronics,State Bank of India,6.26896E+11,SBIN8987394
SELL1087,Bansal Ltd,bansalltd@gmail.com,+91 62876 95915,10-12-2024,LOC0003,4.1,Bags & Luggage,State Bank of India,8.50555E+13,SBIN6411096
SELL1088,"Kalla, Kanda and Bhalla",kallakandaandbhalla@gmail.com,+91 85607 73863,23-08-2023,LOC0108,3.9,Home,Kotak Mahindra Bank,9.10325E+12,KKBK1758435
SELL1089,Arya PLC,aryaplc3109@gmail.com,+91 68874 80905,03-03-2024,LOC0031,4,Baby,Canara Bank,5303967964,CNRB9911737
SELL1090,Swamy Inc,swamyinc3308@gmail.com,+91 69803 95215,11-06-2025,LOC0049,4.3,Music & Instruments,Canara Bank,8.49643E+11,CNRB9580889
SELL1091,Dora and Sons,doraandsons@gmail.com,+91 93964 18289,02-07-2022,LOC0020,1.9,Pets,Punjab National Bank,7.96841E+11,PUNB9279679
SELL1092,Sunder Group,sundergroup9992@gmail.com,+91 93821 43060,15-01-2025,LOC0018,4.4,Automotive,Canara Bank,9.70098E+12,CNRB1757330
SELL1093,Bali and Sons,baliandsons@gmail.com,+91 92643 46922,17-11-2023,LOC0012,3.3,Stationery,Canara Bank,7.83837E+13,CNRB3602545
SELL1094,"Dara, Buch and Divan",darabuchanddivan2136@gmail.com,+91 94001 17944,10-11-2023,LOC0003,2,Books,IndusInd Bank,6.99223E+13,INDB3498429
SELL1095,Kaul PLC,kaulplc2773@gmail.com,+91 63395 19652,28-06-2023,LOC0109,3.6,Baby,Kotak Mahindra Bank,4.41491E+13,KKBK3920481
SELL1096,"Bhattacharyya, Kota and Tara",bhattacharyyakotaandtara@gmail.com,+91 75722 04964,16-05-2024,LOC0083,2.1,Bags & Luggage,Bank of Baroda,95747475478,BARB2472171
SELL1097,Bose-Master,bose-master@gmail.com,+91 96750 45346,20-10-2021,LOC0051,1.6,Footwear,Union Bank of India,6.66823E+13,UBIN7892509
SELL1098,Salvi-Saraf,salvi-saraf8240@gmail.com,+91 86406 19128,10-07-2023,LOC0043,2.3,Baby,Axis Bank,55160248093,UTIB3569646
SELL1099,"Balakrishnan, Vohra and Dua",balakrishnanvohraanddua9076@gmail.com,+91 97908 29095,31-03-2023,LOC0072,1.9,Sports,HDFC Bank,13849985777,HDFC1114382
SELL1100,Sule Ltd,suleltd@gmail.com,+91 90565 12075,15-04-2025,LOC0032,4,Bags & Luggage,Kotak Mahindra Bank,90539492816,KKBK6928566
SELL1101,Wadhwa Group,wadhwagroup9179@gmail.com,+91 73041 79302,28-09-2021,LOC0006,2.7,Health,Union Bank of India,7045946244,UBIN8575769
SELL1102,Wali Group,waligroup3901@gmail.com,+91 63495 07039,30-04-2023,LOC0042,4.3,Home,Punjab National Bank,8.90201E+13,PUNB1398596
SELL1103,Biswas-Kibe,biswas-kibe@gmail.com,+91 90457 15001,08-04-2024,LOC0050,1.4,Beauty,State Bank of India,3.02599E+11,SBIN2298525
SELL1104,"Shankar, Ganguly and Bansal",shankargangulyandbansal@gmail.com,+91 67218 10897,11-01-2024,LOC0038,1.7,Baby,Bank of Baroda,5.39456E+11,BARB6335965
SELL1105,Goyal and Sons,goyalandsons5882@gmail.com,+91 66672 60652,07-08-2025,LOC0029,2,Music & Instruments,Canara Bank,5.63759E+12,CNRB3083456
SELL1106,Jha-Sanghvi,jha-sanghvi@gmail.com,+91 90176 03966,18-02-2024,LOC0015,1.3,Groceries,State Bank of India,3.74665E+11,SBIN9475602
SELL1107,"Bhagat, Kalita and Dutt",bhagatkalitaanddutt3126@gmail.com,+91 64394 97385,24-02-2023,LOC0106,1.5,Bags & Luggage,ICICI Bank,4.72628E+12,ICIC8660204
SELL1108,"Loke, Sabharwal and Doctor",lokesabharwalanddoctor4928@gmail.com,+91 80112 07972,19-02-2025,LOC0104,3.4,Music & Instruments,Canara Bank,9.4806E+11,CNRB4351431
SELL1109,Dhawan-Shroff,dhawan-shroff@gmail.com,+91 76940 86557,15-03-2026,LOC0076,2.6,Office Supplies,Axis Bank,6.08988E+12,UTIB2317427
SELL1110,Dani and Sons,daniandsons@gmail.com,+91 89707 41331,23-01-2025,LOC0073,2.3,Health,Bank of Baroda,5.43666E+11,BARB5203708
SELL1111,"Bava, Vaidya and Vora",bavavaidyaandvora890@gmail.com,+91 66051 28455,22-06-2021,LOC0027,4.5,Music & Instruments,HDFC Bank,98513684675,HDFC2461027
SELL1112,Yohannan-Kumer,yohannan-kumer@gmail.com,+91 98000 21422,10-01-2026,LOC0090,3.3,Clothing,Canara Bank,63537209292,CNRB7586556
SELL1113,"Hari, Zacharia and Chadha",harizachariaandchadha2388@gmail.com,+91 64885 03381,08-01-2022,LOC0079,2.2,Health,Kotak Mahindra Bank,4.71894E+12,KKBK8549784
SELL1114,"Shenoy, Dhillon and Ramesh",shenoydhillonandramesh@gmail.com,+91 72317 42267,10-10-2021,LOC0045,4.6,Clothing,Canara Bank,5412259805,CNRB8259159
SELL1115,Joshi PLC,joshiplc@gmail.com,+91 69550 70319,08-10-2025,LOC0005,2.6,Footwear,Bank of Baroda,1.21498E+12,BARB9810269
SELL1116,"Thaman, Chad and Madan",thamanchadandmadan@gmail.com,+91 62784 13499,25-04-2022,LOC0037,2.8,Clothing,Punjab National Bank,4.21324E+12,PUNB7651672
SELL1117,Sarin Ltd,sarinltd@gmail.com,+91 85746 55261,28-09-2024,LOC0040,1.7,Bags & Luggage,Kotak Mahindra Bank,56419361014,KKBK6695249
SELL1118,Barad PLC,baradplc5857@gmail.com,+91 86755 85638,20-04-2023,LOC0034,3.6,Jewellery,HDFC Bank,5.18795E+12,HDFC2751179
SELL1119,"Krishnamurthy, Dada and Kant",krishnamurthydadaandkant2937@gmail.com,+91 73406 34112,05-12-2021,LOC0095,4.6,Pets,Canara Bank,95700992195,CNRB8890787
SELL1120,Karan-Chand,karan-chand@gmail.com,+91 72727 70580,01-04-2026,LOC0006,1.8,Bags & Luggage,HDFC Bank,2.73795E+11,HDFC8591357
SELL1121,"Balakrishnan, Raj and Sankaran",balakrishnanrajandsankaran@gmail.com,+91 97274 29774,02-11-2022,LOC0005,2.8,Baby,Union Bank of India,2.54288E+13,UBIN4778248
SELL1122,Thakur PLC,thakurplc@gmail.com,+91 61003 17128,17-04-2025,LOC0097,4.8,Books,State Bank of India,5.7348E+12,SBIN8877600
SELL1123,Gopal Ltd,gopalltd399@gmail.com,+91 99009 21988,22-08-2024,LOC0048,4.4,Pets,Canara Bank,8.03045E+13,CNRB3615233
SELL1124,"Mann, Deo and Kant",manndeoandkant@gmail.com,+91 73493 58113,16-05-2023,LOC0007,2.3,Beauty,ICICI Bank,40065451564,ICIC5704454
SELL1125,Bhat-Tella,bhat-tella5426@gmail.com,+91 96151 71085,05-11-2024,LOC0006,4.5,Beauty,Canara Bank,4.10702E+13,CNRB6273848
SELL1126,Rajagopalan Group,rajagopalangroup@gmail.com,+91 79822 86895,02-08-2024,LOC0063,3.1,Bags & Luggage,Union Bank of India,425601628,UBIN3710622
SELL1127,"Thaman, Sastry and Vala",thamansastryandvala@gmail.com,+91 84612 25489,18-10-2021,LOC0048,1.1,Office Supplies,ICICI Bank,57283590627,ICIC1005877
SELL1128,Chakraborty Group,chakrabortygroup@gmail.com,+91 99509 75079,09-07-2023,LOC0016,1.8,Baby,HDFC Bank,7.15281E+13,HDFC5321913
SELL1129,Kohli Inc,kohliinc@gmail.com,+91 87796 39997,28-07-2021,LOC0104,3.7,Jewellery,Punjab National Bank,3.66237E+13,PUNB2443071
SELL1130,Lad-Balasubramanian,lad-balasubramanian2143@gmail.com,+91 60688 49071,16-07-2024,LOC0106,4.3,Health,Kotak Mahindra Bank,2533768545,KKBK6084864
SELL1131,Jaggi-Raman,jaggi-raman@gmail.com,+91 90352 84704,15-05-2024,LOC0106,3,Stationery,Kotak Mahindra Bank,8.30617E+12,KKBK9767648
SELL1132,"Sinha, Chandran and Tailor",sinhachandranandtailor@gmail.com,+91 92012 76917,06-08-2023,LOC0081,2.7,Stationery,Union Bank of India,2.72352E+11,UBIN5114587
SELL1133,Dara Ltd,daraltd2001@gmail.com,+91 79864 29253,25-02-2026,LOC0085,3,Gaming,Canara Bank,2.96663E+12,CNRB5416578
SELL1134,Malhotra PLC,malhotraplc201@gmail.com,+91 96864 68997,28-08-2021,LOC0098,1.1,Bags & Luggage,Canara Bank,54348562529,CNRB5806595
SELL1135,Kant Group,kantgroup6896@gmail.com,+91 62118 82377,22-07-2025,LOC0078,2.9,Pets,Kotak Mahindra Bank,77042990768,KKBK8481899
SELL1136,Chana and Sons,chanaandsons@gmail.com,+91 97251 92036,21-05-2022,LOC0109,4.3,Music & Instruments,Union Bank of India,3118464048,UBIN1867832
SELL1137,Basu-Das,basu-das@gmail.com,+91 68578 06441,22-10-2021,LOC0067,4,Electronics,Axis Bank,2868962322,UTIB8328010
SELL1138,Mahal Ltd,mahalltd@gmail.com,+91 90086 77726,24-05-2023,LOC0063,4.1,Baby,Kotak Mahindra Bank,8.45133E+12,KKBK3466980
SELL1139,"Srinivas, Lall and Keer",srinivaslallandkeer@gmail.com,+91 78737 69473,02-07-2025,LOC0113,1.5,Baby,HDFC Bank,94666379435,HDFC1179276
SELL1140,Cherian Inc,cherianinc@gmail.com,+91 92134 24510,18-04-2022,LOC0082,4.6,Baby,State Bank of India,5.45848E+11,SBIN6723210
SELL1141,Keer-Bhatt,keer-bhatt@gmail.com,+91 97633 69736,16-03-2026,LOC0034,4.3,Beauty,IndusInd Bank,7.69239E+13,INDB2164625
SELL1142,"Bobal, Tripathi and Bandi",bobaltripathiandbandi5841@gmail.com,+91 82375 71353,24-12-2021,LOC0092,2,Home,IndusInd Bank,6.56938E+13,INDB9571105
SELL1143,"Chad, Sama and Kari",chadsamaandkari864@gmail.com,+91 73195 20544,23-04-2025,LOC0082,4.6,Gaming,Kotak Mahindra Bank,9.06012E+12,KKBK8101867
SELL1144,Behl Group,behlgroup@gmail.com,+91 89434 81158,23-04-2025,LOC0012,2.6,Clothing,Kotak Mahindra Bank,49812729834,KKBK3370571
SELL1145,Ramakrishnan-Bahl,ramakrishnan-bahl@gmail.com,+91 95292 50890,25-09-2024,LOC0023,3.5,Home,HDFC Bank,50658083234,HDFC9523261
SELL1146,Walia PLC,waliaplc@gmail.com,+91 70557 69227,28-11-2023,LOC0016,4.6,Groceries,IndusInd Bank,96146914084,INDB3884751
SELL1147,Venkataraman-Kata,venkataraman-kata4699@gmail.com,+91 86161 59811,11-11-2021,LOC0013,1.7,Bags & Luggage,State Bank of India,7560923777,SBIN9830815
SELL1148,Bal-Bora,bal-bora3759@gmail.com,+91 98688 48767,06-09-2025,LOC0039,3.4,Clothing,Canara Bank,33753148124,CNRB4367309
SELL1149,"Shankar, Gera and Gupta",shankargeraandgupta7480@gmail.com,+91 95118 43572,08-08-2023,LOC0091,3.1,Gaming,State Bank of India,8.21879E+12,SBIN4708993
SELL1150,Lad-Chand,lad-chand8425@gmail.com,+91 70708 55424,29-09-2022,LOC0049,2.4,Automotive,HDFC Bank,6.76737E+11,HDFC2652632
SELL1151,Manne LLC,mannellc@gmail.com,+91 86243 34179,07-07-2025,LOC0045,3.9,Office Supplies,Punjab National Bank,369095704,PUNB5970569
SELL1152,Sanghvi Inc,sanghviinc2195@gmail.com,+91 64539 28019,04-05-2024,LOC0057,1.9,Beauty,Canara Bank,7.48267E+13,CNRB3406134
SELL1153,Sathe LLC,sathellc@gmail.com,+91 64106 87416,31-10-2025,LOC0022,3.3,Toys,Canara Bank,8.99543E+11,CNRB7513047
SELL1154,Bali-Kala,bali-kala@gmail.com,+91 90151 58708,22-11-2021,LOC0027,2.6,Health,Bank of Baroda,8.93206E+11,BARB9372905
SELL1155,Mall-Ramachandran,mall-ramachandran@gmail.com,+91 68769 00678,25-06-2025,LOC0035,1.5,Toys,Bank of Baroda,4.87349E+12,BARB4868670
SELL1156,Chacko-Bose,chacko-bose@gmail.com,+91 66909 87415,30-04-2022,LOC0071,1.5,Jewellery,ICICI Bank,2.76464E+12,ICIC1096211
SELL1157,"Johal, Ganguly and De",johalgangulyandde@gmail.com,+91 62150 94868,15-03-2025,LOC0091,2.1,Books,Union Bank of India,96759785019,UBIN9686107
SELL1158,"Khare, Kala and Choudhry",kharekalaandchoudhry@gmail.com,+91 76185 04205,01-07-2022,LOC0027,2.6,Automotive,ICICI Bank,4.43551E+11,ICIC9724667
SELL1159,Bhatia Group,bhatiagroup@gmail.com,+91 88319 02477,10-11-2021,LOC0031,4.5,Music & Instruments,State Bank of India,2.67803E+11,SBIN3892012
SELL1160,Chowdhury-Basak,chowdhury-basak@gmail.com,+91 98400 94684,23-06-2024,LOC0013,3.9,Clothing,Bank of Baroda,85399300773,BARB1165924
SELL1161,Kothari-Agate,kothari-agate@gmail.com,+91 60349 99335,15-11-2021,LOC0096,3.7,Groceries,ICICI Bank,9.9189E+12,ICIC6599438
SELL1162,Talwar-Cherian,talwar-cherian3434@gmail.com,+91 79080 23099,02-09-2022,LOC0091,4,Stationery,Canara Bank,5.58972E+11,CNRB3843509
SELL1163,Mand-Sami,mand-sami@gmail.com,+91 72796 36891,09-02-2023,LOC0051,1.6,Office Supplies,Canara Bank,3.94628E+11,CNRB3180817
SELL1164,Chaudhry-Chopra,chaudhry-chopra@gmail.com,+91 80351 47071,08-09-2021,LOC0083,3.4,Beauty,IndusInd Bank,95769737716,INDB1044716
SELL1165,Lalla LLC,lallallc8057@gmail.com,+91 67126 74131,04-02-2025,LOC0011,1.6,Toys,ICICI Bank,7.54252E+13,ICIC5725592
SELL1166,"Sampath, Warrior and Koshy",sampathwarriorandkoshy6353@gmail.com,+91 99820 35985,10-09-2023,LOC0069,4.9,Baby,Bank of Baroda,5.06688E+11,BARB1531050
SELL1167,"Sachar, Mand and Singhal",sacharmandandsinghal@gmail.com,+91 71666 51114,20-02-2023,LOC0035,2.6,Health,HDFC Bank,8.31003E+12,HDFC9853475
SELL1168,Tiwari-Vasa,tiwari-vasa@gmail.com,+91 62658 22667,18-10-2025,LOC0044,4.2,Sports,Kotak Mahindra Bank,70784356040,KKBK6911574
SELL1169,Dyal LLC,dyalllc1307@gmail.com,+91 62304 38506,08-08-2022,LOC0100,1.3,Automotive,Union Bank of India,3470455169,UBIN8169956
SELL1170,Swaminathan-Shukla,swaminathan-shukla7593@gmail.com,+91 75227 13425,25-09-2022,LOC0095,4.5,Stationery,IndusInd Bank,3.72566E+12,INDB4635440
SELL1171,Chandra PLC,chandraplc@gmail.com,+91 99768 83553,07-06-2024,LOC0065,4.2,Groceries,Canara Bank,5.18914E+11,CNRB3898159
SELL1172,Viswanathan LLC,viswanathanllc2125@gmail.com,+91 66481 49387,20-02-2024,LOC0090,3.4,Gaming,State Bank of India,8055047940,SBIN9414554
SELL1173,Banerjee-Dhar,banerjee-dhar@gmail.com,+91 78548 57041,17-10-2024,LOC0112,3.3,Gaming,Punjab National Bank,6.51157E+12,PUNB9210155
SELL1174,Deol-Setty,deol-setty@gmail.com,+91 60378 35816,09-11-2025,LOC0056,2.8,Automotive,Bank of Baroda,6640863241,BARB9536458
SELL1175,"Majumdar, Rana and Gaba",majumdarranaandgaba4517@gmail.com,+91 97657 14982,07-11-2023,LOC0060,1.9,Books,Canara Bank,1.93338E+12,CNRB8686616
SELL1176,"Dey, Sani and Thakur",deysaniandthakur3375@gmail.com,+91 78806 49953,27-06-2025,LOC0021,1.8,Gaming,Canara Bank,7.81514E+12,CNRB7221049
SELL1177,Divan-Sachdev,divan-sachdev@gmail.com,+91 82873 90456,13-04-2023,LOC0023,2.3,Bags & Luggage,IndusInd Bank,1.17971E+13,INDB8742707
SELL1178,"Jani, Bhalla and Comar",janibhallaandcomar@gmail.com,+91 85456 46081,22-09-2025,LOC0064,3.2,Health,IndusInd Bank,4.76389E+11,INDB4523338
SELL1179,Arora and Sons,aroraandsons@gmail.com,+91 68807 57057,01-12-2024,LOC0063,2.7,Bags & Luggage,Axis Bank,1.10372E+11,UTIB3325905
SELL1180,Deo Group,deogroup5957@gmail.com,+91 88631 21393,25-05-2022,LOC0041,3.9,Jewellery,Canara Bank,8615855295,CNRB2330347
SELL1181,Mannan-Chatterjee,mannan-chatterjee4317@gmail.com,+91 73438 60515,15-10-2024,LOC0080,2.5,Jewellery,HDFC Bank,6.9388E+13,HDFC8130743
SELL1182,Chaudhuri-Subramaniam,chaudhuri-subramaniam1785@gmail.com,+91 68801 52004,05-08-2021,LOC0094,3.2,Books,IndusInd Bank,3.08605E+12,INDB3428950
SELL1183,"Sabharwal, Deol and Samra",sabharwaldeolandsamra@gmail.com,+91 95596 34941,03-08-2023,LOC0060,2.5,Clothing,Canara Bank,15241367910,CNRB5112850
SELL1184,Lad-Mangat,lad-mangat@gmail.com,+91 70179 53324,25-06-2022,LOC0033,2.7,Music & Instruments,HDFC Bank,41834654481,HDFC4219486
SELL1185,Ranganathan-Mallick,ranganathan-mallick@gmail.com,+91 60210 84363,29-07-2022,LOC0038,3.9,Home,Union Bank of India,7.02309E+13,UBIN2511557
SELL1186,"Sunder, Kaul and Ghose",sunderkaulandghose7954@gmail.com,+91 80340 83013,09-11-2025,LOC0076,3.6,Health,Bank of Baroda,2.52726E+11,BARB7666043
SELL1187,Lal-Grewal,lal-grewal@gmail.com,+91 88219 79344,21-03-2026,LOC0031,4.5,Pets,Axis Bank,3.22831E+13,UTIB4698439
SELL1188,Singhal-Wagle,singhal-wagle@gmail.com,+91 76423 52833,27-05-2024,LOC0058,4,Home,IndusInd Bank,6.52982E+11,INDB6007856
SELL1189,Dube Group,dubegroup@gmail.com,+91 78155 33768,28-11-2021,LOC0012,1.2,Bags & Luggage,HDFC Bank,5565313183,HDFC3266356
SELL1190,Solanki Group,solankigroup@gmail.com,+91 61143 99053,28-02-2025,LOC0082,4.8,Pets,Kotak Mahindra Bank,1.0416E+13,KKBK1526498
SELL1191,"Chowdhury, Barad and Maharaj",chowdhurybaradandmaharaj5439@gmail.com,+91 78040 79975,09-06-2021,LOC0012,4.5,Beauty,Punjab National Bank,7830537566,PUNB5950008
SELL1192,Deo Inc,deoinc5071@gmail.com,+91 69354 86317,24-04-2023,LOC0003,2.1,Groceries,ICICI Bank,5.84366E+13,ICIC7955360
SELL1193,Saxena-Chada,saxena-chada5233@gmail.com,+91 92132 31990,09-11-2022,LOC0085,4.9,Books,Kotak Mahindra Bank,5.77764E+12,KKBK6471110
SELL1194,Vig-Barman,vig-barman@gmail.com,+91 67822 25782,08-11-2025,LOC0051,2.1,Books,Axis Bank,8.94715E+11,UTIB4670587
SELL1195,"Dutta, Sunder and Dara",duttasunderanddara769@gmail.com,+91 60421 70201,06-05-2023,LOC0036,3.1,Pets,Kotak Mahindra Bank,8263341467,KKBK9209416
SELL1196,"Varughese, Tata and Loyal",varughesetataandloyal@gmail.com,+91 90160 38175,09-12-2025,LOC0026,2.1,Automotive,HDFC Bank,1.39669E+13,HDFC3490288
SELL1197,Sem and Sons,semandsons7332@gmail.com,+91 76042 84866,17-09-2021,LOC0067,2.2,Health,IndusInd Bank,53493234870,INDB2190356
SELL1198,Bhatt Group,bhattgroup1936@gmail.com,+91 84267 89599,05-08-2025,LOC0038,4.7,Sports,IndusInd Bank,1.24101E+13,INDB5929673
SELL1199,"Ganguly, Master and Walia",gangulymasterandwalia5705@gmail.com,+91 66041 53396,16-11-2021,LOC0036,1.8,Pets,Canara Bank,4.01224E+13,CNRB6490437
SELL1200,Dass-Sanghvi,dass-sanghvi8076@gmail.com,+91 97581 24683,22-12-2023,LOC0010,2.9,Baby,Axis Bank,6.30407E+12,UTIB4705661
SELL1201,"Dasgupta, Doctor and Golla",dasguptadoctorandgolla@gmail.com,+91 69593 78150,13-02-2022,LOC0097,3.7,Home,ICICI Bank,4920738043,ICIC1299280
SELL1202,Tripathi Group,tripathigroup@gmail.com,+91 76682 71586,12-01-2022,LOC0043,4.7,Clothing,ICICI Bank,2.35724E+12,ICIC2251902
SELL1203,Arora-Bawa,arora-bawa@gmail.com,+91 93553 53801,18-02-2022,LOC0012,4.9,Stationery,Axis Bank,7259288394,UTIB2201490
SELL1204,Chhabra-Vala,chhabra-vala@gmail.com,+91 68383 00830,21-06-2024,LOC0010,2.3,Footwear,Axis Bank,2731706962,UTIB5674378
SELL1205,"Dar, Swaminathan and Mand",darswaminathanandmand9565@gmail.com,+91 75763 09838,26-11-2023,LOC0087,1.4,Sports,Kotak Mahindra Bank,4316153371,KKBK7387690
SELL1206,"Mand, Sane and Kumar",mandsaneandkumar9608@gmail.com,+91 70354 56099,09-11-2022,LOC0028,3,Toys,IndusInd Bank,1.2054E+13,INDB9680903
SELL1207,"Boase, Master and Chandran",boasemasterandchandran2572@gmail.com,+91 96339 27926,07-11-2023,LOC0043,2,Toys,HDFC Bank,25059806033,HDFC4212879
SELL1208,Bobal-Chahal,bobal-chahal@gmail.com,+91 87040 54748,19-08-2023,LOC0073,3.5,Health,Union Bank of India,2.46885E+11,UBIN2203426
SELL1209,Chaudhary-Barman,chaudhary-barman7652@gmail.com,+91 71274 83444,26-10-2025,LOC0003,4.3,Stationery,ICICI Bank,1.29855E+12,ICIC6370288
SELL1210,Raj Group,rajgroup7885@gmail.com,+91 80915 55666,18-06-2021,LOC0082,4.9,Jewellery,IndusInd Bank,4.97793E+13,INDB8081564
SELL1211,"Tank, Bhattacharyya and Taneja",tankbhattacharyyaandtaneja9311@gmail.com,+91 81124 49148,05-02-2025,LOC0090,1.5,Clothing,Bank of Baroda,6.53842E+12,BARB8958377
SELL1212,"Khosla, Gola and Varkey",khoslagolaandvarkey@gmail.com,+91 84316 53409,17-07-2024,LOC0034,4.8,Clothing,IndusInd Bank,2.95905E+12,INDB9941352
SELL1213,"Sharaf, Dubey and Agrawal",sharafdubeyandagrawal@gmail.com,+91 90952 60315,15-11-2022,LOC0098,3.8,Baby,Canara Bank,9.92624E+11,CNRB9006495
SELL1214,"Bava, Borah and Tak",bavaborahandtak@gmail.com,+91 95064 62478,02-09-2022,LOC0042,1.9,Gaming,ICICI Bank,2.70841E+11,ICIC3419470
SELL1215,Chand-Aggarwal,chand-aggarwal@gmail.com,+91 71098 33486,01-08-2022,LOC0072,3.6,Stationery,IndusInd Bank,5858687094,INDB5400424
SELL1216,"Gupta, Golla and Shah",guptagollaandshah5749@gmail.com,+91 90227 29045,08-04-2023,LOC0003,1.5,Groceries,State Bank of India,4.45021E+11,SBIN7953612
SELL1217,Wason-Sankar,wason-sankar@gmail.com,+91 98957 71512,11-01-2026,LOC0009,3.2,Beauty,Union Bank of India,15848003927,UBIN1276595
SELL1218,Char LLC,charllc@gmail.com,+91 75464 80600,10-10-2022,LOC0075,4.9,Electronics,Bank of Baroda,73349752640,BARB2311050
SELL1219,"Mani, Sane and Srinivas",manisaneandsrinivas9994@gmail.com,+91 80558 43979,12-10-2025,LOC0014,3.7,Clothing,State Bank of India,6586706903,SBIN6106503
SELL1220,Sehgal-Dhar,sehgal-dhar1567@gmail.com,+91 61827 94493,19-03-2022,LOC0010,4.6,Books,Union Bank of India,4172739208,UBIN6128375
SELL1221,Dave-Chaudhary,dave-chaudhary@gmail.com,+91 82039 51346,30-07-2023,LOC0097,1.4,Home,Axis Bank,9.59121E+13,UTIB7673994
SELL1222,Sama-Sheth,sama-sheth@gmail.com,+91 83749 46821,02-04-2022,LOC0016,4.8,Baby,IndusInd Bank,1.74287E+13,INDB7267136
SELL1223,"Chand, Kamdar and Viswanathan",chandkamdarandviswanathan@gmail.com,+91 86110 33432,09-03-2022,LOC0038,2,Home,Kotak Mahindra Bank,4.09211E+11,KKBK8868593
SELL1224,Uppal PLC,uppalplc@gmail.com,+91 60626 77157,22-12-2025,LOC0028,4.8,Jewellery,IndusInd Bank,1.65597E+12,INDB9326181
SELL1225,Samra Inc,samrainc@gmail.com,+91 93732 52983,24-01-2023,LOC0020,3,Sports,Axis Bank,31399180428,UTIB6613033
SELL1226,"Dhawan, Andra and Keer",dhawanandraandkeer@gmail.com,+91 89348 51992,07-03-2024,LOC0083,2,Bags & Luggage,IndusInd Bank,8762702388,INDB2841990
SELL1227,Chaudhari-Cherian,chaudhari-cherian@gmail.com,+91 69387 77559,01-10-2023,LOC0031,2.8,Jewellery,Punjab National Bank,7845512985,PUNB1262083
SELL1228,"Issac, Sidhu and Mall",issacsidhuandmall9525@gmail.com,+91 78401 52302,02-02-2026,LOC0011,4.4,Music & Instruments,Bank of Baroda,86130412379,BARB5774139
SELL1229,"Dube, Gaba and Subramaniam",dubegabaandsubramaniam8129@gmail.com,+91 72212 40727,21-01-2024,LOC0042,4.5,Jewellery,Axis Bank,87410764328,UTIB9312180
SELL1230,"Khatri, Ahluwalia and Choudhry",khatriahluwaliaandchoudhry@gmail.com,+91 66314 14127,11-04-2025,LOC0104,4,Bags & Luggage,Axis Bank,7.32653E+13,UTIB5564849
SELL1231,"Dixit, Vyas and Tank",dixitvyasandtank@gmail.com,+91 81825 23491,29-07-2024,LOC0024,2.2,Baby,State Bank of India,883482724,SBIN3132270
SELL1232,Bains-Shan,bains-shan8566@gmail.com,+91 60665 82918,07-09-2022,LOC0060,3.1,Stationery,Canara Bank,2.11048E+12,CNRB3201808
SELL1233,Tripathi Group,tripathigroup3898@gmail.com,+91 93920 20634,05-12-2021,LOC0052,2.1,Electronics,Axis Bank,6.1045E+11,UTIB4434140
SELL1234,"Devi, Vohra and Doctor",devivohraanddoctor5904@gmail.com,+91 69155 75927,17-11-2021,LOC0023,4,Home,Axis Bank,2.68584E+12,UTIB4954080
SELL1235,Ramanathan Inc,ramanathaninc7999@gmail.com,+91 80988 95910,27-02-2024,LOC0024,2.8,Pets,Canara Bank,4.25873E+11,CNRB7287653
SELL1236,"Virk, Golla and Balan",virkgollaandbalan937@gmail.com,+91 71094 86656,16-02-2026,LOC0085,3,Jewellery,Kotak Mahindra Bank,34949200609,KKBK4450267
SELL1237,"Toor, Sharma and Shetty",toorsharmaandshetty4008@gmail.com,+91 81510 53261,11-12-2022,LOC0076,4.8,Books,Kotak Mahindra Bank,3.24471E+11,KKBK3783351
SELL1238,Kibe Inc,kibeinc1209@gmail.com,+91 77425 24734,16-08-2022,LOC0009,3.8,Sports,Punjab National Bank,17614738627,PUNB7160683
SELL1239,Sarkar Inc,sarkarinc@gmail.com,+91 63326 44339,06-11-2023,LOC0051,1,Health,Axis Bank,12847959565,UTIB5061423
SELL1240,Sibal Inc,sibalinc5648@gmail.com,+91 74153 05700,13-04-2021,LOC0072,1.6,Stationery,State Bank of India,4728704845,SBIN6047737
SELL1241,"Kakar, Gokhale and Krishnan",kakargokhaleandkrishnan2289@gmail.com,+91 87502 16588,17-02-2024,LOC0109,2.8,Stationery,Union Bank of India,3987160754,UBIN7431232
SELL1242,Sarraf-Dada,sarraf-dada3@gmail.com,+91 63865 09862,23-09-2022,LOC0039,2.9,Groceries,IndusInd Bank,7.36996E+11,INDB6586856
SELL1243,Sachdeva-Sinha,sachdeva-sinha6325@gmail.com,+91 78851 03032,11-09-2025,LOC0100,4.6,Bags & Luggage,IndusInd Bank,4874944902,INDB4133338
SELL1244,Gopal-Koshy,gopal-koshy@gmail.com,+91 61932 27672,12-10-2023,LOC0062,2.3,Stationery,Kotak Mahindra Bank,1.00124E+12,KKBK9619940
SELL1245,"Sengupta, Deshmukh and Sami",senguptadeshmukhandsami@gmail.com,+91 77452 12759,10-02-2022,LOC0036,4.5,Footwear,IndusInd Bank,9934729022,INDB5842207
SELL1246,Arya-Venkataraman,arya-venkataraman@gmail.com,+91 83293 74200,01-11-2025,LOC0078,1.4,Books,Canara Bank,2.80552E+11,CNRB4193268
SELL1247,Dada LLC,dadallc465@gmail.com,+91 94383 26436,27-11-2023,LOC0085,2.5,Footwear,Kotak Mahindra Bank,3.15435E+11,KKBK7517861
SELL1248,"Singhal, Bala and Ratta",singhalbalaandratta3763@gmail.com,+91 82776 86307,17-02-2022,LOC0069,4.4,Stationery,Union Bank of India,1317059814,UBIN8966388
SELL1249,Keer Inc,keerinc@gmail.com,+91 90040 78815,18-10-2023,LOC0019,4.6,Footwear,Bank of Baroda,30499753835,BARB5386893
SELL1250,Dada and Sons,dadaandsons@gmail.com,+91 72640 65897,07-02-2023,LOC0068,3,Books,State Bank of India,1.88228E+11,SBIN1123665
SELL1251,Mand-Dutt,mand-dutt@gmail.com,+91 61155 99393,16-12-2025,LOC0088,3.1,Clothing,Kotak Mahindra Bank,1.56174E+12,KKBK6024170
SELL1252,Tak PLC,takplc1981@gmail.com,+91 78705 70427,01-04-2023,LOC0042,3.9,Office Supplies,State Bank of India,5396224178,SBIN8847083
SELL1253,"Sunder, Bir and Kala",sunderbirandkala@gmail.com,+91 95855 43701,01-09-2022,LOC0089,2.2,Office Supplies,Union Bank of India,32919861558,UBIN1800939
SELL1254,"Bhatnagar, Shenoy and Batta",bhatnagarshenoyandbatta@gmail.com,+91 65839 03912,25-04-2022,LOC0059,3,Office Supplies,HDFC Bank,55952583645,HDFC4498912
SELL1255,Sachdeva Inc,sachdevainc3278@gmail.com,+91 68616 56789,12-09-2022,LOC0023,3.7,Books,Kotak Mahindra Bank,5.43518E+13,KKBK1240696
SELL1256,"Rout, Dave and Tara",routdaveandtara@gmail.com,+91 90007 82621,19-01-2024,LOC0089,4.6,Music & Instruments,Kotak Mahindra Bank,3.16296E+11,KKBK3455805
SELL1257,"Varughese, Malhotra and Guha",varughesemalhotraandguha@gmail.com,+91 99477 03064,16-07-2025,LOC0094,3.1,Jewellery,Kotak Mahindra Bank,5.62555E+12,KKBK5699688
SELL1258,Dash Ltd,dashltd2869@gmail.com,+91 60350 20076,17-05-2021,LOC0083,2.2,Electronics,Canara Bank,9.50535E+11,CNRB8827962
SELL1259,Mammen and Sons,mammenandsons@gmail.com,+91 67389 65902,18-11-2024,LOC0101,2.9,Stationery,HDFC Bank,3.34594E+12,HDFC4089382
SELL1260,Bhagat-Ahuja,bhagat-ahuja@gmail.com,+91 79386 43370,19-05-2024,LOC0012,2.9,Bags & Luggage,Punjab National Bank,7.98238E+11,PUNB7759059
SELL1261,Yohannan-Chatterjee,yohannan-chatterjee@gmail.com,+91 82405 73023,25-08-2022,LOC0006,3.6,Jewellery,State Bank of India,4.51521E+12,SBIN1094562
SELL1262,"Bassi, Halder and Kala",bassihalderandkala@gmail.com,+91 83766 39894,04-05-2021,LOC0069,2,Jewellery,IndusInd Bank,3.07823E+11,INDB6298441
SELL1263,"Vasa, Mammen and Mallick",vasamammenandmallick6365@gmail.com,+91 81902 15290,25-09-2023,LOC0059,1.2,Pets,ICICI Bank,4.5165E+13,ICIC2785030
SELL1264,"Dixit, Bhatti and Bora",dixitbhattiandbora@gmail.com,+91 75696 80267,29-01-2026,LOC0045,2.3,Beauty,HDFC Bank,9.91856E+11,HDFC2010820
SELL1265,"Sankaran, Chauhan and Wali",sankaranchauhanandwali@gmail.com,+91 95778 22373,04-04-2021,LOC0095,3.5,Automotive,ICICI Bank,5.15413E+12,ICIC9802829
SELL1266,Deo LLC,deollc7030@gmail.com,+91 76668 08330,16-10-2021,LOC0039,2.9,Music & Instruments,Axis Bank,1.38485E+12,UTIB2603785
SELL1267,Kaul-Bal,kaul-bal7776@gmail.com,+91 71680 47848,07-08-2024,LOC0028,3.6,Music & Instruments,ICICI Bank,7.9472E+13,ICIC1979633
SELL1268,Badal Ltd,badalltd5398@gmail.com,+91 83861 29154,28-10-2021,LOC0086,2.2,Music & Instruments,Punjab National Bank,1882231719,PUNB7529930
SELL1269,"Manne, Bhagat and Agarwal",mannebhagatandagarwal3367@gmail.com,+91 87120 07184,05-10-2024,LOC0010,2.2,Music & Instruments,ICICI Bank,33149760932,ICIC4231355
SELL1270,Kara and Sons,karaandsons9558@gmail.com,+91 71360 69587,30-03-2022,LOC0084,4.7,Gaming,Punjab National Bank,5.77618E+12,PUNB7519769
SELL1271,Banik and Sons,banikandsons@gmail.com,+91 87808 49764,18-07-2021,LOC0107,2.6,Gaming,Bank of Baroda,4.95358E+11,BARB4107038
SELL1272,Deep PLC,deepplc9441@gmail.com,+91 81816 92482,16-11-2021,LOC0020,4.5,Bags & Luggage,Punjab National Bank,3.17778E+13,PUNB1282920
SELL1273,Bora Group,boragroup@gmail.com,+91 93265 27651,21-05-2021,LOC0106,2.9,Beauty,Union Bank of India,4.1208E+11,UBIN2087148
SELL1274,Suri-Devan,suri-devan4769@gmail.com,+91 60537 42630,18-07-2021,LOC0026,2.3,Clothing,Punjab National Bank,76008850485,PUNB4349733
SELL1275,"Bail, Lanka and Dara",baillankaanddara1433@gmail.com,+91 87319 61866,02-12-2021,LOC0054,2.1,Automotive,Punjab National Bank,2087923250,PUNB3336541
SELL1276,"Balay, Ahuja and Cheema",balayahujaandcheema4871@gmail.com,+91 68098 80738,02-06-2022,LOC0113,1.4,Footwear,Bank of Baroda,7.8403E+12,BARB8873681
SELL1277,Sur-Basak,sur-basak@gmail.com,+91 87459 58403,16-08-2021,LOC0083,2.2,Pets,State Bank of India,3.24664E+12,SBIN9496597
SELL1278,"Shroff, Thakkar and Varughese",shroffthakkarandvarughese8381@gmail.com,+91 77866 15024,26-08-2023,LOC0068,1.6,Clothing,IndusInd Bank,7.56297E+13,INDB1793148
SELL1279,Thaman Group,thamangroup@gmail.com,+91 79406 19650,25-08-2025,LOC0042,5,Groceries,Bank of Baroda,7.84444E+11,BARB2554519
SELL1280,"Koshy, Ranganathan and Chada",koshyranganathanandchada6582@gmail.com,+91 88719 32108,14-01-2024,LOC0012,1.7,Footwear,HDFC Bank,9.47754E+12,HDFC1589670
SELL1281,Gara-Varkey,gara-varkey@gmail.com,+91 76134 56971,26-09-2021,LOC0037,2.1,Sports,Punjab National Bank,4231614080,PUNB4104958
SELL1282,Tiwari-Agarwal,tiwari-agarwal6@gmail.com,+91 65003 29827,15-03-2024,LOC0047,4.2,Electronics,HDFC Bank,8.90138E+12,HDFC6186757
SELL1283,"Sur, Randhawa and Rajan",surrandhawaandrajan@gmail.com,+91 95716 86307,07-11-2022,LOC0108,2.1,Groceries,Canara Bank,20736683908,CNRB3779740
SELL1284,"Mandal, Dhar and Sengupta",mandaldharandsengupta@gmail.com,+91 93297 48587,08-04-2022,LOC0079,2.4,Beauty,Kotak Mahindra Bank,1.05322E+12,KKBK8907210
SELL1285,"Singh, Ratta and Acharya",singhrattaandacharya4647@gmail.com,+91 99794 33025,08-03-2023,LOC0015,1.7,Music & Instruments,IndusInd Bank,57130006353,INDB4889912
SELL1286,Chaudhuri Group,chaudhurigroup8304@gmail.com,+91 97970 65266,23-01-2024,LOC0025,2.1,Jewellery,Punjab National Bank,2.42527E+12,PUNB7004611
SELL1287,"Boase, Dugar and Kade",boasedugarandkade8164@gmail.com,+91 75944 04034,06-07-2024,LOC0019,1.3,Beauty,IndusInd Bank,8.7572E+11,INDB1620404
SELL1288,"Rastogi, Wable and Dhar",rastogiwableanddhar@gmail.com,+91 96621 49638,11-09-2025,LOC0069,2,Clothing,Bank of Baroda,20384386844,BARB5806513
SELL1289,Lala Ltd,lalaltd@gmail.com,+91 85457 21995,14-03-2024,LOC0013,4.1,Stationery,IndusInd Bank,56066107189,INDB3517580
SELL1290,Raval PLC,ravalplc2395@gmail.com,+91 91832 15091,15-10-2025,LOC0088,4.9,Stationery,State Bank of India,40665191191,SBIN4593585
SELL1291,Wali-Som,wali-som@gmail.com,+91 80932 05961,15-06-2022,LOC0010,3.5,Pets,State Bank of India,7.55464E+12,SBIN1554557
SELL1292,"Bail, Doshi and Johal",baildoshiandjohal@gmail.com,+91 69981 64818,03-12-2021,LOC0058,1.9,Sports,ICICI Bank,470432736,ICIC9403774
SELL1293,Bhasin Inc,bhasininc2521@gmail.com,+91 90266 06849,24-02-2022,LOC0082,3.1,Health,Punjab National Bank,1.80082E+12,PUNB3100053
SELL1294,Tata LLC,tatallc@gmail.com,+91 62512 31828,16-11-2022,LOC0059,5,Jewellery,HDFC Bank,8.96673E+11,HDFC7553355
SELL1295,Lalla-Deshpande,lalla-deshpande@gmail.com,+91 92852 53784,26-03-2026,LOC0095,1.7,Toys,ICICI Bank,67663812948,ICIC4576626
SELL1296,"Kothari, Sura and Ganguly",kotharisuraandganguly8790@gmail.com,+91 65164 32734,17-07-2021,LOC0037,2.4,Toys,Union Bank of India,2.52084E+11,UBIN6949255
SELL1297,Tiwari-Sundaram,tiwari-sundaram@gmail.com,+91 95130 78510,20-05-2022,LOC0022,1.6,Office Supplies,Axis Bank,2650098748,UTIB1765132
SELL1298,Vohra PLC,vohraplc@gmail.com,+91 74098 84236,17-09-2022,LOC0023,2.5,Home,Union Bank of India,5.08185E+12,UBIN8692995
SELL1299,"Sastry, Jayaraman and Malhotra",sastryjayaramanandmalhotra@gmail.com,+91 83708 08395,03-09-2023,LOC0043,2.9,Pets,State Bank of India,95528877937,SBIN1994552
SELL1300,Chaudhuri PLC,chaudhuriplc1242@gmail.com,+91 94980 70191,24-05-2025,LOC0107,1.3,Health,Union Bank of India,7.41099E+12,UBIN8645410
SELL1301,Madan LLC,madanllc@gmail.com,+91 73607 73201,27-09-2025,LOC0070,3.1,Pets,HDFC Bank,73792677437,HDFC3192737
SELL1302,Varughese-Deol,varughese-deol@gmail.com,+91 74094 42389,24-04-2022,LOC0075,2.8,Music & Instruments,HDFC Bank,4.9346E+12,HDFC6602120
SELL1303,Kade Ltd,kadeltd@gmail.com,+91 90745 28222,02-11-2022,LOC0019,1.4,Footwear,Canara Bank,7984142001,CNRB5689434
SELL1304,"Chaudry, Kumer and Ghosh",chaudrykumerandghosh8306@gmail.com,+91 68909 66235,23-05-2025,LOC0097,2.8,Pets,ICICI Bank,3.57355E+12,ICIC9180524
SELL1305,Raj-Gulati,raj-gulati4281@gmail.com,+91 70340 49426,27-08-2025,LOC0002,4.4,Bags & Luggage,Punjab National Bank,66605497174,PUNB1766795
SELL1306,Aggarwal Ltd,aggarwalltd@gmail.com,+91 65154 05450,27-11-2022,LOC0102,4.1,Health,ICICI Bank,4.84707E+13,ICIC3973869
SELL1307,"Gola, Som and Dani",golasomanddani9081@gmail.com,+91 89860 68165,11-06-2023,LOC0078,2.8,Automotive,IndusInd Bank,4.75978E+12,INDB8701640
SELL1308,"Gara, Kulkarni and Banik",garakulkarniandbanik@gmail.com,+91 68373 42677,31-10-2023,LOC0032,2.7,Sports,Union Bank of India,1.63072E+12,UBIN4457445
SELL1309,"Tella, Dalal and Subramanian",telladalalandsubramanian427@gmail.com,+91 66511 47908,11-09-2022,LOC0001,3.1,Pets,IndusInd Bank,1337750930,INDB3155866
SELL1310,Khalsa-Hayer,khalsa-hayer7401@gmail.com,+91 77541 27325,24-03-2022,LOC0034,1,Jewellery,Axis Bank,7.56728E+12,UTIB7418253
SELL1311,Ganguly-Arora,ganguly-arora@gmail.com,+91 65972 57445,07-03-2022,LOC0025,2.1,Electronics,Kotak Mahindra Bank,91347456658,KKBK6641370
SELL1312,Sur-Ratta,sur-ratta2832@gmail.com,+91 99339 86183,26-03-2025,LOC0074,1.2,Beauty,Canara Bank,4.40389E+11,CNRB6469916
SELL1313,"Gola, Kala and Sandal",golakalaandsandal@gmail.com,+91 81040 64664,02-03-2024,LOC0017,4.6,Books,Canara Bank,4.17049E+11,CNRB7633163
SELL1314,"Sharma, Ratta and Sani",sharmarattaandsani2965@gmail.com,+91 89255 73246,03-03-2022,LOC0087,4.4,Gaming,Bank of Baroda,7.62074E+11,BARB1280770
SELL1315,Chopra Ltd,chopraltd@gmail.com,+91 92439 90699,04-01-2022,LOC0012,1.8,Stationery,Bank of Baroda,3.7161E+13,BARB7904974
SELL1316,"Sathe, Raval and Ganesh",satheravalandganesh4192@gmail.com,+91 78034 67044,22-05-2024,LOC0037,3,Clothing,Union Bank of India,1.57557E+12,UBIN9439278
SELL1317,Verma Group,vermagroup@gmail.com,+91 75273 45574,03-04-2022,LOC0084,4.7,Electronics,IndusInd Bank,2.65874E+11,INDB5464173
SELL1318,"Dar, Bakshi and Dayal",darbakshianddayal@gmail.com,+91 77284 65694,06-01-2026,LOC0067,1.5,Groceries,Kotak Mahindra Bank,1.14105E+12,KKBK4619099
SELL1319,Warrior-Barad,warrior-barad@gmail.com,+91 90654 39763,22-10-2023,LOC0022,4.2,Groceries,IndusInd Bank,3953990044,INDB1978277
SELL1320,"Bhalla, Gala and Savant",bhallagalaandsavant@gmail.com,+91 74476 96121,29-09-2023,LOC0012,4.7,Jewellery,State Bank of India,4.57291E+11,SBIN1437766
SELL1321,Yadav-Bandi,yadav-bandi@gmail.com,+91 67517 87162,19-01-2026,LOC0069,4.1,Jewellery,ICICI Bank,6.88256E+11,ICIC1494812
SELL1322,Sandal and Sons,sandalandsons2482@gmail.com,+91 92493 36267,17-09-2022,LOC0097,4.3,Jewellery,IndusInd Bank,27626005585,INDB8358174
SELL1323,"Lata, Barman and Sarma",latabarmanandsarma7037@gmail.com,+91 70673 08865,02-09-2023,LOC0072,4.2,Footwear,Canara Bank,4.69494E+12,CNRB4213318
SELL1324,Gour-Guha,gour-guha@gmail.com,+91 68769 57730,16-10-2025,LOC0062,3,Office Supplies,Punjab National Bank,7.35676E+13,PUNB3009978
SELL1325,"Hayre, Kota and Dugar",hayrekotaanddugar2054@gmail.com,+91 64782 65696,21-06-2021,LOC0004,4.6,Pets,Union Bank of India,54889871730,UBIN3271467
SELL1326,"Bumb, Arya and Lal",bumbaryaandlal7230@gmail.com,+91 95341 06729,12-11-2023,LOC0026,2.8,Footwear,Union Bank of India,6.5183E+13,UBIN5587407
SELL1327,Raman PLC,ramanplc2208@gmail.com,+91 69312 56884,18-09-2021,LOC0017,2.1,Footwear,Union Bank of India,21657057820,UBIN2736884
SELL1328,Tara PLC,taraplc2444@gmail.com,+91 96836 22017,23-02-2024,LOC0105,3.4,Clothing,Punjab National Bank,6.99387E+12,PUNB1243715
SELL1329,Kulkarni-Cherian,kulkarni-cherian@gmail.com,+91 81380 42635,09-01-2022,LOC0049,2.4,Sports,ICICI Bank,1.09419E+11,ICIC1866453
SELL1330,Dhar-Randhawa,dhar-randhawa9826@gmail.com,+91 80451 60259,13-11-2021,LOC0067,3.1,Pets,Kotak Mahindra Bank,7.71625E+12,KKBK6722602
SELL1331,Ramanathan and Sons,ramanathanandsons8354@gmail.com,+91 85307 33624,22-06-2025,LOC0043,4.3,Clothing,State Bank of India,57044932143,SBIN2108508
SELL1332,"Kala, Wali and Varma",kalawaliandvarma3410@gmail.com,+91 76500 24208,29-03-2025,LOC0080,1.9,Toys,Kotak Mahindra Bank,1.98255E+12,KKBK8795664
SELL1333,Bhandari-Viswanathan,bhandari-viswanathan@gmail.com,+91 77278 41701,22-09-2023,LOC0051,4.1,Jewellery,Canara Bank,8.92334E+12,CNRB7641707
SELL1334,Atwal-Walia,atwal-walia@gmail.com,+91 77336 62794,19-07-2023,LOC0054,3.9,Automotive,State Bank of India,77555394325,SBIN1086573
SELL1335,Ramakrishnan and Sons,ramakrishnanandsons@gmail.com,+91 74263 48853,07-12-2022,LOC0073,2.2,Office Supplies,ICICI Bank,7.11695E+11,ICIC6084582
SELL1336,"Aurora, Sood and Raj",aurorasoodandraj@gmail.com,+91 84237 19838,01-04-2022,LOC0073,1.9,Health,State Bank of India,4.59982E+13,SBIN7724370
SELL1337,Soman Group,somangroup@gmail.com,+91 60407 53736,19-11-2024,LOC0046,2.5,Books,Punjab National Bank,1.88048E+13,PUNB3532645
SELL1338,"Khosla, Gour and Guha",khoslagourandguha2787@gmail.com,+91 90359 73511,25-09-2025,LOC0066,4.4,Beauty,Kotak Mahindra Bank,9.95523E+11,KKBK3480847
SELL1339,Ramaswamy LLC,ramaswamyllc@gmail.com,+91 63501 04823,14-06-2023,LOC0081,2,Clothing,HDFC Bank,1.96422E+11,HDFC2394178
SELL1340,Madan-Krishnan,madan-krishnan@gmail.com,+91 73489 55797,12-03-2022,LOC0111,3.5,Health,Kotak Mahindra Bank,36870508790,KKBK3558099
SELL1341,"Chakraborty, Ratta and Walia",chakrabortyrattaandwalia4162@gmail.com,+91 97646 91805,20-09-2025,LOC0048,1.3,Stationery,IndusInd Bank,5.23516E+11,INDB3645139
SELL1342,"Sarkar, Dyal and Jha",sarkardyalandjha9154@gmail.com,+91 80963 20239,04-04-2025,LOC0103,3.7,Electronics,Bank of Baroda,6.98507E+12,BARB7778308
SELL1343,Kade PLC,kadeplc@gmail.com,+91 63589 71190,22-06-2021,LOC0095,4.1,Automotive,Canara Bank,9.56193E+12,CNRB9149721
SELL1344,Guha-Karpe,guha-karpe@gmail.com,+91 72812 84957,04-02-2022,LOC0109,2.5,Gaming,HDFC Bank,6.52865E+11,HDFC2789394
SELL1345,Sanghvi-Jhaveri,sanghvi-jhaveri3573@gmail.com,+91 92801 41467,10-11-2025,LOC0113,4.3,Electronics,Axis Bank,8000402484,UTIB9735239
SELL1346,Banerjee LLC,banerjeellc8022@gmail.com,+91 92974 62223,01-01-2024,LOC0048,1.4,Office Supplies,Axis Bank,89080192394,UTIB9127988
SELL1347,Kalla Ltd,kallaltd2250@gmail.com,+91 86900 10076,22-09-2022,LOC0099,4,Jewellery,IndusInd Bank,7.95653E+12,INDB1773860
SELL1348,Uppal PLC,uppalplc1289@gmail.com,+91 74561 26821,25-03-2023,LOC0030,2.1,Gaming,IndusInd Bank,2.65095E+12,INDB3950041
SELL1349,Bath Ltd,bathltd@gmail.com,+91 76436 75217,17-09-2025,LOC0020,2.3,Music & Instruments,Union Bank of India,9.02258E+12,UBIN6734878
SELL1350,"Gola, Kaur and Barman",golakaurandbarman@gmail.com,+91 68163 34496,27-10-2023,LOC0059,4.5,Toys,IndusInd Bank,25084074780,INDB8170245
SELL1351,Tiwari Inc,tiwariinc@gmail.com,+91 83638 73801,24-03-2024,LOC0108,2.1,Books,Kotak Mahindra Bank,2766593297,KKBK9810820
SELL1352,"Manne, Ahluwalia and Cherian",manneahluwaliaandcherian@gmail.com,+91 99778 25889,19-09-2024,LOC0006,1.4,Footwear,Kotak Mahindra Bank,35260107292,KKBK9024431
SELL1353,Dhaliwal Inc,dhaliwalinc@gmail.com,+91 72949 76087,27-05-2023,LOC0052,2.2,Footwear,Bank of Baroda,9.90644E+12,BARB6328494
SELL1354,"Kamdar, Walia and Chanda",kamdarwaliaandchanda3105@gmail.com,+91 99775 38760,23-01-2022,LOC0049,4.7,Bags & Luggage,HDFC Bank,2.47148E+11,HDFC5409151
SELL1355,"Gopal, Garde and Dash",gopalgardeanddash@gmail.com,+91 61645 96526,20-10-2022,LOC0089,1.1,Home,Axis Bank,9.51729E+11,UTIB6980028
SELL1356,Deshmukh Group,deshmukhgroup4540@gmail.com,+91 87473 10454,04-12-2023,LOC0052,4.1,Stationery,Bank of Baroda,5.19727E+12,BARB1166421
SELL1357,Gole Inc,goleinc58@gmail.com,+91 76583 80349,19-06-2024,LOC0058,3.4,Books,Kotak Mahindra Bank,8675551602,KKBK4337009
SELL1358,Majumdar-Chauhan,majumdar-chauhan2438@gmail.com,+91 63788 63263,12-08-2024,LOC0111,3.4,Music & Instruments,ICICI Bank,4.19195E+12,ICIC1443239
SELL1359,Datta-Varma,datta-varma@gmail.com,+91 97897 03311,22-08-2022,LOC0034,2.8,Sports,ICICI Bank,5.16716E+12,ICIC5529773
SELL1360,"Tella, Master and Gala",tellamasterandgala4090@gmail.com,+91 64105 49656,31-10-2025,LOC0100,1.8,Sports,IndusInd Bank,89323726040,INDB3862735
SELL1361,"Deep, Sengupta and Joshi",deepsenguptaandjoshi4092@gmail.com,+91 68555 50829,17-09-2023,LOC0107,2.8,Pets,ICICI Bank,5.71232E+12,ICIC6460005
SELL1362,"Yogi, Sandhu and Cherian",yogisandhuandcherian9700@gmail.com,+91 80970 80914,12-02-2024,LOC0097,2,Jewellery,Union Bank of India,4.2716E+12,UBIN5015789
SELL1363,Bhatnagar-Rastogi,bhatnagar-rastogi7935@gmail.com,+91 93714 93648,23-02-2026,LOC0011,3.2,Office Supplies,Axis Bank,4.03977E+11,UTIB4236719
SELL1364,Yadav-Saha,yadav-saha9650@gmail.com,+91 82994 14354,30-12-2023,LOC0077,1.8,Bags & Luggage,Canara Bank,3.82862E+13,CNRB3123184
SELL1365,Kata Ltd,kataltd@gmail.com,+91 79792 27215,19-12-2024,LOC0038,3.9,Office Supplies,Canara Bank,4727958025,CNRB6714881
SELL1366,Bhagat-Dhar,bhagat-dhar@gmail.com,+91 92542 16763,15-08-2024,LOC0024,1.7,Stationery,Union Bank of India,7.94123E+12,UBIN7727858
SELL1367,"Master, Gola and Aggarwal",mastergolaandaggarwal9954@gmail.com,+91 81606 24652,07-09-2021,LOC0104,1.8,Toys,Axis Bank,9.90733E+11,UTIB5269917
SELL1368,Garg Inc,garginc@gmail.com,+91 85056 30127,18-12-2023,LOC0041,1.1,Automotive,ICICI Bank,4.95629E+12,ICIC7557097
SELL1369,Kapadia-Kant,kapadia-kant@gmail.com,+91 60652 40847,16-08-2025,LOC0027,1.4,Pets,Bank of Baroda,2.91924E+12,BARB8020402
SELL1370,"Upadhyay, Dhar and Dada",upadhyaydharanddada@gmail.com,+91 68402 60744,17-10-2022,LOC0019,4.8,Bags & Luggage,Bank of Baroda,5.20362E+13,BARB9479294
SELL1371,"Shanker, Goda and Sahni",shankergodaandsahni@gmail.com,+91 95353 44729,08-07-2022,LOC0051,4.1,Office Supplies,Axis Bank,9843645338,UTIB4091673
SELL1372,Sodhi-Singh,sodhi-singh5081@gmail.com,+91 71792 23083,21-09-2021,LOC0070,1.7,Electronics,HDFC Bank,6.05302E+13,HDFC4223409
SELL1373,Goel-Mann,goel-mann1126@gmail.com,+91 66843 31633,01-09-2024,LOC0046,3.1,Health,ICICI Bank,5.79178E+13,ICIC3037816
SELL1374,Karpe-Tak,karpe-tak@gmail.com,+91 89047 11877,03-06-2021,LOC0073,1.8,Footwear,Canara Bank,43561440932,CNRB1675414
SELL1375,"Bakshi, Vala and Buch",bakshivalaandbuch@gmail.com,+91 80196 96957,24-08-2021,LOC0005,4.4,Health,State Bank of India,30565063053,SBIN4527114
SELL1376,"Krishna, Ramachandran and Wason",krishnaramachandranandwason@gmail.com,+91 69574 05452,31-03-2023,LOC0012,2.4,Footwear,Canara Bank,1.9387E+12,CNRB4928436
SELL1377,Agate Ltd,agateltd@gmail.com,+91 60117 75045,15-02-2026,LOC0012,2.5,Electronics,HDFC Bank,9.00023E+13,HDFC8642204
SELL1378,"Lal, Shere and Swaminathan",lalshereandswaminathan@gmail.com,+91 78873 41470,20-11-2025,LOC0064,1.7,Footwear,Axis Bank,37133984739,UTIB8727134
SELL1379,"Dugar, Dara and Kunda",dugardaraandkunda@gmail.com,+91 76358 45374,09-07-2024,LOC0081,1.3,Books,ICICI Bank,17108914806,ICIC7899179
SELL1380,"Rana, Deo and Sarma",ranadeoandsarma@gmail.com,+91 96880 90752,24-09-2025,LOC0067,4,Office Supplies,Kotak Mahindra Bank,3.56626E+12,KKBK3226288
SELL1381,Malhotra Inc,malhotrainc2413@gmail.com,+91 97614 46896,19-09-2024,LOC0032,3.3,Groceries,Axis Bank,9.9806E+12,UTIB8625827
SELL1382,Tak-Bandi,tak-bandi2728@gmail.com,+91 71818 52940,20-10-2023,LOC0035,2,Gaming,ICICI Bank,1.01007E+12,ICIC7180400
SELL1383,Reddy Inc,reddyinc@gmail.com,+91 62555 16721,01-01-2023,LOC0091,3.7,Groceries,Punjab National Bank,8360560754,PUNB9194370
SELL1384,Yohannan-Balan,yohannan-balan@gmail.com,+91 80147 75698,02-01-2022,LOC0070,1.8,Music & Instruments,Bank of Baroda,5.24535E+11,BARB1442522
SELL1385,Bhardwaj-Rana,bhardwaj-rana@gmail.com,+91 94256 33862,14-06-2022,LOC0073,4.4,Office Supplies,Union Bank of India,8.41652E+13,UBIN6440039
SELL1386,Ravi PLC,raviplc@gmail.com,+91 77008 87840,04-01-2026,LOC0087,2.8,Health,ICICI Bank,30089462476,ICIC1619539
SELL1387,"Mannan, Rastogi and Randhawa",mannanrastogiandrandhawa5699@gmail.com,+91 60469 83204,31-07-2025,LOC0084,2.3,Music & Instruments,Bank of Baroda,15787414706,BARB8208253
SELL1388,Keer-Samra,keer-samra6645@gmail.com,+91 68791 64144,03-12-2024,LOC0031,3.4,Electronics,IndusInd Bank,3887827622,INDB2809880
SELL1389,Wali Ltd,waliltd@gmail.com,+91 71931 72403,17-06-2021,LOC0055,4.4,Health,ICICI Bank,9131609383,ICIC3664689
SELL1390,Setty PLC,settyplc@gmail.com,+91 76259 09275,11-06-2025,LOC0046,4.9,Groceries,ICICI Bank,2.18126E+13,ICIC5366867
SELL1391,"Shroff, Magar and Varughese",shroffmagarandvarughese@gmail.com,+91 91929 98313,22-12-2025,LOC0106,2.4,Groceries,Union Bank of India,4.56112E+11,UBIN4104811
SELL1392,"Butala, Sheth and Dugar",butalashethanddugar@gmail.com,+91 73584 24532,02-09-2024,LOC0090,5,Bags & Luggage,Kotak Mahindra Bank,2256588410,KKBK4822161
SELL1393,Thaker and Sons,thakerandsons@gmail.com,+91 93701 02464,25-12-2023,LOC0052,1.9,Bags & Luggage,Axis Bank,16696576654,UTIB6939684
SELL1394,Grewal-Hora,grewal-hora@gmail.com,+91 76424 62822,31-01-2025,LOC0084,2.7,Jewellery,Kotak Mahindra Bank,6.31378E+11,KKBK4044490
SELL1395,Gopal-Hora,gopal-hora4030@gmail.com,+91 60318 42455,11-08-2024,LOC0109,3.1,Footwear,ICICI Bank,85127569064,ICIC4078435
SELL1396,Jain LLC,jainllc@gmail.com,+91 75121 34969,12-06-2021,LOC0018,1.3,Groceries,State Bank of India,6.34879E+13,SBIN5465251
SELL1397,Sankar-Yogi,sankar-yogi@gmail.com,+91 92821 28588,11-04-2022,LOC0056,5,Jewellery,Punjab National Bank,6067267271,PUNB2368636
SELL1398,Lal Ltd,lalltd@gmail.com,+91 98631 61938,22-02-2026,LOC0089,2.7,Health,Axis Bank,6837598471,UTIB9082303
SELL1399,Sidhu Inc,sidhuinc@gmail.com,+91 95759 58897,03-11-2025,LOC0029,2.5,Bags & Luggage,Kotak Mahindra Bank,79454108708,KKBK9527146
SELL1400,Vasa-Dar,vasa-dar@gmail.com,+91 67411 80672,16-03-2024,LOC0109,1.7,Books,Punjab National Bank,1.31385E+13,PUNB6572682
SELL1401,Apte LLC,aptellc@gmail.com,+91 85426 85682,07-10-2024,LOC0045,3.1,Baby,IndusInd Bank,3.68969E+13,INDB6758440
SELL1402,Ray-Jani,ray-jani6030@gmail.com,+91 94808 45863,20-01-2026,LOC0067,4.4,Electronics,HDFC Bank,30024836795,HDFC9879251
SELL1403,Deol-Master,deol-master3917@gmail.com,+91 77440 65047,05-09-2023,LOC0035,3.8,Bags & Luggage,Bank of Baroda,5.67363E+11,BARB8273250
SELL1404,"Dubey, Bahl and Dara",dubeybahlanddara3277@gmail.com,+91 61819 14497,05-06-2021,LOC0004,2.4,Clothing,IndusInd Bank,552107212,INDB3710171
SELL1405,Chad and Sons,chadandsons5628@gmail.com,+91 98393 84550,10-02-2025,LOC0006,2.9,Footwear,Kotak Mahindra Bank,9.881E+13,KKBK4073012
SELL1406,Ghose-Thakur,ghose-thakur@gmail.com,+91 97058 80124,26-07-2025,LOC0012,4.6,Groceries,Canara Bank,8.50221E+11,CNRB3528822
SELL1407,Deshpande LLC,deshpandellc@gmail.com,+91 88738 00016,05-01-2023,LOC0080,4.8,Pets,Axis Bank,7.50794E+11,UTIB4013244
SELL1408,Sabharwal-Bassi,sabharwal-bassi5384@gmail.com,+91 71222 18958,27-03-2022,LOC0048,3.1,Sports,IndusInd Bank,6.41283E+12,INDB4208984
SELL1409,Korpal Inc,korpalinc2639@gmail.com,+91 61872 66764,25-09-2022,LOC0029,1.3,Electronics,Kotak Mahindra Bank,32573495829,KKBK7864381
SELL1410,"Tella, Bala and Kothari",tellabalaandkothari@gmail.com,+91 60908 13502,22-08-2021,LOC0054,4.8,Automotive,ICICI Bank,7197688997,ICIC6836334
SELL1411,"Dyal, Mann and Karan",dyalmannandkaran3394@gmail.com,+91 88470 85756,02-10-2021,LOC0075,4.6,Electronics,Axis Bank,3.96098E+12,UTIB6802136
SELL1412,Madan and Sons,madanandsons@gmail.com,+91 96304 92853,09-12-2022,LOC0035,1.4,Automotive,HDFC Bank,2.56587E+11,HDFC8620147
SELL1413,"Kade, Chadha and Wable",kadechadhaandwable@gmail.com,+91 90083 24654,09-04-2021,LOC0073,3.3,Sports,Bank of Baroda,2749524169,BARB3140229
SELL1414,Walia Inc,waliainc@gmail.com,+91 97653 05038,19-03-2022,LOC0006,4.1,Groceries,IndusInd Bank,7.61515E+11,INDB6186274
SELL1415,Shere-Dhawan,shere-dhawan7828@gmail.com,+91 85396 58354,03-10-2022,LOC0090,4.9,Home,IndusInd Bank,4.16586E+13,INDB3001386
SELL1416,"Baral, Dube and Chawla",baraldubeandchawla886@gmail.com,+91 68938 05821,15-03-2022,LOC0035,2,Music & Instruments,State Bank of India,11646147917,SBIN6349506
SELL1417,Aggarwal-Ratti,aggarwal-ratti@gmail.com,+91 78457 62079,14-05-2024,LOC0062,4.8,Baby,Bank of Baroda,4450327315,BARB4830990
SELL1418,Char-Borra,char-borra8223@gmail.com,+91 68142 89457,11-02-2026,LOC0020,2.9,Groceries,Canara Bank,3.07092E+13,CNRB5935682
SELL1419,Sabharwal Ltd,sabharwalltd8676@gmail.com,+91 68207 90813,04-11-2021,LOC0078,4.5,Books,Kotak Mahindra Bank,8.15271E+12,KKBK5703600
SELL1420,Zacharia-Gill,zacharia-gill9477@gmail.com,+91 89420 28408,13-08-2022,LOC0097,2.3,Sports,Punjab National Bank,35979641439,PUNB8528827
SELL1421,Sahota-Mall,sahota-mall@gmail.com,+91 65157 00180,26-10-2021,LOC0006,4.2,Stationery,HDFC Bank,1.55675E+12,HDFC5312651
SELL1422,Bajwa Inc,bajwainc@gmail.com,+91 97133 74974,13-12-2023,LOC0043,2,Footwear,Bank of Baroda,22340965955,BARB8362824
SELL1423,"Kala, Lala and Koshy",kalalalaandkoshy@gmail.com,+91 79503 07130,28-10-2024,LOC0094,2.7,Baby,Punjab National Bank,4.17891E+12,PUNB2265508
SELL1424,Varty-Dube,varty-dube@gmail.com,+91 67992 57915,17-11-2022,LOC0015,3.8,Automotive,Punjab National Bank,3.0551E+11,PUNB2552025
SELL1425,"Hayre, Shukla and Rao",hayreshuklaandrao@gmail.com,+91 78925 92628,03-09-2021,LOC0037,4.8,Sports,Bank of Baroda,4654263577,BARB4477262
SELL1426,Sachar-Sood,sachar-sood7253@gmail.com,+91 72286 04983,19-03-2024,LOC0037,2.7,Home,ICICI Bank,5.58291E+12,ICIC3190994
SELL1427,Khosla Ltd,khoslaltd@gmail.com,+91 98074 29540,30-07-2021,LOC0064,3.7,Office Supplies,Punjab National Bank,9.22759E+11,PUNB6380813
SELL1428,Chhabra-Chandra,chhabra-chandra@gmail.com,+91 86344 00895,23-08-2022,LOC0018,4.5,Bags & Luggage,HDFC Bank,6076927920,HDFC4757588
SELL1429,Rajan-Koshy,rajan-koshy797@gmail.com,+91 83390 93190,31-08-2024,LOC0078,1.3,Beauty,Kotak Mahindra Bank,6.0133E+11,KKBK5293762
SELL1430,Gade Ltd,gadeltd@gmail.com,+91 68345 55764,22-11-2023,LOC0060,1.6,Toys,Axis Bank,4.29304E+13,UTIB9929965
SELL1431,Dewan Group,dewangroup@gmail.com,+91 85343 41239,28-04-2021,LOC0110,1,Bags & Luggage,IndusInd Bank,1110342798,INDB1092702
SELL1432,Issac and Sons,issacandsons@gmail.com,+91 87269 17500,13-06-2025,LOC0095,1,Sports,Canara Bank,5344009599,CNRB8441881
SELL1433,Sridhar-Date,sridhar-date@gmail.com,+91 75622 60418,07-11-2025,LOC0017,2.3,Groceries,Union Bank of India,6.00115E+11,UBIN6199381
SELL1434,"Shankar, Das and Batta",shankardasandbatta@gmail.com,+91 91970 24601,16-06-2023,LOC0072,1.5,Beauty,State Bank of India,5.77273E+11,SBIN8768574
SELL1435,Mangat-Contractor,mangat-contractor7938@gmail.com,+91 98428 55478,05-06-2023,LOC0048,2.1,Automotive,HDFC Bank,8.28782E+12,HDFC4533896
SELL1436,Singhal-Sawhney,singhal-sawhney@gmail.com,+91 67823 62751,28-03-2024,LOC0091,1.3,Sports,Punjab National Bank,2.41975E+13,PUNB1777535
SELL1437,"Balay, Sem and Rattan",balaysemandrattan7993@gmail.com,+91 64242 05730,27-08-2025,LOC0053,4.5,Sports,Kotak Mahindra Bank,1.99835E+11,KKBK9266589
SELL1438,Garg-Mannan,garg-mannan@gmail.com,+91 94116 02068,30-08-2022,LOC0101,1.4,Automotive,Punjab National Bank,3.29554E+12,PUNB2891665
SELL1439,Dutta Ltd,duttaltd@gmail.com,+91 96419 71008,16-06-2021,LOC0076,1.3,Groceries,State Bank of India,37470334830,SBIN9072099
SELL1440,"Bobal, Chakraborty and Maharaj",bobalchakrabortyandmaharaj@gmail.com,+91 79826 26138,09-01-2025,LOC0091,4.4,Music & Instruments,Punjab National Bank,6.02236E+11,PUNB5261820
SELL1441,Sridhar-Chhabra,sridhar-chhabra1994@gmail.com,+91 93288 79582,18-03-2026,LOC0002,2,Automotive,Axis Bank,7.62965E+11,UTIB8501174
SELL1442,Dugar-Handa,dugar-handa@gmail.com,+91 79540 12446,20-04-2021,LOC0101,4,Bags & Luggage,ICICI Bank,3168326263,ICIC8178544
SELL1443,Sani-Gera,sani-gera@gmail.com,+91 77408 12337,27-09-2022,LOC0048,1.2,Gaming,State Bank of India,2740439176,SBIN5952634
SELL1444,"Rajan, Mani and Vora",rajanmaniandvora2924@gmail.com,+91 91526 40637,14-06-2021,LOC0010,2.4,Jewellery,Axis Bank,3483840619,UTIB1114678
SELL1445,Cheema-Dhillon,cheema-dhillon2900@gmail.com,+91 96149 48234,05-06-2022,LOC0039,4.4,Baby,HDFC Bank,7.97095E+11,HDFC9386860
SELL1446,Chowdhury PLC,chowdhuryplc@gmail.com,+91 91135 55497,08-04-2023,LOC0009,2.1,Beauty,Axis Bank,6.91812E+12,UTIB1706085
SELL1447,Ahuja and Sons,ahujaandsons@gmail.com,+91 61880 32034,29-10-2023,LOC0093,1.7,Home,IndusInd Bank,1631991801,INDB8302464
SELL1448,Iyengar LLC,iyengarllc4925@gmail.com,+91 68993 28531,11-01-2026,LOC0091,2.1,Office Supplies,Axis Bank,3487397758,UTIB7436950
SELL1449,Chaudhry PLC,chaudhryplc@gmail.com,+91 80882 49341,14-10-2022,LOC0010,3.6,Home,State Bank of India,5000491755,SBIN5643885
SELL1450,Ghosh-Chawla,ghosh-chawla5429@gmail.com,+91 63112 64815,07-01-2024,LOC0007,3,Books,Axis Bank,91204914528,UTIB3802881
SELL1451,"Johal, Shankar and Sastry",johalshankarandsastry9603@gmail.com,+91 87613 95966,18-12-2023,LOC0103,4.7,Music & Instruments,ICICI Bank,1930010821,ICIC8334200
SELL1452,Setty-Handa,setty-handa@gmail.com,+91 92914 67757,05-02-2024,LOC0034,2.9,Groceries,State Bank of India,1.83834E+13,SBIN6878824
SELL1453,"Chhabra, Barman and Khurana",chhabrabarmanandkhurana2714@gmail.com,+91 81803 06098,27-11-2024,LOC0020,1.1,Automotive,ICICI Bank,17863988842,ICIC3527229
SELL1454,Sachar-Kunda,sachar-kunda@gmail.com,+91 94466 86578,29-10-2021,LOC0090,3.1,Books,Bank of Baroda,5.15017E+11,BARB2149039
SELL1455,Rajagopal Inc,rajagopalinc@gmail.com,+91 62499 11254,11-01-2023,LOC0082,2.9,Electronics,Punjab National Bank,2.53568E+13,PUNB8807587
SELL1456,"Karnik, Bains and Kant",karnikbainsandkant5962@gmail.com,+91 82718 78994,21-05-2022,LOC0029,1.6,Clothing,HDFC Bank,4.31003E+13,HDFC2361828
SELL1457,"Tiwari, Banerjee and Barman",tiwaribanerjeeandbarman834@gmail.com,+91 69447 77647,23-02-2026,LOC0062,3.2,Bags & Luggage,Union Bank of India,3.51525E+11,UBIN3800371
SELL1458,Sule-Kalla,sule-kalla8473@gmail.com,+91 83245 76947,27-07-2022,LOC0039,3.9,Groceries,ICICI Bank,80902138917,ICIC7390862
SELL1459,Ramakrishnan LLC,ramakrishnanllc4751@gmail.com,+91 70861 19184,14-02-2022,LOC0006,4.8,Groceries,State Bank of India,15026360690,SBIN8189787
SELL1460,Sarna Group,sarnagroup@gmail.com,+91 97838 88945,27-09-2024,LOC0070,2.4,Home,IndusInd Bank,1064389598,INDB8912152
SELL1461,Bhakta PLC,bhaktaplc1474@gmail.com,+91 69144 50046,15-01-2023,LOC0070,2.4,Toys,Kotak Mahindra Bank,9.02994E+12,KKBK6711664
SELL1462,"Saha, Bail and Anand",sahabailandanand@gmail.com,+91 73428 18233,13-06-2024,LOC0086,4,Sports,Canara Bank,8.67157E+11,CNRB8528688
SELL1463,Saini-Jaggi,saini-jaggi@gmail.com,+91 75305 49627,23-11-2021,LOC0057,3,Office Supplies,State Bank of India,24827732,SBIN7256178
SELL1464,"Samra, Bora and Dar",samraboraanddar9287@gmail.com,+91 90323 91951,15-11-2025,LOC0074,4.8,Sports,Kotak Mahindra Bank,23568324892,KKBK7094773
SELL1465,Gandhi LLC,gandhillc7034@gmail.com,+91 69282 63432,30-01-2023,LOC0070,2,Gaming,Axis Bank,9.19204E+13,UTIB2185206
SELL1466,Cheema PLC,cheemaplc6689@gmail.com,+91 93760 21597,17-05-2022,LOC0091,1.9,Electronics,Bank of Baroda,72172092207,BARB5107028
SELL1467,"Tandon, Karan and Date",tandonkarananddate9245@gmail.com,+91 78416 32078,22-02-2025,LOC0080,2.6,Jewellery,State Bank of India,75459321307,SBIN9224828
SELL1468,Vyas-Dhingra,vyas-dhingra@gmail.com,+91 78374 50389,01-04-2025,LOC0009,2.7,Baby,HDFC Bank,8.59922E+12,HDFC3543106
SELL1469,"Char, D’Alia and Ravi",chard’aliaandravi4820@gmail.com,+91 65963 28769,12-11-2023,LOC0098,4.6,Music & Instruments,Kotak Mahindra Bank,7.52318E+12,KKBK7324663
SELL1470,Bobal Ltd,boballtd@gmail.com,+91 91921 69560,03-04-2022,LOC0019,1.6,Groceries,Axis Bank,2.19856E+11,UTIB8554040
SELL1471,Jha LLC,jhallc@gmail.com,+91 78772 72516,07-08-2025,LOC0094,2.2,Beauty,Canara Bank,1.39952E+11,CNRB2875401
SELL1472,Kannan-Dalal,kannan-dalal@gmail.com,+91 74205 64768,29-09-2022,LOC0058,3.2,Pets,Kotak Mahindra Bank,7670933809,KKBK1872652
SELL1473,Goda-Basu,goda-basu480@gmail.com,+91 97370 37077,23-08-2022,LOC0073,1.5,Sports,Punjab National Bank,2.8403E+11,PUNB9367052
SELL1474,"Khosla, Ravi and Chana",khoslaraviandchana3849@gmail.com,+91 85130 65886,23-02-2024,LOC0102,2.2,Jewellery,Kotak Mahindra Bank,5227405522,KKBK5192863
SELL1475,Bedi-Wagle,bedi-wagle@gmail.com,+91 89674 34913,14-03-2024,LOC0099,4.7,Baby,Canara Bank,5.67182E+11,CNRB6016634
SELL1476,Varughese PLC,varugheseplc@gmail.com,+91 99782 79526,28-03-2025,LOC0036,4.2,Books,Axis Bank,9.09502E+11,UTIB5148137
SELL1477,Kalla-Singh,kalla-singh78@gmail.com,+91 87438 58792,18-12-2025,LOC0054,2.6,Bags & Luggage,Bank of Baroda,3.22169E+13,BARB8014783
SELL1478,Sanghvi Group,sanghvigroup@gmail.com,+91 70915 58363,06-10-2023,LOC0090,3.4,Baby,Union Bank of India,2.64257E+11,UBIN2088134
SELL1479,Chaudhuri PLC,chaudhuriplc2304@gmail.com,+91 60201 93414,31-07-2022,LOC0064,5,Bags & Luggage,ICICI Bank,2.91336E+11,ICIC5186280
SELL1480,"Sastry, Kannan and Walla",sastrykannanandwalla5373@gmail.com,+91 60320 91876,14-11-2022,LOC0087,3.2,Toys,IndusInd Bank,7.71506E+13,INDB7134402
SELL1481,"Thaker, Shah and Koshy",thakershahandkoshy@gmail.com,+91 77593 11374,15-09-2023,LOC0075,3.3,Health,Canara Bank,8.45201E+11,CNRB9248388
SELL1482,"Handa, Kapoor and Bhatti",handakapoorandbhatti@gmail.com,+91 73179 41229,14-11-2023,LOC0040,3.2,Baby,Canara Bank,9.5564E+11,CNRB6378756
SELL1483,Sathe and Sons,satheandsons6285@gmail.com,+91 65440 95903,18-11-2025,LOC0110,1.9,Clothing,Union Bank of India,8.38807E+11,UBIN7657822
SELL1484,Chopra PLC,chopraplc2280@gmail.com,+91 95881 19731,22-11-2025,LOC0063,4.3,Office Supplies,State Bank of India,9493230706,SBIN4123270
SELL1485,Hari-Ganesh,hari-ganesh@gmail.com,+91 77765 69479,07-04-2021,LOC0048,2.3,Sports,Bank of Baroda,7.73515E+12,BARB7553669
SELL1486,Sankar-Agarwal,sankar-agarwal@gmail.com,+91 96232 08766,27-12-2023,LOC0044,1.2,Automotive,Union Bank of India,5.92466E+13,UBIN5804707
SELL1487,Yohannan-Amble,yohannan-amble@gmail.com,+91 91601 81200,24-07-2021,LOC0091,2,Groceries,Kotak Mahindra Bank,9.93541E+13,KKBK5939638
SELL1488,"Bhakta, Anand and Shere",bhaktaanandandshere@gmail.com,+91 60139 00155,10-03-2026,LOC0005,3.5,Stationery,HDFC Bank,8900305685,HDFC3949507
SELL1489,Wali Group,waligroup6187@gmail.com,+91 74724 28858,12-04-2023,LOC0056,2.6,Health,Union Bank of India,6.19472E+11,UBIN1054861
SELL1490,Wagle-Babu,wagle-babu@gmail.com,+91 79480 47986,04-02-2026,LOC0005,3.4,Electronics,ICICI Bank,5.82572E+13,ICIC8555786
SELL1491,"Bath, Sood and Setty",bathsoodandsetty6132@gmail.com,+91 84523 10834,09-12-2025,LOC0095,4.9,Automotive,Canara Bank,28643672381,CNRB6662390
SELL1492,"Mani, Thaker and Bedi",manithakerandbedi5083@gmail.com,+91 86410 89030,13-05-2024,LOC0064,1.8,Office Supplies,Union Bank of India,5.48233E+12,UBIN4508933
SELL1493,"Dhar, Kata and Chatterjee",dharkataandchatterjee4885@gmail.com,+91 87736 42107,02-03-2022,LOC0040,1.8,Beauty,HDFC Bank,2913487612,HDFC7948302
SELL1494,"Iyer, Chaudhuri and Kalla",iyerchaudhuriandkalla6739@gmail.com,+91 73553 11480,11-08-2022,LOC0082,2.6,Electronics,IndusInd Bank,7.21403E+12,INDB8511631
SELL1495,"Ravel, Dora and Manne",raveldoraandmanne@gmail.com,+91 93625 82564,12-10-2024,LOC0041,1.7,Sports,Kotak Mahindra Bank,36347731740,KKBK6324834
SELL1496,Kamdar-Shenoy,kamdar-shenoy@gmail.com,+91 85171 02520,02-06-2021,LOC0090,2.4,Clothing,Canara Bank,1725268698,CNRB7167472
SELL1497,Shah LLC,shahllc@gmail.com,+91 83986 43396,18-09-2025,LOC0094,3.9,Clothing,Axis Bank,77291337931,UTIB7308440
SELL1498,De and Sons,deandsons@gmail.com,+91 75885 53212,08-08-2022,LOC0089,1.1,Music & Instruments,Kotak Mahindra Bank,2.53682E+11,KKBK9607178
SELL1499,Thakur Inc,thakurinc6751@gmail.com,+91 81319 05192,25-12-2024,LOC0044,2.3,Clothing,Kotak Mahindra Bank,5.08981E+11,KKBK6095221
SELL1500,"Mahajan, Seshadri and Bajaj",mahajanseshadriandbajaj8551@gmail.com,+91 65566 27168,19-08-2021,LOC0090,3.7,Jewellery,IndusInd Bank,1.83404E+11,INDB4131814
SELL1501,"Balay, Dass and Jani",balaydassandjani2228@gmail.com,+91 82707 56607,16-04-2023,LOC0046,3,Books,Axis Bank,9377056528,UTIB3769164
SELL1502,Dua-Lala,dua-lala@gmail.com,+91 75114 79891,01-10-2024,LOC0050,1.9,Gaming,Union Bank of India,21714180145,UBIN8761270
SELL1503,"Kade, Baral and Chada",kadebaralandchada@gmail.com,+91 63747 74048,16-09-2023,LOC0080,4.6,Music & Instruments,Union Bank of India,28205591668,UBIN2999474
SELL1504,"Goda, Jain and Bumb",godajainandbumb2610@gmail.com,+91 91242 75269,05-07-2021,LOC0016,3.6,Music & Instruments,IndusInd Bank,5695658973,INDB8602922
SELL1505,"Karan, Chander and Talwar",karanchanderandtalwar6086@gmail.com,+91 67748 54685,06-01-2024,LOC0010,3.7,Stationery,State Bank of India,9.21645E+11,SBIN6352259
SELL1506,"Ram, Shan and Kakar",ramshanandkakar@gmail.com,+91 84329 20174,21-02-2025,LOC0083,4,Stationery,ICICI Bank,8.76139E+13,ICIC5071656
SELL1507,Gopal-Hans,gopal-hans@gmail.com,+91 60123 31566,30-06-2022,LOC0062,3,Office Supplies,ICICI Bank,7983181519,ICIC2786591
SELL1508,"Khalsa, Kapoor and Rana",khalsakapoorandrana@gmail.com,+91 82317 50825,08-04-2024,LOC0059,1.5,Home,Axis Bank,4.40747E+13,UTIB6244237
SELL1509,"Chacko, Sharma and Gandhi",chackosharmaandgandhi8268@gmail.com,+91 85596 84438,06-08-2023,LOC0027,5,Sports,HDFC Bank,2570609549,HDFC4391157
SELL1510,Trivedi Group,trivedigroup@gmail.com,+91 86354 25145,07-01-2022,LOC0010,4,Music & Instruments,Canara Bank,74302750367,CNRB4372237
SELL1511,Sundaram-Rout,sundaram-rout2572@gmail.com,+91 93971 47074,12-05-2025,LOC0052,5,Clothing,ICICI Bank,3.71293E+11,ICIC4699906
SELL1512,Handa PLC,handaplc1074@gmail.com,+91 95216 66121,10-11-2021,LOC0035,1.1,Footwear,HDFC Bank,19268114505,HDFC6459612
SELL1513,Jha PLC,jhaplc9824@gmail.com,+91 90330 32494,02-04-2024,LOC0052,2.8,Baby,Punjab National Bank,8801570337,PUNB2767766
SELL1514,"Mani, Chaudhary and Sarraf",manichaudharyandsarraf8875@gmail.com,+91 93010 48994,04-11-2025,LOC0093,1.9,Pets,ICICI Bank,9.01257E+13,ICIC6616287
SELL1515,"Chad, Sagar and Bumb",chadsagarandbumb@gmail.com,+91 90649 88376,15-02-2024,LOC0034,1.7,Books,Punjab National Bank,5.40718E+11,PUNB5785558
SELL1516,Mahajan LLC,mahajanllc@gmail.com,+91 67224 96480,17-08-2023,LOC0036,2.3,Jewellery,ICICI Bank,13417448729,ICIC6655880
SELL1517,Sane Group,sanegroup7955@gmail.com,+91 85247 09527,10-08-2022,LOC0088,1.4,Office Supplies,Union Bank of India,5.5832E+12,UBIN4949168
SELL1518,"Manda, Dada and Singh",mandadadaandsingh6748@gmail.com,+91 63422 79615,24-05-2021,LOC0054,1.8,Footwear,Punjab National Bank,2215259700,PUNB6087656
SELL1519,Sur-Grover,sur-grover2260@gmail.com,+91 97709 17663,25-08-2022,LOC0032,1.7,Pets,State Bank of India,1703392562,SBIN5804852
SELL1520,Sachdeva Inc,sachdevainc8368@gmail.com,+91 66850 04994,31-05-2022,LOC0084,4.9,Baby,IndusInd Bank,2.89873E+13,INDB5467040
SELL1521,Kibe-Gera,kibe-gera8449@gmail.com,+91 91151 66300,26-02-2024,LOC0059,1.7,Electronics,Canara Bank,1.3217E+11,CNRB4492100
SELL1522,Setty Group,settygroup@gmail.com,+91 87080 44551,17-04-2025,LOC0055,3.2,Baby,Kotak Mahindra Bank,7612431714,KKBK9274124
SELL1523,Sur and Sons,surandsons@gmail.com,+91 84141 91819,04-01-2022,LOC0052,4.1,Music & Instruments,HDFC Bank,1.99091E+12,HDFC2278472
SELL1524,Chandra-Walla,chandra-walla5773@gmail.com,+91 68925 60614,15-09-2025,LOC0069,2.2,Bags & Luggage,Union Bank of India,4.28594E+13,UBIN5847684
SELL1525,Dara-Handa,dara-handa@gmail.com,+91 90630 29660,01-01-2023,LOC0012,3.4,Electronics,Axis Bank,6185082837,UTIB7581441
SELL1526,Dora-Yogi,dora-yogi@gmail.com,+91 65387 46019,18-05-2021,LOC0018,3.3,Books,HDFC Bank,6.72568E+13,HDFC8893076
SELL1527,Comar Ltd,comarltd3009@gmail.com,+91 93903 18730,21-08-2022,LOC0112,4.4,Music & Instruments,Canara Bank,3.89684E+12,CNRB1412819
SELL1528,Kade PLC,kadeplc8383@gmail.com,+91 60365 48026,09-01-2025,LOC0035,2.1,Clothing,IndusInd Bank,3.93663E+12,INDB8945930
SELL1529,Chad and Sons,chadandsons1420@gmail.com,+91 64111 91809,18-06-2024,LOC0056,1.7,Groceries,Punjab National Bank,9.0413E+11,PUNB1022829
SELL1530,"Shan, Srinivasan and Reddy",shansrinivasanandreddy9792@gmail.com,+91 94091 75409,20-07-2022,LOC0038,1.8,Gaming,HDFC Bank,84531898453,HDFC8733589
SELL1531,Sarma-Lala,sarma-lala@gmail.com,+91 60311 68651,28-07-2025,LOC0062,3.2,Electronics,Punjab National Bank,1.89284E+13,PUNB6530371
SELL1532,Verma-Bakshi,verma-bakshi@gmail.com,+91 72933 71005,30-03-2023,LOC0093,2,Automotive,State Bank of India,8.64102E+12,SBIN8015605
SELL1533,Choudhry Group,choudhrygroup@gmail.com,+91 92084 51966,31-10-2025,LOC0027,1.2,Pets,State Bank of India,81777065162,SBIN7357479
SELL1534,"Balakrishnan, Thaman and Goda",balakrishnanthamanandgoda@gmail.com,+91 74832 08271,12-05-2025,LOC0088,3.2,Jewellery,Punjab National Bank,27511939399,PUNB2373681
SELL1535,"Kaur, Joshi and Dayal",kaurjoshianddayal@gmail.com,+91 69634 00128,23-04-2021,LOC0042,3.8,Baby,HDFC Bank,5.83994E+12,HDFC1897311
SELL1536,Lalla-Sarraf,lalla-sarraf6@gmail.com,+91 68121 93285,06-08-2023,LOC0068,1,Groceries,State Bank of India,604619652,SBIN3504006
SELL1537,Amble-Bali,amble-bali@gmail.com,+91 90041 95944,28-08-2024,LOC0002,3.7,Books,Canara Bank,8.37498E+12,CNRB8016884
SELL1538,"Ravel, Dasgupta and Sodhi",raveldasguptaandsodhi@gmail.com,+91 93379 51296,22-01-2022,LOC0008,3.4,Stationery,Union Bank of India,91385790287,UBIN2271506
SELL1539,Varma PLC,varmaplc9624@gmail.com,+91 96203 93898,01-03-2024,LOC0109,3.4,Footwear,State Bank of India,1295722757,SBIN8811320
SELL1540,"Krishnamurthy, Kapadia and Rau",krishnamurthykapadiaandrau@gmail.com,+91 85542 00547,02-01-2025,LOC0081,3.2,Books,Bank of Baroda,1267945942,BARB8977818
SELL1541,Ramesh Group,rameshgroup6374@gmail.com,+91 85467 95156,25-10-2024,LOC0095,3.1,Health,Bank of Baroda,6.35458E+11,BARB6563013
SELL1542,Kashyap-Shukla,kashyap-shukla@gmail.com,+91 75496 10190,06-11-2024,LOC0031,2.1,Books,Axis Bank,4.66977E+13,UTIB7618482
SELL1543,"Vala, Iyengar and Sathe",valaiyengarandsathe4323@gmail.com,+91 72431 04718,13-06-2024,LOC0027,2.9,Sports,IndusInd Bank,6.27988E+13,INDB1674903
SELL1544,Sehgal-Dara,sehgal-dara@gmail.com,+91 62084 78667,11-10-2025,LOC0063,3.5,Health,HDFC Bank,1.84942E+13,HDFC6037843
SELL1545,Gaba Inc,gabainc3775@gmail.com,+91 91544 78169,15-11-2025,LOC0024,2.1,Footwear,Bank of Baroda,4.26875E+13,BARB5385588
SELL1546,Char LLC,charllc5220@gmail.com,+91 85366 87307,02-05-2023,LOC0111,4.9,Automotive,Axis Bank,8.17711E+13,UTIB4750309
SELL1547,Dhillon-Sinha,dhillon-sinha206@gmail.com,+91 63653 59031,27-08-2022,LOC0097,1.7,Bags & Luggage,Kotak Mahindra Bank,30486337187,KKBK8046651
SELL1548,Bhalla-Sundaram,bhalla-sundaram@gmail.com,+91 61938 27045,01-11-2022,LOC0108,2,Toys,HDFC Bank,7.17164E+11,HDFC1539836
SELL1549,"Sur, Gera and Banik",surgeraandbanik@gmail.com,+91 69842 77678,07-12-2022,LOC0106,4.2,Music & Instruments,Union Bank of India,3.37517E+12,UBIN1070152
SELL1550,Sundaram and Sons,sundaramandsons@gmail.com,+91 81862 32906,25-11-2024,LOC0083,3,Toys,ICICI Bank,9.19704E+12,ICIC7417082
SELL1551,Gera-Contractor,gera-contractor1936@gmail.com,+91 85010 83160,04-03-2022,LOC0076,4.2,Jewellery,State Bank of India,7488281458,SBIN5498712
SELL1552,"Sane, Mahal and Uppal",sanemahalanduppal@gmail.com,+91 85895 83022,25-05-2021,LOC0097,4.7,Automotive,Kotak Mahindra Bank,7.31246E+12,KKBK1258113
SELL1553,Mani-Divan,mani-divan159@gmail.com,+91 62241 69610,22-01-2025,LOC0067,2.7,Electronics,Union Bank of India,8700801577,UBIN1519052
SELL1554,Kapur LLC,kapurllc@gmail.com,+91 97980 46412,13-01-2024,LOC0005,1.9,Home,HDFC Bank,84334205629,HDFC4802508
SELL1555,Loyal PLC,loyalplc@gmail.com,+91 72676 85205,26-06-2025,LOC0106,4.8,Clothing,Bank of Baroda,9.72605E+12,BARB2349875
SELL1556,"Soni, Butala and Hayre",sonibutalaandhayre@gmail.com,+91 64378 81381,21-03-2022,LOC0038,1.4,Jewellery,Bank of Baroda,33559476452,BARB9837636
SELL1557,Suresh-Lala,suresh-lala@gmail.com,+91 84439 05849,22-02-2023,LOC0064,3.7,Books,Axis Bank,2.30073E+12,UTIB1611040
SELL1558,Loyal-Sehgal,loyal-sehgal1744@gmail.com,+91 80755 25439,14-12-2024,LOC0071,3,Home,Canara Bank,2112462926,CNRB2411952
SELL1559,Raj LLC,rajllc@gmail.com,+91 77966 98075,30-05-2025,LOC0075,2.2,Clothing,Canara Bank,9805305405,CNRB2224685
SELL1560,"Bawa, Zachariah and Koshy",bawazachariahandkoshy@gmail.com,+91 93591 83665,23-03-2026,LOC0003,2,Books,Axis Bank,1.40083E+12,UTIB8026836
SELL1561,Sachdeva Inc,sachdevainc@gmail.com,+91 85346 66705,07-01-2023,LOC0111,1.9,Office Supplies,ICICI Bank,9.41513E+13,ICIC1036669
SELL1562,Srinivasan and Sons,srinivasanandsons6119@gmail.com,+91 95634 59739,07-05-2023,LOC0027,1.5,Gaming,Union Bank of India,7.10378E+11,UBIN8981532
SELL1563,Sekhon PLC,sekhonplc@gmail.com,+91 96727 57057,26-01-2026,LOC0037,2.9,Beauty,Kotak Mahindra Bank,1.70662E+11,KKBK3558432
SELL1564,"Cheema, Kumar and Dara",cheemakumaranddara@gmail.com,+91 89799 56325,21-08-2025,LOC0092,3.9,Jewellery,Canara Bank,4.40098E+12,CNRB8790037
SELL1565,Saxena Ltd,saxenaltd@gmail.com,+91 82412 84408,31-12-2023,LOC0056,3.9,Stationery,Punjab National Bank,4.53671E+12,PUNB7454236
SELL1566,"Deo, Goda and Devan",deogodaanddevan@gmail.com,+91 65110 95940,28-06-2025,LOC0109,1.2,Home,IndusInd Bank,4.62617E+12,INDB2953494
SELL1567,"Dass, Goswami and Lanka",dassgoswamiandlanka@gmail.com,+91 61098 79404,30-11-2024,LOC0090,4.4,Footwear,ICICI Bank,5733385203,ICIC8384374
SELL1568,Dhaliwal Ltd,dhaliwalltd@gmail.com,+91 63785 22884,03-04-2021,LOC0027,3,Sports,ICICI Bank,7.83956E+13,ICIC5224018
SELL1569,"Seshadri, Doshi and Kannan",seshadridoshiandkannan@gmail.com,+91 72141 71277,04-02-2024,LOC0007,3.6,Groceries,IndusInd Bank,6.41462E+12,INDB5389293
SELL1570,Toor-Acharya,toor-acharya@gmail.com,+91 77899 08689,18-01-2024,LOC0063,4.9,Jewellery,HDFC Bank,82058418695,HDFC6498156
SELL1571,"Butala, Konda and Chada",butalakondaandchada4834@gmail.com,+91 71081 30195,09-07-2022,LOC0041,2.8,Bags & Luggage,Canara Bank,5154682057,CNRB5427698
SELL1572,"Sodhi, Char and Raval",sodhicharandraval@gmail.com,+91 97984 07794,08-07-2025,LOC0087,4.7,Footwear,HDFC Bank,14742786580,HDFC7092641
SELL1573,"Aurora, Hora and Dash",aurorahoraanddash9349@gmail.com,+91 93116 39130,01-05-2022,LOC0043,3.7,Electronics,Bank of Baroda,8.54739E+11,BARB4543131
SELL1574,"Garg, Borra and Shukla",gargborraandshukla@gmail.com,+91 83566 11067,27-06-2022,LOC0092,2.3,Beauty,Kotak Mahindra Bank,5.02991E+13,KKBK9024225
SELL1575,Sood and Sons,soodandsons@gmail.com,+91 68592 34049,06-11-2023,LOC0051,4.5,Health,Axis Bank,2643307786,UTIB1148865
SELL1576,Viswanathan Inc,viswanathaninc@gmail.com,+91 75668 59609,22-04-2025,LOC0108,2.4,Clothing,State Bank of India,87948722181,SBIN5337655
SELL1577,"Roy, Barman and Lal",roybarmanandlal6153@gmail.com,+91 88196 73163,19-03-2022,LOC0040,2.9,Music & Instruments,Punjab National Bank,7.08853E+13,PUNB9285498
SELL1578,Tata-Lala,tata-lala564@gmail.com,+91 85972 16355,16-02-2026,LOC0011,4.7,Books,Canara Bank,1.59261E+12,CNRB2160031
SELL1579,Bora Inc,borainc5808@gmail.com,+91 90796 75209,04-07-2024,LOC0082,2.7,Sports,State Bank of India,6.70511E+12,SBIN6423190
SELL1580,"Bhatnagar, Chatterjee and Rajan",bhatnagarchatterjeeandrajan@gmail.com,+91 96715 68969,03-03-2026,LOC0079,1.6,Home,Punjab National Bank,7277374064,PUNB7838076
SELL1581,"Kamdar, Tiwari and Sundaram",kamdartiwariandsundaram@gmail.com,+91 69702 34977,15-10-2025,LOC0077,1,Sports,Bank of Baroda,3.16184E+12,BARB5858239
SELL1582,Karnik Ltd,karnikltd@gmail.com,+91 62206 43808,21-10-2024,LOC0056,2.2,Footwear,HDFC Bank,2292689927,HDFC5662140
SELL1583,Bhatnagar-Krish,bhatnagar-krish@gmail.com,+91 92950 22839,17-02-2026,LOC0077,3.8,Office Supplies,HDFC Bank,7.96696E+11,HDFC8962338
SELL1584,Rama Group,ramagroup@gmail.com,+91 89905 67130,03-03-2024,LOC0038,3,Baby,Punjab National Bank,84489339184,PUNB4426654
SELL1585,Iyer and Sons,iyerandsons5251@gmail.com,+91 67624 81704,09-01-2022,LOC0022,1.1,Office Supplies,ICICI Bank,69137934906,ICIC7306992
SELL1586,"Iyengar, Bandi and Talwar",iyengarbandiandtalwar@gmail.com,+91 68785 65784,13-05-2022,LOC0012,2.1,Groceries,ICICI Bank,2.79446E+13,ICIC2346130
SELL1587,"Bala, Thaker and Thakur",balathakerandthakur@gmail.com,+91 87936 21656,25-05-2025,LOC0081,3.3,Music & Instruments,IndusInd Bank,5.03244E+12,INDB5120892
SELL1588,Master Group,mastergroup3930@gmail.com,+91 99177 00239,03-08-2024,LOC0014,3.1,Electronics,Bank of Baroda,9.38048E+13,BARB2209058
SELL1589,Toor Ltd,toorltd@gmail.com,+91 82653 90522,14-08-2021,LOC0023,2.3,Toys,Punjab National Bank,2919800491,PUNB4170290
SELL1590,Bora-Soni,bora-soni5555@gmail.com,+91 92337 51478,23-12-2022,LOC0011,1.1,Electronics,State Bank of India,82536354835,SBIN1714978
SELL1591,Gour PLC,gourplc@gmail.com,+91 99759 41078,19-10-2021,LOC0073,1.5,Pets,Punjab National Bank,1.29469E+11,PUNB9872843
SELL1592,Chakrabarti Ltd,chakrabartiltd4035@gmail.com,+91 99646 64844,07-11-2024,LOC0023,4.2,Bags & Luggage,Kotak Mahindra Bank,9.88581E+11,KKBK7086832
SELL1593,Kashyap-Ratti,kashyap-ratti@gmail.com,+91 95562 35777,21-06-2024,LOC0106,4.8,Automotive,HDFC Bank,6.27073E+11,HDFC5988123
SELL1594,Bhatnagar LLC,bhatnagarllc@gmail.com,+91 84067 86452,25-11-2021,LOC0009,1,Gaming,State Bank of India,3256645512,SBIN1019477
SELL1595,Devan-Kurian,devan-kurian3121@gmail.com,+91 83592 77042,17-04-2024,LOC0090,2.2,Home,Union Bank of India,82716686628,UBIN9210331
SELL1596,Karan-Sangha,karan-sangha@gmail.com,+91 95874 86266,05-03-2026,LOC0095,2.1,Clothing,Bank of Baroda,4.32204E+12,BARB5743561
SELL1597,Kar-Malhotra,kar-malhotra@gmail.com,+91 61513 51890,15-07-2024,LOC0056,4.5,Baby,Bank of Baroda,9.71513E+13,BARB4675426
SELL1598,"Chokshi, Dave and Kakar",chokshidaveandkakar5194@gmail.com,+91 72571 11107,06-08-2023,LOC0040,4.2,Footwear,Axis Bank,4.0468E+12,UTIB4579997
SELL1599,Jaggi PLC,jaggiplc5894@gmail.com,+91 99878 18811,14-12-2021,LOC0008,1.8,Gaming,Bank of Baroda,8008836708,BARB3768909
SELL1600,Dada-Din,dada-din9580@gmail.com,+91 96076 78458,12-01-2025,LOC0047,4.9,Home,Kotak Mahindra Bank,5.30219E+12,KKBK3663303
SELL1601,Bhandari LLC,bhandarillc2670@gmail.com,+91 60303 30970,08-11-2025,LOC0102,2.3,Health,Canara Bank,9.52089E+12,CNRB8366437
SELL1602,Sant-Bajaj,sant-bajaj3435@gmail.com,+91 84593 54599,08-07-2021,LOC0090,1.2,Pets,Bank of Baroda,13900396647,BARB3089085
SELL1603,Raju LLC,rajullc@gmail.com,+91 69230 50093,27-06-2023,LOC0096,3.6,Electronics,HDFC Bank,4.75343E+12,HDFC8401831
SELL1604,"Soman, Talwar and Varma",somantalwarandvarma@gmail.com,+91 89116 36723,29-07-2025,LOC0074,2.2,Baby,Kotak Mahindra Bank,1.01541E+12,KKBK8624363
SELL1605,"Kumar, Bhat and Dubey",kumarbhatanddubey@gmail.com,+91 96992 84843,23-08-2021,LOC0001,1.3,Beauty,Canara Bank,3.91098E+12,CNRB1250436
SELL1606,"Chacko, Issac and Mahajan",chackoissacandmahajan1344@gmail.com,+91 97544 68865,30-11-2024,LOC0051,3.5,Health,Kotak Mahindra Bank,6596055483,KKBK4039318
SELL1607,Edwin LLC,edwinllc@gmail.com,+91 85977 62692,26-06-2024,LOC0044,4.1,Beauty,State Bank of India,6.37502E+12,SBIN7850807
SELL1608,Sodhi-Shankar,sodhi-shankar@gmail.com,+91 97443 43294,18-01-2024,LOC0002,3.8,Books,Union Bank of India,16582300482,UBIN3634789
SELL1609,"Varghese, Bail and Chaudhari",varghesebailandchaudhari@gmail.com,+91 77651 93178,29-06-2022,LOC0044,1.3,Electronics,Union Bank of India,67630612250,UBIN1075686
SELL1610,Seshadri LLC,seshadrillc2352@gmail.com,+91 68423 55618,24-08-2025,LOC0044,4.4,Office Supplies,IndusInd Bank,8579653087,INDB8617052
SELL1611,Hari LLC,harillc4838@gmail.com,+91 78652 49321,30-07-2024,LOC0045,1.9,Electronics,Axis Bank,94949429398,UTIB5585081
SELL1612,"Wadhwa, Raju and Venkataraman",wadhwarajuandvenkataraman@gmail.com,+91 67381 28125,08-08-2021,LOC0105,2.1,Toys,ICICI Bank,6.95419E+12,ICIC2801285
SELL1613,"Salvi, Bhandari and Sankaran",salvibhandariandsankaran8506@gmail.com,+91 70691 65490,25-07-2023,LOC0037,3.2,Clothing,Punjab National Bank,54226115775,PUNB5946638
SELL1614,"Lata, Madan and Ramanathan",latamadanandramanathan8417@gmail.com,+91 99461 85521,25-06-2021,LOC0105,1.9,Groceries,Kotak Mahindra Bank,3.31782E+11,KKBK9401211
SELL1615,Mann and Sons,mannandsons3666@gmail.com,+91 77675 25438,08-08-2023,LOC0004,4.8,Baby,Union Bank of India,9117908278,UBIN6305302
SELL1616,"Sampath, Agrawal and Dugar",sampathagrawalanddugar2370@gmail.com,+91 78677 25585,10-03-2026,LOC0018,4.2,Office Supplies,Axis Bank,12671832433,UTIB3202806
SELL1617,"Ramanathan, Bedi and Bajaj",ramanathanbediandbajaj@gmail.com,+91 71107 29709,09-08-2021,LOC0059,4.5,Office Supplies,Canara Bank,22110093719,CNRB8301758
SELL1618,Kar Group,kargroup9169@gmail.com,+91 65458 11451,30-01-2024,LOC0023,2.6,Books,Union Bank of India,9.76684E+13,UBIN8606215
SELL1619,Varma Inc,varmainc8393@gmail.com,+91 88987 62085,20-08-2023,LOC0090,4.6,Baby,Bank of Baroda,3.64998E+12,BARB6461503
SELL1620,"Mallick, Chakrabarti and Manne",mallickchakrabartiandmanne5669@gmail.com,+91 98856 25862,03-03-2024,LOC0059,2.4,Footwear,Axis Bank,490676764,UTIB6638143
SELL1621,"Thakur, Krishna and Agarwal",thakurkrishnaandagarwal8064@gmail.com,+91 85932 55577,16-05-2021,LOC0098,2.7,Books,Axis Bank,2085556444,UTIB2269744
SELL1622,Sheth-Varty,sheth-varty@gmail.com,+91 81054 00634,03-09-2023,LOC0012,3.6,Groceries,State Bank of India,9.40932E+11,SBIN3566129
SELL1623,Varma-Sengupta,varma-sengupta9571@gmail.com,+91 70381 46897,26-02-2026,LOC0076,3.2,Home,HDFC Bank,96274388700,HDFC9333590
SELL1624,Sarkar PLC,sarkarplc@gmail.com,+91 65027 37952,15-01-2026,LOC0017,2,Books,Canara Bank,73525298676,CNRB9124508
SELL1625,Iyengar Inc,iyengarinc@gmail.com,+91 65482 61026,10-05-2023,LOC0111,3.4,Groceries,IndusInd Bank,58983838544,INDB2572515
SELL1626,Karpe Ltd,karpeltd819@gmail.com,+91 78772 98158,05-07-2024,LOC0064,2.5,Automotive,Bank of Baroda,1129695905,BARB5098115
SELL1627,Shere-Walla,shere-walla9146@gmail.com,+91 66649 14146,25-03-2025,LOC0037,2.9,Automotive,HDFC Bank,2.53512E+12,HDFC9418858
SELL1628,"Chandra, Saraf and Gulati",chandrasarafandgulati@gmail.com,+91 63935 18791,09-07-2024,LOC0031,4,Jewellery,State Bank of India,6.08242E+12,SBIN5595306
SELL1629,"Bahl, Bhatt and Vora",bahlbhattandvora1067@gmail.com,+91 66491 22647,04-04-2021,LOC0085,1.8,Gaming,Union Bank of India,5.57111E+13,UBIN9189117
SELL1630,Saran Ltd,saranltd@gmail.com,+91 86941 49464,28-05-2023,LOC0026,2.7,Office Supplies,Canara Bank,36065151792,CNRB9465864
SELL1631,"Kale, Chanda and Vala",kalechandaandvala@gmail.com,+91 74195 39535,13-06-2024,LOC0080,4.6,Jewellery,ICICI Bank,70229158791,ICIC3896790
SELL1632,Brahmbhatt Group,brahmbhattgroup@gmail.com,+91 71590 62441,27-06-2025,LOC0052,2.1,Clothing,IndusInd Bank,7.70875E+13,INDB2214653
SELL1633,"Ganesan, Vala and Ramesh",ganesanvalaandramesh@gmail.com,+91 67426 94211,03-02-2024,LOC0113,4.4,Bags & Luggage,ICICI Bank,6.54004E+11,ICIC6195678
SELL1634,"Kant, Ravel and Vig",kantravelandvig@gmail.com,+91 71395 33317,14-07-2024,LOC0027,2.1,Sports,HDFC Bank,47581134845,HDFC2561044
SELL1635,"Borra, Sami and Dubey",borrasamianddubey@gmail.com,+91 76349 03215,15-11-2025,LOC0109,2.6,Gaming,Union Bank of India,9.89679E+12,UBIN7409791
SELL1636,Goyal Ltd,goyalltd@gmail.com,+91 93616 41220,07-06-2024,LOC0049,3.8,Toys,State Bank of India,9.05033E+12,SBIN8520918
SELL1637,"Mand, Sem and Borah",mandsemandborah@gmail.com,+91 64043 54398,18-09-2023,LOC0044,1.7,Footwear,Canara Bank,9.264E+11,CNRB9976760
SELL1638,"Jain, Doctor and Sidhu",jaindoctorandsidhu8088@gmail.com,+91 80056 56448,20-07-2022,LOC0042,3.8,Pets,IndusInd Bank,5.14896E+13,INDB1055046
SELL1639,Balan-Suresh,balan-suresh@gmail.com,+91 91887 72929,14-08-2021,LOC0087,2,Gaming,State Bank of India,1.65785E+11,SBIN9003233
SELL1640,Sridhar Inc,sridharinc@gmail.com,+91 67984 29040,22-03-2026,LOC0021,4.6,Health,Punjab National Bank,91398373332,PUNB1474061
SELL1641,Warrior Inc,warriorinc@gmail.com,+91 99561 86494,25-08-2024,LOC0113,3.5,Health,ICICI Bank,2.01778E+11,ICIC7772730
SELL1642,Sibal-Seth,sibal-seth@gmail.com,+91 96425 07681,10-11-2025,LOC0053,1.1,Groceries,HDFC Bank,84422764374,HDFC7240369
SELL1643,"Gole, Rao and Dalal",goleraoanddalal3187@gmail.com,+91 78620 19104,02-03-2023,LOC0080,1.1,Beauty,Kotak Mahindra Bank,3.19218E+11,KKBK8801935
SELL1644,"Bajaj, Baral and Bahri",bajajbaralandbahri@gmail.com,+91 97309 46434,31-03-2024,LOC0031,1.5,Bags & Luggage,Canara Bank,2.24962E+11,CNRB1015571
SELL1645,Garg-Balasubramanian,garg-balasubramanian@gmail.com,+91 72702 99083,24-08-2021,LOC0070,2.2,Footwear,Union Bank of India,8.50562E+11,UBIN5207628
SELL1646,Gaba-Sengupta,gaba-sengupta3546@gmail.com,+91 64035 46168,12-06-2021,LOC0028,4.2,Music & Instruments,HDFC Bank,4.49E+11,HDFC3031415
SELL1647,Bhatt-Sastry,bhatt-sastry@gmail.com,+91 76837 32609,07-01-2023,LOC0018,4.6,Automotive,Bank of Baroda,20008715153,BARB2580889
SELL1648,Khanna Inc,khannainc@gmail.com,+91 90917 02885,09-12-2025,LOC0005,1.7,Baby,Axis Bank,3.2045E+13,UTIB9968375
SELL1649,Devan-Chada,devan-chada2293@gmail.com,+91 92272 17486,17-01-2026,LOC0016,3.6,Home,Bank of Baroda,8.6646E+13,BARB5378704
SELL1650,Kibe-Gara,kibe-gara@gmail.com,+91 95935 59639,31-10-2022,LOC0036,2.3,Groceries,HDFC Bank,7374440929,HDFC9827628
SELL1651,"Bal, Barad and Rajagopalan",balbaradandrajagopalan@gmail.com,+91 88718 92687,15-04-2023,LOC0064,1.8,Footwear,Union Bank of India,44979922242,UBIN6338040
SELL1652,Bala Group,balagroup9903@gmail.com,+91 96091 51346,30-09-2025,LOC0044,4.5,Stationery,Union Bank of India,9.05603E+11,UBIN4835688
SELL1653,Bahl Group,bahlgroup5586@gmail.com,+91 79479 00847,13-06-2021,LOC0011,4.6,Sports,Canara Bank,78800466736,CNRB7276967
SELL1654,Verma and Sons,vermaandsons@gmail.com,+91 64982 25092,12-08-2022,LOC0017,2.5,Gaming,Axis Bank,3.84684E+13,UTIB6003376
SELL1655,Ravi-De,ravi-de@gmail.com,+91 68796 18050,24-11-2021,LOC0079,1.1,Sports,Punjab National Bank,4.3722E+13,PUNB2863663
SELL1656,Kannan-Varty,kannan-varty@gmail.com,+91 84786 50177,17-12-2023,LOC0054,2.9,Music & Instruments,Axis Bank,28076228268,UTIB1744589
SELL1657,Singh-Gole,singh-gole@gmail.com,+91 72497 85017,04-09-2021,LOC0019,1.7,Sports,Canara Bank,8289515225,CNRB4486831
SELL1658,Desai-Chhabra,desai-chhabra@gmail.com,+91 84120 10703,20-03-2023,LOC0062,4,Sports,HDFC Bank,5.16084E+12,HDFC9194079
SELL1659,Kaul and Sons,kaulandsons8774@gmail.com,+91 68637 83433,11-11-2021,LOC0065,1.5,Toys,IndusInd Bank,1.40001E+11,INDB3108790
SELL1660,Shanker Ltd,shankerltd6544@gmail.com,+91 63035 90851,11-06-2024,LOC0089,3.1,Jewellery,HDFC Bank,2.08817E+11,HDFC3742065
SELL1661,"Varma, Bal and Kothari",varmabalandkothari6254@gmail.com,+91 78847 22084,02-02-2025,LOC0040,1.1,Electronics,Bank of Baroda,3433153351,BARB2457630
SELL1662,Agrawal-Sinha,agrawal-sinha@gmail.com,+91 86924 52236,20-05-2023,LOC0113,1.1,Automotive,State Bank of India,9.64032E+12,SBIN4624454
SELL1663,Krishnamurthy LLC,krishnamurthyllc2819@gmail.com,+91 74673 76425,08-10-2021,LOC0109,4.9,Stationery,Bank of Baroda,7.5063E+11,BARB7375652
SELL1664,Kapadia-Ramanathan,kapadia-ramanathan3494@gmail.com,+91 84398 28730,22-05-2025,LOC0021,3.2,Beauty,Canara Bank,4734860776,CNRB8818276
SELL1665,Sampath-Bath,sampath-bath@gmail.com,+91 90624 35955,27-09-2025,LOC0027,1.5,Clothing,HDFC Bank,8.52381E+12,HDFC7986434
SELL1666,Sagar PLC,sagarplc8826@gmail.com,+91 75401 66936,23-01-2025,LOC0043,3.1,Sports,Canara Bank,3665216876,CNRB5095962
SELL1667,Mand-Bala,mand-bala256@gmail.com,+91 95188 61291,31-07-2022,LOC0104,3.4,Jewellery,Kotak Mahindra Bank,4.7608E+12,KKBK8499509
SELL1668,Lad-Krishnan,lad-krishnan4308@gmail.com,+91 99169 53776,01-05-2024,LOC0002,1.7,Home,Bank of Baroda,6.61269E+11,BARB3062316
SELL1669,"Ramesh, Sankar and Mani",rameshsankarandmani1258@gmail.com,+91 89819 62760,27-08-2022,LOC0098,1.8,Home,Canara Bank,5246734936,CNRB6974886
SELL1670,Banerjee-Badami,banerjee-badami@gmail.com,+91 63222 63326,30-12-2022,LOC0022,4.8,Jewellery,Axis Bank,1.27997E+11,UTIB3393717
SELL1671,Sehgal-Upadhyay,sehgal-upadhyay4637@gmail.com,+91 73693 89492,02-07-2025,LOC0008,4.8,Home,State Bank of India,7.59275E+13,SBIN8191185
SELL1672,Mangal-Sunder,mangal-sunder@gmail.com,+91 66044 24802,04-08-2023,LOC0085,4.5,Electronics,Axis Bank,2.1309E+13,UTIB7762072
SELL1673,Borra Group,borragroup80@gmail.com,+91 82701 41699,25-03-2024,LOC0013,3,Baby,ICICI Bank,78414407287,ICIC2586646
SELL1674,Garg and Sons,gargandsons8553@gmail.com,+91 99300 21628,12-10-2022,LOC0032,2.4,Electronics,State Bank of India,6.58973E+11,SBIN9432125
SELL1675,"Lata, Varghese and Sagar",latavargheseandsagar@gmail.com,+91 83735 28602,19-10-2022,LOC0053,2.2,Baby,Bank of Baroda,75212232246,BARB5570567
SELL1676,Kala-Khanna,kala-khanna@gmail.com,+91 70551 79476,27-04-2022,LOC0018,1.6,Pets,Kotak Mahindra Bank,9.79342E+12,KKBK1805086
SELL1677,Dutt-Sharma,dutt-sharma@gmail.com,+91 76292 69359,04-11-2021,LOC0035,4.1,Bags & Luggage,Bank of Baroda,7.31509E+11,BARB1016680
SELL1678,Karan-Master,karan-master3901@gmail.com,+91 85793 33087,09-10-2022,LOC0026,3.2,Automotive,Canara Bank,1492014384,CNRB3466819
SELL1679,Sridhar-Dhingra,sridhar-dhingra5435@gmail.com,+91 89383 26655,07-10-2022,LOC0052,1.1,Jewellery,Union Bank of India,5.14971E+12,UBIN5443617
SELL1680,"Raval, Dar and Raman",ravaldarandraman@gmail.com,+91 60593 67292,05-08-2022,LOC0065,1.8,Pets,Punjab National Bank,64396472872,PUNB2069311
SELL1681,"Deep, Sundaram and Kale",deepsundaramandkale5942@gmail.com,+91 71891 54197,17-12-2024,LOC0080,2.5,Sports,State Bank of India,7.13391E+13,SBIN3729415
SELL1682,"Kohli, Dugal and Doctor",kohlidugalanddoctor@gmail.com,+91 99020 86964,07-07-2021,LOC0002,1.1,Music & Instruments,IndusInd Bank,1.07067E+11,INDB1843610
SELL1683,Kala Inc,kalainc@gmail.com,+91 70484 73715,22-05-2022,LOC0070,4.2,Music & Instruments,Axis Bank,5.89688E+13,UTIB7817025
SELL1684,Sawhney-Hans,sawhney-hans2352@gmail.com,+91 68777 43045,18-06-2023,LOC0075,3.8,Pets,Union Bank of India,1.13578E+12,UBIN6019863
SELL1685,"Kaul, Saha and Vohra",kaulsahaandvohra@gmail.com,+91 91892 44421,24-06-2025,LOC0073,2.2,Footwear,IndusInd Bank,9061250314,INDB5910653
SELL1686,"Wali, Chopra and Setty",walichopraandsetty@gmail.com,+91 89832 95953,09-06-2025,LOC0037,4.4,Toys,State Bank of India,9.46364E+13,SBIN6022070
SELL1687,"Char, Goel and Bhargava",chargoelandbhargava4748@gmail.com,+91 86281 80114,23-05-2025,LOC0096,3.8,Beauty,Canara Bank,7.09792E+12,CNRB3150898
SELL1688,"Rege, Sarma and Bakshi",regesarmaandbakshi4926@gmail.com,+91 96572 31856,11-02-2025,LOC0022,4.2,Footwear,Bank of Baroda,5.3397E+13,BARB3416753
SELL1689,Som-Atwal,som-atwal2615@gmail.com,+91 94146 84354,23-03-2023,LOC0106,3.4,Books,Union Bank of India,1438517639,UBIN4609131
SELL1690,Anand LLC,anandllc@gmail.com,+91 85395 12011,20-03-2022,LOC0009,2.6,Clothing,State Bank of India,8.45594E+12,SBIN1839173
SELL1691,Keer PLC,keerplc8267@gmail.com,+91 65958 00158,12-12-2022,LOC0047,3.3,Music & Instruments,IndusInd Bank,1756559297,INDB5536446
SELL1692,Gulati-Kumer,gulati-kumer@gmail.com,+91 85150 63881,09-05-2023,LOC0061,1.8,Toys,Canara Bank,71474315023,CNRB5773042
SELL1693,Dass and Sons,dassandsons@gmail.com,+91 63720 75238,11-08-2024,LOC0092,3.3,Music & Instruments,Bank of Baroda,4.99204E+13,BARB2879110
SELL1694,"Srinivas, Varughese and Sahni",srinivasvarugheseandsahni@gmail.com,+91 62289 32905,24-05-2022,LOC0013,4.4,Gaming,Kotak Mahindra Bank,897731016,KKBK3368358
SELL1695,"Bandi, Suri and Ravel",bandisuriandravel@gmail.com,+91 88512 11286,14-07-2024,LOC0094,1.3,Bags & Luggage,Punjab National Bank,3.28576E+11,PUNB2775737
SELL1696,"Sharma, Sahota and Goda",sharmasahotaandgoda@gmail.com,+91 86522 10732,24-06-2024,LOC0048,4.9,Music & Instruments,State Bank of India,9.22567E+12,SBIN6098349
SELL1697,Bhat-Srivastava,bhat-srivastava8124@gmail.com,+91 93341 48459,28-11-2024,LOC0094,4.6,Baby,HDFC Bank,5.75781E+12,HDFC1254942
SELL1698,Bajwa-Krishnan,bajwa-krishnan@gmail.com,+91 95448 74358,01-04-2022,LOC0058,2.7,Beauty,IndusInd Bank,73764913355,INDB4819027
SELL1699,Devan-Deep,devan-deep@gmail.com,+91 96869 78388,10-09-2023,LOC0100,4.9,Books,Union Bank of India,9102174540,UBIN7327856
SELL1700,Mahal-Dubey,mahal-dubey@gmail.com,+91 85983 82889,30-12-2024,LOC0018,1,Pets,Kotak Mahindra Bank,2.68781E+11,KKBK9281289
SELL1701,"Ahuja, Kaul and Varghese",ahujakaulandvarghese@gmail.com,+91 72097 69250,05-05-2025,LOC0042,4.7,Health,Canara Bank,45580837854,CNRB5464761
SELL1702,Wable-Sant,wable-sant@gmail.com,+91 95365 12095,06-07-2024,LOC0026,1.9,Clothing,Kotak Mahindra Bank,9.05809E+13,KKBK4975793
SELL1703,Kalita and Sons,kalitaandsons4317@gmail.com,+91 90407 63989,17-01-2023,LOC0011,3.9,Beauty,IndusInd Bank,5.12813E+12,INDB6469404
SELL1704,Lanka Inc,lankainc4924@gmail.com,+91 70534 52799,01-09-2025,LOC0055,3.5,Footwear,ICICI Bank,4.62671E+13,ICIC7731425
SELL1705,Savant-Bansal,savant-bansal4995@gmail.com,+91 71420 28596,14-12-2023,LOC0088,1.8,Bags & Luggage,State Bank of India,8.46595E+13,SBIN9117808
SELL1706,Borra-Mani,borra-mani1062@gmail.com,+91 86458 69229,18-09-2022,LOC0053,4.5,Beauty,Bank of Baroda,6.57571E+13,BARB9599914
SELL1707,Chandran Group,chandrangroup@gmail.com,+91 77999 04934,28-02-2023,LOC0021,2.8,Electronics,Canara Bank,1.28182E+12,CNRB1695797
SELL1708,"Deshpande, Das and Hayer",deshpandedasandhayer@gmail.com,+91 72448 92030,22-04-2023,LOC0072,3.2,Pets,State Bank of India,8.34888E+11,SBIN1765643
SELL1709,"Thakur, Mani and Srinivasan",thakurmaniandsrinivasan@gmail.com,+91 87902 39180,19-08-2025,LOC0103,4.5,Beauty,Canara Bank,4702360287,CNRB4430070
SELL1710,Sathe Inc,satheinc@gmail.com,+91 79804 46062,08-10-2024,LOC0001,4,Automotive,Axis Bank,8.00325E+11,UTIB7559165
SELL1711,Mani PLC,maniplc@gmail.com,+91 76295 31819,10-02-2023,LOC0037,1.3,Clothing,Kotak Mahindra Bank,6.0083E+11,KKBK5665749
SELL1712,"Raja, Ratta and Badal",rajarattaandbadal@gmail.com,+91 98162 48304,23-03-2023,LOC0051,2.2,Gaming,Punjab National Bank,4.78908E+13,PUNB4968781
SELL1713,Thaker PLC,thakerplc@gmail.com,+91 79679 48942,25-02-2023,LOC0043,3,Stationery,Axis Bank,2.34017E+13,UTIB8138028
SELL1714,Bahl-Mann,bahl-mann8804@gmail.com,+91 79226 55998,02-02-2022,LOC0094,3.4,Stationery,IndusInd Bank,3.38131E+12,INDB7070259
SELL1715,"Ramakrishnan, Bumb and Bansal",ramakrishnanbumbandbansal@gmail.com,+91 77106 11856,15-10-2025,LOC0106,1.3,Jewellery,Union Bank of India,9900312932,UBIN5050693
SELL1716,Tata-Ben,tata-ben@gmail.com,+91 77201 52573,03-09-2021,LOC0066,1,Music & Instruments,Bank of Baroda,9061164216,BARB2827073
SELL1717,"Varma, Singh and Chaudhry",varmasinghandchaudhry8957@gmail.com,+91 81702 16554,30-04-2021,LOC0035,3.7,Stationery,Canara Bank,6.88467E+12,CNRB9404457
SELL1718,Jain-Khare,jain-khare@gmail.com,+91 94756 41208,02-11-2021,LOC0017,2.3,Baby,Bank of Baroda,1.16266E+11,BARB3222703
SELL1719,Divan-Bhakta,divan-bhakta4087@gmail.com,+91 77562 31064,15-02-2024,LOC0082,2.8,Baby,ICICI Bank,9.33785E+13,ICIC6023153
SELL1720,Bhatia-Walla,bhatia-walla@gmail.com,+91 61949 41593,03-04-2023,LOC0002,1.5,Music & Instruments,HDFC Bank,4.2696E+12,HDFC1505445
SELL1721,"Kadakia, Jha and Talwar",kadakiajhaandtalwar4742@gmail.com,+91 71328 40996,27-01-2023,LOC0004,4.3,Jewellery,ICICI Bank,5500911493,ICIC2158256
SELL1722,Maharaj and Sons,maharajandsons2922@gmail.com,+91 64829 54752,07-04-2025,LOC0110,3.3,Groceries,Bank of Baroda,4.51024E+12,BARB8063823
SELL1723,Hora-Badami,hora-badami312@gmail.com,+91 91128 75880,03-02-2023,LOC0073,3.1,Toys,Union Bank of India,1.35466E+11,UBIN3680466
SELL1724,"Dass, Agarwal and Setty",dassagarwalandsetty6237@gmail.com,+91 95747 27079,07-06-2022,LOC0018,2.4,Jewellery,IndusInd Bank,5.80479E+12,INDB2614895
SELL1725,Dhillon-Iyengar,dhillon-iyengar@gmail.com,+91 94203 27622,24-09-2023,LOC0098,3.2,Office Supplies,Axis Bank,2.73575E+12,UTIB2961879
SELL1726,Chopra-Shroff,chopra-shroff@gmail.com,+91 90823 82851,20-11-2022,LOC0041,1.5,Pets,Axis Bank,3066868435,UTIB4792587
SELL1727,Devan Group,devangroup5106@gmail.com,+91 77002 23075,04-02-2024,LOC0065,4.7,Groceries,HDFC Bank,84099239692,HDFC5527341
SELL1728,Dash Ltd,dashltd@gmail.com,+91 64391 73455,23-11-2025,LOC0055,4.4,Clothing,ICICI Bank,7661721312,ICIC4519957
SELL1729,Bhatti PLC,bhattiplc2860@gmail.com,+91 78217 38030,19-01-2023,LOC0110,4.7,Toys,Punjab National Bank,8.2091E+11,PUNB2365993
SELL1730,"Ray, Yohannan and Sibal",rayyohannanandsibal@gmail.com,+91 76083 52939,19-04-2022,LOC0027,1.6,Automotive,Canara Bank,8.63832E+11,CNRB1603802
SELL1731,Magar-Vaidya,magar-vaidya@gmail.com,+91 97749 79617,13-01-2025,LOC0066,3.1,Electronics,Punjab National Bank,9860222725,PUNB7995195
SELL1732,Sagar Group,sagargroup2031@gmail.com,+91 70194 13567,20-12-2021,LOC0055,3.2,Electronics,Axis Bank,7.27209E+13,UTIB2250273
SELL1733,"Sampath, Chand and Chahal",sampathchandandchahal@gmail.com,+91 63088 65024,06-01-2025,LOC0043,3.1,Beauty,HDFC Bank,8359767799,HDFC4991977
SELL1734,Ben-Balasubramanian,ben-balasubramanian5460@gmail.com,+91 96766 64892,02-05-2025,LOC0005,3.9,Pets,Axis Bank,21013933574,UTIB2574874
SELL1735,Ranganathan-Badal,ranganathan-badal@gmail.com,+91 81363 56970,30-11-2025,LOC0102,1.3,Jewellery,Punjab National Bank,3.18078E+11,PUNB6977762
SELL1736,Bajwa-Sura,bajwa-sura@gmail.com,+91 75170 68278,01-12-2025,LOC0073,3,Automotive,Axis Bank,9.0057E+12,UTIB5816711
SELL1737,"Sridhar, Rout and Konda",sridharroutandkonda1516@gmail.com,+91 81837 34419,12-06-2023,LOC0027,3.9,Pets,HDFC Bank,82564712355,HDFC7221667
SELL1738,Kohli LLC,kohlillc6752@gmail.com,+91 81721 83892,08-01-2026,LOC0087,4.5,Automotive,Axis Bank,6.60176E+13,UTIB3457655
SELL1739,Bhasin and Sons,bhasinandsons3058@gmail.com,+91 83395 86092,25-05-2021,LOC0058,4.4,Baby,Kotak Mahindra Bank,6.75956E+12,KKBK4147827
SELL1740,"Madan, Master and Borah",madanmasterandborah4009@gmail.com,+91 85020 95516,11-11-2022,LOC0100,2.3,Toys,Axis Bank,4748729999,UTIB5755799
SELL1741,"Choudhry, Sarkar and Devan",choudhrysarkaranddevan@gmail.com,+91 74490 32328,09-09-2025,LOC0071,4.5,Home,HDFC Bank,1.84081E+12,HDFC1204054
SELL1742,Iyengar-Khatri,iyengar-khatri@gmail.com,+91 63782 05740,17-05-2023,LOC0103,1.2,Clothing,Bank of Baroda,78245653788,BARB2655578
SELL1743,Apte-Srivastava,apte-srivastava6468@gmail.com,+91 64463 03379,02-07-2021,LOC0086,2.3,Gaming,ICICI Bank,46479300456,ICIC1057927
SELL1744,"Shere, Chaudry and Garg",sherechaudryandgarg@gmail.com,+91 87464 02995,09-08-2025,LOC0080,4.9,Pets,Union Bank of India,53276175194,UBIN1504160
SELL1745,"Chada, Soman and Bakshi",chadasomanandbakshi5691@gmail.com,+91 77548 07399,02-07-2023,LOC0109,1.7,Groceries,State Bank of India,91445363144,SBIN8995023
SELL1746,Bhat-Jha,bhat-jha@gmail.com,+91 66423 14165,26-09-2023,LOC0088,3.7,Gaming,Punjab National Bank,8.19767E+12,PUNB3420397
SELL1747,Bal Inc,balinc865@gmail.com,+91 89126 75170,19-12-2022,LOC0089,4.7,Health,Axis Bank,4.58526E+12,UTIB5676763
SELL1748,"Rout, Tiwari and Varma",routtiwariandvarma@gmail.com,+91 90592 03251,06-04-2025,LOC0003,2.1,Books,Bank of Baroda,88996939421,BARB6705946
SELL1749,Chauhan Ltd,chauhanltd@gmail.com,+91 60485 58541,09-01-2024,LOC0095,4.3,Electronics,HDFC Bank,96100316497,HDFC2535885
SELL1750,Tella-Ravel,tella-ravel@gmail.com,+91 87248 58469,28-11-2023,LOC0111,2.2,Office Supplies,Axis Bank,8.3097E+12,UTIB3236996
SELL1751,Gara Inc,garainc9310@gmail.com,+91 75147 76315,14-01-2024,LOC0059,4.1,Automotive,Kotak Mahindra Bank,3664493727,KKBK4022280
SELL1752,Jaggi and Sons,jaggiandsons@gmail.com,+91 75453 89587,21-10-2021,LOC0107,3.8,Groceries,Kotak Mahindra Bank,7531079551,KKBK5451388
SELL1753,Bath-Aurora,bath-aurora5268@gmail.com,+91 83749 43783,26-12-2025,LOC0005,4.1,Pets,Bank of Baroda,954308960,BARB1924051
SELL1754,Dey-Yadav,dey-yadav@gmail.com,+91 67550 55991,26-02-2024,LOC0014,1.1,Jewellery,Canara Bank,7965026136,CNRB7662414
SELL1755,Apte-Raval,apte-raval@gmail.com,+91 95861 49805,12-11-2021,LOC0072,2.9,Clothing,ICICI Bank,3.66346E+13,ICIC8650353
SELL1756,"Roy, Khurana and Rastogi",roykhuranaandrastogi@gmail.com,+91 95262 39415,24-07-2023,LOC0021,4.9,Music & Instruments,Canara Bank,2.62022E+13,CNRB4945959
SELL1757,Bhavsar Inc,bhavsarinc9430@gmail.com,+91 96279 28383,28-09-2023,LOC0028,1.9,Gaming,Canara Bank,1.03667E+12,CNRB8095534
SELL1758,"Sarkar, Garde and Choudhury",sarkargardeandchoudhury@gmail.com,+91 98438 14972,16-10-2021,LOC0104,2.8,Books,HDFC Bank,9.83583E+13,HDFC2524115
SELL1759,"Chada, Sarna and Chatterjee",chadasarnaandchatterjee@gmail.com,+91 88559 39249,14-08-2021,LOC0034,3,Automotive,Axis Bank,9957997254,UTIB4026154
SELL1760,Kaul-Krishnamurthy,kaul-krishnamurthy@gmail.com,+91 72987 77059,01-09-2023,LOC0023,2.4,Toys,Canara Bank,54765937362,CNRB4264953
SELL1761,Balan-Bhatia,balan-bhatia@gmail.com,+91 64937 77841,13-04-2021,LOC0036,1.4,Pets,State Bank of India,4.23123E+13,SBIN7067349
SELL1762,Sheth-Apte,sheth-apte@gmail.com,+91 77522 87903,09-12-2023,LOC0106,2.5,Electronics,HDFC Bank,6.53052E+13,HDFC5505098
SELL1763,Tandon-Gaba,tandon-gaba@gmail.com,+91 94294 56939,14-04-2024,LOC0033,4.9,Electronics,HDFC Bank,2740569766,HDFC5379145
SELL1764,"Vora, Wagle and Din",vorawagleanddin@gmail.com,+91 81369 66874,01-01-2023,LOC0045,3.7,Bags & Luggage,Bank of Baroda,7.46396E+11,BARB8243115
SELL1765,Gaba Group,gabagroup@gmail.com,+91 63969 77219,22-02-2025,LOC0111,4.6,Jewellery,Bank of Baroda,4.50937E+12,BARB5126944
SELL1766,Rama Group,ramagroup2358@gmail.com,+91 96452 27407,14-06-2022,LOC0018,3,Electronics,State Bank of India,1502297337,SBIN2255312
SELL1767,"Dugar, Sidhu and Rege",dugarsidhuandrege@gmail.com,+91 64442 61513,03-07-2021,LOC0050,4.4,Automotive,State Bank of India,8.8038E+12,SBIN7141167
SELL1768,Balan Inc,balaninc@gmail.com,+91 61360 84542,31-05-2023,LOC0027,4.7,Gaming,Canara Bank,9.27566E+13,CNRB8460984
SELL1769,"Sabharwal, Bose and Ganesan",sabharwalboseandganesan@gmail.com,+91 74005 63956,04-06-2024,LOC0105,4.1,Home,HDFC Bank,2.69915E+13,HDFC8740130
SELL1770,"Goel, Halder and Korpal",goelhalderandkorpal2667@gmail.com,+91 93655 25137,13-08-2021,LOC0014,2.1,Electronics,Kotak Mahindra Bank,7.2039E+13,KKBK3854998
SELL1771,Kalla and Sons,kallaandsons@gmail.com,+91 65802 01298,09-03-2024,LOC0007,3.5,Gaming,IndusInd Bank,5.8299E+11,INDB7661934
SELL1772,Babu-Sharma,babu-sharma8986@gmail.com,+91 65804 84502,18-08-2024,LOC0063,3.4,Footwear,Punjab National Bank,75119676255,PUNB1794889
SELL1773,Choudhary Group,choudharygroup@gmail.com,+91 89654 19068,31-01-2022,LOC0017,2.1,Baby,IndusInd Bank,7.91638E+13,INDB2178100
SELL1774,Mane Ltd,maneltd@gmail.com,+91 81733 91602,22-10-2022,LOC0041,1.2,Sports,Canara Bank,7.36236E+11,CNRB4554526
SELL1775,"Din, Mani and Ghose",dinmaniandghose9257@gmail.com,+91 65841 41960,27-02-2025,LOC0032,2.9,Groceries,Union Bank of India,9.50769E+12,UBIN8659789
SELL1776,Chandra Inc,chandrainc4942@gmail.com,+91 90961 48615,10-04-2025,LOC0074,2.5,Music & Instruments,State Bank of India,6.61583E+11,SBIN8038369
SELL1777,Bhardwaj-Thakkar,bhardwaj-thakkar5222@gmail.com,+91 92968 95441,26-01-2024,LOC0076,3.8,Books,Punjab National Bank,9.14408E+12,PUNB2799780
SELL1778,Gaba and Sons,gabaandsons@gmail.com,+91 96636 38827,17-07-2023,LOC0024,4.5,Gaming,Kotak Mahindra Bank,2.98285E+13,KKBK8425546
SELL1779,"Basu, Krishna and Badal",basukrishnaandbadal81@gmail.com,+91 79203 79222,19-08-2021,LOC0051,2.1,Clothing,HDFC Bank,5.31575E+11,HDFC7199873
SELL1780,Sarin Inc,sarininc@gmail.com,+91 99974 88421,21-10-2024,LOC0076,1.2,Footwear,HDFC Bank,2.19866E+12,HDFC3978996
SELL1781,"Mandal, Sem and Tella",mandalsemandtella@gmail.com,+91 67988 85966,11-09-2023,LOC0032,1.5,Pets,State Bank of India,5.1518E+13,SBIN6873169
SELL1782,Master-Doshi,master-doshi@gmail.com,+91 90443 23272,27-09-2023,LOC0113,2.5,Beauty,Punjab National Bank,47089365479,PUNB2143161
SELL1783,Balay-Soni,balay-soni@gmail.com,+91 83480 65353,21-11-2024,LOC0077,2.2,Beauty,State Bank of India,7.78993E+12,SBIN1212271
SELL1784,Raj-Korpal,raj-korpal5358@gmail.com,+91 73495 32098,03-11-2025,LOC0043,3,Health,HDFC Bank,3.76114E+13,HDFC1546767
SELL1785,Thakkar PLC,thakkarplc8884@gmail.com,+91 87679 03882,04-10-2024,LOC0054,1.1,Toys,Bank of Baroda,3.11536E+13,BARB6169616
SELL1786,Dube Ltd,dubeltd@gmail.com,+91 92080 75440,26-10-2022,LOC0087,2.6,Home,State Bank of India,9.93246E+11,SBIN2241219
SELL1787,Chaudhuri-Tata,chaudhuri-tata@gmail.com,+91 60483 89089,13-08-2023,LOC0014,4.3,Baby,Punjab National Bank,2109160705,PUNB3630439
SELL1788,Baria-Bobal,baria-bobal955@gmail.com,+91 93257 20262,29-09-2022,LOC0048,2.7,Sports,HDFC Bank,2.22766E+12,HDFC1724111
SELL1789,Soni Group,sonigroup4867@gmail.com,+91 61379 58911,05-02-2025,LOC0004,2.1,Footwear,Bank of Baroda,9297258605,BARB7446812
SELL1790,Shan-Deshpande,shan-deshpande@gmail.com,+91 73425 99962,10-04-2022,LOC0102,5,Bags & Luggage,ICICI Bank,9.98075E+12,ICIC1689421
SELL1791,"Rout, Randhawa and Dhar",routrandhawaanddhar4206@gmail.com,+91 93282 70089,17-02-2025,LOC0016,4,Beauty,Kotak Mahindra Bank,21446764008,KKBK1738316
SELL1792,Jha-Balan,jha-balan@gmail.com,+91 68544 35341,27-08-2022,LOC0109,3.5,Beauty,State Bank of India,2.31108E+12,SBIN6077772
SELL1793,Hora LLC,horallc@gmail.com,+91 99039 51990,22-02-2022,LOC0110,2.1,Electronics,Kotak Mahindra Bank,3.8372E+13,KKBK6244163
SELL1794,Bhandari-Bassi,bhandari-bassi@gmail.com,+91 82492 70127,03-03-2023,LOC0076,4.3,Beauty,IndusInd Bank,6.38804E+13,INDB1009179
SELL1795,Ramakrishnan Group,ramakrishnangroup2335@gmail.com,+91 96050 75743,23-08-2024,LOC0019,3.9,Stationery,IndusInd Bank,513158487,INDB2391504
SELL1796,"Saha, Bhalla and Kapur",sahabhallaandkapur3922@gmail.com,+91 84162 36325,25-06-2021,LOC0049,4.6,Pets,Union Bank of India,7.57601E+13,UBIN5495555
SELL1797,"Chander, Ramaswamy and Borra",chanderramaswamyandborra1301@gmail.com,+91 68326 08543,16-06-2021,LOC0060,4.7,Sports,Kotak Mahindra Bank,3.33904E+11,KKBK5650372
SELL1798,Vaidya LLC,vaidyallc5414@gmail.com,+91 96413 44875,24-01-2023,LOC0015,4.2,Toys,HDFC Bank,2268022763,HDFC1748667
SELL1799,Som PLC,somplc5018@gmail.com,+91 76896 80111,01-10-2024,LOC0059,4,Baby,Axis Bank,94450773080,UTIB1768897
SELL1800,Kamdar-Lata,kamdar-lata@gmail.com,+91 91454 80144,04-12-2021,LOC0003,4.5,Clothing,Kotak Mahindra Bank,9.9337E+11,KKBK2333324
SELL1801,Batra Inc,batrainc5724@gmail.com,+91 89938 11379,10-03-2023,LOC0029,3.7,Jewellery,Bank of Baroda,5017005024,BARB5184964
SELL1802,"Sarin, Krishna and Bal",sarinkrishnaandbal9254@gmail.com,+91 84797 98600,11-06-2023,LOC0074,2.2,Home,Union Bank of India,67158357616,UBIN4866718
SELL1803,Sharma Group,sharmagroup4281@gmail.com,+91 96486 39346,30-12-2021,LOC0095,2.1,Electronics,Axis Bank,7.40454E+11,UTIB7103941
SELL1804,"Boase, Gaba and Kalla",boasegabaandkalla@gmail.com,+91 84587 12782,17-02-2024,LOC0028,4.9,Footwear,Canara Bank,98009027370,CNRB5478432
SELL1805,Agate-Grover,agate-grover@gmail.com,+91 64190 78354,09-04-2025,LOC0102,2.7,Electronics,Canara Bank,75022589517,CNRB2571071
SELL1806,Buch Group,buchgroup9121@gmail.com,+91 81636 98145,29-01-2023,LOC0087,4.1,Stationery,State Bank of India,3.12954E+13,SBIN5619347
SELL1807,Salvi Ltd,salviltd6543@gmail.com,+91 83644 12142,30-11-2024,LOC0048,4.7,Footwear,Bank of Baroda,8.89929E+12,BARB8571124
SELL1808,"Sama, Salvi and Ramanathan",samasalviandramanathan@gmail.com,+91 98626 84884,20-01-2024,LOC0106,1.1,Music & Instruments,ICICI Bank,5032273813,ICIC2599640
SELL1809,"Dey, Batra and Sachar",deybatraandsachar@gmail.com,+91 91541 68271,08-11-2022,LOC0058,1.2,Health,IndusInd Bank,65022979863,INDB7254898
SELL1810,Jhaveri Group,jhaverigroup@gmail.com,+91 95491 46008,09-09-2023,LOC0052,1.9,Automotive,HDFC Bank,5.0842E+13,HDFC7175648
SELL1811,Chana-Gala,chana-gala779@gmail.com,+91 97205 12508,08-11-2024,LOC0015,3.1,Music & Instruments,Union Bank of India,4.11133E+12,UBIN3638680
SELL1812,Bhalla LLC,bhallallc@gmail.com,+91 91829 14015,19-11-2021,LOC0006,1.7,Bags & Luggage,Axis Bank,3.41153E+12,UTIB3612348
SELL1813,Tiwari-Datta,tiwari-datta@gmail.com,+91 96594 38685,31-03-2023,LOC0096,1.1,Health,Punjab National Bank,26224892770,PUNB7203246
SELL1814,Sarraf Group,sarrafgroup@gmail.com,+91 62367 63121,13-04-2023,LOC0010,2.6,Baby,Axis Bank,2051160923,UTIB7289943
SELL1815,Manne Inc,manneinc1131@gmail.com,+91 89370 93737,30-05-2022,LOC0040,4.4,Clothing,ICICI Bank,5.19177E+11,ICIC4670827
SELL1816,Yogi-Karan,yogi-karan6619@gmail.com,+91 68318 41941,02-04-2022,LOC0099,3.6,Electronics,Bank of Baroda,5.59678E+13,BARB9450706
SELL1817,Bhandari LLC,bhandarillc@gmail.com,+91 62403 67184,25-05-2021,LOC0096,1.5,Bags & Luggage,Axis Bank,9.13793E+12,UTIB5194600
SELL1818,Tiwari and Sons,tiwariandsons@gmail.com,+91 62680 49766,18-08-2021,LOC0017,1.4,Office Supplies,State Bank of India,9.77261E+13,SBIN5786690
SELL1819,"Deshpande, Ganesh and Dhar",deshpandeganeshanddhar@gmail.com,+91 69365 36805,11-11-2023,LOC0008,4.1,Stationery,Kotak Mahindra Bank,9240291048,KKBK8203006
SELL1820,Badami and Sons,badamiandsons@gmail.com,+91 66325 41169,12-11-2021,LOC0045,3.4,Stationery,Axis Bank,7.06209E+12,UTIB7604795
SELL1821,Chawla-Borde,chawla-borde@gmail.com,+91 70193 45839,27-06-2022,LOC0037,4.2,Gaming,State Bank of India,5316163943,SBIN5816204
SELL1822,Toor-Ganguly,toor-ganguly@gmail.com,+91 86902 07300,20-08-2021,LOC0060,4.3,Toys,Punjab National Bank,5907491220,PUNB4082953
SELL1823,Bains-Bhalla,bains-bhalla3416@gmail.com,+91 63254 46560,04-05-2023,LOC0027,2.2,Health,Axis Bank,7058443429,UTIB7207472
SELL1824,Srivastava Ltd,srivastavaltd@gmail.com,+91 60192 37351,21-11-2022,LOC0082,4.5,Health,IndusInd Bank,7.74366E+11,INDB5685620
SELL1825,Mammen-Bora,mammen-bora@gmail.com,+91 88256 10737,01-11-2023,LOC0008,3.3,Electronics,Kotak Mahindra Bank,4.03422E+12,KKBK3186444
SELL1826,Badami Inc,badamiinc@gmail.com,+91 97181 30163,19-07-2023,LOC0044,3.8,Electronics,Canara Bank,5.08491E+11,CNRB1952258
SELL1827,"Mandal, Kohli and Karnik",mandalkohliandkarnik5772@gmail.com,+91 86792 01867,25-08-2025,LOC0113,3.2,Music & Instruments,Axis Bank,8.80529E+12,UTIB7460232
SELL1828,Raman-Salvi,raman-salvi4292@gmail.com,+91 84208 56029,24-07-2023,LOC0069,1.7,Bags & Luggage,Punjab National Bank,9.56381E+12,PUNB1923423
SELL1829,"Ganesh, Doctor and Chanda",ganeshdoctorandchanda@gmail.com,+91 77094 65196,14-10-2025,LOC0042,4.1,Footwear,Canara Bank,2.56855E+12,CNRB3627357
SELL1830,Kale Inc,kaleinc@gmail.com,+91 70280 02590,05-01-2025,LOC0036,1.4,Home,Axis Bank,3.65862E+11,UTIB4790527
SELL1831,"Varughese, Das and Barman",varughesedasandbarman@gmail.com,+91 62306 09574,03-10-2024,LOC0053,1.3,Gaming,Canara Bank,3.85088E+12,CNRB2949801
SELL1832,Shankar Ltd,shankarltd3555@gmail.com,+91 93845 23357,23-10-2025,LOC0046,2,Home,Union Bank of India,5.44393E+12,UBIN7710717
SELL1833,Kala-Garg,kala-garg@gmail.com,+91 91996 41559,22-03-2023,LOC0093,4.7,Gaming,Punjab National Bank,5371055291,PUNB9721341
SELL1834,Atwal LLC,atwalllc2424@gmail.com,+91 60004 84004,27-03-2024,LOC0037,2.5,Gaming,Bank of Baroda,1.59871E+12,BARB3259316
SELL1835,Gole PLC,goleplc@gmail.com,+91 91024 25173,12-12-2022,LOC0104,1,Footwear,ICICI Bank,3.27009E+12,ICIC4886859
SELL1836,"Chopra, Ahluwalia and Chanda",chopraahluwaliaandchanda@gmail.com,+91 73998 33767,29-11-2023,LOC0066,2.8,Bags & Luggage,Axis Bank,8.71824E+13,UTIB7374919
SELL1837,"Krishnamurthy, Cheema and Dutta",krishnamurthycheemaanddutta@gmail.com,+91 98078 78503,27-06-2024,LOC0062,2.2,Health,Canara Bank,1.53055E+13,CNRB5466437
SELL1838,Lanka-Dube,lanka-dube50@gmail.com,+91 81722 54684,05-06-2022,LOC0006,2.2,Electronics,HDFC Bank,6018378673,HDFC5594029
SELL1839,Kulkarni Group,kulkarnigroup1941@gmail.com,+91 83141 38200,10-04-2025,LOC0084,2.6,Stationery,ICICI Bank,3.92559E+11,ICIC1896847
SELL1840,"Barman, Sane and Behl",barmansaneandbehl@gmail.com,+91 82097 84643,25-03-2024,LOC0034,5,Automotive,Union Bank of India,1.58312E+12,UBIN9114150
SELL1841,Shukla and Sons,shuklaandsons@gmail.com,+91 82783 22658,26-07-2021,LOC0113,1.4,Jewellery,ICICI Bank,7.07643E+11,ICIC7308781
SELL1842,Iyer-Ramesh,iyer-ramesh@gmail.com,+91 73203 37689,22-06-2025,LOC0064,1.1,Bags & Luggage,Punjab National Bank,4.16358E+11,PUNB3459205
SELL1843,"Sood, Baria and Korpal",soodbariaandkorpal2293@gmail.com,+91 89542 94246,07-12-2023,LOC0074,3.6,Bags & Luggage,Kotak Mahindra Bank,7.89538E+11,KKBK9855687
SELL1844,Dhar-Varty,dhar-varty2914@gmail.com,+91 84341 19098,17-12-2025,LOC0085,3.1,Books,State Bank of India,6996535512,SBIN1670096
SELL1845,"Thaker, Balasubramanian and Tandon",thakerbalasubramanianandtandon1162@gmail.com,+91 66026 79195,06-02-2024,LOC0038,4.6,Automotive,ICICI Bank,1.21116E+11,ICIC6209404
SELL1846,Srinivasan Inc,srinivasaninc9090@gmail.com,+91 88555 45257,02-06-2024,LOC0059,1.5,Books,ICICI Bank,3.30321E+13,ICIC3172340
SELL1847,Agate-Sharma,agate-sharma7697@gmail.com,+91 67890 53926,21-09-2022,LOC0018,4.3,Jewellery,Punjab National Bank,1.02343E+11,PUNB8163393
SELL1848,Gopal Inc,gopalinc@gmail.com,+91 79282 15174,02-01-2026,LOC0037,3.1,Stationery,Axis Bank,9149978731,UTIB9830819
SELL1849,"Dyal, Bobal and Gokhale",dyalbobalandgokhale@gmail.com,+91 75921 60175,12-01-2023,LOC0034,1.8,Health,Punjab National Bank,1.3133E+12,PUNB7301017
SELL1850,"Agarwal, Balan and Zacharia",agarwalbalanandzacharia@gmail.com,+91 70338 40920,25-11-2023,LOC0070,4.5,Baby,Punjab National Bank,4.2929E+13,PUNB5565773
SELL1851,Mani-Yogi,mani-yogi@gmail.com,+91 73268 79550,10-01-2022,LOC0036,3.9,Automotive,Punjab National Bank,2.46082E+11,PUNB9513496
SELL1852,Rau Group,raugroup9172@gmail.com,+91 86223 17520,24-07-2024,LOC0014,4.2,Electronics,Canara Bank,71390575702,CNRB7618817
SELL1853,"Amble, Grewal and Devan",amblegrewalanddevan@gmail.com,+91 76393 30436,22-07-2021,LOC0106,3.4,Sports,Bank of Baroda,5.17193E+12,BARB4343132
SELL1854,Buch Inc,buchinc@gmail.com,+91 65542 32481,27-06-2021,LOC0103,1.9,Bags & Luggage,ICICI Bank,2.53414E+13,ICIC1370698
SELL1855,"Mani, Doshi and Deep",manidoshianddeep@gmail.com,+91 98065 03924,02-08-2022,LOC0020,4.8,Stationery,State Bank of India,5149447424,SBIN6624554
SELL1856,"Gokhale, Bose and Dugar",gokhaleboseanddugar6652@gmail.com,+91 70449 23966,25-06-2025,LOC0098,4.4,Pets,Punjab National Bank,6.16046E+13,PUNB8074573
SELL1857,Khanna-Jayaraman,khanna-jayaraman@gmail.com,+91 73429 25913,08-03-2022,LOC0015,3.4,Baby,Union Bank of India,9.79772E+11,UBIN9676884
SELL1858,"Mandal, Ramachandran and Ghosh",mandalramachandranandghosh@gmail.com,+91 77704 25327,19-03-2022,LOC0070,3.7,Health,IndusInd Bank,8.64417E+11,INDB7620483
SELL1859,Jhaveri-Vyas,jhaveri-vyas6477@gmail.com,+91 75456 23168,10-07-2024,LOC0070,4.8,Home,Union Bank of India,33231412396,UBIN3488351
SELL1860,Vasa-Verma,vasa-verma6468@gmail.com,+91 81366 52376,31-10-2021,LOC0086,4.5,Stationery,Punjab National Bank,2.99742E+11,PUNB6430689
SELL1861,Dora Inc,dorainc@gmail.com,+91 76415 64797,22-05-2022,LOC0002,3.2,Home,Union Bank of India,5.95072E+13,UBIN7289810
SELL1862,Bhargava-Kapadia,bhargava-kapadia@gmail.com,+91 69167 15370,03-05-2022,LOC0079,3.6,Books,Bank of Baroda,7952403258,BARB9901942
SELL1863,"Dhaliwal, Gala and Walla",dhaliwalgalaandwalla@gmail.com,+91 91205 43173,10-01-2024,LOC0051,2,Beauty,IndusInd Bank,3997697776,INDB8700002
SELL1864,Sarna Inc,sarnainc5601@gmail.com,+91 92043 90647,08-02-2025,LOC0046,3.7,Sports,Kotak Mahindra Bank,1742488149,KKBK5856210
SELL1865,Dhawan-Chaudhry,dhawan-chaudhry@gmail.com,+91 65598 49533,23-02-2022,LOC0041,3,Electronics,Kotak Mahindra Bank,8.11692E+12,KKBK4310996
SELL1866,Kalla PLC,kallaplc@gmail.com,+91 70096 33475,20-09-2023,LOC0072,4.8,Baby,ICICI Bank,5152693835,ICIC1233625
SELL1867,"Dugar, Magar and Deo",dugarmagaranddeo@gmail.com,+91 83459 27278,02-02-2023,LOC0110,1.9,Clothing,Kotak Mahindra Bank,3.65579E+13,KKBK4191652
SELL1868,Sheth-Dugar,sheth-dugar@gmail.com,+91 99781 23859,16-07-2025,LOC0075,2.9,Electronics,ICICI Bank,6.47141E+13,ICIC9564519
SELL1869,Banerjee-Mani,banerjee-mani@gmail.com,+91 81699 97741,07-03-2024,LOC0016,1.2,Footwear,Punjab National Bank,4.12772E+12,PUNB7781096
SELL1870,"Gopal, Vig and Loke",gopalvigandloke7132@gmail.com,+91 83304 47829,30-10-2021,LOC0022,4.7,Home,Kotak Mahindra Bank,26884215388,KKBK2919721
SELL1871,Kala Group,kalagroup3244@gmail.com,+91 82346 11728,23-09-2023,LOC0021,2.1,Automotive,ICICI Bank,1392695694,ICIC2283660
SELL1872,Rau and Sons,rauandsons@gmail.com,+91 72163 94877,19-11-2021,LOC0097,4.3,Stationery,Punjab National Bank,6.3532E+13,PUNB2204002
SELL1873,"Bora, Sarma and Mann",borasarmaandmann4402@gmail.com,+91 63608 37864,25-11-2023,LOC0015,1.8,Office Supplies,State Bank of India,98506633523,SBIN4792642
SELL1874,"Deol, Rana and Kala",deolranaandkala@gmail.com,+91 63686 64181,01-10-2021,LOC0098,1.7,Electronics,HDFC Bank,4.45531E+12,HDFC2326275
SELL1875,"Sangha, Salvi and Sane",sanghasalviandsane@gmail.com,+91 99466 16587,10-01-2022,LOC0061,1.8,Sports,ICICI Bank,6.5954E+12,ICIC3654717
SELL1876,Kaul Ltd,kaulltd6028@gmail.com,+91 77680 54356,19-05-2023,LOC0060,2.9,Gaming,Canara Bank,5509923269,CNRB5241255
SELL1877,Sridhar-Sachar,sridhar-sachar6807@gmail.com,+91 72128 99269,02-07-2024,LOC0067,4.4,Sports,Bank of Baroda,3.42982E+12,BARB5580415
SELL1878,"Srivastava, Bhattacharyya and Sehgal",srivastavabhattacharyyaandsehgal6844@gmail.com,+91 85663 41621,11-08-2024,LOC0012,4,Baby,HDFC Bank,8.17946E+12,HDFC4692062
SELL1879,Grover and Sons,groverandsons4545@gmail.com,+91 64693 32217,06-10-2023,LOC0097,3.7,Footwear,State Bank of India,8.00028E+13,SBIN6472539
SELL1880,Sami PLC,samiplc2017@gmail.com,+91 75662 01009,28-04-2025,LOC0060,4.9,Electronics,Kotak Mahindra Bank,5.63538E+13,KKBK8976255
SELL1881,Lata-Barad,lata-barad1095@gmail.com,+91 95835 16155,21-02-2026,LOC0113,2.1,Groceries,Punjab National Bank,54812808149,PUNB1925159
SELL1882,Kara-Chaudry,kara-chaudry@gmail.com,+91 68096 18486,09-09-2021,LOC0085,2.9,Office Supplies,Kotak Mahindra Bank,5.06235E+11,KKBK1879163
SELL1883,Goel Ltd,goelltd@gmail.com,+91 97408 13085,24-11-2022,LOC0036,4.2,Jewellery,ICICI Bank,2.12948E+13,ICIC5280619
SELL1884,Roy LLC,royllc@gmail.com,+91 65110 67644,18-10-2022,LOC0093,1.4,Home,Kotak Mahindra Bank,73435604227,KKBK4938640
SELL1885,"Kala, Kapur and Solanki",kalakapurandsolanki9040@gmail.com,+91 84245 77985,01-10-2022,LOC0029,3,Office Supplies,IndusInd Bank,4510955725,INDB7152217
SELL1886,"Ahuja, Setty and Warrior",ahujasettyandwarrior@gmail.com,+91 63991 31299,08-03-2023,LOC0086,3.6,Home,ICICI Bank,3348899578,ICIC3276674
SELL1887,Buch-Bakshi,buch-bakshi@gmail.com,+91 68313 06259,06-08-2022,LOC0039,3.3,Gaming,Axis Bank,3292617593,UTIB3904309
SELL1888,Ramaswamy Group,ramaswamygroup@gmail.com,+91 87816 88983,26-10-2024,LOC0104,2.2,Gaming,State Bank of India,3.38843E+13,SBIN6327564
SELL1889,"Gopal, Kala and Raval",gopalkalaandraval6147@gmail.com,+91 81505 83744,03-11-2025,LOC0042,3.7,Automotive,Kotak Mahindra Bank,34025499188,KKBK3970325
SELL1890,Datta LLC,dattallc@gmail.com,+91 64916 57450,22-11-2022,LOC0078,2.7,Groceries,IndusInd Bank,7569724942,INDB1679288
SELL1891,Kota-Venkatesh,kota-venkatesh3901@gmail.com,+91 76104 83384,22-05-2022,LOC0044,1.8,Health,Bank of Baroda,8.84833E+13,BARB5802245
SELL1892,Khare Ltd,khareltd@gmail.com,+91 74146 48238,18-06-2025,LOC0082,2.4,Music & Instruments,Bank of Baroda,9.14833E+13,BARB9646396
SELL1893,Wable-Sarna,wable-sarna8271@gmail.com,+91 76779 45700,15-05-2024,LOC0084,1.1,Toys,Bank of Baroda,2.67753E+12,BARB2467646
SELL1894,Samra Inc,samrainc242@gmail.com,+91 60254 44545,11-01-2023,LOC0017,2.8,Home,ICICI Bank,37911684853,ICIC2752907
SELL1895,"Mane, Atwal and Swaminathan",maneatwalandswaminathan4583@gmail.com,+91 99774 65985,07-11-2021,LOC0033,4.5,Books,Bank of Baroda,2.249E+11,BARB7770874
SELL1896,Rastogi-Kala,rastogi-kala@gmail.com,+91 76518 54470,22-03-2025,LOC0004,4,Clothing,HDFC Bank,3218310434,HDFC8146377
SELL1897,Shankar Inc,shankarinc@gmail.com,+91 75690 93112,20-02-2024,LOC0084,3.9,Office Supplies,Punjab National Bank,57982077189,PUNB3203995
SELL1898,"Bhatti, Bedi and Som",bhattibediandsom@gmail.com,+91 98073 67323,25-08-2022,LOC0037,2.2,Health,IndusInd Bank,8.20044E+11,INDB6779980
SELL1899,"Toor, Dalal and Kale",toordalalandkale@gmail.com,+91 60637 00329,21-08-2024,LOC0052,2.4,Footwear,Axis Bank,6.76256E+13,UTIB7575497
SELL1900,Dasgupta and Sons,dasguptaandsons8723@gmail.com,+91 63226 77941,20-11-2022,LOC0061,4.6,Pets,State Bank of India,103511289,SBIN7200285
SELL1901,"Warrior, Sachar and Kurian",warriorsacharandkurian@gmail.com,+91 60201 24997,11-12-2024,LOC0088,2.4,Music & Instruments,IndusInd Bank,4649657001,INDB2259716
SELL1902,Shukla-Taneja,shukla-taneja@gmail.com,+91 76532 76546,25-01-2023,LOC0043,4.6,Home,Union Bank of India,5401998314,UBIN3811203
SELL1903,Kaul LLC,kaulllc2837@gmail.com,+91 79647 58330,13-11-2025,LOC0113,2.3,Beauty,ICICI Bank,8.98627E+11,ICIC4059600
SELL1904,"Ganesan, Shroff and Krish",ganesanshroffandkrish@gmail.com,+91 81753 10851,19-06-2023,LOC0089,4.6,Health,Kotak Mahindra Bank,8.85643E+13,KKBK8001283
SELL1905,Sidhu-Sehgal,sidhu-sehgal@gmail.com,+91 91170 96977,16-02-2023,LOC0060,3.5,Baby,Union Bank of India,3.91048E+13,UBIN3873553
SELL1906,Srinivasan-Agrawal,srinivasan-agrawal@gmail.com,+91 73964 98988,27-01-2026,LOC0065,2.1,Toys,Bank of Baroda,5797598859,BARB6914591
SELL1907,Ghose-Sama,ghose-sama@gmail.com,+91 62621 87350,03-09-2024,LOC0073,4.2,Automotive,Union Bank of India,61008142196,UBIN4014522
SELL1908,Hayer Inc,hayerinc@gmail.com,+91 73310 51141,23-03-2025,LOC0017,3.4,Health,HDFC Bank,6829177448,HDFC5687193
SELL1909,"Chaudhari, Sarna and Chhabra",chaudharisarnaandchhabra6436@gmail.com,+91 69989 56968,15-03-2024,LOC0053,4.1,Beauty,Union Bank of India,3.40687E+12,UBIN6422968
SELL1910,Mannan-Dixit,mannan-dixit@gmail.com,+91 94960 47256,09-10-2025,LOC0089,3.8,Electronics,Axis Bank,5.11097E+12,UTIB8715420
SELL1911,Sampath-Dalal,sampath-dalal@gmail.com,+91 94210 67676,26-06-2025,LOC0102,2.8,Home,Kotak Mahindra Bank,5.15454E+12,KKBK1084460
SELL1912,Chauhan LLC,chauhanllc@gmail.com,+91 70900 11490,07-12-2025,LOC0087,3.8,Gaming,Canara Bank,1.45053E+11,CNRB8459981
SELL1913,Bhasin Inc,bhasininc@gmail.com,+91 83889 71548,29-04-2022,LOC0009,2.3,Bags & Luggage,Kotak Mahindra Bank,9.77634E+13,KKBK7570149
SELL1914,"Chowdhury, Khalsa and Karan",chowdhurykhalsaandkaran7498@gmail.com,+91 77181 45375,26-02-2025,LOC0056,3.8,Sports,IndusInd Bank,4036671282,INDB3124904
SELL1915,"Bava, Das and Kamdar",bavadasandkamdar2803@gmail.com,+91 90688 55832,26-09-2022,LOC0002,4.4,Footwear,ICICI Bank,3.21468E+13,ICIC5672810
SELL1916,Sodhi-Jaggi,sodhi-jaggi@gmail.com,+91 73678 03599,23-09-2025,LOC0045,3.2,Groceries,Axis Bank,2473809801,UTIB1730292
SELL1917,Bhasin Group,bhasingroup@gmail.com,+91 92420 72024,01-08-2024,LOC0003,2.4,Automotive,IndusInd Bank,6.18671E+12,INDB3537900
SELL1918,"Jain, Brar and Bahri",jainbrarandbahri@gmail.com,+91 85119 99845,10-05-2023,LOC0025,3.2,Stationery,Canara Bank,4.20937E+12,CNRB3826049
SELL1919,Anne-Lanka,anne-lanka7910@gmail.com,+91 80830 80439,02-12-2025,LOC0049,1.1,Automotive,Bank of Baroda,1.52779E+11,BARB2604061
SELL1920,Krishnamurthy-Kapoor,krishnamurthy-kapoor@gmail.com,+91 65262 48879,02-09-2022,LOC0109,1.5,Clothing,Union Bank of India,1.10315E+11,UBIN7234919
SELL1921,Sankaran-Taneja,sankaran-taneja2830@gmail.com,+91 71883 02300,25-08-2023,LOC0017,1.2,Automotive,Canara Bank,87763404093,CNRB7609662
SELL1922,Barman and Sons,barmanandsons1314@gmail.com,+91 96031 19440,19-08-2021,LOC0099,3.6,Footwear,IndusInd Bank,6.2069E+12,INDB8913512
SELL1923,Kothari-Konda,kothari-konda6760@gmail.com,+91 75509 25639,14-02-2025,LOC0089,4,Jewellery,Axis Bank,9.15941E+11,UTIB9808584
SELL1924,Sabharwal Group,sabharwalgroup8674@gmail.com,+91 78670 42946,22-12-2021,LOC0050,4.7,Clothing,Punjab National Bank,1071412305,PUNB5761126
SELL1925,Saran Inc,saraninc@gmail.com,+91 64898 55183,13-05-2022,LOC0092,4.3,Home,IndusInd Bank,9314063721,INDB4804529
SELL1926,Venkataraman-Acharya,venkataraman-acharya6474@gmail.com,+91 67642 07289,04-04-2024,LOC0103,2.1,Sports,State Bank of India,7313163594,SBIN9016090
SELL1927,"Dora, Warrior and Mane",dorawarriorandmane@gmail.com,+91 97010 70430,19-12-2025,LOC0099,3.8,Bags & Luggage,Punjab National Bank,7.49462E+12,PUNB6537928
SELL1928,Tara-Bedi,tara-bedi@gmail.com,+91 84115 94570,18-12-2022,LOC0029,4.9,Health,Punjab National Bank,7.07283E+13,PUNB8203071
SELL1929,Anand-Rout,anand-rout8698@gmail.com,+91 92218 37529,11-09-2024,LOC0064,4.4,Groceries,Kotak Mahindra Bank,2.49169E+12,KKBK3330259
SELL1930,Sibal-Lad,sibal-lad@gmail.com,+91 80219 00945,21-12-2022,LOC0096,1.5,Beauty,Bank of Baroda,7877210171,BARB9552901
SELL1931,Sahota-Bassi,sahota-bassi@gmail.com,+91 99584 21611,10-07-2025,LOC0058,3.5,Music & Instruments,Punjab National Bank,8.21744E+11,PUNB4720596
SELL1932,Tandon Group,tandongroup@gmail.com,+91 89967 70498,06-04-2024,LOC0054,2.9,Automotive,Axis Bank,8.36629E+12,UTIB2989025
SELL1933,Amble Ltd,ambleltd4337@gmail.com,+91 68490 77968,28-11-2022,LOC0086,2.4,Jewellery,State Bank of India,6529078438,SBIN1926232
SELL1934,Manne LLC,mannellc6399@gmail.com,+91 66686 08784,04-04-2024,LOC0044,3.1,Footwear,State Bank of India,1.51059E+11,SBIN5339019
SELL1935,Ganesh-Sachar,ganesh-sachar@gmail.com,+91 89862 91872,29-04-2025,LOC0010,2.5,Groceries,Canara Bank,55697832967,CNRB6456262
SELL1936,"Wali, Comar and Sharaf",walicomarandsharaf@gmail.com,+91 82971 52902,22-05-2024,LOC0030,1.4,Automotive,Axis Bank,5.55842E+13,UTIB4061400
SELL1937,Cherian-Kumar,cherian-kumar4029@gmail.com,+91 99128 78530,09-10-2023,LOC0003,4.2,Clothing,State Bank of India,2.49783E+11,SBIN3754075
SELL1938,Hora-Choudhary,hora-choudhary@gmail.com,+91 74568 17649,27-04-2024,LOC0001,2.1,Books,Kotak Mahindra Bank,8.61697E+12,KKBK5506629
SELL1939,"Dutt, Sethi and Bhardwaj",duttsethiandbhardwaj@gmail.com,+91 60326 89223,04-05-2021,LOC0105,1.7,Books,State Bank of India,8.73848E+11,SBIN7852867
SELL1940,Wason-Dash,wason-dash1932@gmail.com,+91 75188 07497,30-03-2022,LOC0013,3.3,Jewellery,State Bank of India,1.52805E+12,SBIN3313584
SELL1941,"Jha, Chakraborty and Vaidya",jhachakrabortyandvaidya6049@gmail.com,+91 89613 27213,10-05-2021,LOC0002,4.8,Gaming,HDFC Bank,4.82045E+11,HDFC5783819
SELL1942,"Bains, Krishnan and Dutta",bainskrishnananddutta6634@gmail.com,+91 73745 42517,11-04-2023,LOC0062,3.2,Beauty,State Bank of India,4.03916E+13,SBIN5220053
SELL1943,Sawhney Inc,sawhneyinc405@gmail.com,+91 95603 44943,03-07-2021,LOC0088,1.2,Stationery,Kotak Mahindra Bank,1.44411E+12,KKBK2156949
SELL1944,Arya-Tak,arya-tak1814@gmail.com,+91 93394 28200,27-04-2024,LOC0030,4.2,Beauty,Union Bank of India,34788765653,UBIN4015310
SELL1945,Bhatt Ltd,bhattltd@gmail.com,+91 85967 53743,09-12-2024,LOC0061,3.1,Jewellery,Union Bank of India,89332123541,UBIN1746727
SELL1946,Ganesan PLC,ganesanplc@gmail.com,+91 92107 17017,03-04-2022,LOC0108,1.4,Clothing,Punjab National Bank,96572775711,PUNB2234680
SELL1947,Trivedi-Sahni,trivedi-sahni5802@gmail.com,+91 75875 99338,26-11-2025,LOC0051,4.7,Music & Instruments,Kotak Mahindra Bank,88592327380,KKBK9645831
SELL1948,"Mallick, Sharaf and Balakrishnan",mallicksharafandbalakrishnan@gmail.com,+91 96700 55897,24-12-2025,LOC0040,2.7,Music & Instruments,IndusInd Bank,8.27281E+13,INDB1223744
SELL1949,"Kaur, Singh and Bhattacharyya",kaursinghandbhattacharyya@gmail.com,+91 68264 86344,07-11-2023,LOC0067,3.3,Bags & Luggage,Punjab National Bank,53618893559,PUNB8086149
SELL1950,Sridhar Inc,sridharinc9640@gmail.com,+91 78945 48798,11-11-2022,LOC0017,5,Pets,Bank of Baroda,2169211338,BARB5646305
SELL1951,Hayer-Maharaj,hayer-maharaj8526@gmail.com,+91 78385 22212,30-03-2022,LOC0004,3.5,Sports,Punjab National Bank,62574741563,PUNB2943142
SELL1952,Sur LLC,surllc6760@gmail.com,+91 77027 97288,19-12-2024,LOC0018,1.3,Stationery,Punjab National Bank,10562868621,PUNB6375404
SELL1953,Karpe-Ramakrishnan,karpe-ramakrishnan@gmail.com,+91 76628 29360,04-10-2024,LOC0092,3.4,Electronics,State Bank of India,3.7067E+13,SBIN9792425
SELL1954,"Jhaveri, Yadav and Kata",jhaveriyadavandkata@gmail.com,+91 78412 53242,13-12-2021,LOC0072,4.6,Footwear,IndusInd Bank,2.07926E+12,INDB4728398
SELL1955,"Jhaveri, Yadav and Kurian",jhaveriyadavandkurian5378@gmail.com,+91 98431 62756,21-03-2023,LOC0099,1.1,Automotive,Union Bank of India,9624073851,UBIN4453884
SELL1956,Sundaram and Sons,sundaramandsons3464@gmail.com,+91 98473 05087,18-11-2021,LOC0071,4,Groceries,Punjab National Bank,75859002581,PUNB5897950
SELL1957,Rao LLC,raollc1808@gmail.com,+91 84107 32388,27-12-2021,LOC0058,2.8,Footwear,HDFC Bank,7.4703E+12,HDFC9570140
SELL1958,"Thaker, Warrior and Mane",thakerwarriorandmane@gmail.com,+91 71235 07541,19-03-2026,LOC0066,2.3,Sports,Canara Bank,6.89099E+12,CNRB4488439
SELL1959,Borah-Behl,borah-behl@gmail.com,+91 60632 54223,12-08-2025,LOC0013,4.5,Gaming,Axis Bank,5.53262E+12,UTIB1964709
SELL1960,Manda-Setty,manda-setty9398@gmail.com,+91 83055 91498,27-06-2022,LOC0028,2.5,Beauty,Union Bank of India,1.09911E+12,UBIN3044186
SELL1961,Tripathi-Sathe,tripathi-sathe@gmail.com,+91 67004 50124,27-12-2022,LOC0047,2.5,Health,Punjab National Bank,9.92543E+12,PUNB5633986
SELL1962,"Maharaj, Malhotra and Sandhu",maharajmalhotraandsandhu2623@gmail.com,+91 71766 41352,14-03-2026,LOC0003,2.1,Office Supplies,Bank of Baroda,3505465048,BARB9377513
SELL1963,"Sampath, Devan and Dubey",sampathdevananddubey1159@gmail.com,+91 85443 27563,19-09-2025,LOC0064,3.5,Pets,Punjab National Bank,1.53644E+12,PUNB8633610
SELL1964,"Sarin, Hayer and Babu",sarinhayerandbabu@gmail.com,+91 76781 12442,08-02-2023,LOC0099,1.1,Automotive,Bank of Baroda,7.1194E+13,BARB8086675
SELL1965,"Ramesh, Devi and Sharma",rameshdeviandsharma@gmail.com,+91 82265 02940,10-08-2021,LOC0060,1.3,Beauty,Punjab National Bank,1.14944E+13,PUNB5722216
SELL1966,Bobal-Anne,bobal-anne8719@gmail.com,+91 68084 71472,04-10-2023,LOC0062,3.1,Office Supplies,State Bank of India,2.2918E+11,SBIN2942527
SELL1967,Keer-Wali,keer-wali6029@gmail.com,+91 71065 50365,01-11-2024,LOC0021,1.7,Gaming,HDFC Bank,4.6677E+13,HDFC5058722
SELL1968,Din Inc,dininc@gmail.com,+91 63634 61413,08-03-2024,LOC0101,1.2,Pets,IndusInd Bank,9.62849E+11,INDB5640269
SELL1969,Mandal Group,mandalgroup7890@gmail.com,+91 98630 41264,19-05-2022,LOC0086,3.3,Footwear,Canara Bank,2.10524E+11,CNRB9927622
SELL1970,Bera-Iyer,bera-iyer@gmail.com,+91 79329 38729,19-05-2025,LOC0032,1.7,Toys,HDFC Bank,1.89919E+12,HDFC2915183
SELL1971,Subramaniam PLC,subramaniamplc3465@gmail.com,+91 87808 99954,20-03-2023,LOC0093,4.9,Clothing,ICICI Bank,86926666110,ICIC5578894
SELL1972,Manne-Wali,manne-wali@gmail.com,+91 77438 95513,14-10-2023,LOC0051,3.4,Clothing,State Bank of India,5.24229E+12,SBIN6823189
SELL1973,"Badami, Aurora and Doshi",badamiauroraanddoshi@gmail.com,+91 90318 48716,07-12-2023,LOC0078,2.7,Home,Kotak Mahindra Bank,7291260850,KKBK6861584
SELL1974,Sengupta-Saha,sengupta-saha6222@gmail.com,+91 75237 57170,20-02-2022,LOC0110,4,Pets,Axis Bank,7007474479,UTIB1984701
SELL1975,Rajan-Vasa,rajan-vasa5128@gmail.com,+91 61246 64701,01-09-2025,LOC0060,1.9,Music & Instruments,ICICI Bank,93446929510,ICIC9388250
SELL1976,Sachar-Jaggi,sachar-jaggi630@gmail.com,+91 80308 22420,02-08-2021,LOC0089,1.9,Pets,HDFC Bank,9979072138,HDFC8982637
SELL1977,Shere and Sons,shereandsons@gmail.com,+91 83902 76182,25-08-2021,LOC0073,4,Groceries,Canara Bank,96911875471,CNRB6061871
SELL1978,"Yohannan, Bhavsar and Bail",yohannanbhavsarandbail6861@gmail.com,+91 74505 92022,30-09-2023,LOC0027,1.5,Groceries,Kotak Mahindra Bank,522423664,KKBK3153474
SELL1979,Lata Inc,latainc8660@gmail.com,+91 94748 63637,22-07-2025,LOC0077,3.6,Automotive,Union Bank of India,1.02072E+13,UBIN2555146
SELL1980,Kumer-Suri,kumer-suri3142@gmail.com,+91 65262 15590,04-01-2026,LOC0039,4.8,Baby,Canara Bank,3.79911E+11,CNRB7821207
SELL1981,Sarna Inc,sarnainc8061@gmail.com,+91 72572 47786,16-12-2023,LOC0092,4.1,Jewellery,State Bank of India,4.34631E+13,SBIN5729739
SELL1982,Karnik and Sons,karnikandsons@gmail.com,+91 93429 73885,13-09-2023,LOC0112,4.5,Pets,Kotak Mahindra Bank,1242042554,KKBK5264814
SELL1983,"Golla, De and Krishnamurthy",golladeandkrishnamurthy9503@gmail.com,+91 71545 72652,10-05-2021,LOC0009,3.8,Pets,Axis Bank,3.29625E+12,UTIB6258483
SELL1984,Sankaran-Dhillon,sankaran-dhillon@gmail.com,+91 94128 34882,09-12-2021,LOC0049,2.1,Office Supplies,HDFC Bank,9.40784E+11,HDFC8153154
SELL1985,"Viswanathan, Verma and Malhotra",viswanathanvermaandmalhotra@gmail.com,+91 61652 89784,09-03-2023,LOC0054,3.7,Toys,Union Bank of India,5.87207E+12,UBIN4772803
SELL1986,Mahajan-Sandal,mahajan-sandal@gmail.com,+91 76325 65109,12-01-2026,LOC0082,3.1,Baby,ICICI Bank,5.97895E+11,ICIC8458818
SELL1987,Brahmbhatt-Sarma,brahmbhatt-sarma5758@gmail.com,+91 62438 44520,04-05-2024,LOC0072,2.9,Office Supplies,State Bank of India,1817963125,SBIN8680710
SELL1988,Wali-Khatri,wali-khatri8002@gmail.com,+91 97450 61658,29-08-2023,LOC0011,3.1,Toys,Canara Bank,6.63601E+12,CNRB7843232
SELL1989,"Mane, Goswami and Bora",manegoswamiandbora@gmail.com,+91 79765 80512,23-06-2021,LOC0038,1.4,Clothing,ICICI Bank,8.30381E+12,ICIC4542787
SELL1990,Kakar-Konda,kakar-konda4426@gmail.com,+91 77503 55359,24-04-2021,LOC0104,2.5,Bags & Luggage,IndusInd Bank,7.57705E+13,INDB9945697
SELL1991,Vohra LLC,vohrallc7589@gmail.com,+91 99621 16227,28-09-2023,LOC0103,2.3,Footwear,State Bank of India,1.01744E+13,SBIN2059709
SELL1992,Behl Group,behlgroup3710@gmail.com,+91 74157 81683,21-03-2023,LOC0095,2.9,Baby,Punjab National Bank,6979041482,PUNB5475936
SELL1993,"Manda, Sarma and Acharya",mandasarmaandacharya2663@gmail.com,+91 81459 27559,16-04-2024,LOC0079,3.5,Automotive,ICICI Bank,1.4798E+12,ICIC3706629
SELL1994,Krish-Suresh,krish-suresh@gmail.com,+91 65884 03498,14-05-2021,LOC0109,4.7,Health,State Bank of India,4.09752E+11,SBIN4890031
SELL1995,Lata-Divan,lata-divan8388@gmail.com,+91 99687 92877,06-01-2026,LOC0017,3.2,Automotive,Axis Bank,2.60601E+11,UTIB8625422
SELL1996,"Rattan, Sinha and Yohannan",rattansinhaandyohannan5940@gmail.com,+91 98189 09467,04-07-2021,LOC0024,1.3,Bags & Luggage,HDFC Bank,90449567914,HDFC7300249
SELL1997,"Saraf, Shroff and Babu",sarafshroffandbabu@gmail.com,+91 83127 43826,04-12-2022,LOC0091,4.7,Clothing,ICICI Bank,40284563472,ICIC9062309
SELL1998,"Toor, Rajagopal and Saxena",toorrajagopalandsaxena@gmail.com,+91 93517 48938,04-07-2024,LOC0108,1.4,Automotive,IndusInd Bank,50127903271,INDB9263875
SELL1999,Baral Ltd,baralltd437@gmail.com,+91 84287 70168,15-06-2021,LOC0062,2.1,Clothing,Kotak Mahindra Bank,4405926741,KKBK7173006
SELL2000,Ganesh LLC,ganeshllc@gmail.com,+91 63019 26875,07-07-2025,LOC0112,3.6,Health,State Bank of India,7.26111E+13,SBIN6343781
SELL2001,Ramesh and Sons,rameshandsons3579@gmail.com,+91 65079 09588,28-06-2022,LOC0099,3.8,Health,Axis Bank,42193276883,UTIB3481500
SELL2002,Sankaran-Arora,sankaran-arora@gmail.com,+91 62854 62437,06-08-2024,LOC0050,4.1,Automotive,IndusInd Bank,2.6098E+12,INDB4247706
SELL2003,Ramaswamy-Dara,ramaswamy-dara@gmail.com,+91 92284 02360,11-12-2021,LOC0013,3.2,Beauty,Punjab National Bank,96433531078,PUNB9688722
SELL2004,"Mallick, De and Chaudhuri",mallickdeandchaudhuri@gmail.com,+91 83238 68856,10-07-2025,LOC0094,4.1,Toys,Kotak Mahindra Bank,6.12903E+12,KKBK4722000
SELL2005,Dalal-Banik,dalal-banik@gmail.com,+91 67411 25408,20-12-2024,LOC0089,1.5,Books,Union Bank of India,4.64197E+13,UBIN9510425
SELL2006,"Hari, D’Alia and Wagle",harid’aliaandwagle7680@gmail.com,+91 75048 92186,20-09-2022,LOC0087,2.4,Health,State Bank of India,1.87118E+12,SBIN8809734
SELL2007,Loyal-Ravel,loyal-ravel@gmail.com,+91 70730 77768,02-08-2023,LOC0013,4.8,Groceries,Kotak Mahindra Bank,9.62176E+13,KKBK5065653
SELL2008,Buch Ltd,buchltd@gmail.com,+91 82730 68763,28-10-2024,LOC0079,1.5,Jewellery,Bank of Baroda,6.14082E+12,BARB6598882
SELL2009,Sidhu-Khare,sidhu-khare2687@gmail.com,+91 64186 02806,20-03-2023,LOC0084,1.2,Footwear,Kotak Mahindra Bank,4.30667E+12,KKBK3127033
SELL2010,Shere and Sons,shereandsons4843@gmail.com,+91 73540 84663,30-11-2021,LOC0081,3.7,Automotive,Axis Bank,2.49917E+11,UTIB8545300
SELL2011,"Iyer, Mammen and Shan",iyermammenandshan4190@gmail.com,+91 65786 35832,03-02-2022,LOC0061,2.9,Jewellery,HDFC Bank,8.69146E+12,HDFC1672048
SELL2012,"Zacharia, Tripathi and Keer",zachariatripathiandkeer@gmail.com,+91 77254 71090,15-02-2026,LOC0108,3.1,Health,State Bank of India,4768026931,SBIN1025654
SELL2013,Chawla-Rajagopalan,chawla-rajagopalan4450@gmail.com,+91 69794 42534,12-07-2023,LOC0066,1.8,Bags & Luggage,Canara Bank,74569155787,CNRB7446087
SELL2014,Lalla LLC,lallallc7446@gmail.com,+91 80000 23257,29-01-2026,LOC0069,1.3,Health,Punjab National Bank,98012886241,PUNB7072339
SELL2015,Jain and Sons,jainandsons6842@gmail.com,+91 84003 69601,02-09-2024,LOC0040,2.9,Music & Instruments,ICICI Bank,2.4387E+11,ICIC6099519
SELL2016,"Suri, Swamy and Saini",suriswamyandsaini7727@gmail.com,+91 75487 91756,18-10-2023,LOC0064,4.2,Groceries,Kotak Mahindra Bank,8300649295,KKBK6864056
SELL2017,Maharaj Ltd,maharajltd@gmail.com,+91 78500 05396,05-01-2022,LOC0011,1.1,Automotive,Union Bank of India,7.55821E+12,UBIN7927398
SELL2018,"Ben, Bedi and Keer",benbediandkeer5644@gmail.com,+91 85664 84311,02-07-2022,LOC0093,1.1,Automotive,Axis Bank,1674833697,UTIB4089446
SELL2019,Shah Inc,shahinc@gmail.com,+91 69276 44949,05-02-2025,LOC0073,4.2,Clothing,Kotak Mahindra Bank,5.11825E+11,KKBK3281838
SELL2020,Barman Group,barmangroup@gmail.com,+91 62490 62164,04-02-2023,LOC0092,2.9,Gaming,Kotak Mahindra Bank,14270634744,KKBK1947996
SELL2021,Chaudhari Ltd,chaudhariltd@gmail.com,+91 63541 17787,08-11-2025,LOC0019,2.5,Groceries,State Bank of India,66180139094,SBIN8879298
SELL2022,Sathe-Ray,sathe-ray7344@gmail.com,+91 73551 99816,30-07-2025,LOC0054,4.9,Automotive,Union Bank of India,123593939,UBIN2490817
SELL2023,"Gala, Dasgupta and Rattan",galadasguptaandrattan5566@gmail.com,+91 64454 47397,07-12-2025,LOC0043,4,Gaming,Union Bank of India,24624630684,UBIN8419304
SELL2024,"Dua, Choudhry and Sama",duachoudhryandsama@gmail.com,+91 91023 33660,29-06-2023,LOC0051,2.3,Sports,Kotak Mahindra Bank,8716519697,KKBK7344447
SELL2025,Ramakrishnan and Sons,ramakrishnanandsons2500@gmail.com,+91 73450 09818,04-07-2024,LOC0068,4.6,Bags & Luggage,ICICI Bank,1.0932E+11,ICIC3194089
SELL2026,Master-Shah,master-shah2347@gmail.com,+91 79982 17997,26-08-2025,LOC0090,3.9,Office Supplies,Union Bank of India,3576974397,UBIN9044405
SELL2027,Tandon Ltd,tandonltd@gmail.com,+91 64870 46226,30-06-2021,LOC0012,2.2,Health,State Bank of India,4.52289E+13,SBIN6650448
SELL2028,Dhar-Suri,dhar-suri1080@gmail.com,+91 60055 63443,17-11-2024,LOC0043,3.2,Toys,Bank of Baroda,6.92989E+12,BARB7986690
SELL2029,"Kunda, Mangat and Deshmukh",kundamangatanddeshmukh7420@gmail.com,+91 68157 52544,30-07-2024,LOC0017,3.9,Stationery,Punjab National Bank,1.84837E+13,PUNB9360615
SELL2030,Varma PLC,varmaplc@gmail.com,+91 84371 96757,17-04-2024,LOC0003,2,Health,IndusInd Bank,1.6004E+12,INDB9132671
SELL2031,"Hegde, Dubey and Balay",hegdedubeyandbalay6198@gmail.com,+91 95697 82456,01-03-2025,LOC0057,4.4,Beauty,Canara Bank,2.03667E+12,CNRB8635256
SELL2032,Sarma-Loyal,sarma-loyal@gmail.com,+91 63455 83131,04-06-2025,LOC0103,4.3,Stationery,Axis Bank,3793197880,UTIB7200619
SELL2033,"Venkatesh, Sachar and Ganesan",venkateshsacharandganesan4265@gmail.com,+91 78812 74270,06-02-2022,LOC0018,2.9,Health,Axis Bank,4.45187E+13,UTIB7005197
SELL2034,Devi-Kala,devi-kala3020@gmail.com,+91 81970 75919,29-10-2023,LOC0045,2.7,Health,Canara Bank,7.09787E+11,CNRB8361448
SELL2035,Kapoor Ltd,kapoorltd@gmail.com,+91 78382 15083,22-08-2023,LOC0049,3.9,Home,IndusInd Bank,2.65255E+11,INDB6299390
SELL2036,D’Alia-Swaminathan,d’alia-swaminathan5162@gmail.com,+91 63452 86778,09-02-2024,LOC0037,2.7,Office Supplies,State Bank of India,1.51273E+13,SBIN4140118
SELL2037,Sabharwal Ltd,sabharwalltd@gmail.com,+91 95792 11676,23-08-2021,LOC0102,4.4,Toys,Union Bank of India,1.88629E+11,UBIN5369211
SELL2038,"Baria, Gole and Dyal",bariagoleanddyal@gmail.com,+91 68073 20869,18-10-2025,LOC0062,2.9,Groceries,Punjab National Bank,2269659761,PUNB4125962
SELL2039,Bhandari-Master,bhandari-master9927@gmail.com,+91 84622 98335,18-04-2021,LOC0112,2,Health,ICICI Bank,4.98135E+12,ICIC4067136
SELL2040,Rajagopal Ltd,rajagopalltd@gmail.com,+91 72543 20507,16-10-2025,LOC0030,4.9,Groceries,Canara Bank,764459732,CNRB5837155
SELL2041,Kaur Ltd,kaurltd@gmail.com,+91 99907 33579,09-10-2024,LOC0060,1.6,Toys,State Bank of India,2.30287E+13,SBIN1830303
SELL2042,"Toor, Butala and Badami",toorbutalaandbadami9870@gmail.com,+91 87638 52514,02-08-2025,LOC0063,3.4,Gaming,Canara Bank,6.96283E+13,CNRB4478685
SELL2043,"Barman, Bhattacharyya and Lata",barmanbhattacharyyaandlata@gmail.com,+91 66793 43448,12-04-2024,LOC0001,2.5,Groceries,State Bank of India,7.86779E+11,SBIN8802435
SELL2044,Kota-Luthra,kota-luthra@gmail.com,+91 69300 70053,27-02-2024,LOC0079,3.3,Health,Axis Bank,3287959802,UTIB7686231
SELL2045,"Balakrishnan, Rao and Srinivas",balakrishnanraoandsrinivas4608@gmail.com,+91 97409 72134,25-03-2024,LOC0106,3.2,Gaming,Kotak Mahindra Bank,3.38447E+13,KKBK4809542
SELL2046,Gandhi Group,gandhigroup@gmail.com,+91 79432 12391,04-08-2024,LOC0094,1.5,Jewellery,Axis Bank,5.41625E+13,UTIB6199508
SELL2047,"Barad, Sachdev and Dyal",baradsachdevanddyal@gmail.com,+91 66555 33800,22-01-2025,LOC0060,2.8,Automotive,ICICI Bank,7.14612E+13,ICIC7529164
SELL2048,Kapadia PLC,kapadiaplc6877@gmail.com,+91 76961 39616,14-11-2025,LOC0023,2.1,Stationery,Bank of Baroda,58526061276,BARB3993845
SELL2049,Shenoy-Dhaliwal,shenoy-dhaliwal@gmail.com,+91 63373 84756,03-04-2023,LOC0062,3.9,Gaming,Kotak Mahindra Bank,2.73214E+13,KKBK9519395
SELL2050,Yadav-Baria,yadav-baria5615@gmail.com,+91 69241 97376,17-12-2025,LOC0043,4.4,Gaming,ICICI Bank,6132121063,ICIC4826340
SELL2051,"Raval, Devi and Reddy",ravaldeviandreddy@gmail.com,+91 74764 07970,25-09-2023,LOC0030,1.8,Gaming,IndusInd Bank,3.79752E+12,INDB8228830
SELL2052,"Tailor, Ramaswamy and Loyal",tailorramaswamyandloyal@gmail.com,+91 77930 40262,30-04-2023,LOC0111,1.3,Beauty,Axis Bank,4.49733E+11,UTIB7516265
SELL2053,"Boase, Bhalla and Guha",boasebhallaandguha@gmail.com,+91 88682 37934,08-03-2026,LOC0100,3.4,Books,HDFC Bank,1.92464E+12,HDFC9923362
SELL2054,Wali PLC,waliplc770@gmail.com,+91 92778 77900,03-12-2024,LOC0064,4.6,Stationery,Kotak Mahindra Bank,27778078497,KKBK6049970
SELL2055,"Atwal, Zacharia and Mahal",atwalzachariaandmahal@gmail.com,+91 86720 70917,05-03-2026,LOC0008,3.7,Automotive,ICICI Bank,5.86008E+12,ICIC3251635
SELL2056,Korpal Ltd,korpalltd8436@gmail.com,+91 76364 04838,09-05-2025,LOC0107,4,Bags & Luggage,HDFC Bank,5094780750,HDFC7263468
SELL2057,Gupta Ltd,guptaltd@gmail.com,+91 97319 02391,09-11-2025,LOC0031,3.9,Pets,Union Bank of India,17152735287,UBIN6883845
SELL2058,"Kadakia, Saha and Vora",kadakiasahaandvora@gmail.com,+91 82532 98832,23-11-2022,LOC0055,2.9,Bags & Luggage,State Bank of India,316078776,SBIN9787214
SELL2059,"Lanka, Hans and Dass",lankahansanddass@gmail.com,+91 96596 30924,17-11-2022,LOC0103,3.3,Footwear,Union Bank of India,5.37413E+11,UBIN3099745
SELL2060,"Lata, Chahal and Borde",latachahalandborde7212@gmail.com,+91 87424 77117,17-11-2024,LOC0063,3.2,Bags & Luggage,State Bank of India,2.47328E+11,SBIN9602741
SELL2061,"Kar, Samra and Mahajan",karsamraandmahajan78@gmail.com,+91 93211 48258,09-11-2024,LOC0053,1.2,Bags & Luggage,IndusInd Bank,2.75809E+11,INDB8388753
SELL2062,"Sastry, Dhaliwal and Sane",sastrydhaliwalandsane@gmail.com,+91 90818 01323,19-05-2023,LOC0100,3.3,Beauty,Bank of Baroda,467161949,BARB7841524
SELL2063,"Chaudhry, Bobal and Andra",chaudhrybobalandandra@gmail.com,+91 81151 06029,05-10-2025,LOC0003,3.5,Baby,Union Bank of India,3.46897E+12,UBIN1578220
SELL2064,"Mangat, Sekhon and Bath",mangatsekhonandbath@gmail.com,+91 61557 32749,04-05-2025,LOC0081,3.2,Automotive,IndusInd Bank,6.36648E+12,INDB9138161
SELL2065,"Divan, Soman and Lala",divansomanandlala@gmail.com,+91 90102 58800,26-05-2023,LOC0073,2.3,Health,Punjab National Bank,57446055480,PUNB3439727
SELL2066,Bera-Kaur,bera-kaur409@gmail.com,+91 93472 63284,26-08-2023,LOC0006,3.7,Groceries,Union Bank of India,6.90271E+12,UBIN9422753
SELL2067,Chahal-Banik,chahal-banik@gmail.com,+91 67391 29501,01-12-2021,LOC0047,3.3,Home,HDFC Bank,2863720260,HDFC5360946
SELL2068,"Issac, Khare and Upadhyay",issackhareandupadhyay8362@gmail.com,+91 78664 76062,01-09-2024,LOC0032,2.8,Health,Canara Bank,33428015469,CNRB2904388
SELL2069,Dhillon PLC,dhillonplc4753@gmail.com,+91 91699 94710,02-07-2022,LOC0059,3.4,Bags & Luggage,Punjab National Bank,5.8332E+13,PUNB2660600
SELL2070,"Contractor, Sura and Sridhar",contractorsuraandsridhar@gmail.com,+91 66391 62349,13-05-2022,LOC0078,2.3,Baby,Bank of Baroda,1.79777E+12,BARB6449868
SELL2071,Chana Ltd,chanaltd@gmail.com,+91 69771 24081,27-08-2023,LOC0104,4.9,Health,Punjab National Bank,2236070771,PUNB5496681
SELL2072,Balasubramanian-Bath,balasubramanian-bath5802@gmail.com,+91 67394 50298,03-06-2023,LOC0025,3.5,Footwear,Axis Bank,4.61133E+13,UTIB8880626
SELL2073,"Dhaliwal, Gola and Aurora",dhaliwalgolaandaurora9342@gmail.com,+91 94048 41027,07-08-2025,LOC0047,1.6,Toys,Bank of Baroda,8.32684E+13,BARB3115966
SELL2074,"Hayre, Dugar and Kaur",hayredugarandkaur@gmail.com,+91 93714 23966,18-07-2024,LOC0105,3,Clothing,Canara Bank,6418006636,CNRB3015240
SELL2075,Upadhyay-Sanghvi,upadhyay-sanghvi@gmail.com,+91 83611 05895,16-07-2023,LOC0029,2.4,Books,State Bank of India,5.88408E+12,SBIN8289403
SELL2076,Choudhary-Divan,choudhary-divan8856@gmail.com,+91 84046 72395,23-08-2021,LOC0025,4.2,Music & Instruments,State Bank of India,1.50739E+13,SBIN4350148
SELL2077,Singh PLC,singhplc@gmail.com,+91 67660 15337,02-07-2023,LOC0070,3,Groceries,Union Bank of India,7.79272E+13,UBIN2672792
SELL2078,"Sule, Doctor and Chad",suledoctorandchad@gmail.com,+91 68936 81927,21-05-2022,LOC0006,3.3,Toys,Punjab National Bank,8.32973E+12,PUNB3389916
SELL2079,Zacharia Inc,zachariainc@gmail.com,+91 64648 73638,08-05-2023,LOC0091,4.6,Bags & Luggage,IndusInd Bank,7.46282E+11,INDB8084010
SELL2080,Dugar Ltd,dugarltd@gmail.com,+91 68578 63345,12-10-2023,LOC0018,3.7,Automotive,HDFC Bank,2087597550,HDFC1698711
SELL2081,"Hayer, Bhandari and Dass",hayerbhandarianddass8487@gmail.com,+91 92225 75764,24-02-2022,LOC0046,2.9,Electronics,HDFC Bank,3.32082E+13,HDFC7159710
SELL2082,Dani-Rout,dani-rout6930@gmail.com,+91 84826 44057,02-03-2026,LOC0082,1.3,Beauty,State Bank of India,9.16948E+11,SBIN7811846
SELL2083,Saha-Kara,saha-kara@gmail.com,+91 71807 51950,24-09-2023,LOC0024,2.9,Stationery,Kotak Mahindra Bank,5554496771,KKBK5075041
SELL2084,Lanka Ltd,lankaltd4850@gmail.com,+91 87074 09911,17-11-2022,LOC0085,3.8,Beauty,Union Bank of India,2762339696,UBIN2657913
SELL2085,Talwar and Sons,talwarandsons1@gmail.com,+91 92295 97288,19-08-2023,LOC0029,4.5,Bags & Luggage,Axis Bank,4.2314E+12,UTIB6480602
SELL2086,"Rajan, Thakkar and Verma",rajanthakkarandverma@gmail.com,+91 98219 45614,16-05-2022,LOC0061,1.5,Beauty,Canara Bank,5490211500,CNRB7188377
SELL2087,"Kari, Biswas and Cheema",karibiswasandcheema@gmail.com,+91 89230 88806,20-12-2025,LOC0024,2.1,Beauty,Punjab National Bank,4.93804E+11,PUNB2775663
SELL2088,Bansal-Vyas,bansal-vyas@gmail.com,+91 63421 65747,14-04-2024,LOC0076,3.2,Beauty,Union Bank of India,84529697383,UBIN3387753
SELL2089,Butala-Char,butala-char@gmail.com,+91 65152 99903,16-02-2026,LOC0110,2.8,Electronics,Canara Bank,6.35303E+13,CNRB8083773
SELL2090,"Korpal, Vohra and Ravel",korpalvohraandravel@gmail.com,+91 96309 54374,07-05-2021,LOC0093,3.5,Beauty,Axis Bank,3508900419,UTIB3173279
SELL2091,Dora Group,doragroup6967@gmail.com,+91 67465 17692,27-10-2021,LOC0027,2.7,Music & Instruments,Union Bank of India,3662759136,UBIN2570657
SELL2092,Dutt Ltd,duttltd@gmail.com,+91 64655 94890,27-08-2024,LOC0073,2.4,Stationery,Bank of Baroda,5.96688E+11,BARB3325304
SELL2093,Korpal-Khare,korpal-khare8162@gmail.com,+91 89810 77074,07-07-2023,LOC0061,4.6,Home,State Bank of India,9.12057E+12,SBIN1261327
SELL2094,Jhaveri-Malhotra,jhaveri-malhotra@gmail.com,+91 75051 21867,05-10-2022,LOC0065,1.9,Home,State Bank of India,78573578984,SBIN3534628
SELL2095,"Reddy, Sen and Subramanian",reddysenandsubramanian@gmail.com,+91 98079 02698,13-07-2024,LOC0059,1.1,Health,HDFC Bank,2.74373E+11,HDFC5727611
SELL2096,Khanna-Dutt,khanna-dutt@gmail.com,+91 85495 75402,18-05-2022,LOC0011,4.1,Sports,Union Bank of India,8.16705E+11,UBIN5995286
SELL2097,"Sekhon, Mand and Chatterjee",sekhonmandandchatterjee@gmail.com,+91 87542 28709,21-11-2024,LOC0001,1.5,Gaming,Canara Bank,4.01247E+11,CNRB8469833
SELL2098,"Barad, Toor and Baral",baradtoorandbaral@gmail.com,+91 68183 09961,14-02-2025,LOC0069,4.1,Bags & Luggage,Punjab National Bank,2029143037,PUNB1910836
SELL2099,Sehgal Ltd,sehgalltd@gmail.com,+91 74832 98366,30-11-2025,LOC0074,2.7,Beauty,Punjab National Bank,6646503874,PUNB4121867
SELL2100,"Dyal, Lata and Sood",dyallataandsood@gmail.com,+91 84650 74909,16-03-2026,LOC0078,2.5,Office Supplies,ICICI Bank,22793672034,ICIC9368211
SELL2101,"Deshmukh, Chada and Dewan",deshmukhchadaanddewan7631@gmail.com,+91 96908 45439,20-05-2021,LOC0093,1.2,Toys,Bank of Baroda,40733904162,BARB5762194
SELL2102,Borra-Bala,borra-bala@gmail.com,+91 70044 86825,18-09-2024,LOC0028,2.1,Office Supplies,ICICI Bank,3.13188E+11,ICIC7862457
SELL2103,"Lal, Lal and Ravi",lallalandravi@gmail.com,+91 94523 95913,02-07-2023,LOC0049,1.3,Pets,Union Bank of India,1.57465E+13,UBIN4478189
SELL2104,Gulati Group,gulatigroup@gmail.com,+91 87398 39539,06-08-2024,LOC0054,3.2,Footwear,Bank of Baroda,3164670241,BARB8158942
SELL2105,Tank-Barman,tank-barman@gmail.com,+91 80956 08861,28-10-2022,LOC0071,1.7,Sports,IndusInd Bank,41920635280,INDB3722303
SELL2106,"Sarma, Mahal and Tandon",sarmamahalandtandon2285@gmail.com,+91 70653 67589,19-04-2023,LOC0086,2.1,Toys,Kotak Mahindra Bank,1.29372E+11,KKBK4235032
SELL2107,Mahal and Sons,mahalandsons@gmail.com,+91 75991 72241,28-07-2021,LOC0107,1,Office Supplies,Canara Bank,5989855924,CNRB6767380
SELL2108,Sarma-Sibal,sarma-sibal@gmail.com,+91 74284 81756,27-03-2024,LOC0040,1.7,Bags & Luggage,Axis Bank,1.59109E+13,UTIB7844702
SELL2109,Vala-Rana,vala-rana9457@gmail.com,+91 65314 73818,27-05-2025,LOC0003,4,Books,Bank of Baroda,803456125,BARB5281781
SELL2110,Vaidya PLC,vaidyaplc@gmail.com,+91 87558 42446,20-11-2023,LOC0050,4.6,Pets,ICICI Bank,4895985972,ICIC1374890
SELL2111,Dutta Inc,duttainc@gmail.com,+91 77847 29084,15-11-2022,LOC0079,3.8,Stationery,Canara Bank,7.60302E+12,CNRB2737527
SELL2112,"Bhasin, Ramakrishnan and Uppal",bhasinramakrishnananduppal7011@gmail.com,+91 83021 03976,02-11-2022,LOC0043,1.4,Footwear,HDFC Bank,13878196061,HDFC5390066
SELL2113,Shenoy-Lal,shenoy-lal5631@gmail.com,+91 62112 86160,28-07-2023,LOC0086,4,Pets,State Bank of India,7045398509,SBIN1651255
SELL2114,Mander Inc,manderinc2982@gmail.com,+91 61670 76221,22-02-2023,LOC0052,1.8,Baby,Canara Bank,9.42283E+13,CNRB1467973
SELL2115,Devan-Chhabra,devan-chhabra@gmail.com,+91 76033 08753,23-06-2024,LOC0069,3.5,Health,Bank of Baroda,27775193443,BARB3108851
SELL2116,"Kale, Gopal and Jani",kalegopalandjani@gmail.com,+91 81094 36315,14-03-2022,LOC0081,1.6,Clothing,State Bank of India,6.95089E+12,SBIN3725261
SELL2117,"Raval, Char and Bassi",ravalcharandbassi@gmail.com,+91 67187 10342,27-12-2024,LOC0054,1.2,Home,HDFC Bank,4.81175E+11,HDFC6415458
SELL2118,"Vora, Bal and Majumdar",vorabalandmajumdar3312@gmail.com,+91 92695 62994,04-07-2024,LOC0043,4,Health,State Bank of India,2243668734,SBIN5241319
SELL2119,Bansal Inc,bansalinc@gmail.com,+91 74918 77059,09-10-2023,LOC0100,2.5,Clothing,State Bank of India,4.14518E+11,SBIN9869486
SELL2120,Lata-Ramaswamy,lata-ramaswamy@gmail.com,+91 83723 02260,07-12-2023,LOC0006,1.8,Sports,Axis Bank,9.66126E+12,UTIB7693031
SELL2121,"Seshadri, Samra and Viswanathan",seshadrisamraandviswanathan@gmail.com,+91 97892 68054,20-10-2022,LOC0089,4.3,Jewellery,Punjab National Bank,2.23987E+12,PUNB6164879
SELL2122,"Bora, Bath and Ramachandran",borabathandramachandran5744@gmail.com,+91 91381 75083,13-11-2024,LOC0041,2.4,Health,IndusInd Bank,61221055374,INDB7233992
SELL2123,"Dave, Bobal and Banik",davebobalandbanik@gmail.com,+91 82414 49586,15-08-2021,LOC0085,3.6,Office Supplies,Kotak Mahindra Bank,6.07053E+11,KKBK4808377
SELL2124,"Chakraborty, Dave and Bail",chakrabortydaveandbail@gmail.com,+91 78415 32720,23-06-2022,LOC0082,3.3,Home,Axis Bank,3.9977E+13,UTIB1174790
SELL2125,Dugal-Wali,dugal-wali@gmail.com,+91 74625 79539,19-01-2024,LOC0064,4.4,Groceries,Bank of Baroda,1355286283,BARB4186198
SELL2126,Seshadri Ltd,seshadriltd@gmail.com,+91 90614 01160,27-08-2025,LOC0067,3.2,Gaming,Axis Bank,8.07288E+13,UTIB4158097
SELL2127,Malhotra Inc,malhotrainc3730@gmail.com,+91 69114 19560,20-10-2025,LOC0078,3.8,Music & Instruments,IndusInd Bank,5.21677E+12,INDB4725175
SELL2128,Shetty-Barad,shetty-barad8514@gmail.com,+91 91949 30666,24-02-2022,LOC0094,3.2,Pets,Axis Bank,2.79626E+12,UTIB8591809
SELL2129,Chopra Group,chopragroup3735@gmail.com,+91 60753 11949,28-11-2024,LOC0101,2.1,Beauty,Union Bank of India,42075053574,UBIN6566154
SELL2130,Shetty and Sons,shettyandsons@gmail.com,+91 60114 80695,10-05-2024,LOC0018,1.2,Electronics,HDFC Bank,1.11012E+13,HDFC3270988
SELL2131,Rajan Ltd,rajanltd8606@gmail.com,+91 92193 68867,08-10-2022,LOC0076,2.5,Sports,Canara Bank,81205715277,CNRB5636001
SELL2132,Sandal Ltd,sandalltd@gmail.com,+91 60759 58674,14-09-2021,LOC0073,1.7,Jewellery,Union Bank of India,2.11285E+12,UBIN6217864
SELL2133,"Sawhney, Kata and Ray",sawhneykataandray5962@gmail.com,+91 64312 63868,28-02-2023,LOC0055,3.5,Beauty,HDFC Bank,1.12303E+12,HDFC4796083
SELL2134,"Baria, Comar and Kannan",bariacomarandkannan5610@gmail.com,+91 82628 92050,23-10-2022,LOC0061,2.9,Health,Bank of Baroda,45418581655,BARB8145771
SELL2135,Bora-Chokshi,bora-chokshi9817@gmail.com,+91 86377 50780,21-01-2023,LOC0037,3.2,Office Supplies,IndusInd Bank,1.47059E+13,INDB7345373
SELL2136,Ramesh and Sons,rameshandsons9485@gmail.com,+91 67416 03802,10-02-2026,LOC0013,2.5,Baby,IndusInd Bank,61953053794,INDB2983652
SELL2137,"Karnik, Majumdar and Boase",karnikmajumdarandboase3840@gmail.com,+91 63712 13465,25-01-2024,LOC0094,4.3,Home,Canara Bank,6.14783E+11,CNRB7897904
SELL2138,Sundaram-Atwal,sundaram-atwal@gmail.com,+91 75797 77332,30-12-2023,LOC0043,4.5,Baby,Axis Bank,2.07327E+11,UTIB4473446
SELL2139,Sampath LLC,sampathllc8044@gmail.com,+91 64476 37988,03-07-2025,LOC0048,3.5,Baby,Canara Bank,4768916155,CNRB4770521
SELL2140,"Sarin, Dutta and Ramaswamy",sarinduttaandramaswamy9236@gmail.com,+91 98369 78845,15-03-2025,LOC0064,3.4,Jewellery,Axis Bank,7.43047E+12,UTIB5125661
SELL2141,Ramachandran-Anne,ramachandran-anne9390@gmail.com,+91 96951 01348,04-12-2023,LOC0048,3.4,Home,Union Bank of India,922631068,UBIN4955726
SELL2142,Badal Ltd,badalltd3600@gmail.com,+91 66683 61067,21-07-2025,LOC0053,1.8,Beauty,Axis Bank,4.53811E+12,UTIB4369833
SELL2143,"Dutta, Dada and Agrawal",duttadadaandagrawal@gmail.com,+91 99893 61816,19-06-2024,LOC0068,4.4,Electronics,Union Bank of India,4.93106E+11,UBIN2494721
SELL2144,"Lall, Dash and Raja",lalldashandraja@gmail.com,+91 74754 58576,06-02-2024,LOC0051,3.3,Health,HDFC Bank,3.03018E+11,HDFC8869175
SELL2145,Bhat Inc,bhatinc@gmail.com,+91 87632 88212,06-02-2026,LOC0016,2.3,Gaming,State Bank of India,1.00675E+11,SBIN2366795
SELL2146,"Chauhan, Desai and Sachar",chauhandesaiandsachar@gmail.com,+91 83904 48027,14-03-2025,LOC0005,4.2,Jewellery,Bank of Baroda,3.40582E+12,BARB8594152
SELL2147,Sinha-Verma,sinha-verma@gmail.com,+91 96344 71962,17-07-2024,LOC0020,2.2,Automotive,Kotak Mahindra Bank,5.8571E+12,KKBK2978523
SELL2148,Jayaraman and Sons,jayaramanandsons@gmail.com,+91 61911 80730,24-02-2025,LOC0054,2.8,Sports,Punjab National Bank,52770256502,PUNB4938109
SELL2149,Dyal-Rege,dyal-rege3489@gmail.com,+91 71199 55945,14-12-2022,LOC0041,1.1,Groceries,State Bank of India,9.66806E+13,SBIN9421365
SELL2150,"Chanda, Dara and Chaudhry",chandadaraandchaudhry@gmail.com,+91 96119 87843,01-02-2023,LOC0017,1.8,Sports,Punjab National Bank,4.96682E+12,PUNB9516787
SELL2151,Ganguly-Savant,ganguly-savant9542@gmail.com,+91 98316 52319,11-03-2025,LOC0040,1.8,Office Supplies,Axis Bank,4.71847E+13,UTIB5910118
SELL2152,Saran-Swaminathan,saran-swaminathan@gmail.com,+91 87073 24859,20-09-2024,LOC0011,3.3,Beauty,IndusInd Bank,1118354314,INDB1574136
SELL2153,Banik-Saini,banik-saini@gmail.com,+91 66343 15085,10-05-2024,LOC0113,4,Health,Punjab National Bank,3.34479E+12,PUNB2274213
SELL2154,Mall Group,mallgroup339@gmail.com,+91 77655 43470,24-01-2025,LOC0022,4,Baby,Union Bank of India,3.26325E+13,UBIN1266663
SELL2155,"Sachdev, Shah and Suri",sachdevshahandsuri@gmail.com,+91 66985 00199,01-08-2022,LOC0074,2.8,Toys,Punjab National Bank,9.53844E+12,PUNB3454923
SELL2156,"Yohannan, Mander and Jayaraman",yohannanmanderandjayaraman@gmail.com,+91 69066 96651,07-11-2025,LOC0109,3.7,Music & Instruments,IndusInd Bank,9995499726,INDB6455230
SELL2157,Chowdhury-Chandra,chowdhury-chandra275@gmail.com,+91 69068 55824,26-09-2021,LOC0063,3.2,Bags & Luggage,Kotak Mahindra Bank,7.94014E+13,KKBK6609948
SELL2158,"Dhar, Contractor and Bains",dharcontractorandbains3445@gmail.com,+91 95858 77338,10-05-2025,LOC0108,1.6,Home,HDFC Bank,9.668E+12,HDFC4100378
SELL2159,Chahal Group,chahalgroup@gmail.com,+91 64491 25363,15-04-2021,LOC0082,2.5,Groceries,Kotak Mahindra Bank,44698902248,KKBK6733202
SELL2160,Koshy Group,koshygroup9747@gmail.com,+91 87764 83580,17-06-2021,LOC0083,3.9,Bags & Luggage,Punjab National Bank,4237567027,PUNB4464958
SELL2161,Dixit LLC,dixitllc8944@gmail.com,+91 75820 06107,08-10-2024,LOC0049,1.2,Books,Canara Bank,6.46881E+13,CNRB9197318
SELL2162,Sangha-Thaker,sangha-thaker@gmail.com,+91 60561 44943,25-04-2022,LOC0024,4.8,Home,Canara Bank,3.1216E+12,CNRB6021429
SELL2163,Yogi-Handa,yogi-handa@gmail.com,+91 89796 50645,25-09-2025,LOC0104,1.4,Electronics,Union Bank of India,36565059184,UBIN8885525
SELL2164,"Shankar, Mangal and Khanna",shankarmangalandkhanna@gmail.com,+91 73045 66831,09-07-2022,LOC0101,4.1,Music & Instruments,ICICI Bank,6267992350,ICIC3865309
SELL2165,Khurana PLC,khuranaplc1847@gmail.com,+91 84078 46230,07-08-2023,LOC0028,2.7,Electronics,Axis Bank,96768458431,UTIB6657307
SELL2166,Bhatti Inc,bhattiinc9512@gmail.com,+91 69479 36287,05-11-2025,LOC0080,2,Sports,Union Bank of India,8.48715E+11,UBIN7250663
SELL2167,Lal Inc,lalinc@gmail.com,+91 82593 40991,23-07-2024,LOC0100,4.2,Baby,IndusInd Bank,8.48188E+12,INDB3333903
SELL2168,Yogi-Mannan,yogi-mannan8520@gmail.com,+91 95771 41247,13-06-2023,LOC0058,2.2,Jewellery,IndusInd Bank,6.30218E+12,INDB1745444
SELL2169,Yogi PLC,yogiplc937@gmail.com,+91 61288 10503,27-08-2022,LOC0027,3.5,Automotive,HDFC Bank,6.27017E+11,HDFC8400150
SELL2170,"Uppal, Kalla and Kibe",uppalkallaandkibe1972@gmail.com,+91 92046 22003,13-08-2025,LOC0032,4.9,Sports,ICICI Bank,53418417583,ICIC9697094
SELL2171,Vala-Bobal,vala-bobal@gmail.com,+91 81606 69125,29-01-2024,LOC0055,4.1,Electronics,Punjab National Bank,9.83167E+11,PUNB3346051
SELL2172,"Gour, Amble and Tiwari",gourambleandtiwari2909@gmail.com,+91 83512 46863,23-04-2022,LOC0022,4.2,Pets,ICICI Bank,1.98264E+13,ICIC3620587
SELL2173,Talwar PLC,talwarplc@gmail.com,+91 95257 45375,15-05-2022,LOC0045,1.6,Pets,Union Bank of India,66812056179,UBIN1364929
SELL2174,Choudhary Ltd,choudharyltd@gmail.com,+91 83182 72434,05-01-2025,LOC0006,1.5,Electronics,Canara Bank,2.01127E+12,CNRB7222582
SELL2175,"Ben, Deshmukh and Ghose",bendeshmukhandghose691@gmail.com,+91 87958 92233,06-08-2024,LOC0103,2.3,Electronics,Kotak Mahindra Bank,44981134666,KKBK4039623
SELL2176,"Bhagat, Devi and Goyal",bhagatdeviandgoyal5102@gmail.com,+91 86391 85449,25-03-2025,LOC0048,4.3,Stationery,Canara Bank,4.19436E+13,CNRB9041402
SELL2177,Sen Group,sengroup6073@gmail.com,+91 91920 68946,15-09-2023,LOC0031,2.2,Clothing,Bank of Baroda,68176180866,BARB7719011
SELL2178,Bahl Ltd,bahlltd@gmail.com,+91 81152 34805,01-08-2023,LOC0009,3.5,Bags & Luggage,Punjab National Bank,3.66623E+13,PUNB3829316
SELL2179,"Sarin, Tella and Sabharwal",sarintellaandsabharwal9485@gmail.com,+91 79061 13720,23-05-2024,LOC0110,4.2,Home,Canara Bank,19473745936,CNRB8065698
SELL2180,Warrior PLC,warriorplc2045@gmail.com,+91 86414 95167,03-03-2026,LOC0038,2.1,Jewellery,Bank of Baroda,76311177107,BARB3844453
SELL2181,Bava-Mandal,bava-mandal619@gmail.com,+91 92784 17193,13-12-2023,LOC0035,4,Gaming,HDFC Bank,4.84015E+13,HDFC2413261
SELL2182,Wason-Gulati,wason-gulati@gmail.com,+91 97887 59252,07-10-2024,LOC0049,4.3,Clothing,HDFC Bank,8.38259E+11,HDFC4460117
SELL2183,"Sharma, Chaudhary and Aggarwal",sharmachaudharyandaggarwal@gmail.com,+91 87222 84908,11-02-2026,LOC0019,2.2,Books,HDFC Bank,3168066963,HDFC4249632
SELL2184,Randhawa Ltd,randhawaltd9478@gmail.com,+91 70455 58338,18-06-2025,LOC0080,3,Automotive,Axis Bank,6301148346,UTIB3134577
SELL2185,Tandon-Hayer,tandon-hayer@gmail.com,+91 76748 72571,01-12-2023,LOC0039,3.8,Clothing,Union Bank of India,47815081069,UBIN2934469
SELL2186,Swamy LLC,swamyllc@gmail.com,+91 76565 89670,05-05-2022,LOC0084,4.5,Bags & Luggage,Kotak Mahindra Bank,37429536749,KKBK2258504
SELL2187,"Ganguly, Date and Banik",gangulydateandbanik@gmail.com,+91 66595 40566,08-03-2025,LOC0060,4,Beauty,Union Bank of India,8.44993E+13,UBIN2452333
SELL2188,"Gandhi, Mammen and Mand",gandhimammenandmand@gmail.com,+91 82928 09770,28-08-2023,LOC0103,3.3,Sports,State Bank of India,4.80339E+13,SBIN1982788
SELL2189,"Sagar, Wali and Raval",sagarwaliandraval@gmail.com,+91 74091 18184,24-05-2022,LOC0087,1.2,Baby,IndusInd Bank,2732595978,INDB7221784
SELL2190,Boase-Raman,boase-raman@gmail.com,+91 86978 72278,13-03-2022,LOC0105,1.4,Health,ICICI Bank,4.40985E+11,ICIC7702777
SELL2191,Bumb and Sons,bumbandsons@gmail.com,+91 60239 81000,07-05-2024,LOC0051,2.1,Pets,State Bank of India,88852957668,SBIN2428026
SELL2192,Kari PLC,kariplc@gmail.com,+91 82389 53337,25-09-2024,LOC0090,4.9,Music & Instruments,Punjab National Bank,7.20686E+11,PUNB7212041
SELL2193,Soni and Sons,soniandsons@gmail.com,+91 87292 55246,19-10-2024,LOC0006,2.1,Gaming,Axis Bank,3.48798E+13,UTIB9833189
SELL2194,Deep-Hari,deep-hari@gmail.com,+91 75331 49168,17-11-2024,LOC0108,1,Pets,Axis Bank,9.77684E+13,UTIB4948566
SELL2195,Wagle-Vala,wagle-vala4469@gmail.com,+91 80239 09066,01-11-2021,LOC0070,3.7,Office Supplies,IndusInd Bank,3.76807E+12,INDB4567563
SELL2196,"Dash, Gupta and Chacko",dashguptaandchacko@gmail.com,+91 85516 97472,01-04-2026,LOC0031,1.4,Pets,Kotak Mahindra Bank,9.32158E+12,KKBK3156665
SELL2197,Raj PLC,rajplc@gmail.com,+91 84881 72265,21-03-2022,LOC0091,2.8,Stationery,ICICI Bank,2.48919E+12,ICIC2087269
SELL2198,Ramesh-Garde,ramesh-garde@gmail.com,+91 82533 80917,09-02-2025,LOC0063,4.9,Groceries,State Bank of India,4400163346,SBIN6062171
SELL2199,Sengupta Group,senguptagroup@gmail.com,+91 79380 33215,01-02-2022,LOC0073,2,Groceries,Punjab National Bank,7.10903E+13,PUNB5723472
SELL2200,Bhargava and Sons,bhargavaandsons@gmail.com,+91 80778 21851,07-01-2024,LOC0031,2.9,Beauty,Canara Bank,6.54067E+13,CNRB7582212
SELL2201,Kamdar-Aurora,kamdar-aurora@gmail.com,+91 81212 60566,02-09-2024,LOC0026,4.1,Books,HDFC Bank,54190373921,HDFC4703660
SELL2202,Chahal-Barad,chahal-barad3355@gmail.com,+91 76581 01077,16-12-2023,LOC0040,3.2,Home,Axis Bank,6.89601E+12,UTIB1900228
SELL2203,"Gandhi, Ramaswamy and Rajagopalan",gandhiramaswamyandrajagopalan944@gmail.com,+91 72278 94417,27-12-2023,LOC0113,1.2,Health,Bank of Baroda,3.3409E+12,BARB5495373
SELL2204,"Chaudhari, Manne and Varghese",chaudharimanneandvarghese@gmail.com,+91 93085 45597,17-01-2026,LOC0037,2.4,Office Supplies,State Bank of India,6953827552,SBIN8738640
SELL2205,Sastry LLC,sastryllc@gmail.com,+91 71494 96890,05-03-2022,LOC0037,4.6,Baby,Axis Bank,6029079858,UTIB6027768
SELL2206,"Ramesh, Shankar and Batra",rameshshankarandbatra1180@gmail.com,+91 92843 45088,11-03-2026,LOC0077,2.8,Home,ICICI Bank,3.78058E+11,ICIC2368472
SELL2207,Devan Group,devangroup1711@gmail.com,+91 91164 70584,21-05-2023,LOC0024,4.4,Jewellery,IndusInd Bank,7.32278E+11,INDB4872003
SELL2208,"Sami, Roy and Sur",samiroyandsur@gmail.com,+91 84461 78472,14-05-2023,LOC0105,1.1,Books,Bank of Baroda,6.44287E+13,BARB8317777
SELL2209,"Barad, Vaidya and Bedi",baradvaidyaandbedi@gmail.com,+91 83707 82450,05-11-2024,LOC0018,3.7,Health,State Bank of India,41217329290,SBIN4120304
SELL2210,Dutta Ltd,duttaltd3625@gmail.com,+91 62260 09107,28-05-2025,LOC0104,4.2,Electronics,Canara Bank,8691906766,CNRB8599670
SELL2211,"Sangha, Rattan and Bhakta",sangharattanandbhakta@gmail.com,+91 98207 01982,23-04-2023,LOC0094,4.4,Home,Kotak Mahindra Bank,2.01471E+11,KKBK9185257
SELL2212,"Rana, Ranganathan and Virk",ranaranganathanandvirk6411@gmail.com,+91 83517 00710,15-01-2023,LOC0010,2.8,Books,Bank of Baroda,9.88179E+12,BARB6294284
SELL2213,Das Inc,dasinc@gmail.com,+91 84255 59730,20-05-2024,LOC0087,1.1,Office Supplies,HDFC Bank,5.86087E+13,HDFC3211204
SELL2214,Malhotra-Mammen,malhotra-mammen@gmail.com,+91 62169 33254,03-04-2025,LOC0104,4.3,Automotive,IndusInd Bank,4.41481E+12,INDB6058211
SELL2215,"Acharya, Agarwal and Iyer",acharyaagarwalandiyer@gmail.com,+91 74689 99149,11-07-2022,LOC0095,1.1,Health,Bank of Baroda,5094620048,BARB7090745
SELL2216,"Bhalla, Vaidya and Datta",bhallavaidyaanddatta3715@gmail.com,+91 92219 47819,30-05-2022,LOC0039,2.8,Health,Punjab National Bank,80077219372,PUNB9833188
SELL2217,"Rao, Ramesh and Sarkar",raorameshandsarkar@gmail.com,+91 64522 76364,24-09-2023,LOC0100,2.2,Gaming,Punjab National Bank,1274740855,PUNB1660707
SELL2218,Loyal Ltd,loyalltd370@gmail.com,+91 70063 60540,04-10-2024,LOC0075,1.1,Footwear,Axis Bank,4.97479E+13,UTIB7913206
SELL2219,Walla-Dhar,walla-dhar7203@gmail.com,+91 94839 01063,05-11-2024,LOC0045,3,Automotive,Bank of Baroda,4.0017E+13,BARB8750929
SELL2220,"Rege, Gokhale and Bhalla",regegokhaleandbhalla@gmail.com,+91 65523 39648,13-06-2021,LOC0082,4.3,Toys,ICICI Bank,9.17834E+12,ICIC7350846
SELL2221,Dhar-Vala,dhar-vala@gmail.com,+91 72490 36851,06-07-2022,LOC0088,2.1,Sports,State Bank of India,8815364472,SBIN1194935
SELL2222,Chandran and Sons,chandranandsons7301@gmail.com,+91 90961 96971,18-02-2022,LOC0009,2.8,Gaming,Kotak Mahindra Bank,4.13055E+11,KKBK3861533
SELL2223,Kota-Deol,kota-deol2894@gmail.com,+91 73454 15468,26-06-2025,LOC0092,3.2,Toys,Punjab National Bank,5.98514E+12,PUNB5607502
SELL2224,Gade Inc,gadeinc@gmail.com,+91 62148 90680,29-08-2024,LOC0073,1.5,Books,Bank of Baroda,98016682270,BARB2197797
SELL2225,"Kibe, Sha and Golla",kibeshaandgolla8528@gmail.com,+91 93792 47129,18-12-2021,LOC0026,3.3,Sports,Canara Bank,88882462572,CNRB6341065
SELL2226,Iyer-Mandal,iyer-mandal@gmail.com,+91 72455 98864,04-07-2024,LOC0016,1.4,Sports,Punjab National Bank,8768573861,PUNB6656330
SELL2227,"Char, Keer and Luthra",charkeerandluthra@gmail.com,+91 65845 00297,12-10-2022,LOC0024,1.1,Health,Punjab National Bank,2.26318E+11,PUNB7147726
SELL2228,Hans and Sons,hansandsons@gmail.com,+91 84331 80495,06-11-2025,LOC0056,4.7,Beauty,ICICI Bank,5.65343E+11,ICIC1991448
SELL2229,"Sawhney, De and Golla",sawhneydeandgolla@gmail.com,+91 96887 35769,31-10-2025,LOC0071,2.7,Health,Axis Bank,1340273600,UTIB1366458
SELL2230,Edwin Inc,edwininc931@gmail.com,+91 61243 60075,05-02-2023,LOC0016,4.8,Books,Kotak Mahindra Bank,1.35944E+11,KKBK8396501
SELL2231,"Kapadia, Dora and D’Alia",kapadiadoraandd’alia5121@gmail.com,+91 88564 53252,27-06-2024,LOC0099,2.7,Pets,Union Bank of India,36119697166,UBIN1416573
SELL2232,Mandal-Raj,mandal-raj@gmail.com,+91 91822 28630,20-03-2022,LOC0005,2.4,Jewellery,Axis Bank,3.46166E+11,UTIB5000575
SELL2233,Uppal PLC,uppalplc2895@gmail.com,+91 98947 53750,23-06-2021,LOC0108,3.7,Music & Instruments,State Bank of India,72737943853,SBIN3611196
SELL2234,Cheema PLC,cheemaplc@gmail.com,+91 79511 52229,10-07-2021,LOC0015,3.7,Jewellery,ICICI Bank,7854849194,ICIC8613418
SELL2235,Mallick-Khalsa,mallick-khalsa@gmail.com,+91 82534 75004,24-06-2021,LOC0102,4.2,Toys,Bank of Baroda,9368013679,BARB4528182
SELL2236,Dewan Ltd,dewanltd@gmail.com,+91 95861 49958,24-03-2026,LOC0013,5,Sports,Kotak Mahindra Bank,4.35711E+11,KKBK8771891
SELL2237,Vasa and Sons,vasaandsons5000@gmail.com,+91 69522 56282,17-08-2022,LOC0075,3.4,Jewellery,HDFC Bank,3.95431E+12,HDFC7638651
SELL2238,Dixit-Sami,dixit-sami@gmail.com,+91 67173 52491,10-05-2023,LOC0035,1.5,Clothing,HDFC Bank,5.40186E+12,HDFC3328614
SELL2239,Dey PLC,deyplc683@gmail.com,+91 71100 40916,07-07-2022,LOC0054,2.9,Footwear,HDFC Bank,4.12875E+11,HDFC6576440
SELL2240,Bhargava-Thakkar,bhargava-thakkar553@gmail.com,+91 85983 42201,21-11-2024,LOC0004,1.1,Toys,IndusInd Bank,8.11668E+12,INDB2969022
SELL2241,"Chana, Raman and Datta",chanaramananddatta@gmail.com,+91 66843 64267,05-06-2025,LOC0083,1.4,Office Supplies,HDFC Bank,9996578544,HDFC6098761
SELL2242,Grewal-Dewan,grewal-dewan4213@gmail.com,+91 72591 04882,03-05-2025,LOC0068,3.4,Stationery,Punjab National Bank,7555850771,PUNB3038014
SELL2243,Kohli and Sons,kohliandsons@gmail.com,+91 85277 14925,20-08-2025,LOC0112,3.9,Clothing,Union Bank of India,1.49242E+11,UBIN7284091
SELL2244,Dugar-Halder,dugar-halder1782@gmail.com,+91 61933 57786,11-05-2024,LOC0014,4,Gaming,Axis Bank,6.09896E+11,UTIB2443764
SELL2245,"Butala, Gera and Mall",butalageraandmall@gmail.com,+91 86145 59115,31-10-2023,LOC0070,4.2,Stationery,Kotak Mahindra Bank,6.38952E+13,KKBK1205290
SELL2246,"Ravel, Chaudhari and Roy",ravelchaudhariandroy7978@gmail.com,+91 71410 53003,27-01-2023,LOC0061,3.6,Groceries,Punjab National Bank,25907214225,PUNB3332265
SELL2247,Ram Inc,raminc544@gmail.com,+91 92912 32073,06-06-2023,LOC0072,3.6,Baby,Kotak Mahindra Bank,7.86188E+11,KKBK2808969
SELL2248,Swaminathan-Char,swaminathan-char@gmail.com,+91 87627 68206,10-06-2024,LOC0034,3.2,Office Supplies,IndusInd Bank,6.29168E+12,INDB1458971
SELL2249,"Dugal, Ganesh and Bath",dugalganeshandbath@gmail.com,+91 64959 59921,22-08-2022,LOC0036,4.4,Home,Kotak Mahindra Bank,9.75775E+12,KKBK8551382
SELL2250,"Saraf, Balasubramanian and Koshy",sarafbalasubramanianandkoshy3147@gmail.com,+91 94759 51716,25-08-2025,LOC0066,4.6,Gaming,Kotak Mahindra Bank,2.56611E+11,KKBK2980839
SELL2251,Chokshi-Chaudhry,chokshi-chaudhry@gmail.com,+91 60655 60989,22-09-2024,LOC0049,3.4,Music & Instruments,HDFC Bank,9.8052E+13,HDFC2765670
SELL2252,Doctor-Sampath,doctor-sampath4503@gmail.com,+91 99421 45878,11-09-2021,LOC0082,2.8,Automotive,Axis Bank,73500480154,UTIB1621938
SELL2253,Rao-Ganguly,rao-ganguly@gmail.com,+91 66765 20070,25-11-2025,LOC0012,4.9,Baby,ICICI Bank,7251543825,ICIC6635177
SELL2254,"Barad, Buch and Salvi",baradbuchandsalvi9448@gmail.com,+91 89441 66162,27-06-2021,LOC0022,1.2,Beauty,Union Bank of India,92827320965,UBIN5715472
SELL2255,"Kamdar, Kothari and Gandhi",kamdarkothariandgandhi@gmail.com,+91 71412 19445,17-07-2022,LOC0014,4.2,Sports,ICICI Bank,6.10405E+13,ICIC9847473
SELL2256,Raj Ltd,rajltd@gmail.com,+91 68637 57878,13-04-2024,LOC0104,2.8,Health,Canara Bank,401453787,CNRB5616403
SELL2257,Das-Baral,das-baral4905@gmail.com,+91 83533 81380,03-01-2022,LOC0045,1.7,Stationery,Union Bank of India,2580426450,UBIN6514133
SELL2258,"Aggarwal, Gandhi and Kamdar",aggarwalgandhiandkamdar@gmail.com,+91 63198 82392,06-07-2025,LOC0031,1.6,Clothing,Bank of Baroda,4050126040,BARB8289002
SELL2259,"Kumar, Bhandari and Bhandari",kumarbhandariandbhandari@gmail.com,+91 84308 68872,20-07-2022,LOC0061,3.4,Automotive,Punjab National Bank,5.99128E+11,PUNB7736234
SELL2260,Iyengar-Butala,iyengar-butala@gmail.com,+91 96080 69124,22-02-2024,LOC0086,2.8,Bags & Luggage,Punjab National Bank,2.3908E+11,PUNB2002564
SELL2261,Dyal-Bhatnagar,dyal-bhatnagar4872@gmail.com,+91 73769 26358,02-09-2025,LOC0033,1.8,Electronics,Kotak Mahindra Bank,689488281,KKBK3742345
SELL2262,"Chatterjee, Boase and Swamy",chatterjeeboaseandswamy5074@gmail.com,+91 65302 16353,13-04-2024,LOC0083,4.3,Clothing,IndusInd Bank,51576165991,INDB3267752
SELL2263,Ghose-Rattan,ghose-rattan5749@gmail.com,+91 94040 46786,11-05-2025,LOC0016,3.4,Clothing,HDFC Bank,32303366427,HDFC2976989
SELL2264,"Kunda, Mangal and Bhalla",kundamangalandbhalla@gmail.com,+91 98477 58152,31-08-2023,LOC0013,2.4,Baby,Kotak Mahindra Bank,2.3266E+11,KKBK7680517
SELL2265,Mandal and Sons,mandalandsons9308@gmail.com,+91 99538 21583,23-02-2023,LOC0110,3.8,Electronics,HDFC Bank,2947333293,HDFC3015062
SELL2266,Bahri-Saxena,bahri-saxena7647@gmail.com,+91 89830 22358,27-09-2021,LOC0058,2.6,Home,Bank of Baroda,2.47017E+13,BARB6186808
SELL2267,"Gole, Chatterjee and Verma",golechatterjeeandverma@gmail.com,+91 79346 74944,24-01-2023,LOC0067,4.3,Automotive,Kotak Mahindra Bank,99887889480,KKBK7252454
SELL2268,Sibal-Soni,sibal-soni@gmail.com,+91 73393 13209,02-11-2025,LOC0064,2.5,Jewellery,State Bank of India,1.63676E+11,SBIN1019133
SELL2269,Sathe Inc,satheinc5052@gmail.com,+91 83200 33409,27-04-2025,LOC0093,2.2,Bags & Luggage,Bank of Baroda,5547884056,BARB6806186
SELL2270,Loyal and Sons,loyalandsons@gmail.com,+91 89312 31862,21-10-2024,LOC0033,3.9,Books,HDFC Bank,5050584885,HDFC5042056
SELL2271,Desai PLC,desaiplc@gmail.com,+91 80863 66435,11-05-2025,LOC0012,3.1,Beauty,State Bank of India,7.65533E+11,SBIN8798932
SELL2272,"Sekhon, Halder and Sarkar",sekhonhalderandsarkar@gmail.com,+91 86916 16182,02-04-2023,LOC0017,2.7,Beauty,IndusInd Bank,1.58595E+11,INDB8886501
SELL2273,Gara Ltd,garaltd3798@gmail.com,+91 85978 60266,24-01-2022,LOC0101,4.5,Groceries,Canara Bank,5480909990,CNRB5759695
SELL2274,Rau-Dyal,rau-dyal@gmail.com,+91 68885 43158,11-10-2023,LOC0065,1.4,Bags & Luggage,Canara Bank,4000725759,CNRB6007846
SELL2275,"Ghose, Raju and Sule",ghoserajuandsule@gmail.com,+91 71788 74676,25-05-2023,LOC0099,1.7,Baby,Axis Bank,1696135196,UTIB7527669
SELL2276,Bhargava-Kapur,bhargava-kapur4175@gmail.com,+91 64781 80562,23-06-2021,LOC0078,5,Music & Instruments,IndusInd Bank,89312535673,INDB8384018
SELL2277,Sathe-Shere,sathe-shere@gmail.com,+91 64383 26277,10-11-2021,LOC0023,1.1,Groceries,HDFC Bank,5.11181E+11,HDFC3365240
SELL2278,"Kota, Borde and Sachdeva",kotabordeandsachdeva@gmail.com,+91 64903 76557,05-06-2024,LOC0085,4.2,Pets,Canara Bank,3.06286E+11,CNRB1221692
SELL2279,Gupta-Dara,gupta-dara1491@gmail.com,+91 76172 68728,30-08-2022,LOC0102,3.8,Jewellery,Kotak Mahindra Bank,1120857730,KKBK3163771
SELL2280,"Shankar, Krishna and Kannan",shankarkrishnaandkannan@gmail.com,+91 97600 83595,06-11-2024,LOC0018,1.4,Health,ICICI Bank,9.77899E+12,ICIC9625842
SELL2281,"Choudhury, Dhawan and Arya",choudhurydhawanandarya@gmail.com,+91 60145 58107,03-09-2023,LOC0048,4.9,Stationery,State Bank of India,7700653817,SBIN1128747
SELL2282,Badami-Savant,badami-savant@gmail.com,+91 92141 94378,05-05-2021,LOC0045,4.5,Pets,Punjab National Bank,28054632489,PUNB6841794
SELL2283,Barman-Iyer,barman-iyer@gmail.com,+91 77651 40096,29-09-2025,LOC0014,1.7,Jewellery,Canara Bank,3.88563E+12,CNRB3290656
SELL2284,Salvi-Dhingra,salvi-dhingra4934@gmail.com,+91 84200 08585,23-11-2024,LOC0094,4.5,Automotive,State Bank of India,5.88707E+12,SBIN9710653
SELL2285,Sarna-Tailor,sarna-tailor@gmail.com,+91 61201 35623,01-01-2024,LOC0079,2.7,Bags & Luggage,Kotak Mahindra Bank,7.91015E+11,KKBK2326676
SELL2286,Kuruvilla-Arya,kuruvilla-arya@gmail.com,+91 65875 37278,05-03-2026,LOC0112,4.3,Pets,Axis Bank,11970540330,UTIB8332520
SELL2287,Sampath and Sons,sampathandsons2200@gmail.com,+91 78709 27886,11-05-2025,LOC0068,1.8,Footwear,Kotak Mahindra Bank,8.45679E+13,KKBK8303227
SELL2288,Jhaveri-Sangha,jhaveri-sangha@gmail.com,+91 62191 17279,24-12-2024,LOC0014,2.5,Gaming,Union Bank of India,5.73334E+12,UBIN2706813
SELL2289,Som-Mangal,som-mangal9033@gmail.com,+91 87665 19489,19-04-2021,LOC0039,1.7,Stationery,IndusInd Bank,1.34242E+11,INDB5678142
SELL2290,"Karpe, Balasubramanian and Rana",karpebalasubramanianandrana@gmail.com,+91 62422 25586,03-04-2024,LOC0106,4.6,Toys,Punjab National Bank,61285945,PUNB1958498
SELL2291,Choudhury-Swamy,choudhury-swamy@gmail.com,+91 87738 76563,16-09-2021,LOC0060,1.3,Books,Bank of Baroda,3.85005E+11,BARB7912876
SELL2292,Ramanathan-Butala,ramanathan-butala8627@gmail.com,+91 86570 89889,01-04-2021,LOC0023,3.2,Stationery,Kotak Mahindra Bank,7139229329,KKBK3730000
SELL2293,Dhawan and Sons,dhawanandsons@gmail.com,+91 67799 89871,19-08-2021,LOC0049,3.5,Groceries,Punjab National Bank,77291282864,PUNB6298611
SELL2294,"Madan, Ramanathan and Zacharia",madanramanathanandzacharia@gmail.com,+91 82412 00419,19-12-2025,LOC0099,1.3,Pets,Axis Bank,56461039039,UTIB9930515
SELL2295,Som Group,somgroup3866@gmail.com,+91 92511 58402,02-06-2024,LOC0076,2.7,Stationery,IndusInd Bank,5.45891E+12,INDB7321096
SELL2296,Edwin PLC,edwinplc6478@gmail.com,+91 72979 91839,04-03-2023,LOC0088,1.7,Pets,Punjab National Bank,23641318780,PUNB9947822
SELL2297,"Gade, Viswanathan and Johal",gadeviswanathanandjohal9636@gmail.com,+91 69149 06676,01-06-2022,LOC0059,2,Bags & Luggage,HDFC Bank,3901752326,HDFC3524214
SELL2298,"Ghosh, Issac and Sani",ghoshissacandsani@gmail.com,+91 82654 59187,18-01-2024,LOC0096,4,Groceries,ICICI Bank,1.23546E+11,ICIC4318923
SELL2299,Dora-Seshadri,dora-seshadri@gmail.com,+91 63831 11443,05-07-2021,LOC0073,3.7,Health,HDFC Bank,6.74302E+13,HDFC8046758
SELL2300,Chaudhari-Ravel,chaudhari-ravel@gmail.com,+91 76247 53942,06-11-2025,LOC0076,4.9,Automotive,Union Bank of India,1.99184E+12,UBIN4488407
SELL2301,"Apte, Dubey and Ahluwalia",aptedubeyandahluwalia@gmail.com,+91 63913 87194,11-06-2025,LOC0023,2.7,Health,State Bank of India,172107712,SBIN5752292
SELL2302,Krish-Solanki,krish-solanki@gmail.com,+91 89890 62178,22-02-2024,LOC0094,3,Bags & Luggage,HDFC Bank,29976451849,HDFC7130607
SELL2303,"Babu, Roy and Devan",baburoyanddevan@gmail.com,+91 89029 58291,17-03-2023,LOC0071,2.4,Groceries,Canara Bank,7603195165,CNRB9320101
SELL2304,Agate-Suresh,agate-suresh@gmail.com,+91 93642 81666,23-09-2025,LOC0096,1.2,Groceries,Bank of Baroda,4.98723E+13,BARB6856871
SELL2305,Som and Sons,somandsons@gmail.com,+91 72359 82554,22-04-2024,LOC0048,2.8,Footwear,ICICI Bank,3663880926,ICIC8025753
SELL2306,"Vohra, Iyengar and Amble",vohraiyengarandamble@gmail.com,+91 86817 54328,06-09-2022,LOC0046,4,Health,Punjab National Bank,1.53146E+11,PUNB8381271
SELL2307,"Chander, Andra and Khurana",chanderandraandkhurana@gmail.com,+91 68734 07714,02-11-2023,LOC0068,1.3,Baby,Union Bank of India,1.37441E+11,UBIN6484851
SELL2308,Hayer Ltd,hayerltd1057@gmail.com,+91 97441 92310,25-09-2023,LOC0043,1.8,Office Supplies,Punjab National Bank,2954705917,PUNB3318674
SELL2309,"Choudhry, Mammen and Singhal",choudhrymammenandsinghal@gmail.com,+91 70196 71343,28-11-2021,LOC0097,2.4,Pets,HDFC Bank,2.99095E+13,HDFC6302418
SELL2310,Magar Inc,magarinc@gmail.com,+91 69935 05277,06-01-2024,LOC0080,3.9,Jewellery,Canara Bank,8824011228,CNRB1872817
SELL2311,Jani Group,janigroup@gmail.com,+91 68288 35558,14-12-2022,LOC0066,2.9,Groceries,Axis Bank,33450857135,UTIB1944685
SELL2312,Sant Inc,santinc@gmail.com,+91 92422 00331,01-08-2025,LOC0096,3.8,Footwear,Canara Bank,1.5891E+13,CNRB3000891
SELL2313,Tripathi PLC,tripathiplc8108@gmail.com,+91 84261 75891,18-08-2024,LOC0045,1.9,Books,Punjab National Bank,7.93743E+11,PUNB4766606
SELL2314,"Kalita, Vasa and Bath",kalitavasaandbath5997@gmail.com,+91 76176 72350,30-03-2026,LOC0092,3,Health,Kotak Mahindra Bank,4249041497,KKBK4390800
SELL2315,Kumar-Lalla,kumar-lalla2273@gmail.com,+91 82140 39614,01-11-2022,LOC0026,4.2,Electronics,Union Bank of India,5.92182E+13,UBIN6987838
SELL2316,Kanda LLC,kandallc@gmail.com,+91 67717 76016,25-07-2024,LOC0083,4.9,Toys,Union Bank of India,4.65292E+12,UBIN8670547
SELL2317,Ramakrishnan Group,ramakrishnangroup2521@gmail.com,+91 62217 24118,10-03-2026,LOC0023,2.4,Sports,State Bank of India,6.77525E+12,SBIN3311250
SELL2318,Tella and Sons,tellaandsons@gmail.com,+91 83366 36486,08-04-2025,LOC0083,3,Clothing,Bank of Baroda,94813400817,BARB1786007
SELL2319,Dugar and Sons,dugarandsons9825@gmail.com,+91 67141 36160,07-06-2025,LOC0094,3.6,Groceries,Union Bank of India,8.22803E+12,UBIN2790606
SELL2320,"Swamy, Rajagopalan and Goswami",swamyrajagopalanandgoswami@gmail.com,+91 73890 56880,19-12-2025,LOC0099,4.7,Baby,State Bank of India,6.76924E+13,SBIN1833498
SELL2321,Chopra-Dugar,chopra-dugar3035@gmail.com,+91 93216 72883,25-03-2024,LOC0095,2.2,Automotive,Canara Bank,8.0954E+11,CNRB7002956
SELL2322,Sankar-Dugal,sankar-dugal8952@gmail.com,+91 96209 02034,29-01-2025,LOC0047,1.8,Automotive,HDFC Bank,6.48348E+12,HDFC5291118
SELL2323,Kunda-Shah,kunda-shah@gmail.com,+91 68407 19564,15-04-2024,LOC0095,1,Bags & Luggage,ICICI Bank,4.12349E+13,ICIC5418150
SELL2324,Butala Inc,butalainc@gmail.com,+91 73388 91420,21-10-2023,LOC0101,5,Gaming,Bank of Baroda,97347505581,BARB4612709
SELL2325,Mangat PLC,mangatplc@gmail.com,+91 87081 90812,25-11-2021,LOC0036,4.9,Gaming,Bank of Baroda,4.88832E+11,BARB8846151
SELL2326,Gokhale LLC,gokhalellc@gmail.com,+91 61101 95873,19-08-2021,LOC0070,3.2,Stationery,ICICI Bank,1.21508E+11,ICIC1055835
SELL2327,Sachdev PLC,sachdevplc@gmail.com,+91 70227 09123,04-08-2023,LOC0096,3.1,Sports,IndusInd Bank,9.40688E+12,INDB7624929
SELL2328,Andra PLC,andraplc@gmail.com,+91 82454 69703,04-03-2023,LOC0066,1.4,Stationery,Punjab National Bank,64822383993,PUNB6386220
SELL2329,Divan LLC,divanllc38@gmail.com,+91 80148 65993,29-12-2025,LOC0069,2.8,Automotive,Axis Bank,6.40708E+12,UTIB9112501
SELL2330,Ray-Ben,ray-ben@gmail.com,+91 60604 24020,26-05-2024,LOC0099,2.7,Clothing,HDFC Bank,1.39081E+12,HDFC6569848
SELL2331,Batta-Raja,batta-raja6749@gmail.com,+91 60982 89392,22-12-2021,LOC0018,4.6,Pets,Kotak Mahindra Bank,1.92025E+12,KKBK8377946
SELL2332,"Dora, Shere and Bhat",dorashereandbhat@gmail.com,+91 64804 11954,07-09-2021,LOC0019,3.5,Stationery,ICICI Bank,7.27316E+12,ICIC2629231
SELL2333,Sarraf Group,sarrafgroup5010@gmail.com,+91 96768 18685,30-07-2022,LOC0109,3.8,Home,ICICI Bank,50069425209,ICIC1141745
SELL2334,Kapur Inc,kapurinc@gmail.com,+91 69949 89136,08-06-2022,LOC0087,1.7,Sports,Axis Bank,3680126553,UTIB4502228
SELL2335,Sangha Group,sanghagroup@gmail.com,+91 67725 49706,19-06-2024,LOC0055,3.4,Jewellery,Punjab National Bank,5.43493E+12,PUNB2325458
SELL2336,Shah PLC,shahplc9221@gmail.com,+91 77048 04321,12-12-2021,LOC0049,3.9,Pets,HDFC Bank,2178050057,HDFC4830934
SELL2337,Rout PLC,routplc5018@gmail.com,+91 93850 54864,03-11-2023,LOC0011,1.8,Office Supplies,IndusInd Bank,2245969024,INDB4432765
SELL2338,Srinivas-Jaggi,srinivas-jaggi@gmail.com,+91 87391 25625,27-01-2022,LOC0036,2.1,Home,Bank of Baroda,3.72287E+12,BARB6580012
SELL2339,Gade-Mand,gade-mand@gmail.com,+91 79490 60056,12-01-2025,LOC0092,3.7,Health,Punjab National Bank,41909413794,PUNB6174536
SELL2340,Chandran-Ahuja,chandran-ahuja@gmail.com,+91 74941 82540,01-09-2021,LOC0082,2.1,Pets,State Bank of India,2.7062E+12,SBIN6415360
SELL2341,Sharaf Group,sharafgroup@gmail.com,+91 75498 32644,10-01-2024,LOC0046,1.7,Pets,HDFC Bank,8.78206E+13,HDFC6019176
SELL2342,Mahajan-Chhabra,mahajan-chhabra5289@gmail.com,+91 96976 04035,22-05-2023,LOC0109,4.6,Gaming,Bank of Baroda,56281451448,BARB2811880
SELL2343,Kuruvilla Ltd,kuruvillaltd2963@gmail.com,+91 76085 71662,18-01-2023,LOC0100,4.5,Gaming,Punjab National Bank,73488086351,PUNB2512951
SELL2344,Seshadri LLC,seshadrillc@gmail.com,+91 63119 66974,16-03-2026,LOC0081,1.4,Electronics,State Bank of India,2.51962E+11,SBIN7152912
SELL2345,Chandran-Sekhon,chandran-sekhon@gmail.com,+91 61355 44040,11-08-2023,LOC0039,1.7,Home,IndusInd Bank,9.73035E+12,INDB4966948
SELL2346,Rao-Kapoor,rao-kapoor@gmail.com,+91 69972 43221,11-11-2024,LOC0068,3.2,Footwear,HDFC Bank,3410439762,HDFC4193904
SELL2347,Khosla-Chand,khosla-chand7758@gmail.com,+91 84223 42560,22-01-2022,LOC0078,2.4,Toys,Union Bank of India,8671324994,UBIN2195335
SELL2348,Mann-Saraf,mann-saraf7259@gmail.com,+91 67104 21976,13-08-2023,LOC0037,4.9,Groceries,State Bank of India,4.58174E+11,SBIN9227789
SELL2349,"Kapoor, Gera and Chacko",kapoorgeraandchacko@gmail.com,+91 83206 15282,25-08-2024,LOC0061,5,Music & Instruments,Bank of Baroda,1.28668E+13,BARB1238799
SELL2350,Choudhary Ltd,choudharyltd5923@gmail.com,+91 65631 14246,03-10-2022,LOC0059,3.6,Stationery,Bank of Baroda,5.33772E+12,BARB3909149
SELL2351,"Sabharwal, Bhakta and Kaur",sabharwalbhaktaandkaur@gmail.com,+91 76271 11085,21-07-2023,LOC0022,3.1,Jewellery,Kotak Mahindra Bank,41635043122,KKBK7743759
SELL2352,"Iyengar, Ghosh and Samra",iyengarghoshandsamra2012@gmail.com,+91 67452 95195,02-11-2024,LOC0111,2.7,Home,Union Bank of India,6.81089E+11,UBIN7148322
SELL2353,Bhattacharyya Group,bhattacharyyagroup@gmail.com,+91 83595 63183,26-08-2024,LOC0078,1.3,Bags & Luggage,Bank of Baroda,2.8422E+13,BARB1874884
SELL2354,"Khosla, Kulkarni and Wadhwa",khoslakulkarniandwadhwa@gmail.com,+91 71122 26925,10-10-2022,LOC0039,4.9,Office Supplies,Punjab National Bank,8.18755E+11,PUNB2738514
SELL2355,Cheema LLC,cheemallc@gmail.com,+91 93530 34715,06-09-2025,LOC0057,3.4,Pets,Bank of Baroda,3.35835E+13,BARB8346052
SELL2356,Dara Inc,darainc@gmail.com,+91 89084 74896,03-06-2024,LOC0071,1.7,Home,State Bank of India,8.6151E+12,SBIN5961648
SELL2357,Din-Dayal,din-dayal@gmail.com,+91 96956 26361,12-02-2022,LOC0032,4,Books,IndusInd Bank,6.88925E+11,INDB9961537
SELL2358,Chowdhury-Sampath,chowdhury-sampath@gmail.com,+91 92163 56520,14-05-2022,LOC0015,3.3,Health,IndusInd Bank,2.86387E+11,INDB8669620
SELL2359,Chad-Shankar,chad-shankar@gmail.com,+91 88888 94351,09-05-2023,LOC0001,3.2,Groceries,HDFC Bank,1.68675E+11,HDFC4611881
SELL2360,Lal-Balakrishnan,lal-balakrishnan3102@gmail.com,+91 60799 31606,29-10-2025,LOC0081,3.7,Beauty,Canara Bank,2.04572E+12,CNRB6300093
SELL2361,"Sharma, Sastry and Sathe",sharmasastryandsathe@gmail.com,+91 68558 28130,29-04-2022,LOC0063,1.7,Electronics,State Bank of India,81754934443,SBIN8467782
SELL2362,"Acharya, Sharaf and Sridhar",acharyasharafandsridhar@gmail.com,+91 70377 73630,17-12-2024,LOC0074,1.2,Jewellery,Canara Bank,4.09016E+11,CNRB8702307
SELL2363,"Dada, Chaudhari and Chawla",dadachaudhariandchawla5826@gmail.com,+91 85835 66841,24-03-2022,LOC0064,3,Home,Punjab National Bank,6.06456E+11,PUNB5695737
SELL2364,Deshpande Inc,deshpandeinc6181@gmail.com,+91 82379 70236,27-12-2023,LOC0081,1.8,Music & Instruments,IndusInd Bank,3380232754,INDB6398693
SELL2365,"Chowdhury, Khalsa and Varghese",chowdhurykhalsaandvarghese@gmail.com,+91 68962 96432,18-07-2023,LOC0090,3.3,Sports,Axis Bank,4484151148,UTIB6806166
SELL2366,Rastogi-Shukla,rastogi-shukla@gmail.com,+91 62350 92123,14-11-2023,LOC0080,1.3,Groceries,Kotak Mahindra Bank,85560434968,KKBK7327466
SELL2367,Mani LLC,manillc@gmail.com,+91 70067 76999,24-04-2023,LOC0054,4.5,Office Supplies,State Bank of India,8.77536E+12,SBIN5343853
SELL2368,Rau-Malhotra,rau-malhotra@gmail.com,+91 73822 93311,18-12-2024,LOC0004,2,Pets,State Bank of India,2.71345E+12,SBIN2716257
SELL2369,Banik-Kashyap,banik-kashyap2312@gmail.com,+91 69577 08371,02-01-2022,LOC0069,3.9,Footwear,IndusInd Bank,5.13327E+11,INDB2117058
SELL2370,"Kala, Bora and Kuruvilla",kalaboraandkuruvilla@gmail.com,+91 81776 97120,10-11-2021,LOC0090,2.1,Music & Instruments,Bank of Baroda,5699584083,BARB4310629
SELL2371,"Lalla, Handa and Sane",lallahandaandsane8841@gmail.com,+91 89934 00049,23-07-2022,LOC0002,1.7,Music & Instruments,Bank of Baroda,44676538740,BARB1323377
SELL2372,Loke LLC,lokellc@gmail.com,+91 70341 00073,22-06-2021,LOC0021,4.3,Home,Canara Bank,59667389724,CNRB5584654
SELL2373,Atwal-Deshpande,atwal-deshpande@gmail.com,+91 90262 40986,23-09-2023,LOC0075,4.4,Office Supplies,Punjab National Bank,6.64892E+11,PUNB5363450
SELL2374,"Chana, Bera and Shankar",chanaberaandshankar@gmail.com,+91 87284 15031,08-10-2024,LOC0108,2.2,Electronics,IndusInd Bank,8.63591E+11,INDB5491051
SELL2375,Kohli PLC,kohliplc1007@gmail.com,+91 88685 60015,02-09-2021,LOC0066,1.1,Stationery,ICICI Bank,5.99679E+12,ICIC2298521
SELL2376,Wason Group,wasongroup@gmail.com,+91 91705 84700,03-03-2025,LOC0072,2.1,Bags & Luggage,Kotak Mahindra Bank,7.96714E+12,KKBK7750611
SELL2377,Chakrabarti and Sons,chakrabartiandsons4439@gmail.com,+91 80992 49128,17-08-2024,LOC0006,2.9,Electronics,State Bank of India,2436468083,SBIN4360000
SELL2378,Sathe-Sule,sathe-sule8988@gmail.com,+91 83707 63938,22-04-2025,LOC0023,4.2,Office Supplies,State Bank of India,6.60056E+13,SBIN8248133
SELL2379,"Virk, Kamdar and Kakar",virkkamdarandkakar@gmail.com,+91 70748 53544,06-02-2026,LOC0032,2.1,Baby,Axis Bank,62033351270,UTIB9890396
SELL2380,"Dhawan, Mander and Kurian",dhawanmanderandkurian@gmail.com,+91 74541 33802,11-11-2023,LOC0099,4,Health,ICICI Bank,8.37658E+12,ICIC4847384
SELL2381,Subramaniam LLC,subramaniamllc@gmail.com,+91 71703 06560,28-05-2025,LOC0023,4.7,Stationery,State Bank of India,300593896,SBIN7461474
SELL2382,"Saha, Bansal and Saran",sahabansalandsaran@gmail.com,+91 69487 14261,16-02-2024,LOC0018,3.2,Footwear,Kotak Mahindra Bank,8.04265E+11,KKBK2621608
SELL2383,Kapoor-Gopal,kapoor-gopal@gmail.com,+91 61580 21103,27-05-2022,LOC0073,3.2,Books,ICICI Bank,9.88073E+11,ICIC1239299
SELL2384,Som LLC,somllc@gmail.com,+91 91097 08811,01-10-2025,LOC0002,2.7,Office Supplies,Axis Bank,3.05643E+13,UTIB1337210
SELL2385,Master and Sons,masterandsons7481@gmail.com,+91 98751 84304,12-10-2021,LOC0014,3,Gaming,HDFC Bank,5.2194E+12,HDFC1582133
SELL2386,"Kurian, Bhat and Dar",kurianbhatanddar7280@gmail.com,+91 75972 00456,25-12-2023,LOC0030,5,Gaming,Punjab National Bank,7.12935E+13,PUNB6306613
SELL2387,Kumer and Sons,kumerandsons649@gmail.com,+91 97530 89293,10-01-2024,LOC0066,3.8,Health,Punjab National Bank,1.26093E+13,PUNB7828660
SELL2388,Thaman-Goda,thaman-goda6709@gmail.com,+91 83030 41635,28-01-2023,LOC0081,1.1,Music & Instruments,Kotak Mahindra Bank,46582860740,KKBK6875697
SELL2389,Mann-Borde,mann-borde2840@gmail.com,+91 64546 48414,15-03-2026,LOC0080,3.9,Office Supplies,Punjab National Bank,7368737702,PUNB1444664
SELL2390,Wali Group,waligroup6682@gmail.com,+91 68358 42577,14-10-2022,LOC0105,1.3,Sports,Punjab National Bank,6.26073E+13,PUNB4906392
SELL2391,"Manda, Chakrabarti and Sha",mandachakrabartiandsha@gmail.com,+91 91058 65631,19-11-2021,LOC0107,4.2,Home,Kotak Mahindra Bank,8.51699E+11,KKBK3603107
SELL2392,Toor-Rao,toor-rao7631@gmail.com,+91 92879 71552,03-06-2021,LOC0002,2.3,Stationery,Bank of Baroda,8.69374E+13,BARB4851973
SELL2393,"Dugar, Chanda and Zacharia",dugarchandaandzacharia5182@gmail.com,+91 98550 59116,16-07-2024,LOC0012,1.6,Office Supplies,IndusInd Bank,6812056727,INDB8660180
SELL2394,Kapoor-Shetty,kapoor-shetty@gmail.com,+91 64697 88427,13-12-2021,LOC0003,1.7,Baby,Canara Bank,4.6606E+12,CNRB2531545
SELL2395,"Vohra, Dhaliwal and Bir",vohradhaliwalandbir@gmail.com,+91 62600 79219,16-08-2025,LOC0001,1.4,Automotive,Kotak Mahindra Bank,4.89089E+12,KKBK3611092
SELL2396,Goyal-Gulati,goyal-gulati5063@gmail.com,+91 96730 22456,13-10-2022,LOC0004,2.7,Footwear,Axis Bank,2.88642E+12,UTIB1615890
SELL2397,"Varma, Choudhury and Hora",varmachoudhuryandhora@gmail.com,+91 87225 60113,25-06-2023,LOC0113,3.8,Toys,HDFC Bank,8882428919,HDFC4040706
SELL2398,Swamy Inc,swamyinc@gmail.com,+91 81803 84223,17-09-2022,LOC0031,1.1,Stationery,IndusInd Bank,8.12296E+12,INDB3842374
SELL2399,"Chakraborty, Badami and Tella",chakrabortybadamiandtella@gmail.com,+91 63869 08977,26-07-2023,LOC0069,3.4,Pets,Canara Bank,65701327280,CNRB8971124
SELL2400,"Khosla, Sastry and Balasubramanian",khoslasastryandbalasubramanian@gmail.com,+91 67655 99694,24-12-2022,LOC0096,4.5,Home,Punjab National Bank,1650921645,PUNB2899770
SELL2401,"Kar, Bhakta and Dada",karbhaktaanddada@gmail.com,+91 70236 52655,02-05-2021,LOC0096,4.5,Pets,State Bank of India,5584504441,SBIN1212721
SELL2402,Sangha-Goyal,sangha-goyal@gmail.com,+91 61848 69175,29-08-2021,LOC0034,1.1,Clothing,Union Bank of India,9199351296,UBIN8312609
SELL2403,"Goyal, Sehgal and Chhabra",goyalsehgalandchhabra2927@gmail.com,+91 90892 84046,29-04-2021,LOC0015,3.6,Health,IndusInd Bank,8718243598,INDB9412029
SELL2404,"Kara, Din and Varma",karadinandvarma5844@gmail.com,+91 78348 20991,10-04-2022,LOC0029,4.3,Jewellery,HDFC Bank,4.78185E+12,HDFC8813965
SELL2405,Mannan and Sons,mannanandsons@gmail.com,+91 87504 28183,03-04-2024,LOC0113,3.2,Stationery,Canara Bank,415007985,CNRB8828536
SELL2406,"Bhatt, Rana and Ganguly",bhattranaandganguly7952@gmail.com,+91 81145 51004,31-08-2024,LOC0031,4.3,Sports,Punjab National Bank,4535105490,PUNB2256347
SELL2407,Gara-Chahal,gara-chahal@gmail.com,+91 64179 11072,11-04-2023,LOC0094,1.1,Toys,ICICI Bank,7.78665E+11,ICIC3338136
SELL2408,Venkataraman and Sons,venkataramanandsons533@gmail.com,+91 77850 31627,30-11-2021,LOC0012,3.7,Clothing,IndusInd Bank,4625688905,INDB2108326
SELL2409,Sarma-Ben,sarma-ben@gmail.com,+91 70107 37603,22-01-2023,LOC0107,4.2,Bags & Luggage,Punjab National Bank,7.63975E+12,PUNB5406376
SELL2410,"Devi, Wason and Chadha",deviwasonandchadha1174@gmail.com,+91 75094 47853,30-11-2024,LOC0107,4.4,Pets,Punjab National Bank,198022920,PUNB9645961
SELL2411,Dhar Ltd,dharltd5695@gmail.com,+91 65695 67622,30-01-2022,LOC0065,4.7,Jewellery,Axis Bank,8.65255E+13,UTIB5309399
SELL2412,Bhatnagar-Sehgal,bhatnagar-sehgal@gmail.com,+91 90447 40819,15-07-2022,LOC0065,3.3,Sports,Kotak Mahindra Bank,6568962936,KKBK9449635
SELL2413,Mangat Ltd,mangatltd@gmail.com,+91 82539 97123,05-01-2025,LOC0059,1.1,Beauty,IndusInd Bank,9.7971E+11,INDB1771272
SELL2414,Ben-Kara,ben-kara2841@gmail.com,+91 61029 62729,07-04-2025,LOC0061,3.6,Books,IndusInd Bank,6423236087,INDB4365775
SELL2415,Chandran-Srinivas,chandran-srinivas7548@gmail.com,+91 72938 16131,30-04-2023,LOC0097,2.7,Beauty,Kotak Mahindra Bank,67719306248,KKBK2206005
SELL2416,Hans-Randhawa,hans-randhawa@gmail.com,+91 61201 34770,21-05-2025,LOC0051,3.6,Pets,HDFC Bank,11944725736,HDFC2711403
SELL2417,Keer PLC,keerplc4029@gmail.com,+91 64701 46131,26-01-2025,LOC0104,3.4,Groceries,State Bank of India,6.32094E+11,SBIN1986606
SELL2418,Suresh and Sons,sureshandsons597@gmail.com,+91 64616 00835,02-10-2022,LOC0001,3.1,Home,ICICI Bank,7382023376,ICIC5617140
SELL2419,Bajaj Ltd,bajajltd@gmail.com,+91 70659 42396,13-07-2024,LOC0039,1.6,Health,IndusInd Bank,6.77035E+11,INDB7547620
SELL2420,Sha and Sons,shaandsons7758@gmail.com,+91 66797 98492,18-02-2025,LOC0039,2.9,Sports,Kotak Mahindra Bank,8.96724E+13,KKBK9574031
SELL2421,Shah-Rajan,shah-rajan9693@gmail.com,+91 95845 60136,18-06-2022,LOC0099,3.1,Automotive,State Bank of India,5.20153E+11,SBIN3545717
SELL2422,Mahal PLC,mahalplc624@gmail.com,+91 65408 62649,30-08-2022,LOC0090,1.4,Home,ICICI Bank,7938234764,ICIC6936332
SELL2423,Ratti LLC,rattillc3389@gmail.com,+91 79630 87608,14-11-2022,LOC0050,2.4,Automotive,Punjab National Bank,789462776,PUNB1137038
SELL2424,"Lad, Sachar and Kata",ladsacharandkata@gmail.com,+91 92094 47111,29-08-2024,LOC0002,2.9,Gaming,Punjab National Bank,3163317151,PUNB8153193
SELL2425,Krishnan Group,krishnangroup1511@gmail.com,+91 68255 15412,08-12-2025,LOC0108,3.4,Clothing,Axis Bank,2542689182,UTIB4193839
SELL2426,"Dasgupta, Viswanathan and Chawla",dasguptaviswanathanandchawla@gmail.com,+91 77126 58650,07-01-2026,LOC0003,1.2,Sports,IndusInd Bank,1.56102E+12,INDB4718528
SELL2427,"Samra, Baral and Walia",samrabaralandwalia1538@gmail.com,+91 86757 28643,16-07-2021,LOC0014,2.4,Stationery,State Bank of India,5958178559,SBIN8496783
SELL2428,"Shukla, Manne and Srinivasan",shuklamanneandsrinivasan@gmail.com,+91 88729 81138,13-12-2024,LOC0023,2.4,Baby,ICICI Bank,5220255741,ICIC8063964
SELL2429,"Singh, Kalita and Ramanathan",singhkalitaandramanathan7199@gmail.com,+91 86158 30218,20-11-2021,LOC0101,4.6,Toys,Canara Bank,28132926804,CNRB2815371
SELL2430,Chowdhury-Mallick,chowdhury-mallick5501@gmail.com,+91 70964 71851,29-02-2024,LOC0060,2.7,Beauty,Union Bank of India,7.89055E+12,UBIN9818558
SELL2431,"Ray, Walia and Malhotra",raywaliaandmalhotra5707@gmail.com,+91 71409 78758,03-01-2024,LOC0046,3.5,Footwear,Punjab National Bank,4.47371E+13,PUNB5607261
SELL2432,"Samra, Atwal and Sidhu",samraatwalandsidhu@gmail.com,+91 98523 90858,18-05-2025,LOC0001,1.8,Electronics,Union Bank of India,92496178309,UBIN9620320
SELL2433,"Ramachandran, Lalla and Bhatt",ramachandranlallaandbhatt@gmail.com,+91 64814 80672,23-08-2025,LOC0091,2.5,Footwear,Punjab National Bank,7.25793E+13,PUNB8158532
SELL2434,"Bobal, Bahri and Keer",bobalbahriandkeer7245@gmail.com,+91 91676 94005,06-06-2023,LOC0099,3.1,Electronics,HDFC Bank,5.3089E+12,HDFC6710353
SELL2435,Bajaj-Chanda,bajaj-chanda2536@gmail.com,+91 63804 72917,01-11-2022,LOC0106,2.4,Groceries,Union Bank of India,2.06141E+13,UBIN9161631
SELL2436,Kanda LLC,kandallc7208@gmail.com,+91 77013 55954,24-11-2024,LOC0055,2.8,Automotive,Punjab National Bank,1.42911E+12,PUNB7160775
SELL2437,"Baria, Bhakta and Srinivasan",bariabhaktaandsrinivasan@gmail.com,+91 70805 11226,17-06-2024,LOC0096,3.2,Electronics,Canara Bank,9.0139E+12,CNRB8360079
SELL2438,"Bhatti, Dar and Kalla",bhattidarandkalla@gmail.com,+91 64457 00351,21-12-2023,LOC0058,3.2,Bags & Luggage,ICICI Bank,77169540607,ICIC1847304
SELL2439,"Sagar, Rastogi and Sundaram",sagarrastogiandsundaram9625@gmail.com,+91 62333 61798,20-08-2024,LOC0013,4.5,Groceries,HDFC Bank,21831631490,HDFC2085282
SELL2440,"Sarma, Thakur and Zachariah",sarmathakurandzachariah@gmail.com,+91 96797 05348,04-02-2024,LOC0107,1.1,Footwear,Axis Bank,9.43106E+13,UTIB1258390
SELL2441,Mangat PLC,mangatplc1849@gmail.com,+91 98977 20433,20-12-2025,LOC0109,2.8,Health,State Bank of India,4.19292E+12,SBIN8171763
SELL2442,Basak Group,basakgroup@gmail.com,+91 76734 57338,10-09-2021,LOC0111,3.8,Stationery,Union Bank of India,2.26159E+12,UBIN2222753
SELL2443,Hayre and Sons,hayreandsons4051@gmail.com,+91 78778 85752,12-07-2021,LOC0028,4.3,Automotive,Axis Bank,363670101,UTIB7026882
SELL2444,Sabharwal PLC,sabharwalplc@gmail.com,+91 85800 70172,24-05-2021,LOC0043,1.2,Clothing,Bank of Baroda,8.49262E+11,BARB1134630
SELL2445,"Handa, Setty and Gara",handasettyandgara@gmail.com,+91 81858 47133,02-04-2023,LOC0017,4.7,Sports,Union Bank of India,18702267998,UBIN2376828
SELL2446,"Rao, Dash and Trivedi",raodashandtrivedi7740@gmail.com,+91 61364 97945,08-04-2023,LOC0085,2.3,Stationery,Union Bank of India,78782384996,UBIN9532233
SELL2447,"Buch, Bath and Dhillon",buchbathanddhillon3128@gmail.com,+91 77383 50144,27-02-2026,LOC0092,1.5,Books,Kotak Mahindra Bank,7.48849E+12,KKBK1410081
SELL2448,Bassi LLC,bassillc@gmail.com,+91 82427 05239,17-07-2023,LOC0012,4.5,Bags & Luggage,IndusInd Bank,9538248912,INDB4052149
SELL2449,"Datta, Kapoor and Bedi",dattakapoorandbedi@gmail.com,+91 84395 43451,15-04-2024,LOC0093,3.1,Electronics,Bank of Baroda,6.20571E+11,BARB6510420
SELL2450,Basak-De,basak-de@gmail.com,+91 90382 66804,02-12-2022,LOC0014,3.3,Stationery,Bank of Baroda,1.73828E+13,BARB8457405
SELL2451,"Char, Chokshi and Thakur",charchokshiandthakur8039@gmail.com,+91 80111 46146,17-11-2021,LOC0071,3.9,Health,State Bank of India,88611156663,SBIN3477094
SELL2452,"Ranganathan, Raju and Brahmbhatt",ranganathanrajuandbrahmbhatt@gmail.com,+91 79715 58889,19-10-2022,LOC0100,2.4,Jewellery,IndusInd Bank,4441041381,INDB4861536
SELL2453,Krishnan-Dada,krishnan-dada@gmail.com,+91 80532 61349,25-05-2024,LOC0078,3.7,Sports,Kotak Mahindra Bank,72829804057,KKBK3707996
SELL2454,"Kata, Krishnamurthy and Kanda",katakrishnamurthyandkanda9063@gmail.com,+91 71405 02914,28-05-2025,LOC0074,4,Automotive,Kotak Mahindra Bank,6293826456,KKBK4695832
SELL2455,"Wadhwa, Kar and Sodhi",wadhwakarandsodhi3808@gmail.com,+91 62616 77429,10-02-2025,LOC0064,1.5,Footwear,Axis Bank,2.64858E+12,UTIB8507091
SELL2456,"Dhillon, Bose and Rao",dhillonboseandrao@gmail.com,+91 81579 20021,12-08-2024,LOC0067,4.5,Clothing,HDFC Bank,2.61551E+12,HDFC8030943
SELL2457,"Kulkarni, Trivedi and Kanda",kulkarnitrivediandkanda7513@gmail.com,+91 85640 36000,08-05-2025,LOC0005,4.5,Pets,State Bank of India,56359636762,SBIN5504569
SELL2458,"Solanki, Sampath and Sabharwal",solankisampathandsabharwal2285@gmail.com,+91 91356 84931,08-09-2021,LOC0085,3.5,Music & Instruments,ICICI Bank,4367971138,ICIC7851210
SELL2459,Kunda Group,kundagroup@gmail.com,+91 63825 09348,20-05-2022,LOC0068,2.6,Books,Bank of Baroda,5.91929E+13,BARB9269636
SELL2460,Madan-Chopra,madan-chopra@gmail.com,+91 81754 27510,19-05-2023,LOC0003,1.7,Electronics,ICICI Bank,62823007041,ICIC3893467
SELL2461,"Batra, Kade and Dixit",batrakadeanddixit1171@gmail.com,+91 79384 42854,02-05-2025,LOC0040,3.5,Groceries,IndusInd Bank,8.0948E+13,INDB1514705
SELL2462,Sridhar-Devi,sridhar-devi@gmail.com,+91 75721 38405,23-06-2024,LOC0060,3.9,Baby,Canara Bank,8.80327E+13,CNRB1980716
SELL2463,Sarna-Kuruvilla,sarna-kuruvilla2835@gmail.com,+91 81551 59884,08-10-2022,LOC0107,4.4,Gaming,Bank of Baroda,1.59724E+11,BARB6224402
SELL2464,Yadav-Yogi,yadav-yogi@gmail.com,+91 84523 52157,20-08-2023,LOC0010,2.3,Beauty,Kotak Mahindra Bank,26145490088,KKBK7562615
SELL2465,Chahal-Dara,chahal-dara3377@gmail.com,+91 83503 19408,14-12-2025,LOC0099,3.6,Electronics,Axis Bank,6.18051E+13,UTIB4124595
SELL2466,Kuruvilla Group,kuruvillagroup3373@gmail.com,+91 89332 21522,07-04-2024,LOC0049,3.2,Toys,Kotak Mahindra Bank,73433259853,KKBK5120273
SELL2467,Barad-Mani,barad-mani@gmail.com,+91 81019 42024,28-02-2024,LOC0080,3.3,Health,HDFC Bank,5.88543E+13,HDFC9785333
SELL2468,Choudhary Inc,choudharyinc@gmail.com,+91 87257 95732,11-02-2025,LOC0083,1.7,Pets,Punjab National Bank,7099980158,PUNB7934573
SELL2469,"Bhandari, Gade and Aurora",bhandarigadeandaurora3177@gmail.com,+91 90606 10693,20-07-2024,LOC0011,3.7,Electronics,Axis Bank,6.66385E+11,UTIB5728493
SELL2470,"Sule, Goswami and Kala",sulegoswamiandkala7308@gmail.com,+91 93693 98966,01-03-2024,LOC0106,2.9,Footwear,State Bank of India,29495018053,SBIN6713075
SELL2471,Sahota and Sons,sahotaandsons@gmail.com,+91 73143 47715,26-11-2023,LOC0028,4.7,Electronics,Union Bank of India,1.21264E+12,UBIN7405723
SELL2472,Sarin PLC,sarinplc2654@gmail.com,+91 97665 99751,05-05-2024,LOC0096,3.5,Groceries,State Bank of India,6.83737E+13,SBIN4922055
SELL2473,Shan-Chaudhari,shan-chaudhari@gmail.com,+91 64432 62089,17-01-2022,LOC0051,1.9,Office Supplies,ICICI Bank,7719141429,ICIC7052382
SELL2474,"Bains, Shenoy and Kothari",bainsshenoyandkothari9639@gmail.com,+91 98384 05802,21-11-2022,LOC0043,3.2,Jewellery,State Bank of India,4079527547,SBIN8970158
SELL2475,Loke-Seth,loke-seth393@gmail.com,+91 78173 97244,02-02-2024,LOC0111,2.8,Health,Kotak Mahindra Bank,5.76046E+13,KKBK7225933
SELL2476,"Dua, Sandhu and Sundaram",duasandhuandsundaram@gmail.com,+91 91314 26285,12-08-2025,LOC0048,3.6,Jewellery,HDFC Bank,9.19769E+12,HDFC7791620
SELL2477,"Sawhney, Rastogi and Sangha",sawhneyrastogiandsangha@gmail.com,+91 95814 95013,31-01-2026,LOC0105,4,Books,HDFC Bank,81854712524,HDFC1213526
SELL2478,Aggarwal LLC,aggarwalllc837@gmail.com,+91 62122 46862,19-05-2025,LOC0019,2.6,Bags & Luggage,Bank of Baroda,1.0382E+11,BARB8052069
SELL2479,Gara-Bansal,gara-bansal@gmail.com,+91 63543 71620,21-07-2023,LOC0107,4.5,Home,Axis Bank,3291136419,UTIB2871966
SELL2480,"Kara, Mangat and Apte",karamangatandapte4912@gmail.com,+91 84519 74986,21-02-2025,LOC0041,4.9,Beauty,Bank of Baroda,3.93957E+12,BARB5205500
SELL2481,"Bir, Kalla and Sama",birkallaandsama@gmail.com,+91 76753 67389,14-08-2024,LOC0039,1.4,Gaming,HDFC Bank,58702877509,HDFC6531681
SELL2482,Shan-Sami,shan-sami3873@gmail.com,+91 92032 03714,16-12-2024,LOC0113,4.3,Sports,Kotak Mahindra Bank,6.48856E+12,KKBK3835640
SELL2483,Chakraborty Group,chakrabortygroup1442@gmail.com,+91 93710 84784,30-11-2022,LOC0077,2.7,Groceries,HDFC Bank,1.38192E+12,HDFC3168987
SELL2484,Mallick-Tailor,mallick-tailor@gmail.com,+91 71898 63212,06-12-2024,LOC0005,1.7,Music & Instruments,Canara Bank,3.4493E+13,CNRB9604663
SELL2485,Loke-Gupta,loke-gupta8053@gmail.com,+91 66961 76970,28-08-2023,LOC0006,2.8,Gaming,IndusInd Bank,3607206711,INDB1226667
SELL2486,Dalal LLC,dalalllc@gmail.com,+91 85603 99713,03-09-2021,LOC0013,1.6,Stationery,State Bank of India,9.01336E+13,SBIN4646234
SELL2487,Bains Inc,bainsinc@gmail.com,+91 79648 92742,10-06-2021,LOC0051,5,Health,IndusInd Bank,2969424330,INDB4006062
SELL2488,Kala-Vora,kala-vora@gmail.com,+91 68835 80989,27-06-2022,LOC0063,2.6,Footwear,IndusInd Bank,3.73198E+13,INDB5236546
SELL2489,Kant-Iyengar,kant-iyengar@gmail.com,+91 98719 23149,01-10-2021,LOC0011,1.8,Electronics,Canara Bank,6.47848E+12,CNRB7700319
SELL2490,Chakrabarti PLC,chakrabartiplc@gmail.com,+91 66027 24474,11-07-2024,LOC0051,2.8,Groceries,Bank of Baroda,5.44873E+13,BARB3959568
SELL2491,Deshmukh-Venkatesh,deshmukh-venkatesh4496@gmail.com,+91 75018 60449,28-11-2024,LOC0048,3.3,Jewellery,Bank of Baroda,2.43289E+12,BARB3502694
SELL2492,Mandal-D’Alia,mandal-d’alia1538@gmail.com,+91 74758 54575,06-04-2024,LOC0071,2,Health,IndusInd Bank,2535744834,INDB3684893
SELL2493,"Bhattacharyya, Balasubramanian and Ben",bhattacharyyabalasubramanianandben@gmail.com,+91 90039 32624,17-01-2025,LOC0065,3.2,Bags & Luggage,Axis Bank,8.85758E+13,UTIB2561052
SELL2494,"Deshpande, Wadhwa and Bal",deshpandewadhwaandbal@gmail.com,+91 69902 14418,29-03-2024,LOC0055,2.9,Home,IndusInd Bank,1077836621,INDB9359492
SELL2495,"Ram, Lalla and Jani",ramlallaandjani1959@gmail.com,+91 73893 06769,03-03-2023,LOC0050,2.8,Pets,Bank of Baroda,7.17623E+11,BARB5244735
SELL2496,Shanker Group,shankergroup5580@gmail.com,+91 97195 02025,21-05-2025,LOC0090,4.5,Toys,Bank of Baroda,6.81163E+11,BARB9212755
SELL2497,Kari and Sons,kariandsons@gmail.com,+91 85635 87627,04-11-2021,LOC0075,3.1,Home,Bank of Baroda,7.32859E+12,BARB2163804
SELL2498,"Yogi, Bassi and Kant",yogibassiandkant4148@gmail.com,+91 99641 99605,11-11-2025,LOC0112,2.4,Music & Instruments,Canara Bank,5497385434,CNRB8109960
SELL2499,"Kumer, Kurian and Ravel",kumerkurianandravel7031@gmail.com,+91 81233 28338,17-01-2026,LOC0100,2.6,Baby,Union Bank of India,79263224535,UBIN3324845
SELL2500,Bal LLC,balllc@gmail.com,+91 81810 89933,22-04-2023,LOC0051,3.4,Automotive,Union Bank of India,5.99127E+13,UBIN1667962
SELL2501,Swaminathan Inc,swaminathaninc48@gmail.com,+91 84834 33021,22-03-2026,LOC0086,3.1,Books,ICICI Bank,6.29599E+13,ICIC4431834
SELL2502,Rajagopal Inc,rajagopalinc9204@gmail.com,+91 70761 91650,01-07-2021,LOC0058,4.1,Pets,Canara Bank,75857432333,CNRB3908784
SELL2503,"Varty, Goswami and Bora",vartygoswamiandbora@gmail.com,+91 75954 07970,23-04-2023,LOC0099,3.5,Books,IndusInd Bank,8832999276,INDB1430829
SELL2504,"Tripathi, Mahal and Ravel",tripathimahalandravel@gmail.com,+91 98812 42855,04-10-2022,LOC0112,3.2,Books,Kotak Mahindra Bank,2.30703E+12,KKBK8202127
SELL2505,"Agate, Srivastava and Kari",agatesrivastavaandkari2537@gmail.com,+91 75819 45766,15-07-2021,LOC0077,1.4,Footwear,HDFC Bank,6.15889E+11,HDFC3429343
SELL2506,"Majumdar, Venkatesh and Tata",majumdarvenkateshandtata8226@gmail.com,+91 90517 24155,10-04-2021,LOC0112,1.4,Sports,Axis Bank,3.77544E+12,UTIB6198938
SELL2507,"Khatri, Saxena and Mander",khatrisaxenaandmander423@gmail.com,+91 97288 52395,28-10-2022,LOC0103,3.2,Clothing,HDFC Bank,696515336,HDFC9711982
SELL2508,Bassi PLC,bassiplc@gmail.com,+91 87111 50943,24-06-2024,LOC0022,1.1,Electronics,Axis Bank,5.47992E+12,UTIB5222545
SELL2509,Mall-Choudhry,mall-choudhry1936@gmail.com,+91 80295 53873,05-04-2023,LOC0044,2.8,Toys,Union Bank of India,6.07688E+13,UBIN1737100
SELL2510,Uppal-Kadakia,uppal-kadakia1814@gmail.com,+91 79770 58396,14-02-2026,LOC0010,3.8,Pets,Axis Bank,5220738668,UTIB2574542
SELL2511,"Borde, Badal and Gopal",bordebadalandgopal231@gmail.com,+91 91239 44900,03-01-2023,LOC0085,4.5,Gaming,IndusInd Bank,4.16998E+11,INDB9382079
SELL2512,"Ranganathan, Comar and Dayal",ranganathancomaranddayal@gmail.com,+91 60411 06027,18-11-2021,LOC0070,1.5,Groceries,Kotak Mahindra Bank,8.42362E+12,KKBK8845444
SELL2513,Subramaniam and Sons,subramaniamandsons712@gmail.com,+91 97046 26403,23-07-2022,LOC0094,3.3,Sports,Kotak Mahindra Bank,62180221452,KKBK6474372
SELL2514,Bhatnagar Group,bhatnagargroup4776@gmail.com,+91 76041 94158,05-05-2024,LOC0068,4.1,Bags & Luggage,Canara Bank,9.72594E+11,CNRB2891056
SELL2515,Basu PLC,basuplc9015@gmail.com,+91 78425 05278,26-09-2025,LOC0033,4,Bags & Luggage,Punjab National Bank,4.23802E+11,PUNB8222491
SELL2516,Dhawan-Master,dhawan-master@gmail.com,+91 76807 07895,01-02-2023,LOC0094,4.5,Beauty,ICICI Bank,7.44347E+13,ICIC7934471
SELL2517,Sem Ltd,semltd@gmail.com,+91 85648 39587,03-04-2022,LOC0029,3.9,Pets,Canara Bank,9.75562E+11,CNRB2236773
SELL2518,Shenoy-Seth,shenoy-seth@gmail.com,+91 92784 75254,31-03-2026,LOC0066,2.5,Jewellery,State Bank of India,78984514317,SBIN2521505
SELL2519,Gill-Sunder,gill-sunder@gmail.com,+91 97642 92422,31-12-2025,LOC0047,2.2,Music & Instruments,Kotak Mahindra Bank,2190585402,KKBK7180351
SELL2520,Kunda Inc,kundainc@gmail.com,+91 74577 86070,18-09-2025,LOC0061,2,Baby,HDFC Bank,2.02712E+11,HDFC6155104
SELL2521,Samra PLC,samraplc8840@gmail.com,+91 67384 33885,18-04-2023,LOC0110,2.5,Baby,Punjab National Bank,1.38731E+11,PUNB4515273
SELL2522,Rajagopal-Rau,rajagopal-rau7994@gmail.com,+91 83593 37044,29-10-2023,LOC0103,3.9,Groceries,ICICI Bank,8.11048E+12,ICIC8421355
SELL2523,"Tella, Shere and Chadha",tellashereandchadha3159@gmail.com,+91 86672 16179,07-10-2025,LOC0064,3,Stationery,Kotak Mahindra Bank,5.55879E+11,KKBK5087203
SELL2524,"Saran, Chand and Hegde",saranchandandhegde8137@gmail.com,+91 72219 41455,09-08-2022,LOC0066,2.8,Groceries,Bank of Baroda,7022134836,BARB8532019
SELL2525,Raj PLC,rajplc5021@gmail.com,+91 87629 93633,23-09-2022,LOC0089,3.9,Gaming,ICICI Bank,1.06901E+11,ICIC5892056
SELL2526,Madan-Ravi,madan-ravi@gmail.com,+91 97962 64366,30-08-2023,LOC0057,2.2,Electronics,IndusInd Bank,7030928880,INDB5187439
SELL2527,"Sarna, Halder and D’Alia",sarnahalderandd’alia3991@gmail.com,+91 73765 02070,01-11-2023,LOC0090,4.4,Automotive,Kotak Mahindra Bank,19248452366,KKBK5855817
SELL2528,"Rastogi, Kala and Garg",rastogikalaandgarg@gmail.com,+91 67559 32366,21-10-2025,LOC0010,3.6,Health,IndusInd Bank,8.08269E+11,INDB2579016
SELL2529,Agarwal PLC,agarwalplc@gmail.com,+91 93571 53559,26-02-2023,LOC0046,1.6,Footwear,Union Bank of India,5924184090,UBIN6479312
SELL2530,"Iyer, Sankaran and Chada",iyersankaranandchada@gmail.com,+91 93768 41395,07-09-2025,LOC0056,3.8,Music & Instruments,IndusInd Bank,6.63244E+11,INDB2856461
SELL2531,Sampath Group,sampathgroup@gmail.com,+91 95390 96100,13-06-2021,LOC0043,1.9,Footwear,IndusInd Bank,8.80451E+11,INDB5850132
SELL2532,Vaidya PLC,vaidyaplc3425@gmail.com,+91 61754 69546,02-11-2025,LOC0094,4.9,Beauty,State Bank of India,2.43058E+11,SBIN8762209
SELL2533,"Bhakta, Chhabra and Sethi",bhaktachhabraandsethi@gmail.com,+91 88291 66180,28-02-2025,LOC0096,4.1,Music & Instruments,ICICI Bank,1.09767E+11,ICIC8326465
SELL2534,"Sahota, Yadav and Sane",sahotayadavandsane9183@gmail.com,+91 62127 45845,16-06-2022,LOC0053,4.6,Books,State Bank of India,9.71543E+13,SBIN6761331
SELL2535,"Varghese, Bala and Randhawa",varghesebalaandrandhawa@gmail.com,+91 72110 26307,30-11-2022,LOC0086,2.7,Pets,Union Bank of India,3.67808E+11,UBIN4709089
SELL2536,Saha-Rout,saha-rout@gmail.com,+91 71994 11128,12-10-2022,LOC0003,1.4,Bags & Luggage,Axis Bank,9264463176,UTIB1936384
SELL2537,"Varkey, Gera and Boase",varkeygeraandboase@gmail.com,+91 92472 36347,30-09-2022,LOC0008,4.4,Footwear,Kotak Mahindra Bank,6.03641E+11,KKBK1294549
SELL2538,Bhakta Ltd,bhaktaltd2645@gmail.com,+91 64259 32318,23-03-2025,LOC0096,2.8,Music & Instruments,IndusInd Bank,9.0971E+13,INDB6285098
SELL2539,"Arora, Kapur and Ramanathan",arorakapurandramanathan9280@gmail.com,+91 97594 27875,24-09-2021,LOC0090,4.2,Beauty,State Bank of India,27636802976,SBIN8694214
SELL2540,"Bansal, Gopal and Rout",bansalgopalandrout3236@gmail.com,+91 91617 66154,18-12-2021,LOC0026,4.8,Electronics,Punjab National Bank,9112597382,PUNB4581229
SELL2541,Sagar-Balan,sagar-balan1856@gmail.com,+91 92245 89353,05-06-2023,LOC0091,4.4,Pets,State Bank of India,3.17393E+11,SBIN1034903
SELL2542,Bassi-Bhavsar,bassi-bhavsar@gmail.com,+91 90033 60342,24-11-2023,LOC0063,2.9,Automotive,State Bank of India,8198014521,SBIN5087845
SELL2543,Gill-Krishna,gill-krishna@gmail.com,+91 71763 28570,10-12-2021,LOC0103,4.1,Bags & Luggage,State Bank of India,5.29086E+13,SBIN1004162
SELL2544,Swamy-Saini,swamy-saini7927@gmail.com,+91 91391 93010,15-02-2026,LOC0074,1.3,Office Supplies,ICICI Bank,4.01607E+13,ICIC9692034
SELL2545,Lalla-Khosla,lalla-khosla@gmail.com,+91 73949 70479,20-02-2022,LOC0066,2.5,Bags & Luggage,State Bank of India,8.34577E+12,SBIN3036001
SELL2546,Sastry LLC,sastryllc399@gmail.com,+91 69018 30578,28-07-2025,LOC0077,3.9,Sports,IndusInd Bank,34683712840,INDB9728370
SELL2547,D’Alia and Sons,d’aliaandsons1047@gmail.com,+91 88097 51317,13-08-2023,LOC0079,4.7,Stationery,Bank of Baroda,9.97242E+13,BARB3153651
SELL2548,Apte and Sons,apteandsons7298@gmail.com,+91 71375 61448,09-02-2025,LOC0080,4.5,Automotive,HDFC Bank,6.98291E+11,HDFC8009400
SELL2549,"Dugal, Hans and Halder",dugalhansandhalder483@gmail.com,+91 98799 95911,06-02-2025,LOC0039,3.1,Books,State Bank of India,6.78313E+11,SBIN1604236
SELL2550,"Issac, Shroff and Jhaveri",issacshroffandjhaveri@gmail.com,+91 87590 44895,16-02-2023,LOC0107,4.9,Bags & Luggage,Bank of Baroda,6.46631E+12,BARB1262659
SELL2551,Varma-Agarwal,varma-agarwal@gmail.com,+91 84924 85911,31-10-2021,LOC0071,1.6,Baby,Bank of Baroda,4340714883,BARB7614705
SELL2552,Mand Ltd,mandltd7535@gmail.com,+91 97880 67651,27-05-2025,LOC0036,4.5,Books,Axis Bank,8.04743E+11,UTIB6761457
SELL2553,Chana-Mangal,chana-mangal8189@gmail.com,+91 72875 54893,24-05-2022,LOC0020,2.1,Footwear,Punjab National Bank,69871740229,PUNB5988516
SELL2554,"Bera, Wason and Dass",berawasonanddass1554@gmail.com,+91 86044 24415,20-01-2023,LOC0049,2.9,Books,State Bank of India,8.47834E+11,SBIN9191884
SELL2555,Chokshi-Garde,chokshi-garde1013@gmail.com,+91 90954 16794,09-03-2025,LOC0076,3,Clothing,ICICI Bank,4.28144E+11,ICIC3636981
SELL2556,Rastogi-Lad,rastogi-lad@gmail.com,+91 88327 09874,14-03-2026,LOC0057,1.4,Bags & Luggage,Punjab National Bank,757880116,PUNB5362903
SELL2557,Hayer PLC,hayerplc9470@gmail.com,+91 91040 44197,21-04-2023,LOC0021,4.8,Health,State Bank of India,7.03207E+13,SBIN3218639
SELL2558,"Sarin, Gole and Majumdar",saringoleandmajumdar5652@gmail.com,+91 84007 28084,25-11-2025,LOC0068,3.5,Gaming,Kotak Mahindra Bank,1770074884,KKBK3400321
SELL2559,"Uppal, Balasubramanian and Dugar",uppalbalasubramaniananddugar7088@gmail.com,+91 98684 56776,13-01-2024,LOC0010,4.5,Beauty,Kotak Mahindra Bank,3.19815E+12,KKBK2629569
SELL2560,Khanna LLC,khannallc@gmail.com,+91 92390 73979,29-08-2023,LOC0018,2.9,Office Supplies,HDFC Bank,1144945739,HDFC7589003
SELL2561,"Dalal, Choudhary and Bail",dalalchoudharyandbail@gmail.com,+91 89850 49648,05-02-2026,LOC0013,1.2,Baby,Union Bank of India,4.02587E+11,UBIN4897465
SELL2562,Subramanian-Saini,subramanian-saini6561@gmail.com,+91 68467 06268,24-06-2023,LOC0055,3.5,Gaming,Bank of Baroda,3251762004,BARB3902848
SELL2563,Thakur Group,thakurgroup8004@gmail.com,+91 78921 45447,17-03-2024,LOC0066,2.3,Groceries,Kotak Mahindra Bank,8.84611E+12,KKBK9799292
SELL2564,Sur-Bhagat,sur-bhagat@gmail.com,+91 85296 73371,09-07-2025,LOC0015,3.6,Clothing,Union Bank of India,3064180715,UBIN5352251
SELL2565,"Badal, Upadhyay and Sehgal",badalupadhyayandsehgal@gmail.com,+91 90273 19536,10-05-2024,LOC0059,3.8,Jewellery,Bank of Baroda,8.94524E+12,BARB1193641
SELL2566,"Dar, Chander and Warrior",darchanderandwarrior@gmail.com,+91 92218 37752,21-04-2024,LOC0062,1.7,Office Supplies,Punjab National Bank,7.81843E+12,PUNB3041383
SELL2567,Sangha-Bali,sangha-bali@gmail.com,+91 95346 06122,28-06-2025,LOC0034,4.5,Books,HDFC Bank,3.79596E+12,HDFC4976921
SELL2568,Kothari Inc,kothariinc7285@gmail.com,+91 98324 83289,18-07-2024,LOC0112,2.3,Books,Canara Bank,8.97108E+13,CNRB6651010
SELL2569,"Raju, Dass and Issac",rajudassandissac@gmail.com,+91 85875 33434,23-07-2025,LOC0071,1.4,Office Supplies,HDFC Bank,5.71642E+13,HDFC5228071
SELL2570,"Dhingra, Sami and Bora",dhingrasamiandbora@gmail.com,+91 84567 98642,12-10-2025,LOC0072,4.5,Books,IndusInd Bank,1043267414,INDB2989926
SELL2571,"Din, Sinha and Taneja",dinsinhaandtaneja5392@gmail.com,+91 98481 31299,16-01-2022,LOC0014,2.3,Home,ICICI Bank,6243599586,ICIC8046917
SELL2572,"Toor, Agarwal and Bava",tooragarwalandbava@gmail.com,+91 63977 09064,30-08-2024,LOC0026,1.8,Pets,HDFC Bank,3.0727E+11,HDFC7173726
SELL2573,Bhandari-Kar,bhandari-kar9039@gmail.com,+91 86512 09854,13-05-2025,LOC0044,3.2,Beauty,Punjab National Bank,5215003234,PUNB5340332
SELL2574,Salvi Inc,salviinc@gmail.com,+91 83922 24920,16-12-2021,LOC0009,3.3,Stationery,Bank of Baroda,3.53894E+12,BARB8190763
SELL2575,"Choudhury, Krishnamurthy and Kala",choudhurykrishnamurthyandkala7212@gmail.com,+91 83072 40676,16-05-2025,LOC0051,3.4,Clothing,Bank of Baroda,8.77647E+11,BARB2524522
SELL2576,Seshadri Inc,seshadriinc2869@gmail.com,+91 89336 74696,31-01-2022,LOC0007,4.3,Music & Instruments,ICICI Bank,44923468734,ICIC9292087
SELL2577,Guha-Bumb,guha-bumb4805@gmail.com,+91 93128 63592,07-07-2023,LOC0112,4,Electronics,ICICI Bank,9.04066E+11,ICIC3946072
SELL2578,Sanghvi LLC,sanghvillc4689@gmail.com,+91 64839 19542,20-05-2024,LOC0031,4.5,Beauty,Punjab National Bank,1926520763,PUNB4684161
SELL2579,Tella Inc,tellainc@gmail.com,+91 77490 00885,11-08-2024,LOC0052,4.1,Gaming,Canara Bank,5046487485,CNRB9950962
SELL2580,"Jhaveri, Dayal and Saxena",jhaveridayalandsaxena@gmail.com,+91 82621 76369,26-12-2023,LOC0080,2.6,Stationery,Bank of Baroda,7.77414E+11,BARB7510587
SELL2581,Golla-Chawla,golla-chawla4303@gmail.com,+91 97675 43753,05-06-2021,LOC0025,1.6,Home,Union Bank of India,67572045952,UBIN1499636
SELL2582,"Kunda, Sen and Divan",kundasenanddivan@gmail.com,+91 73445 50338,01-11-2021,LOC0014,1.4,Electronics,ICICI Bank,71864202003,ICIC3783463
SELL2583,Zachariah-Master,zachariah-master@gmail.com,+91 63556 84625,08-03-2024,LOC0009,2.7,Clothing,Union Bank of India,8.93307E+11,UBIN1489781
SELL2584,Bahri LLC,bahrillc@gmail.com,+91 73576 07038,10-04-2025,LOC0039,1.9,Clothing,Bank of Baroda,4.45113E+11,BARB2772241
SELL2585,De-Keer,de-keer8496@gmail.com,+91 95663 02074,09-02-2025,LOC0080,4.6,Baby,Axis Bank,9.59236E+11,UTIB2832682
SELL2586,"Kumar, Konda and Dube",kumarkondaanddube@gmail.com,+91 68143 84864,29-07-2021,LOC0045,1.8,Groceries,State Bank of India,2867701897,SBIN8472005
SELL2587,Lad Ltd,ladltd7393@gmail.com,+91 89320 75321,08-05-2023,LOC0073,3.6,Bags & Luggage,HDFC Bank,3.99936E+11,HDFC7054816
SELL2588,Sengupta-Venkatesh,sengupta-venkatesh@gmail.com,+91 84780 57543,27-11-2023,LOC0102,2.5,Bags & Luggage,Union Bank of India,3023602981,UBIN9148625
SELL2589,Varkey-Toor,varkey-toor@gmail.com,+91 72656 54560,03-01-2022,LOC0057,4.4,Office Supplies,HDFC Bank,9137004977,HDFC7301481
SELL2590,"Bahl, Rana and Tank",bahlranaandtank9642@gmail.com,+91 92003 00486,04-09-2025,LOC0022,4.1,Gaming,ICICI Bank,9.12973E+11,ICIC5121308
SELL2591,Khalsa Ltd,khalsaltd1766@gmail.com,+91 77153 66109,28-11-2023,LOC0086,4.1,Health,Union Bank of India,7.01772E+12,UBIN8971045
SELL2592,Ramachandran Ltd,ramachandranltd874@gmail.com,+91 80250 64511,12-11-2021,LOC0112,3.6,Baby,ICICI Bank,5.77243E+13,ICIC3340632
SELL2593,Sharaf-Chauhan,sharaf-chauhan@gmail.com,+91 83950 70969,18-12-2023,LOC0105,2.2,Health,Bank of Baroda,5662748063,BARB2720839
SELL2594,"Lalla, Comar and Sachdev",lallacomarandsachdev@gmail.com,+91 72716 99916,21-02-2024,LOC0039,1.6,Home,Bank of Baroda,4.8487E+13,BARB8833262
SELL2595,"Jani, Sant and Mani",janisantandmani@gmail.com,+91 72024 29571,17-09-2021,LOC0017,2.5,Books,Bank of Baroda,6.52447E+13,BARB3204490
SELL2596,Sharma-Barman,sharma-barman5589@gmail.com,+91 69698 52470,06-03-2026,LOC0077,1.4,Home,Canara Bank,8.29966E+13,CNRB4619677
SELL2597,Bhakta Inc,bhaktainc@gmail.com,+91 69119 39517,28-11-2024,LOC0009,1.8,Home,Kotak Mahindra Bank,6.51889E+11,KKBK7258733
SELL2598,Kaur Ltd,kaurltd5743@gmail.com,+91 64989 22259,23-04-2024,LOC0111,1.6,Sports,State Bank of India,74920299639,SBIN1781227
SELL2599,Varkey-Lala,varkey-lala2899@gmail.com,+91 95927 51459,30-07-2024,LOC0002,1.6,Home,HDFC Bank,7.26224E+12,HDFC4456447
SELL2600,"Ravi, Bajaj and Sami",ravibajajandsami@gmail.com,+91 67084 01992,03-07-2025,LOC0017,2.6,Automotive,State Bank of India,2.20995E+11,SBIN3048663
SELL2601,Kale-Bhandari,kale-bhandari2133@gmail.com,+91 70550 61962,05-06-2024,LOC0081,3.4,Electronics,ICICI Bank,4.63685E+11,ICIC5714803
SELL2602,Roy-Khosla,roy-khosla@gmail.com,+91 89146 83985,06-10-2024,LOC0026,1.7,Jewellery,HDFC Bank,5.09258E+12,HDFC7183508
SELL2603,Kunda-Kashyap,kunda-kashyap@gmail.com,+91 69579 11911,17-05-2022,LOC0088,3.1,Electronics,Punjab National Bank,1318549229,PUNB7432631
SELL2604,Gaba and Sons,gabaandsons3725@gmail.com,+91 91480 19465,16-08-2023,LOC0025,2.9,Home,IndusInd Bank,8.76652E+12,INDB9221671
SELL2605,"Dhingra, Sood and Borra",dhingrasoodandborra922@gmail.com,+91 71024 25613,10-04-2025,LOC0098,5,Electronics,IndusInd Bank,95523118572,INDB1750367
SELL2606,Apte PLC,apteplc@gmail.com,+91 93273 24187,18-07-2022,LOC0073,1,Health,Union Bank of India,6.06288E+11,UBIN1048568
SELL2607,Deshpande-Kata,deshpande-kata@gmail.com,+91 86008 09838,06-05-2025,LOC0091,3.5,Gaming,Axis Bank,7.42792E+13,UTIB4255032
SELL2608,Arora-Bera,arora-bera367@gmail.com,+91 60033 69381,22-11-2023,LOC0101,1.3,Bags & Luggage,Bank of Baroda,7.56621E+13,BARB6255140
SELL2609,Saini-Varma,saini-varma5119@gmail.com,+91 79499 96662,25-12-2025,LOC0025,3.7,Jewellery,IndusInd Bank,7.40987E+13,INDB8580778
SELL2610,Tiwari LLC,tiwarillc6575@gmail.com,+91 70325 22995,27-08-2024,LOC0067,1.5,Sports,Bank of Baroda,8971580877,BARB3354270
SELL2611,"Dass, Jain and Basu",dassjainandbasu@gmail.com,+91 92136 74702,17-10-2021,LOC0036,4.1,Electronics,Bank of Baroda,905787050,BARB8595178
SELL2612,Bhalla-Devi,bhalla-devi3746@gmail.com,+91 91018 55699,08-04-2024,LOC0062,1.7,Stationery,Axis Bank,9.00667E+13,UTIB1243236
SELL2613,"Kanda, Sankaran and Mander",kandasankaranandmander@gmail.com,+91 89417 26973,31-12-2023,LOC0080,3.2,Groceries,IndusInd Bank,6.85052E+11,INDB2874651
SELL2614,Ganesan-Bobal,ganesan-bobal@gmail.com,+91 67296 16210,02-10-2022,LOC0054,3,Health,Kotak Mahindra Bank,7.20136E+12,KKBK3696674
SELL2615,Khurana-Gera,khurana-gera@gmail.com,+91 99235 59983,20-10-2022,LOC0086,3.8,Automotive,Punjab National Bank,1.67717E+12,PUNB4161592
SELL2616,Sangha-Tripathi,sangha-tripathi5945@gmail.com,+91 85229 60596,05-04-2023,LOC0101,4.4,Health,Kotak Mahindra Bank,63725570766,KKBK6795790
SELL2617,Shah and Sons,shahandsons1885@gmail.com,+91 73959 38556,14-05-2021,LOC0099,2.7,Baby,IndusInd Bank,1.59613E+11,INDB3470744
SELL2618,Tata-Uppal,tata-uppal2595@gmail.com,+91 99925 72224,12-08-2021,LOC0043,4,Gaming,Bank of Baroda,3.77497E+12,BARB3963314
SELL2619,Jayaraman Inc,jayaramaninc1621@gmail.com,+91 96497 22145,21-10-2021,LOC0020,3.3,Stationery,State Bank of India,63842682376,SBIN1312802
SELL2620,Bhat-Dubey,bhat-dubey@gmail.com,+91 67490 98514,20-05-2024,LOC0097,4.8,Home,State Bank of India,7.87841E+11,SBIN9788782
SELL2621,"Wali, Dani and Gara",walidaniandgara@gmail.com,+91 61748 25836,31-03-2022,LOC0077,4.2,Toys,ICICI Bank,9.37839E+13,ICIC3815996
SELL2622,Vohra Group,vohragroup@gmail.com,+91 85194 09998,03-07-2025,LOC0057,3.7,Bags & Luggage,Punjab National Bank,4.06398E+11,PUNB8028281
SELL2623,"Sathe, Kari and Rout",sathekariandrout364@gmail.com,+91 74269 12872,23-05-2024,LOC0041,2.2,Beauty,HDFC Bank,5600153352,HDFC9724915
SELL2624,Andra Ltd,andraltd902@gmail.com,+91 61438 67099,10-06-2023,LOC0047,3.9,Office Supplies,IndusInd Bank,8751173965,INDB6310450
SELL2625,Kale Inc,kaleinc977@gmail.com,+91 91086 09420,01-07-2023,LOC0038,2.7,Books,Kotak Mahindra Bank,6.15399E+12,KKBK2644846
SELL2626,"Thakur, Sood and Ghosh",thakursoodandghosh@gmail.com,+91 62007 50357,11-04-2025,LOC0106,2.4,Electronics,State Bank of India,7214260210,SBIN8259883
SELL2627,Deshpande-Kala,deshpande-kala@gmail.com,+91 86365 77016,15-06-2025,LOC0113,1.7,Clothing,HDFC Bank,5.36727E+13,HDFC5174813
SELL2628,Tailor-Badami,tailor-badami3022@gmail.com,+91 86125 41027,13-08-2021,LOC0021,4.7,Pets,Punjab National Bank,2.63949E+11,PUNB7870701
SELL2629,Choudhry and Sons,choudhryandsons@gmail.com,+91 99472 83937,19-06-2022,LOC0100,2.4,Office Supplies,ICICI Bank,8.52999E+13,ICIC2685188
SELL2630,"Kunda, Khatri and Sarin",kundakhatriandsarin7321@gmail.com,+91 83203 10685,14-03-2026,LOC0010,2.6,Beauty,Kotak Mahindra Bank,3.80789E+12,KKBK1520176
SELL2631,Datta Group,dattagroup8040@gmail.com,+91 85716 28715,03-08-2023,LOC0025,3.7,Stationery,Union Bank of India,9.04594E+13,UBIN5305949
SELL2632,"Sankar, Som and Magar",sankarsomandmagar5489@gmail.com,+91 98068 20055,05-07-2021,LOC0072,4.2,Office Supplies,Union Bank of India,2.67656E+12,UBIN6361347
SELL2633,Bhat Inc,bhatinc9118@gmail.com,+91 89924 90230,15-02-2022,LOC0044,2.5,Office Supplies,HDFC Bank,52781220151,HDFC3229490
SELL2634,Thakkar-Sharaf,thakkar-sharaf@gmail.com,+91 69810 06027,28-06-2022,LOC0036,4.7,Baby,Canara Bank,8987538234,CNRB9146018
SELL2635,Barman Inc,barmaninc@gmail.com,+91 94839 96412,29-05-2022,LOC0017,2,Health,Bank of Baroda,3.12267E+11,BARB4693442
SELL2636,Swamy Inc,swamyinc7542@gmail.com,+91 77590 87219,03-10-2025,LOC0103,4.8,Stationery,Canara Bank,2.41775E+12,CNRB9885440
SELL2637,"Ben, Gulati and Khurana",bengulatiandkhurana@gmail.com,+91 77338 17218,27-11-2022,LOC0022,2.9,Gaming,Bank of Baroda,90280441359,BARB4623194
SELL2638,"Lal, Sandhu and Bhandari",lalsandhuandbhandari@gmail.com,+91 70983 81411,17-06-2023,LOC0097,3.3,Clothing,Punjab National Bank,5.32125E+12,PUNB9036736
SELL2639,"Butala, Doctor and Dani",butaladoctoranddani@gmail.com,+91 81239 42466,01-04-2021,LOC0088,3,Electronics,ICICI Bank,7.7856E+12,ICIC8908389
SELL2640,Saha LLC,sahallc3756@gmail.com,+91 78694 30564,17-07-2024,LOC0063,2.7,Bags & Luggage,State Bank of India,58898033804,SBIN6086324
SELL2641,Gera Group,geragroup4864@gmail.com,+91 76575 23660,11-04-2022,LOC0099,2.2,Office Supplies,Punjab National Bank,6.32013E+12,PUNB5923912
SELL2642,Ganesh LLC,ganeshllc9668@gmail.com,+91 83679 00666,02-12-2024,LOC0049,1.3,Books,Kotak Mahindra Bank,4.1252E+12,KKBK4687819
SELL2643,Varughese Ltd,varugheseltd3930@gmail.com,+91 90855 82705,28-10-2023,LOC0006,3.7,Sports,Punjab National Bank,2.21994E+11,PUNB1968050
SELL2644,Dhaliwal and Sons,dhaliwalandsons@gmail.com,+91 90261 10670,29-10-2024,LOC0017,1.5,Music & Instruments,Union Bank of India,2.86756E+13,UBIN4107538
SELL2645,Bhakta-Walia,bhakta-walia408@gmail.com,+91 81926 77184,29-03-2022,LOC0046,1.6,Beauty,State Bank of India,1.3297E+13,SBIN3026337
SELL2646,Sarma LLC,sarmallc3976@gmail.com,+91 92343 37482,22-03-2026,LOC0072,4.3,Groceries,Kotak Mahindra Bank,3.63322E+11,KKBK2279492
SELL2647,Bajaj-Gole,bajaj-gole@gmail.com,+91 69013 73153,21-12-2022,LOC0104,1.7,Electronics,ICICI Bank,3.00633E+12,ICIC5552140
SELL2648,Shere Ltd,shereltd4472@gmail.com,+91 69124 94279,07-06-2021,LOC0109,2.1,Sports,State Bank of India,2.10217E+11,SBIN3659126
SELL2649,Krishna and Sons,krishnaandsons@gmail.com,+91 63349 25139,01-11-2022,LOC0084,2.7,Automotive,Canara Bank,5.02219E+12,CNRB5943773
SELL2650,Varty PLC,vartyplc4094@gmail.com,+91 84255 65543,21-08-2024,LOC0041,4.2,Home,HDFC Bank,5.36984E+11,HDFC8214263
SELL2651,Butala LLC,butalallc379@gmail.com,+91 84694 66943,10-02-2026,LOC0018,2.1,Groceries,Union Bank of India,2510908761,UBIN3083271
SELL2652,Sharaf Ltd,sharafltd@gmail.com,+91 76574 28169,26-03-2024,LOC0073,2.4,Home,HDFC Bank,66679063833,HDFC4564618
SELL2653,Reddy-Sehgal,reddy-sehgal@gmail.com,+91 68310 33185,27-05-2025,LOC0077,4,Health,Union Bank of India,9.43804E+13,UBIN7704369
SELL2654,"Gour, Bhardwaj and Bawa",gourbhardwajandbawa@gmail.com,+91 79656 69475,19-02-2023,LOC0038,1.1,Baby,Axis Bank,2219200232,UTIB5586832
SELL2655,Tara PLC,taraplc@gmail.com,+91 93510 45695,28-04-2021,LOC0100,2.5,Toys,Bank of Baroda,7.0834E+11,BARB2337432
SELL2656,"Rege, Madan and Yohannan",regemadanandyohannan@gmail.com,+91 65924 69208,08-11-2024,LOC0068,1.4,Jewellery,Axis Bank,1.57625E+11,UTIB5261357
SELL2657,Maharaj-Date,maharaj-date@gmail.com,+91 87923 79118,31-10-2023,LOC0003,2.1,Groceries,Kotak Mahindra Bank,8.01683E+13,KKBK9482542
SELL2658,"Loyal, Chahal and Rout",loyalchahalandrout@gmail.com,+91 62365 90534,21-08-2021,LOC0035,4.4,Toys,Union Bank of India,7.32536E+13,UBIN2311115
SELL2659,"Dutta, Khalsa and Chhabra",duttakhalsaandchhabra9766@gmail.com,+91 74425 66142,08-02-2022,LOC0043,3.1,Books,Union Bank of India,9.51656E+12,UBIN8793407
SELL2660,Wason Ltd,wasonltd4948@gmail.com,+91 93315 56748,05-01-2026,LOC0028,3,Clothing,Union Bank of India,4.41276E+13,UBIN3733917
SELL2661,Kumer Inc,kumerinc@gmail.com,+91 85034 33018,28-09-2023,LOC0034,3.5,Sports,Union Bank of India,9.84652E+13,UBIN4004899
SELL2662,Gade-Dara,gade-dara1985@gmail.com,+91 96346 37680,18-07-2025,LOC0019,1.5,Beauty,Axis Bank,6712763472,UTIB1603186
SELL2663,Khatri-Wason,khatri-wason@gmail.com,+91 69771 06816,14-02-2022,LOC0022,3.5,Stationery,Canara Bank,8.84788E+12,CNRB3830154
SELL2664,Sastry-Ravel,sastry-ravel4830@gmail.com,+91 82755 98378,13-04-2025,LOC0058,2.4,Pets,IndusInd Bank,93097287093,INDB5053519
SELL2665,Raval-Saxena,raval-saxena@gmail.com,+91 89813 84157,06-03-2025,LOC0037,1,Groceries,ICICI Bank,2000736270,ICIC9749222
SELL2666,Dani Ltd,daniltd@gmail.com,+91 62731 41182,11-11-2022,LOC0078,2.7,Bags & Luggage,State Bank of India,70261589088,SBIN8115044
SELL2667,D’Alia LLC,d’aliallc@gmail.com,+91 78624 05819,24-02-2025,LOC0010,2.3,Beauty,State Bank of India,843606846,SBIN6729020
SELL2668,Bhatti and Sons,bhattiandsons775@gmail.com,+91 70070 59245,08-01-2023,LOC0084,5,Clothing,IndusInd Bank,5.27366E+13,INDB4159295
SELL2669,Gaba-Kalla,gaba-kalla@gmail.com,+91 98811 94465,07-03-2022,LOC0002,3.2,Office Supplies,ICICI Bank,5.08785E+12,ICIC6967155
SELL2670,Vala Inc,valainc7781@gmail.com,+91 70429 14316,10-04-2023,LOC0077,3.7,Home,State Bank of India,9306922810,SBIN3856355
SELL2671,Bora PLC,boraplc2051@gmail.com,+91 76564 56390,19-06-2021,LOC0094,1,Stationery,Kotak Mahindra Bank,1.37741E+12,KKBK3013198
SELL2672,"Roy, Boase and Chacko",royboaseandchacko758@gmail.com,+91 77597 49856,07-04-2022,LOC0086,1.5,Beauty,State Bank of India,4.84689E+12,SBIN2537629
SELL2673,Bath Inc,bathinc@gmail.com,+91 76561 46934,16-05-2022,LOC0034,1.2,Beauty,IndusInd Bank,5.23362E+13,INDB4078966
SELL2674,Solanki-Banik,solanki-banik6231@gmail.com,+91 64516 46336,02-03-2022,LOC0096,4.1,Gaming,Canara Bank,3.89318E+13,CNRB9682388
SELL2675,Thakkar LLC,thakkarllc@gmail.com,+91 92469 76375,11-03-2024,LOC0093,2.7,Baby,State Bank of India,7384592952,SBIN2758085
SELL2676,"Ghosh, Upadhyay and Wason",ghoshupadhyayandwason@gmail.com,+91 80551 41972,27-10-2023,LOC0001,1.7,Baby,ICICI Bank,8.80919E+11,ICIC2994233
SELL2677,Lala LLC,lalallc@gmail.com,+91 66830 13119,20-11-2025,LOC0113,1.1,Footwear,Kotak Mahindra Bank,1.73733E+12,KKBK3815052
SELL2678,Balay Ltd,balayltd@gmail.com,+91 97741 68276,19-01-2022,LOC0028,2.1,Stationery,Punjab National Bank,8.81699E+11,PUNB7422854
SELL2679,"Magar, Sehgal and Ramanathan",magarsehgalandramanathan@gmail.com,+91 91232 79305,05-07-2022,LOC0006,3.5,Sports,Axis Bank,54005691,UTIB1520359
SELL2680,"Virk, Mallick and Dutta",virkmallickanddutta@gmail.com,+91 98648 91430,13-11-2025,LOC0028,3.2,Home,State Bank of India,1.94424E+11,SBIN2484124
SELL2681,"Dhaliwal, Kalla and Kothari",dhaliwalkallaandkothari@gmail.com,+91 78887 00891,22-12-2024,LOC0026,2.1,Electronics,Axis Bank,1759063339,UTIB3693671
SELL2682,Toor-Buch,toor-buch281@gmail.com,+91 99257 28016,10-08-2025,LOC0082,1.7,Gaming,Kotak Mahindra Bank,45343157643,KKBK5907028
SELL2683,"Amble, Ahluwalia and Khanna",ambleahluwaliaandkhanna@gmail.com,+91 83682 95479,22-11-2025,LOC0003,2.7,Footwear,Canara Bank,2.3835E+11,CNRB4521482
SELL2684,"Bawa, Kanda and Samra",bawakandaandsamra@gmail.com,+91 90122 15891,02-11-2023,LOC0087,1.9,Books,HDFC Bank,4.39961E+11,HDFC6815752
SELL2685,"Badami, Ratta and Jhaveri",badamirattaandjhaveri5413@gmail.com,+91 63856 97932,08-04-2025,LOC0057,3.6,Baby,Axis Bank,6.27579E+11,UTIB2148332
SELL2686,"Venkataraman, Dyal and Lanka",venkataramandyalandlanka2307@gmail.com,+91 89504 50069,12-07-2024,LOC0037,4.3,Sports,ICICI Bank,8.1432E+12,ICIC2062172
SELL2687,Srivastava-Rajagopalan,srivastava-rajagopalan@gmail.com,+91 94367 65251,12-05-2024,LOC0100,4.5,Jewellery,Union Bank of India,9.79188E+12,UBIN9200984
SELL2688,Choudhury Ltd,choudhuryltd9984@gmail.com,+91 76274 49213,07-04-2024,LOC0005,2.2,Gaming,State Bank of India,7.14438E+11,SBIN6970141
SELL2689,Hegde-Biswas,hegde-biswas9980@gmail.com,+91 67922 19218,27-09-2024,LOC0069,2.8,Sports,Union Bank of India,1.58135E+11,UBIN5314621
SELL2690,Agrawal-Sandhu,agrawal-sandhu@gmail.com,+91 79502 00030,26-07-2024,LOC0029,3.9,Stationery,Bank of Baroda,94276381195,BARB3013006
SELL2691,Rattan-Seth,rattan-seth7642@gmail.com,+91 60737 55401,11-08-2022,LOC0047,1.8,Electronics,Punjab National Bank,3477122088,PUNB1456743
SELL2692,Ganguly-Mani,ganguly-mani@gmail.com,+91 91161 49680,28-05-2023,LOC0016,2.7,Bags & Luggage,HDFC Bank,37481922346,HDFC6947219
SELL2693,Varty-Dutt,varty-dutt@gmail.com,+91 64244 00160,10-07-2025,LOC0102,4,Baby,IndusInd Bank,1.64002E+12,INDB8947152
SELL2694,Luthra Inc,luthrainc@gmail.com,+91 98715 45027,25-03-2026,LOC0098,3.9,Office Supplies,Axis Bank,6.92434E+11,UTIB5232850
SELL2695,"Ahuja, Bhalla and Walla",ahujabhallaandwalla2018@gmail.com,+91 91646 69960,26-09-2023,LOC0020,4.8,Health,Kotak Mahindra Bank,4.03458E+13,KKBK2602453
SELL2696,"Talwar, Kamdar and Khare",talwarkamdarandkhare@gmail.com,+91 91547 36955,23-09-2024,LOC0082,3.9,Books,State Bank of India,91686205987,SBIN6520939
SELL2697,"Dada, Bobal and Buch",dadabobalandbuch5332@gmail.com,+91 74487 50215,08-03-2023,LOC0086,2,Toys,HDFC Bank,6461247248,HDFC5000885
SELL2698,"Gulati, Hari and Bhattacharyya",gulatihariandbhattacharyya4253@gmail.com,+91 65399 00488,14-05-2025,LOC0004,1.9,Automotive,Union Bank of India,9595532298,UBIN4008323
SELL2699,Bahl-Maharaj,bahl-maharaj@gmail.com,+91 69810 68899,15-09-2024,LOC0081,3.3,Automotive,Punjab National Bank,7910119225,PUNB3953876
SELL2700,Deshmukh and Sons,deshmukhandsons5194@gmail.com,+91 87263 38530,23-08-2024,LOC0111,4.4,Sports,HDFC Bank,2.85835E+12,HDFC4357649
SELL2701,"Mangat, Kaur and Manne",mangatkaurandmanne@gmail.com,+91 83374 50429,27-03-2023,LOC0083,1,Health,Axis Bank,8.4771E+13,UTIB5723911
SELL2702,Zacharia PLC,zachariaplc8074@gmail.com,+91 86635 51399,19-11-2024,LOC0083,2.5,Jewellery,ICICI Bank,7.02036E+13,ICIC4995653
SELL2703,"Kari, Sachdeva and Raval",karisachdevaandraval1946@gmail.com,+91 66674 47235,02-06-2024,LOC0034,4.5,Electronics,HDFC Bank,8.13068E+11,HDFC7125684
SELL2704,Lall Group,lallgroup7156@gmail.com,+91 88058 80011,18-10-2021,LOC0006,3.5,Stationery,HDFC Bank,4.7435E+11,HDFC9751802
SELL2705,Jhaveri-Sani,jhaveri-sani@gmail.com,+91 90041 63344,03-09-2025,LOC0001,3.8,Home,Bank of Baroda,8041291677,BARB7962973
SELL2706,Kade Ltd,kadeltd2442@gmail.com,+91 94191 18846,15-12-2023,LOC0094,2,Office Supplies,Punjab National Bank,5.76532E+11,PUNB4812311
SELL2707,Bahl-Chahal,bahl-chahal@gmail.com,+91 88103 41023,04-03-2025,LOC0032,1.4,Office Supplies,State Bank of India,2916442133,SBIN2571333
SELL2708,Amble Ltd,ambleltd@gmail.com,+91 66761 44473,02-04-2025,LOC0041,3.8,Sports,Kotak Mahindra Bank,6.97001E+12,KKBK6286811
SELL2709,"Barman, Sur and Ghosh",barmansurandghosh@gmail.com,+91 74552 42382,01-04-2025,LOC0089,1.4,Stationery,Punjab National Bank,7.3042E+13,PUNB2189656
SELL2710,Borah-Dara,borah-dara1081@gmail.com,+91 75710 16264,19-11-2021,LOC0036,1,Pets,IndusInd Bank,9.75991E+11,INDB7534825
SELL2711,Gara-Doshi,gara-doshi@gmail.com,+91 87093 85170,03-01-2024,LOC0002,4,Office Supplies,State Bank of India,9.1879E+12,SBIN5627338
SELL2712,Sant-Banerjee,sant-banerjee@gmail.com,+91 67602 48419,17-03-2025,LOC0054,4.7,Books,HDFC Bank,7028615202,HDFC4498667
SELL2713,Sandal PLC,sandalplc1424@gmail.com,+91 61863 97271,12-06-2024,LOC0013,4.3,Electronics,Canara Bank,76576132544,CNRB3410053
SELL2714,Sodhi Group,sodhigroup7446@gmail.com,+91 64326 08199,01-02-2022,LOC0030,1.4,Beauty,Bank of Baroda,20902598389,BARB9333089
SELL2715,Butala Inc,butalainc1388@gmail.com,+91 94994 98744,19-11-2021,LOC0022,1.6,Clothing,Bank of Baroda,6.39744E+12,BARB6778792
SELL2716,Lata-Korpal,lata-korpal@gmail.com,+91 86988 78059,13-11-2022,LOC0070,4.9,Books,HDFC Bank,7.29622E+13,HDFC6615170
SELL2717,Ravi-Vasa,ravi-vasa@gmail.com,+91 75912 48990,23-09-2025,LOC0005,1.5,Automotive,State Bank of India,1.82363E+12,SBIN1648070
SELL2718,"Choudhury, Kashyap and Suresh",choudhurykashyapandsuresh@gmail.com,+91 94805 40170,02-01-2026,LOC0017,2.6,Health,Bank of Baroda,4114582238,BARB2601848
SELL2719,"Arya, Dave and Bandi",aryadaveandbandi3512@gmail.com,+91 85009 06488,05-06-2022,LOC0001,3.3,Health,IndusInd Bank,3848932332,INDB3692348
SELL2720,"Sami, Agarwal and Swamy",samiagarwalandswamy@gmail.com,+91 83593 17734,12-05-2022,LOC0013,2.9,Home,HDFC Bank,2.89496E+12,HDFC1184051
SELL2721,"Mann, Hayre and Rege",mannhayreandrege2477@gmail.com,+91 70450 98329,03-06-2023,LOC0079,4.5,Office Supplies,Union Bank of India,4.94126E+13,UBIN1235902
SELL2722,Apte-Chada,apte-chada6544@gmail.com,+91 95605 51983,13-02-2026,LOC0098,1.7,Groceries,ICICI Bank,7.02607E+12,ICIC7183788
SELL2723,Som LLC,somllc5228@gmail.com,+91 99248 39785,25-11-2024,LOC0020,3.5,Footwear,HDFC Bank,6865650308,HDFC8336753
SELL2724,Agate-Loyal,agate-loyal@gmail.com,+91 65771 71089,07-09-2024,LOC0059,2.2,Beauty,Punjab National Bank,2.03929E+12,PUNB1343933
SELL2725,Wagle-Kala,wagle-kala@gmail.com,+91 61689 06529,17-10-2022,LOC0089,4.2,Electronics,Axis Bank,5991415484,UTIB3656784
SELL2726,"Tak, Varty and Choudhary",takvartyandchoudhary@gmail.com,+91 73688 71366,15-11-2021,LOC0060,1,Office Supplies,Union Bank of India,9299627913,UBIN5255717
SELL2727,Halder-Shetty,halder-shetty@gmail.com,+91 99678 58857,13-01-2022,LOC0102,4.4,Home,Axis Bank,5631179407,UTIB1686210
SELL2728,Gupta PLC,guptaplc@gmail.com,+91 66512 98500,01-11-2024,LOC0040,1.4,Books,Axis Bank,3167324791,UTIB3152909
SELL2729,Kant-Gulati,kant-gulati6445@gmail.com,+91 61800 87851,23-09-2021,LOC0055,3.9,Clothing,Axis Bank,8.94784E+12,UTIB6079140
SELL2730,"Gopal, Bath and Bhalla",gopalbathandbhalla@gmail.com,+91 82485 32778,30-08-2023,LOC0103,2.1,Stationery,Axis Bank,8.4628E+12,UTIB7760718
SELL2731,Dutta-Gour,dutta-gour145@gmail.com,+91 95185 49645,02-12-2024,LOC0021,1.5,Music & Instruments,ICICI Bank,4.10963E+11,ICIC1565273
SELL2732,Lal-Venkataraman,lal-venkataraman@gmail.com,+91 86153 84908,06-02-2026,LOC0060,2.2,Baby,Punjab National Bank,3.38211E+13,PUNB4039425
SELL2733,Luthra-Bassi,luthra-bassi@gmail.com,+91 82952 95502,28-10-2021,LOC0025,2.8,Books,Kotak Mahindra Bank,1.89021E+12,KKBK2507628
SELL2734,Jayaraman-Jha,jayaraman-jha@gmail.com,+91 80336 23995,17-01-2023,LOC0059,1.1,Footwear,State Bank of India,7.48759E+12,SBIN5062087
SELL2735,Dyal-Kala,dyal-kala@gmail.com,+91 71297 88786,26-05-2022,LOC0014,3.9,Gaming,Bank of Baroda,34386108237,BARB4861470
SELL2736,Khatri Group,khatrigroup897@gmail.com,+91 64392 42535,03-06-2022,LOC0087,3.7,Gaming,Punjab National Bank,1.28385E+12,PUNB3918954
SELL2737,Shukla PLC,shuklaplc2731@gmail.com,+91 76603 25053,08-08-2023,LOC0090,1.7,Groceries,Union Bank of India,4.79853E+11,UBIN1099407
SELL2738,Sani Ltd,saniltd@gmail.com,+91 90341 35024,30-01-2026,LOC0084,3.6,Books,Union Bank of India,8067963618,UBIN3636217
SELL2739,"Konda, Sha and Loyal",kondashaandloyal@gmail.com,+91 67516 97630,07-05-2022,LOC0007,3.1,Groceries,Kotak Mahindra Bank,81792244227,KKBK9741780
SELL2740,Ramanathan-Sinha,ramanathan-sinha7946@gmail.com,+91 83828 91240,04-01-2023,LOC0113,1.6,Clothing,HDFC Bank,1906306752,HDFC5833232
SELL2741,"Barad, Butala and Kulkarni",baradbutalaandkulkarni@gmail.com,+91 60703 38761,05-05-2025,LOC0089,4.3,Music & Instruments,Axis Bank,1.0225E+11,UTIB6493866
SELL2742,"Char, Atwal and Mammen",charatwalandmammen@gmail.com,+91 70357 32849,12-11-2024,LOC0090,1.2,Music & Instruments,Punjab National Bank,7.68138E+12,PUNB5291221
SELL2743,Dayal LLC,dayalllc@gmail.com,+91 94460 49608,07-12-2021,LOC0004,3.9,Music & Instruments,State Bank of India,71013759580,SBIN2731663
SELL2744,"Barad, Khosla and Balay",baradkhoslaandbalay@gmail.com,+91 90776 64664,07-01-2026,LOC0105,4.5,Sports,HDFC Bank,9.42396E+13,HDFC1354427
SELL2745,"Arora, Khalsa and Shankar",arorakhalsaandshankar5911@gmail.com,+91 87431 03601,05-09-2023,LOC0083,1.6,Home,ICICI Bank,2.23135E+12,ICIC1586140
SELL2746,"Chakraborty, Dey and Chaudhry",chakrabortydeyandchaudhry@gmail.com,+91 88634 25724,18-05-2025,LOC0014,4.2,Clothing,HDFC Bank,1.18611E+11,HDFC5936356
SELL2747,"Yadav, Chad and Sharma",yadavchadandsharma@gmail.com,+91 92488 20837,13-05-2023,LOC0013,2.3,Automotive,IndusInd Bank,5.1424E+13,INDB3025436
SELL2748,Krishnan-Sachdeva,krishnan-sachdeva@gmail.com,+91 83781 87671,18-01-2026,LOC0016,3.3,Baby,Union Bank of India,9.75381E+11,UBIN7780101
SELL2749,"Dube, Butala and Kaur",dubebutalaandkaur@gmail.com,+91 77636 46386,22-08-2025,LOC0084,5,Sports,ICICI Bank,9.50732E+12,ICIC4298793
SELL2750,Sami LLC,samillc@gmail.com,+91 85029 45531,01-04-2024,LOC0113,4.9,Pets,HDFC Bank,3515550007,HDFC5892509
SELL2751,Garg-Chander,garg-chander@gmail.com,+91 70369 66268,29-11-2024,LOC0085,4.8,Health,Punjab National Bank,9.02689E+13,PUNB2153543
SELL2752,Shroff Inc,shroffinc2811@gmail.com,+91 73559 16733,08-10-2025,LOC0046,3.8,Home,State Bank of India,4.11625E+11,SBIN8177045
SELL2753,"Bhatia, Malhotra and Walla",bhatiamalhotraandwalla@gmail.com,+91 66504 95269,15-12-2022,LOC0057,1.6,Toys,IndusInd Bank,6.10978E+12,INDB1413395
SELL2754,Kari PLC,kariplc7259@gmail.com,+91 60020 66576,15-05-2021,LOC0051,3,Baby,Bank of Baroda,9344756528,BARB6786621
SELL2755,Cherian-Ramachandran,cherian-ramachandran216@gmail.com,+91 83710 66937,12-07-2024,LOC0046,2.1,Office Supplies,Axis Bank,6.55754E+13,UTIB5991771
SELL2756,Mand and Sons,mandandsons@gmail.com,+91 63874 61724,04-10-2022,LOC0004,2.7,Footwear,Kotak Mahindra Bank,51718602546,KKBK5840783
SELL2757,Rattan-Gokhale,rattan-gokhale3005@gmail.com,+91 73295 85773,21-08-2021,LOC0097,3.6,Home,HDFC Bank,89043702218,HDFC7091527
SELL2758,"Khare, Das and Handa",kharedasandhanda@gmail.com,+91 80679 40964,31-05-2021,LOC0068,1.1,Electronics,State Bank of India,1338236731,SBIN6825680
SELL2759,Gaba-Sekhon,gaba-sekhon@gmail.com,+91 71471 56489,16-04-2023,LOC0022,3.1,Beauty,Union Bank of India,1259526922,UBIN9227579
SELL2760,"Barman, Lanka and Dalal",barmanlankaanddalal@gmail.com,+91 60545 35526,05-07-2021,LOC0071,2.1,Baby,IndusInd Bank,5.53709E+11,INDB4296008
SELL2761,Butala-Deshpande,butala-deshpande@gmail.com,+91 65037 03367,28-02-2023,LOC0106,4.4,Stationery,Kotak Mahindra Bank,6.91333E+12,KKBK5686521
SELL2762,"Kaul, Sabharwal and Thaman",kaulsabharwalandthaman1321@gmail.com,+91 84559 46284,21-07-2021,LOC0022,3.9,Sports,IndusInd Bank,6.08397E+12,INDB1587581
SELL2763,Doshi Ltd,doshiltd@gmail.com,+91 98609 34073,20-07-2025,LOC0112,1.4,Music & Instruments,Kotak Mahindra Bank,8.24891E+12,KKBK7359070
SELL2764,Johal-Comar,johal-comar@gmail.com,+91 87962 51757,18-09-2025,LOC0054,4.1,Toys,Punjab National Bank,5.5757E+11,PUNB8433657
SELL2765,"Ratti, Mane and Dani",rattimaneanddani4878@gmail.com,+91 61459 53213,23-01-2024,LOC0015,2,Home,HDFC Bank,3.70016E+12,HDFC8149961
SELL2766,Sachdev and Sons,sachdevandsons941@gmail.com,+91 85144 53248,13-02-2022,LOC0079,3.7,Clothing,HDFC Bank,7.15048E+12,HDFC7747572
SELL2767,"Garde, Chada and Raj",gardechadaandraj@gmail.com,+91 79558 03546,26-04-2022,LOC0016,4.5,Sports,IndusInd Bank,165768931,INDB9362212
SELL2768,Sachar Inc,sacharinc@gmail.com,+91 74592 54714,28-03-2023,LOC0099,3.2,Sports,Canara Bank,4.1753E+13,CNRB5451731
SELL2769,"Sachar, Hayre and Chada",sacharhayreandchada9753@gmail.com,+91 69132 20420,21-06-2021,LOC0104,4.3,Baby,Punjab National Bank,6.39204E+11,PUNB1735085
SELL2770,Luthra PLC,luthraplc9913@gmail.com,+91 84120 27329,09-07-2021,LOC0088,2.6,Health,Bank of Baroda,93254647622,BARB8300343
SELL2771,"Warrior, Yadav and Bassi",warrioryadavandbassi@gmail.com,+91 85659 63366,25-08-2021,LOC0063,4.5,Electronics,HDFC Bank,31844979066,HDFC3484329
SELL2772,Lad Inc,ladinc@gmail.com,+91 80395 70246,30-03-2024,LOC0008,4.9,Bags & Luggage,Punjab National Bank,9.34112E+13,PUNB1493026
SELL2773,"Garg, Sarma and Amble",gargsarmaandamble@gmail.com,+91 61475 97368,18-06-2023,LOC0044,2.8,Gaming,Canara Bank,5.38346E+12,CNRB9560051
SELL2774,Kapur-Trivedi,kapur-trivedi@gmail.com,+91 73926 40438,25-08-2021,LOC0080,1.6,Automotive,Union Bank of India,9.20791E+12,UBIN1278684
SELL2775,Rajagopal Group,rajagopalgroup7065@gmail.com,+91 86026 74900,18-01-2022,LOC0096,1.6,Home,HDFC Bank,6899822244,HDFC3795657
SELL2776,Sarma-Sha,sarma-sha1940@gmail.com,+91 73474 27427,26-01-2022,LOC0044,4.9,Pets,IndusInd Bank,4.49712E+13,INDB9503423
SELL2777,"Tripathi, Balasubramanian and Konda",tripathibalasubramanianandkonda8173@gmail.com,+91 85395 46074,28-09-2022,LOC0036,4.1,Books,Union Bank of India,3.66288E+11,UBIN7953786
SELL2778,"Basak, Gokhale and Mall",basakgokhaleandmall@gmail.com,+91 92259 79926,21-10-2024,LOC0020,3.7,Music & Instruments,Union Bank of India,9.34321E+11,UBIN7344592
SELL2779,Sheth PLC,shethplc2011@gmail.com,+91 74815 82941,06-05-2025,LOC0098,1.7,Groceries,Punjab National Bank,4.73232E+12,PUNB3075993
SELL2780,Gola LLC,golallc@gmail.com,+91 80947 60762,02-10-2021,LOC0094,3.9,Automotive,State Bank of India,6.99065E+12,SBIN4825356
SELL2781,Sundaram-Srivastava,sundaram-srivastava3175@gmail.com,+91 64284 47159,30-10-2021,LOC0007,2.1,Automotive,Union Bank of India,17711281818,UBIN4545708
SELL2782,"Bedi, Sastry and Bains",bedisastryandbains@gmail.com,+91 64850 62951,05-04-2024,LOC0079,1.4,Footwear,IndusInd Bank,4372439791,INDB7780352
SELL2783,"Walla, Manne and Singh",wallamanneandsingh@gmail.com,+91 78924 80104,08-07-2022,LOC0041,1.3,Stationery,Union Bank of India,8.89468E+11,UBIN2836036
SELL2784,Sankar LLC,sankarllc@gmail.com,+91 72288 40927,21-02-2022,LOC0081,3.2,Electronics,Punjab National Bank,8.90212E+13,PUNB8456727
SELL2785,"Ramachandran, Dada and Sarma",ramachandrandadaandsarma6900@gmail.com,+91 72759 64767,16-08-2024,LOC0093,4.5,Sports,Union Bank of India,2.50588E+13,UBIN1832867
SELL2786,Choudhury Group,choudhurygroup3055@gmail.com,+91 75325 79663,13-03-2023,LOC0066,2.6,Baby,Axis Bank,8.52103E+13,UTIB3244870
SELL2787,"Baria, Sen and Choudhry",bariasenandchoudhry@gmail.com,+91 67146 29922,09-12-2023,LOC0012,2.3,Electronics,Canara Bank,7.57974E+11,CNRB3315038
SELL2788,Chokshi and Sons,chokshiandsons3331@gmail.com,+91 74000 14243,18-08-2025,LOC0048,2.6,Gaming,Bank of Baroda,9196789905,BARB7945093
SELL2789,Gill-Randhawa,gill-randhawa@gmail.com,+91 91793 59505,25-09-2025,LOC0019,3.8,Footwear,IndusInd Bank,9.86589E+11,INDB4435782
SELL2790,"Kale, Thaker and Bhandari",kalethakerandbhandari9984@gmail.com,+91 68821 12183,26-05-2022,LOC0038,4.2,Sports,State Bank of India,3.49924E+12,SBIN3733138
SELL2791,"Konda, Hari and Sane",kondahariandsane@gmail.com,+91 60607 20781,17-06-2024,LOC0050,3.7,Books,Kotak Mahindra Bank,6.74115E+11,KKBK3248670
SELL2792,"Dar, Salvi and Chaudhary",darsalviandchaudhary@gmail.com,+91 61930 65407,05-06-2022,LOC0063,3.5,Jewellery,Punjab National Bank,6365113823,PUNB7181344
SELL2793,"Sankar, Suresh and Saha",sankarsureshandsaha@gmail.com,+91 60564 84818,14-04-2023,LOC0052,2.5,Baby,IndusInd Bank,2.21111E+13,INDB3799189
SELL2794,Mann LLC,mannllc@gmail.com,+91 67872 70638,01-10-2024,LOC0069,4.8,Home,Bank of Baroda,1.97209E+12,BARB7593150
SELL2795,Ganesh-Kulkarni,ganesh-kulkarni7132@gmail.com,+91 63244 14589,26-07-2021,LOC0071,2.3,Music & Instruments,Bank of Baroda,1.07418E+12,BARB7964348
SELL2796,Datta Inc,dattainc@gmail.com,+91 63692 03152,28-08-2025,LOC0002,1.6,Gaming,Canara Bank,6809093466,CNRB3048826
SELL2797,Kothari PLC,kothariplc6496@gmail.com,+91 81706 05325,05-11-2023,LOC0013,1,Office Supplies,Punjab National Bank,2.10188E+12,PUNB2511762
SELL2798,Yogi-Deo,yogi-deo574@gmail.com,+91 64094 37022,24-06-2022,LOC0101,4,Jewellery,Kotak Mahindra Bank,4581432787,KKBK6228351
SELL2799,"Choudhary, Tripathi and Grover",choudharytripathiandgrover@gmail.com,+91 65519 03772,02-08-2024,LOC0110,1.7,Electronics,Union Bank of India,2.21782E+13,UBIN2332254
SELL2800,Chawla-Sinha,chawla-sinha@gmail.com,+91 71653 42254,19-12-2021,LOC0019,1.3,Electronics,HDFC Bank,8.70068E+12,HDFC2159931
SELL2801,Dhaliwal-Rout,dhaliwal-rout@gmail.com,+91 76739 22827,14-12-2023,LOC0090,3.3,Health,Axis Bank,1.62944E+12,UTIB9196196
SELL2802,Khurana Group,khuranagroup2293@gmail.com,+91 69512 06482,03-03-2024,LOC0034,2.8,Clothing,ICICI Bank,4.80856E+13,ICIC1547014
SELL2803,Dara-Banerjee,dara-banerjee@gmail.com,+91 90134 94239,21-07-2022,LOC0107,3.6,Automotive,Kotak Mahindra Bank,7.67885E+11,KKBK8439959
SELL2804,Ganguly-Dhaliwal,ganguly-dhaliwal@gmail.com,+91 65387 36537,04-08-2023,LOC0111,4.3,Automotive,Bank of Baroda,96930116395,BARB8941298
SELL2805,Ratti PLC,rattiplc317@gmail.com,+91 66085 83484,21-08-2022,LOC0001,2.6,Groceries,Union Bank of India,6.88636E+11,UBIN3075380
SELL2806,"Date, Hora and Khalsa",datehoraandkhalsa@gmail.com,+91 69555 81980,05-01-2026,LOC0057,2.1,Pets,Punjab National Bank,4916374140,PUNB7073422
SELL2807,"Bahri, Saxena and Kunda",bahrisaxenaandkunda@gmail.com,+91 73575 14161,07-07-2023,LOC0002,2.4,Office Supplies,ICICI Bank,1707693344,ICIC6146816
SELL2808,Ghose PLC,ghoseplc3941@gmail.com,+91 64080 88273,06-07-2023,LOC0007,3.9,Clothing,Kotak Mahindra Bank,1.84833E+11,KKBK4571283
SELL2809,"Srinivas, Uppal and Rout",srinivasuppalandrout992@gmail.com,+91 97212 64327,05-09-2025,LOC0111,1.6,Stationery,State Bank of India,4.94499E+11,SBIN7133419
SELL2810,Din and Sons,dinandsons6810@gmail.com,+91 88988 64485,03-11-2024,LOC0062,2.3,Jewellery,Punjab National Bank,6.10464E+12,PUNB1938188
SELL2811,Khatri-Sant,khatri-sant3881@gmail.com,+91 93538 15513,19-10-2021,LOC0055,2.7,Automotive,Punjab National Bank,6.24415E+12,PUNB7099915
SELL2812,Din PLC,dinplc@gmail.com,+91 66714 72933,12-07-2021,LOC0038,3.3,Gaming,Punjab National Bank,1.26448E+11,PUNB8946438
SELL2813,Tank-Thakkar,tank-thakkar5983@gmail.com,+91 73306 57485,10-02-2022,LOC0025,2.7,Electronics,Kotak Mahindra Bank,2.93891E+11,KKBK1376048
SELL2814,Dar LLC,darllc5372@gmail.com,+91 93839 87337,03-04-2021,LOC0050,1.6,Clothing,HDFC Bank,5.36739E+11,HDFC5263436
SELL2815,Lall Inc,lallinc@gmail.com,+91 71306 64222,07-03-2023,LOC0063,4.1,Sports,Union Bank of India,7.60759E+11,UBIN8484048
SELL2816,Kumer Ltd,kumerltd9251@gmail.com,+91 80399 06443,15-07-2025,LOC0062,4.2,Office Supplies,State Bank of India,6.22592E+13,SBIN4230692
SELL2817,Agarwal-Ramaswamy,agarwal-ramaswamy@gmail.com,+91 80249 16495,12-09-2021,LOC0014,2.7,Books,Kotak Mahindra Bank,997522652,KKBK7006587
SELL2818,Chowdhury-Mammen,chowdhury-mammen@gmail.com,+91 93577 21846,28-01-2023,LOC0108,2.7,Toys,Punjab National Bank,7.56968E+13,PUNB4628612
SELL2819,Sengupta-Sathe,sengupta-sathe5052@gmail.com,+91 83735 50107,08-06-2022,LOC0024,2.2,Music & Instruments,HDFC Bank,9.26853E+13,HDFC2196803
SELL2820,"Mangat, Malhotra and Shere",mangatmalhotraandshere462@gmail.com,+91 87626 60664,30-09-2024,LOC0066,3.4,Pets,Punjab National Bank,4984316865,PUNB1380363
SELL2821,Sekhon and Sons,sekhonandsons4390@gmail.com,+91 80481 03937,22-11-2025,LOC0081,1.4,Office Supplies,IndusInd Bank,8.73392E+13,INDB9550666
SELL2822,"Kapur, Bajaj and Ray",kapurbajajandray4778@gmail.com,+91 69435 83828,12-04-2025,LOC0025,1.8,Electronics,Bank of Baroda,3.82744E+11,BARB6033845
SELL2823,"Issac, Gala and Arora",issacgalaandarora@gmail.com,+91 61623 01356,26-03-2024,LOC0052,2.6,Bags & Luggage,Axis Bank,47044666626,UTIB7279811
SELL2824,"Tiwari, Kunda and Srinivasan",tiwarikundaandsrinivasan@gmail.com,+91 71078 92235,21-10-2023,LOC0032,2.2,Jewellery,Kotak Mahindra Bank,19410489420,KKBK9015251
SELL2825,Hayre Inc,hayreinc9762@gmail.com,+91 97029 12411,09-11-2024,LOC0055,2.3,Beauty,State Bank of India,2652106981,SBIN9273496
SELL2826,Dutt-Basak,dutt-basak@gmail.com,+91 84727 27872,31-07-2021,LOC0055,2.5,Music & Instruments,Bank of Baroda,97807449940,BARB1211152
SELL2827,Cherian-Issac,cherian-issac@gmail.com,+91 75633 83824,04-11-2024,LOC0086,4.7,Health,Canara Bank,5.44396E+12,CNRB5456490
SELL2828,Kade LLC,kadellc@gmail.com,+91 68473 16450,19-01-2023,LOC0001,1.5,Beauty,HDFC Bank,21438775356,HDFC7895003
SELL2829,Kapoor Group,kapoorgroup@gmail.com,+91 99199 44355,28-08-2024,LOC0068,1.7,Toys,Kotak Mahindra Bank,9496276046,KKBK8911110
SELL2830,"Mahajan, Kata and Bir",mahajankataandbir4316@gmail.com,+91 99753 39775,15-03-2023,LOC0109,2.1,Sports,Kotak Mahindra Bank,1.03768E+12,KKBK9855949
SELL2831,"Srinivasan, Mani and Kara",srinivasanmaniandkara5873@gmail.com,+91 97538 07803,05-12-2023,LOC0082,3.7,Stationery,IndusInd Bank,3.57025E+11,INDB9918532
SELL2832,"Kapoor, Sarma and Sandal",kapoorsarmaandsandal1948@gmail.com,+91 94773 45693,13-05-2021,LOC0032,3.7,Health,Bank of Baroda,5.66742E+12,BARB8416379
SELL2833,Goyal-Mangal,goyal-mangal4923@gmail.com,+91 66298 71003,22-10-2023,LOC0091,1.1,Office Supplies,ICICI Bank,7.73754E+11,ICIC5411547
SELL2834,Edwin-Andra,edwin-andra5737@gmail.com,+91 90872 27361,25-08-2024,LOC0084,3.8,Beauty,Union Bank of India,38388441429,UBIN3378053
SELL2835,Khalsa-Handa,khalsa-handa@gmail.com,+91 73101 11828,05-09-2022,LOC0027,4.9,Bags & Luggage,Canara Bank,8.99645E+11,CNRB6996021
SELL2836,"Shetty, Bava and Wagle",shettybavaandwagle@gmail.com,+91 97427 49827,09-05-2021,LOC0015,4.7,Bags & Luggage,Canara Bank,6683095300,CNRB1866637
SELL2837,Varughese PLC,varugheseplc8865@gmail.com,+91 93156 75043,17-09-2023,LOC0026,3.1,Books,State Bank of India,9.1009E+11,SBIN3164949
SELL2838,Sahota-Sagar,sahota-sagar@gmail.com,+91 92457 46476,30-03-2024,LOC0022,2.4,Clothing,Canara Bank,6.15656E+13,CNRB2080713
SELL2839,Vig-Varma,vig-varma4715@gmail.com,+91 81604 26876,30-08-2021,LOC0084,1.1,Bags & Luggage,HDFC Bank,7.88907E+13,HDFC1731727
SELL2840,Khosla LLC,khoslallc@gmail.com,+91 94705 94349,08-07-2022,LOC0071,5,Toys,Kotak Mahindra Bank,9.54509E+12,KKBK1307710
SELL2841,Shere-Dhingra,shere-dhingra@gmail.com,+91 74304 96035,07-09-2021,LOC0073,3.3,Automotive,Axis Bank,8.93466E+12,UTIB6251309
SELL2842,"Raju, Desai and Chauhan",rajudesaiandchauhan@gmail.com,+91 65007 24207,01-10-2022,LOC0001,2.7,Stationery,Bank of Baroda,4.55332E+13,BARB3463947
SELL2843,"Swaminathan, Shroff and Dube",swaminathanshroffanddube@gmail.com,+91 94750 96256,28-09-2023,LOC0082,2.6,Automotive,Axis Bank,9.39468E+12,UTIB1982890
SELL2844,"Raju, Gour and Dhawan",rajugouranddhawan@gmail.com,+91 64530 17692,12-05-2022,LOC0098,4.3,Sports,HDFC Bank,2.48412E+13,HDFC8076508
SELL2845,Amble Group,amblegroup1550@gmail.com,+91 96233 87893,10-09-2023,LOC0037,4.7,Office Supplies,HDFC Bank,92370579874,HDFC5883973
SELL2846,Dhillon-Bansal,dhillon-bansal2768@gmail.com,+91 75465 44369,27-11-2024,LOC0096,3.2,Clothing,ICICI Bank,1.6084E+12,ICIC4214810
SELL2847,Bala LLC,balallc3567@gmail.com,+91 92042 71268,21-07-2025,LOC0019,3.4,Toys,Union Bank of India,1.01008E+12,UBIN3573100
SELL2848,Tripathi-Sankaran,tripathi-sankaran2893@gmail.com,+91 78469 68254,03-10-2023,LOC0018,4,Sports,Punjab National Bank,7094357717,PUNB3742541
SELL2849,Doctor Group,doctorgroup3393@gmail.com,+91 96235 87586,30-06-2021,LOC0084,1.4,Electronics,State Bank of India,86551482065,SBIN1391118
SELL2850,Boase-Chand,boase-chand@gmail.com,+91 85391 91922,10-03-2026,LOC0068,4.4,Bags & Luggage,ICICI Bank,9.36568E+12,ICIC2431123
SELL2851,"Raju, Sunder and Bala",rajusunderandbala@gmail.com,+91 63904 64304,01-04-2022,LOC0053,4.8,Automotive,ICICI Bank,94640188954,ICIC4430829
SELL2852,"Bhatti, Choudhry and Issac",bhattichoudhryandissac6433@gmail.com,+91 80540 50232,10-08-2025,LOC0065,1.9,Bags & Luggage,Axis Bank,60596214542,UTIB6354201
SELL2853,"Buch, Chacko and Jaggi",buchchackoandjaggi7992@gmail.com,+91 89585 05008,12-06-2025,LOC0002,3.3,Baby,Axis Bank,4.07771E+12,UTIB1367632
SELL2854,"Trivedi, Manne and Halder",trivedimanneandhalder@gmail.com,+91 76033 33990,18-08-2025,LOC0061,3.7,Automotive,Kotak Mahindra Bank,1.12689E+11,KKBK7331134
SELL2855,Bhavsar Group,bhavsargroup7992@gmail.com,+91 69936 25798,24-12-2024,LOC0043,4.1,Health,Union Bank of India,9.33117E+11,UBIN9073052
SELL2856,D’Alia PLC,d’aliaplc4285@gmail.com,+91 90153 12140,13-07-2022,LOC0068,4.2,Toys,Axis Bank,6.77795E+12,UTIB9602171
SELL2857,Raman-Din,raman-din@gmail.com,+91 88084 34136,18-11-2021,LOC0029,3.3,Home,Union Bank of India,4.60075E+12,UBIN9492250
SELL2858,Atwal LLC,atwalllc@gmail.com,+91 76227 69453,19-08-2025,LOC0039,4.4,Footwear,Bank of Baroda,18750986301,BARB2520711
SELL2859,"Boase, Gera and Sachdev",boasegeraandsachdev732@gmail.com,+91 72383 36874,22-07-2023,LOC0001,3.7,Stationery,HDFC Bank,7785061633,HDFC4822572
SELL2860,Wagle-Vasa,wagle-vasa9842@gmail.com,+91 69925 42642,09-09-2021,LOC0009,1.4,Music & Instruments,Punjab National Bank,1354842865,PUNB2054866
SELL2861,"Sachdeva, Samra and Batra",sachdevasamraandbatra8843@gmail.com,+91 99286 23774,10-12-2023,LOC0088,4.8,Beauty,Bank of Baroda,4.96192E+12,BARB7168201
SELL2862,Ramanathan-Sur,ramanathan-sur235@gmail.com,+91 85744 34129,11-01-2025,LOC0075,3,Stationery,IndusInd Bank,31136263287,INDB9869659
SELL2863,Arora-Mani,arora-mani3231@gmail.com,+91 65063 99255,26-02-2026,LOC0009,4.3,Beauty,State Bank of India,7.93423E+13,SBIN8156292
SELL2864,"Bir, Vohra and Dutta",birvohraanddutta@gmail.com,+91 75842 03186,01-06-2024,LOC0043,2.4,Health,Canara Bank,30523580185,CNRB1208267
SELL2865,Maharaj Inc,maharajinc@gmail.com,+91 87062 28846,04-08-2022,LOC0024,4.8,Pets,Kotak Mahindra Bank,3.70204E+13,KKBK7738669
SELL2866,Mannan-Ravi,mannan-ravi@gmail.com,+91 74501 36199,14-05-2024,LOC0091,3.9,Baby,Bank of Baroda,2.97448E+12,BARB2349543
SELL2867,Wagle and Sons,wagleandsons9439@gmail.com,+91 80218 44798,14-11-2025,LOC0102,3.5,Bags & Luggage,Canara Bank,4734827861,CNRB6560148
SELL2868,Salvi Inc,salviinc1268@gmail.com,+91 84333 49909,23-10-2023,LOC0078,1.6,Jewellery,IndusInd Bank,661767710,INDB2078101
SELL2869,Sen LLC,senllc1795@gmail.com,+91 97449 12701,08-09-2024,LOC0098,4.2,Music & Instruments,Punjab National Bank,10885745163,PUNB5649287
SELL2870,Brar-Kapur,brar-kapur3320@gmail.com,+91 72519 16811,16-02-2023,LOC0076,3.7,Home,HDFC Bank,2.2183E+13,HDFC6498613
SELL2871,"Loyal, Randhawa and Char",loyalrandhawaandchar@gmail.com,+91 87744 01245,18-08-2021,LOC0032,3.8,Footwear,ICICI Bank,4076358601,ICIC3985986
SELL2872,Dash-Mangal,dash-mangal1266@gmail.com,+91 90957 20723,03-03-2024,LOC0094,3.9,Office Supplies,Canara Bank,4.24375E+13,CNRB3417500
SELL2873,"Bhakta, Shukla and Ratta",bhaktashuklaandratta@gmail.com,+91 88713 07216,17-09-2023,LOC0065,1.5,Jewellery,Kotak Mahindra Bank,8.34579E+11,KKBK1686121
SELL2874,"Dara, Kumar and Srivastava",darakumarandsrivastava@gmail.com,+91 95272 32347,11-06-2025,LOC0096,4.2,Stationery,HDFC Bank,7.03031E+13,HDFC7916259
SELL2875,Chanda-Goyal,chanda-goyal7708@gmail.com,+91 88480 53400,14-01-2024,LOC0013,3.7,Home,Canara Bank,1.369E+12,CNRB4464173
SELL2876,"Solanki, Chander and Chadha",solankichanderandchadha@gmail.com,+91 86685 00577,18-01-2026,LOC0038,4.9,Pets,Kotak Mahindra Bank,3.72609E+11,KKBK1727293
SELL2877,"Goel, Comar and Shah",goelcomarandshah@gmail.com,+91 60689 66855,26-08-2023,LOC0014,1.8,Beauty,Canara Bank,25817851048,CNRB5395633
SELL2878,Raval Ltd,ravalltd8471@gmail.com,+91 68917 00897,18-06-2022,LOC0034,3,Beauty,Punjab National Bank,6.23295E+11,PUNB1518424
SELL2879,"Boase, Mallick and Majumdar",boasemallickandmajumdar137@gmail.com,+91 94631 99207,27-09-2025,LOC0091,1.8,Books,Bank of Baroda,8469305747,BARB8445286
SELL2880,"Lad, Dutta and Kant",ladduttaandkant@gmail.com,+91 92393 43910,08-08-2021,LOC0042,3.6,Beauty,Punjab National Bank,6.40176E+11,PUNB9591839
SELL2881,Tiwari-Roy,tiwari-roy@gmail.com,+91 68810 11069,18-05-2025,LOC0095,3.5,Footwear,IndusInd Bank,9.76532E+11,INDB4387986
SELL2882,"Dugar, Khanna and Korpal",dugarkhannaandkorpal@gmail.com,+91 71954 40824,11-08-2023,LOC0019,3.6,Clothing,State Bank of India,6.63285E+13,SBIN3717533
SELL2883,Dara-Kata,dara-kata@gmail.com,+91 85648 74889,26-01-2024,LOC0112,4.5,Health,IndusInd Bank,9.30757E+11,INDB2756112
SELL2884,Kurian Group,kuriangroup7233@gmail.com,+91 92564 17267,30-06-2021,LOC0093,2.6,Stationery,IndusInd Bank,8095496909,INDB6928101
SELL2885,"Raju, Dash and Singh",rajudashandsingh@gmail.com,+91 82941 69534,05-10-2022,LOC0068,1.6,Groceries,Kotak Mahindra Bank,4301009028,KKBK9292294
SELL2886,"Raman, Chaudhry and Kanda",ramanchaudhryandkanda@gmail.com,+91 68073 91277,15-12-2022,LOC0026,1.7,Baby,State Bank of India,8.37128E+13,SBIN5404096
SELL2887,Goyal-Sankar,goyal-sankar2309@gmail.com,+91 89129 66410,15-07-2025,LOC0088,2.6,Office Supplies,Axis Bank,2.2072E+11,UTIB4210668
SELL2888,Gour-Yohannan,gour-yohannan4187@gmail.com,+91 86111 09283,23-09-2024,LOC0106,2.5,Pets,Canara Bank,7.1165E+11,CNRB2405324
SELL2889,Rao Ltd,raoltd@gmail.com,+91 67767 95809,16-11-2025,LOC0083,3.5,Bags & Luggage,State Bank of India,9615841413,SBIN2851874
SELL2890,"Behl, Ravi and Bhavsar",behlraviandbhavsar2883@gmail.com,+91 69764 16617,13-03-2023,LOC0079,2.6,Home,HDFC Bank,9.3451E+12,HDFC9608137
SELL2891,"Grover, Kurian and Keer",groverkurianandkeer1547@gmail.com,+91 67263 23267,02-06-2022,LOC0092,2.9,Pets,State Bank of India,5256419992,SBIN5904314
SELL2892,Tak Group,takgroup@gmail.com,+91 84963 14691,20-05-2024,LOC0048,1.6,Clothing,Axis Bank,1.45921E+12,UTIB8943542
SELL2893,Jain PLC,jainplc3856@gmail.com,+91 88100 51075,22-08-2024,LOC0070,3.8,Home,Punjab National Bank,7.05017E+12,PUNB9830993
SELL2894,Mangal-Kanda,mangal-kanda1608@gmail.com,+91 94264 93850,30-10-2021,LOC0017,4.8,Bags & Luggage,ICICI Bank,4.53377E+11,ICIC9361575
SELL2895,"Chakrabarti, Tailor and Lala",chakrabartitailorandlala1927@gmail.com,+91 91095 23769,08-10-2024,LOC0058,4.6,Stationery,HDFC Bank,6.01231E+12,HDFC9960835
SELL2896,Kunda Ltd,kundaltd5292@gmail.com,+91 68283 77851,08-12-2025,LOC0078,4.6,Sports,Kotak Mahindra Bank,3.30773E+12,KKBK4042541
SELL2897,"Mangal, Iyengar and Khurana",mangaliyengarandkhurana6232@gmail.com,+91 72608 40848,13-04-2024,LOC0102,1.7,Toys,Canara Bank,88912996463,CNRB9770173
SELL2898,"Yohannan, Tata and Shan",yohannantataandshan@gmail.com,+91 97464 88673,16-01-2025,LOC0014,3.6,Home,Axis Bank,4.72284E+12,UTIB9509483
SELL2899,Ravi PLC,raviplc476@gmail.com,+91 62389 55817,20-12-2024,LOC0004,3,Books,Bank of Baroda,49231540615,BARB9740591
SELL2900,"Madan, Deshmukh and Luthra",madandeshmukhandluthra@gmail.com,+91 93825 04089,08-03-2022,LOC0060,2.7,Books,Punjab National Bank,9.31541E+11,PUNB3265235
SELL2901,Babu-Kara,babu-kara@gmail.com,+91 82286 38243,25-03-2024,LOC0111,4.7,Sports,Union Bank of India,5.90625E+13,UBIN4593956
SELL2902,Subramanian Ltd,subramanianltd8913@gmail.com,+91 91665 50482,27-12-2021,LOC0068,4.9,Music & Instruments,Canara Bank,3.74638E+13,CNRB1810833
SELL2903,Mahal Inc,mahalinc3695@gmail.com,+91 70204 32643,23-05-2024,LOC0102,3.3,Automotive,Union Bank of India,1418858174,UBIN9803971
SELL2904,Dhar-Sem,dhar-sem2884@gmail.com,+91 66036 35348,20-06-2023,LOC0046,3.1,Office Supplies,State Bank of India,5.90186E+12,SBIN8173561
SELL2905,Andra-Walia,andra-walia6425@gmail.com,+91 83399 46641,17-12-2021,LOC0062,1.1,Sports,State Bank of India,7.92869E+11,SBIN3460241
SELL2906,"Halder, Kota and Kalla",halderkotaandkalla@gmail.com,+91 83770 51530,27-01-2022,LOC0081,1.5,Beauty,IndusInd Bank,1115924437,INDB6190735
SELL2907,Mani and Sons,maniandsons5261@gmail.com,+91 69446 73498,28-01-2026,LOC0078,4,Bags & Luggage,State Bank of India,9.28467E+12,SBIN5729238
SELL2908,Sarma Inc,sarmainc@gmail.com,+91 65136 61534,25-07-2022,LOC0037,3,Clothing,State Bank of India,10472491247,SBIN6940198
SELL2909,Dora-Karan,dora-karan@gmail.com,+91 66850 25689,26-10-2025,LOC0054,2,Stationery,Union Bank of India,8.21736E+11,UBIN5038196
SELL2910,Savant PLC,savantplc59@gmail.com,+91 80988 03222,04-09-2021,LOC0032,1.7,Footwear,ICICI Bank,39168256146,ICIC8897282
SELL2911,"Mahal, Bumb and Kalla",mahalbumbandkalla2956@gmail.com,+91 68029 17729,01-10-2024,LOC0102,4.8,Pets,Kotak Mahindra Bank,8485601176,KKBK3586263
SELL2912,Kata-Wali,kata-wali@gmail.com,+91 80610 22462,19-05-2022,LOC0059,4.7,Toys,IndusInd Bank,3.70333E+13,INDB9198560
SELL2913,Char-Kadakia,char-kadakia@gmail.com,+91 84160 88064,04-11-2021,LOC0055,2.9,Beauty,ICICI Bank,3.80344E+12,ICIC6959903
SELL2914,Divan Inc,divaninc@gmail.com,+91 79422 72385,26-01-2026,LOC0070,3.9,Home,Kotak Mahindra Bank,55110841115,KKBK5399517
SELL2915,Hari LLC,harillc@gmail.com,+91 82634 53568,06-11-2023,LOC0014,1.7,Stationery,Bank of Baroda,7.1713E+13,BARB1840979
SELL2916,Jhaveri Ltd,jhaveriltd@gmail.com,+91 82400 67953,17-09-2023,LOC0032,1.7,Beauty,Canara Bank,28873082089,CNRB9409916
SELL2917,"Desai, Bawa and Karan",desaibawaandkaran8003@gmail.com,+91 77886 94807,21-08-2024,LOC0060,1.7,Music & Instruments,IndusInd Bank,2.53169E+12,INDB6406494
SELL2918,Desai Inc,desaiinc@gmail.com,+91 92558 32100,13-02-2022,LOC0029,4.4,Home,Kotak Mahindra Bank,9.28597E+13,KKBK6162360
SELL2919,Chacko and Sons,chackoandsons5848@gmail.com,+91 76132 15312,18-09-2022,LOC0022,2.7,Bags & Luggage,Punjab National Bank,1.11316E+12,PUNB8296013
SELL2920,Dutt-Bajaj,dutt-bajaj@gmail.com,+91 82759 50729,31-07-2022,LOC0056,4.9,Sports,Canara Bank,8.31721E+12,CNRB5567096
SELL2921,Dalal-Ganesan,dalal-ganesan@gmail.com,+91 92462 46286,04-01-2024,LOC0007,4,Baby,ICICI Bank,24923213282,ICIC1390536
SELL2922,Varty-Thakur,varty-thakur@gmail.com,+91 63172 24044,08-07-2025,LOC0033,3.1,Jewellery,Axis Bank,3.31259E+12,UTIB7664893
SELL2923,Sanghvi-Dalal,sanghvi-dalal@gmail.com,+91 81421 28719,26-02-2023,LOC0031,3.8,Footwear,Punjab National Bank,2606380001,PUNB6190959
SELL2924,Dara LLC,darallc5054@gmail.com,+91 79393 58633,14-02-2023,LOC0099,3.6,Footwear,Axis Bank,5411558731,UTIB7698833
SELL2925,"Bahl, Devan and Dani",bahldevananddani@gmail.com,+91 93061 08066,12-08-2022,LOC0093,1.8,Electronics,State Bank of India,8107126181,SBIN6593322
SELL2926,"Mahajan, Johal and Wali",mahajanjohalandwali3070@gmail.com,+91 62938 19378,07-03-2023,LOC0040,4.9,Gaming,Axis Bank,7.38467E+12,UTIB5835955
SELL2927,"Bedi, Roy and Shroff",bediroyandshroff@gmail.com,+91 95677 92066,09-04-2022,LOC0093,4.6,Electronics,IndusInd Bank,1.26908E+12,INDB8226627
SELL2928,Korpal PLC,korpalplc@gmail.com,+91 86950 23559,20-08-2023,LOC0011,3.1,Baby,ICICI Bank,85658587890,ICIC4347511
SELL2929,"Goda, Sarna and Bir",godasarnaandbir@gmail.com,+91 95220 96899,06-07-2023,LOC0103,2.3,Sports,Axis Bank,74220314338,UTIB4381567
SELL2930,Tiwari and Sons,tiwariandsons5597@gmail.com,+91 91566 75643,08-01-2025,LOC0103,1.8,Jewellery,Union Bank of India,8638524167,UBIN5842998
SELL2931,"Gaba, Solanki and Bassi",gabasolankiandbassi@gmail.com,+91 88469 65495,18-05-2021,LOC0006,2,Health,Punjab National Bank,9.91021E+12,PUNB2069023
SELL2932,"Kala, Soman and Sharaf",kalasomanandsharaf9890@gmail.com,+91 74167 09043,15-03-2025,LOC0109,2.9,Bags & Luggage,Punjab National Bank,3342269175,PUNB2254184
SELL2933,Bhandari-Divan,bhandari-divan4969@gmail.com,+91 73961 13073,18-09-2022,LOC0025,2.6,Baby,IndusInd Bank,37446650775,INDB6719229
SELL2934,"Ram, Krish and Thaker",ramkrishandthaker4870@gmail.com,+91 89371 74627,07-03-2024,LOC0038,2.6,Home,Canara Bank,1.32935E+12,CNRB2845873
SELL2935,Bava Inc,bavainc6539@gmail.com,+91 64360 79166,01-09-2022,LOC0112,5,Home,Union Bank of India,7.15774E+11,UBIN1816802
SELL2936,"Bath, Karpe and Gole",bathkarpeandgole@gmail.com,+91 90866 89632,03-05-2021,LOC0064,3.7,Sports,Canara Bank,5077066672,CNRB1645752
SELL2937,Sood-Dubey,sood-dubey@gmail.com,+91 66050 95182,28-05-2025,LOC0088,2.9,Beauty,State Bank of India,57788218944,SBIN2362621
SELL2938,Dave Inc,daveinc2348@gmail.com,+91 67495 74985,07-03-2022,LOC0084,2.7,Groceries,Bank of Baroda,9.6467E+12,BARB4152683
SELL2939,Bhardwaj Ltd,bhardwajltd987@gmail.com,+91 70994 63283,27-11-2025,LOC0086,2.5,Music & Instruments,Canara Bank,28996111464,CNRB7886049
SELL2940,"Karnik, Kade and Kothari",karnikkadeandkothari@gmail.com,+91 76860 36574,21-09-2022,LOC0101,2.1,Books,HDFC Bank,1039358161,HDFC5015303
SELL2941,Dua-Rattan,dua-rattan937@gmail.com,+91 85741 16378,05-01-2022,LOC0089,2.4,Health,IndusInd Bank,7.85518E+12,INDB3770068
SELL2942,"Devan, Shukla and Guha",devanshuklaandguha@gmail.com,+91 91199 95191,02-01-2025,LOC0066,3.7,Gaming,Punjab National Bank,8.31906E+11,PUNB5141340
SELL2943,"Lad, Singhal and Gulati",ladsinghalandgulati4889@gmail.com,+91 91262 94760,08-05-2023,LOC0069,2.8,Books,Canara Bank,4.08374E+11,CNRB4415862
SELL2944,"Sandal, Banerjee and Iyengar",sandalbanerjeeandiyengar@gmail.com,+91 79791 56667,28-09-2025,LOC0068,2.6,Bags & Luggage,Union Bank of India,1.28949E+12,UBIN6543017
SELL2945,"Sood, Soman and Kashyap",soodsomanandkashyap1177@gmail.com,+91 94086 18275,21-10-2025,LOC0077,3.9,Electronics,ICICI Bank,57201445576,ICIC8053694
SELL2946,Chaudhuri-Dara,chaudhuri-dara@gmail.com,+91 92281 06716,04-12-2023,LOC0102,1.2,Health,HDFC Bank,4.15622E+13,HDFC8100083
SELL2947,Ravi-Gaba,ravi-gaba@gmail.com,+91 83327 75018,19-11-2025,LOC0094,5,Electronics,ICICI Bank,8.66426E+11,ICIC1671548
SELL2948,"Sawhney, Sengupta and Gupta",sawhneysenguptaandgupta7622@gmail.com,+91 68657 41792,11-02-2024,LOC0041,4.9,Home,Kotak Mahindra Bank,9.60801E+11,KKBK5582877
SELL2949,"Shere, Vohra and Subramanian",sherevohraandsubramanian1860@gmail.com,+91 63167 51875,26-01-2024,LOC0056,4,Pets,Union Bank of India,1.84074E+12,UBIN6613669
SELL2950,"Balan, Ray and Sood",balanrayandsood3871@gmail.com,+91 75122 23093,08-05-2025,LOC0024,2.4,Toys,State Bank of India,4.17915E+11,SBIN8097544
SELL2951,Dugal-Bandi,dugal-bandi@gmail.com,+91 99589 50472,10-09-2024,LOC0075,1.4,Music & Instruments,HDFC Bank,76464511652,HDFC6659745
SELL2952,"Karan, Kadakia and Dubey",karankadakiaanddubey@gmail.com,+91 66564 83139,10-02-2023,LOC0069,2.6,Sports,Punjab National Bank,47011200834,PUNB2073482
SELL2953,"Viswanathan, Bal and Kashyap",viswanathanbalandkashyap@gmail.com,+91 72318 10773,10-02-2025,LOC0049,3.2,Clothing,IndusInd Bank,3.76137E+12,INDB5335230
SELL2954,"Manne, Thakkar and Sarraf",mannethakkarandsarraf5099@gmail.com,+91 88191 06074,05-03-2022,LOC0088,2.6,Baby,Canara Bank,5.68079E+12,CNRB6132256
SELL2955,Dhar-Dyal,dhar-dyal9791@gmail.com,+91 85268 16585,13-06-2024,LOC0097,2.4,Baby,Bank of Baroda,7.25879E+11,BARB1477299
SELL2956,"Khanna, Wagle and Kannan",khannawagleandkannan1491@gmail.com,+91 81462 80761,20-10-2025,LOC0105,2.8,Pets,HDFC Bank,5977715233,HDFC5034408
SELL2957,Kala-Barman,kala-barman@gmail.com,+91 85832 08561,28-02-2024,LOC0067,3.5,Baby,Kotak Mahindra Bank,3.29862E+11,KKBK8812061
SELL2958,Dhar-Chhabra,dhar-chhabra740@gmail.com,+91 61906 14702,19-08-2022,LOC0091,3.1,Pets,Punjab National Bank,98453184880,PUNB7071726
SELL2959,Som-Kibe,som-kibe2333@gmail.com,+91 93077 02938,03-03-2024,LOC0058,3,Toys,IndusInd Bank,9.92688E+11,INDB3360433
SELL2960,"Apte, Gade and Dugar",aptegadeanddugar@gmail.com,+91 85785 33701,10-02-2025,LOC0070,3.2,Sports,Bank of Baroda,26716713099,BARB7805781
SELL2961,Bhalla-De,bhalla-de@gmail.com,+91 66441 80583,21-07-2023,LOC0007,4.3,Electronics,Union Bank of India,7061763537,UBIN2289998
SELL2962,Garg Inc,garginc982@gmail.com,+91 87977 33927,24-01-2026,LOC0003,1.1,Home,IndusInd Bank,19736107038,INDB1503139
SELL2963,Krish-Mander,krish-mander@gmail.com,+91 91172 99342,07-04-2022,LOC0027,3.8,Office Supplies,IndusInd Bank,35386548433,INDB7732849
SELL2964,"Chauhan, Bahl and Sem",chauhanbahlandsem@gmail.com,+91 70664 05314,09-10-2021,LOC0085,2.9,Clothing,HDFC Bank,9.70167E+11,HDFC9853155
SELL2965,Talwar Inc,talwarinc1320@gmail.com,+91 70665 34259,10-08-2025,LOC0066,1,Jewellery,State Bank of India,4.52346E+12,SBIN2438472
SELL2966,"Doctor, Sabharwal and Chand",doctorsabharwalandchand@gmail.com,+91 80516 68958,14-04-2022,LOC0037,4.6,Bags & Luggage,Canara Bank,6.54306E+12,CNRB1592155
SELL2967,Ratti and Sons,rattiandsons@gmail.com,+91 98059 57745,13-10-2021,LOC0090,3.5,Baby,Kotak Mahindra Bank,74418445640,KKBK8690779
SELL2968,"Garg, Kannan and Shah",gargkannanandshah9530@gmail.com,+91 78281 31179,18-06-2025,LOC0035,3.4,Gaming,Canara Bank,9.7143E+12,CNRB3796608
SELL2969,"Bakshi, Bhatia and Chand",bakshibhatiaandchand4371@gmail.com,+91 71887 91128,08-10-2021,LOC0069,1.6,Gaming,Axis Bank,7.86545E+13,UTIB1532911
SELL2970,Rattan-Bhagat,rattan-bhagat@gmail.com,+91 77119 80095,04-11-2022,LOC0014,2.8,Office Supplies,IndusInd Bank,4.29875E+12,INDB1286227
SELL2971,"Saran, Halder and Raja",saranhalderandraja5662@gmail.com,+91 89055 63092,02-04-2022,LOC0001,4.5,Clothing,Bank of Baroda,7957973329,BARB7258430
SELL2972,Dani PLC,daniplc@gmail.com,+91 99664 94083,27-11-2025,LOC0091,1.2,Home,Union Bank of India,7.42635E+12,UBIN1033886
SELL2973,"Wali, Bala and Shankar",walibalaandshankar@gmail.com,+91 98286 42407,07-08-2025,LOC0109,4.8,Clothing,Bank of Baroda,3.33252E+12,BARB8462172
SELL2974,Bassi-Sarna,bassi-sarna@gmail.com,+91 87172 21647,11-05-2025,LOC0081,4,Home,ICICI Bank,5.9586E+12,ICIC5378652
SELL2975,Som-Soni,som-soni318@gmail.com,+91 88286 22800,16-08-2025,LOC0072,1.1,Clothing,Axis Bank,4712292023,UTIB1290277
SELL2976,"Ratta, Konda and Dara",rattakondaanddara@gmail.com,+91 89291 83647,13-12-2023,LOC0034,2.3,Bags & Luggage,HDFC Bank,8.5045E+13,HDFC9582676
SELL2977,Chopra-Hora,chopra-hora8265@gmail.com,+91 93913 88943,01-01-2022,LOC0091,4.3,Stationery,Axis Bank,7861367446,UTIB9749020
SELL2978,Doshi Group,doshigroup@gmail.com,+91 77357 05603,04-01-2023,LOC0058,2.9,Home,Axis Bank,58756608909,UTIB2248486
SELL2979,"Shetty, Sankar and Sabharwal",shettysankarandsabharwal@gmail.com,+91 84768 92657,24-07-2024,LOC0067,2.2,Baby,Canara Bank,5.83954E+12,CNRB8800209
SELL2980,Rattan PLC,rattanplc@gmail.com,+91 88526 65653,05-10-2022,LOC0057,4,Automotive,ICICI Bank,1.36019E+12,ICIC6430059
SELL2981,Sahni and Sons,sahniandsons@gmail.com,+91 65992 86062,05-12-2025,LOC0087,2.5,Beauty,Kotak Mahindra Bank,9.13034E+13,KKBK2717322
SELL2982,Handa Ltd,handaltd@gmail.com,+91 99428 80775,03-09-2023,LOC0052,3.5,Groceries,Canara Bank,92850987017,CNRB9790932
SELL2983,Singhal-Dewan,singhal-dewan35@gmail.com,+91 83367 15408,24-12-2022,LOC0021,4.5,Books,ICICI Bank,4165905760,ICIC8597391
SELL2984,Goel Ltd,goelltd927@gmail.com,+91 99406 76081,15-06-2025,LOC0090,2.3,Footwear,Kotak Mahindra Bank,97660761189,KKBK5428342
SELL2985,Behl and Sons,behlandsons6559@gmail.com,+91 83599 90812,24-05-2023,LOC0003,4.3,Automotive,Union Bank of India,7.57117E+13,UBIN6743019
SELL2986,Basu Group,basugroup9983@gmail.com,+91 67755 06811,23-07-2021,LOC0043,4.5,Electronics,Union Bank of India,79799378758,UBIN4234650
SELL2987,Guha and Sons,guhaandsons@gmail.com,+91 66438 34044,05-06-2025,LOC0113,1.2,Pets,Union Bank of India,9.49317E+13,UBIN4355656
SELL2988,Konda PLC,kondaplc@gmail.com,+91 92445 23191,21-05-2021,LOC0056,3,Toys,IndusInd Bank,6.41195E+13,INDB9332084
SELL2989,Dani and Sons,daniandsons7097@gmail.com,+91 68682 64445,23-08-2024,LOC0022,2,Groceries,Bank of Baroda,3.43858E+12,BARB1752979
SELL2990,Saxena Ltd,saxenaltd131@gmail.com,+91 64254 48985,16-06-2021,LOC0018,3.9,Music & Instruments,Canara Bank,9.49842E+13,CNRB8816072
SELL2991,Ben-Bakshi,ben-bakshi@gmail.com,+91 69727 59656,05-01-2024,LOC0022,4.5,Health,Bank of Baroda,4.48409E+11,BARB6527756
SELL2992,Tara-Gole,tara-gole9941@gmail.com,+91 74537 19507,02-12-2021,LOC0072,1.1,Office Supplies,Union Bank of India,2.84072E+11,UBIN6669511
SELL2993,Krishna-Sharma,krishna-sharma@gmail.com,+91 87148 99370,18-12-2021,LOC0024,2.1,Jewellery,Union Bank of India,3.4718E+12,UBIN8891544
SELL2994,Mammen Inc,mammeninc2559@gmail.com,+91 68458 89770,23-10-2024,LOC0079,3.2,Pets,ICICI Bank,5.56661E+11,ICIC4389811
SELL2995,"Kakar, Devan and Chandran",kakardevanandchandran@gmail.com,+91 73387 47449,19-04-2021,LOC0016,4,Bags & Luggage,Kotak Mahindra Bank,6.98246E+11,KKBK8730390
SELL2996,Mander-Krishnamurthy,mander-krishnamurthy1966@gmail.com,+91 73716 09565,06-02-2022,LOC0083,3.2,Music & Instruments,IndusInd Bank,99929554802,INDB4582936
SELL2997,Sha-Kohli,sha-kohli@gmail.com,+91 94127 49638,10-12-2023,LOC0104,3.4,Office Supplies,State Bank of India,8.35167E+11,SBIN2194753
SELL2998,Ramaswamy Group,ramaswamygroup7660@gmail.com,+91 80226 73908,11-09-2021,LOC0047,1.7,Books,State Bank of India,1.61959E+11,SBIN5668834
SELL2999,Balan Ltd,balanltd@gmail.com,+91 78001 11635,31-03-2025,LOC0063,4.8,Gaming,Canara Bank,73614709753,CNRB3699272
SELL3000,Guha-Das,guha-das6136@gmail.com,+91 80061 19084,19-09-2024,LOC0058,1.4,Toys,ICICI Bank,1.81504E+13,ICIC1468765
SELL3001,Wadhwa-Ravi,wadhwa-ravi@gmail.com,+91 87196 86492,27-03-2023,LOC0053,4.4,Footwear,Axis Bank,2025680668,UTIB4119485
SELL3002,Deep Ltd,deepltd@gmail.com,+91 86441 07162,01-02-2024,LOC0067,4.3,Jewellery,Axis Bank,2.42756E+12,UTIB2614440
SELL3003,Mander-Rajagopalan,mander-rajagopalan@gmail.com,+91 69184 26690,01-06-2025,LOC0096,5,Toys,HDFC Bank,4.93306E+11,HDFC2902340
SELL3004,Chandran-Mallick,chandran-mallick@gmail.com,+91 62190 01174,21-05-2024,LOC0078,4.8,Music & Instruments,HDFC Bank,25433399113,HDFC1907674
SELL3005,Ratta Ltd,rattaltd@gmail.com,+91 85785 73786,11-12-2024,LOC0019,3.8,Automotive,Punjab National Bank,6.14845E+12,PUNB1740555
SELL3006,Toor LLC,toorllc@gmail.com,+91 80840 85211,22-11-2021,LOC0016,1.5,Stationery,HDFC Bank,5846483289,HDFC5562684
SELL3007,Bail Inc,bailinc@gmail.com,+91 79453 38709,13-04-2022,LOC0013,2,Jewellery,Canara Bank,3.7028E+12,CNRB8033846
SELL3008,Borde-Gupta,borde-gupta8066@gmail.com,+91 94422 66936,01-08-2023,LOC0032,2.1,Jewellery,ICICI Bank,28022497847,ICIC4080758
SELL3009,Buch-Ramachandran,buch-ramachandran2674@gmail.com,+91 82280 35573,02-01-2022,LOC0003,2.1,Beauty,Canara Bank,2.87171E+12,CNRB5393318
SELL3010,"Dyal, Jain and Manne",dyaljainandmanne5681@gmail.com,+91 61348 51388,28-10-2021,LOC0004,2.3,Gaming,HDFC Bank,56871479485,HDFC6109315
SELL3011,Ganesan LLC,ganesanllc@gmail.com,+91 78894 05475,27-10-2024,LOC0009,4.2,Automotive,Kotak Mahindra Bank,52031821761,KKBK7439149
SELL3012,Bhargava-Talwar,bhargava-talwar@gmail.com,+91 69925 47701,17-10-2025,LOC0007,4.6,Groceries,ICICI Bank,6.92602E+13,ICIC2518071
SELL3013,"Hora, Wali and Krish",horawaliandkrish@gmail.com,+91 62363 32513,31-07-2021,LOC0029,4.1,Clothing,Union Bank of India,51717033717,UBIN1855859
SELL3014,Bhargava-Chopra,bhargava-chopra@gmail.com,+91 97774 28019,21-06-2021,LOC0079,2.4,Music & Instruments,Bank of Baroda,9.23274E+13,BARB2543998
SELL3015,"Dua, Jaggi and Khosla",duajaggiandkhosla7542@gmail.com,+91 71356 00382,02-11-2022,LOC0073,4.2,Music & Instruments,IndusInd Bank,6.50704E+12,INDB2435277
SELL3016,Bumb LLC,bumbllc2845@gmail.com,+91 64420 38063,14-10-2022,LOC0085,1.7,Beauty,IndusInd Bank,99751692549,INDB5734353
SELL3017,Krishnan-Sodhi,krishnan-sodhi6775@gmail.com,+91 93549 38389,07-10-2023,LOC0008,2.6,Electronics,Kotak Mahindra Bank,7.75856E+12,KKBK8485415
SELL3018,Sem Ltd,semltd4640@gmail.com,+91 89955 07681,02-07-2021,LOC0035,2,Baby,Canara Bank,6.03473E+11,CNRB8111504
SELL3019,Deshmukh and Sons,deshmukhandsons@gmail.com,+91 62579 41342,20-03-2023,LOC0055,5,Toys,Punjab National Bank,5.15094E+12,PUNB4776545
SELL3020,Grover PLC,groverplc6195@gmail.com,+91 79662 25727,13-05-2025,LOC0111,2,Footwear,Canara Bank,1.29728E+13,CNRB9826365
SELL3021,"Bhargava, Thaker and Chada",bhargavathakerandchada9771@gmail.com,+91 74809 35569,16-08-2021,LOC0044,2.7,Jewellery,Bank of Baroda,86557543541,BARB2423228
SELL3022,Sachdeva Inc,sachdevainc3285@gmail.com,+91 88564 60393,08-05-2021,LOC0032,3,Clothing,Axis Bank,8.36909E+13,UTIB6360605
SELL3023,Tata-Saran,tata-saran682@gmail.com,+91 81600 22473,07-03-2026,LOC0062,1.4,Pets,Bank of Baroda,50201541370,BARB6783145
SELL3024,"Choudhury, Bir and Dada",choudhurybiranddada@gmail.com,+91 64407 99729,12-07-2023,LOC0022,2,Clothing,ICICI Bank,3.00158E+13,ICIC1924493
SELL3025,Thakkar Group,thakkargroup9901@gmail.com,+91 60527 71975,17-03-2024,LOC0012,3.8,Bags & Luggage,HDFC Bank,49428486301,HDFC9999503
SELL3026,Vyas PLC,vyasplc7874@gmail.com,+91 97530 41920,09-05-2024,LOC0027,4,Footwear,Axis Bank,7.89029E+11,UTIB4927816
SELL3027,Chahal Group,chahalgroup5959@gmail.com,+91 94555 70551,07-10-2024,LOC0006,1.9,Home,Punjab National Bank,2.79139E+11,PUNB6058180
SELL3028,Kara-Sachar,kara-sachar@gmail.com,+91 78387 34856,07-02-2023,LOC0014,2.7,Bags & Luggage,Axis Bank,4.26847E+13,UTIB9838991
SELL3029,Sura Ltd,suraltd@gmail.com,+91 74349 72856,25-10-2024,LOC0031,1.5,Sports,Canara Bank,3.6476E+12,CNRB7831523
SELL3030,Barad-Goel,barad-goel@gmail.com,+91 99610 35464,26-04-2023,LOC0107,1.5,Books,IndusInd Bank,3.07866E+13,INDB9481850
SELL3031,Batta Ltd,battaltd@gmail.com,+91 65596 67340,17-04-2023,LOC0112,2.4,Toys,Axis Bank,4.6839E+13,UTIB7288558
SELL3032,Lata-Kurian,lata-kurian@gmail.com,+91 96898 07142,22-09-2022,LOC0089,4.2,Electronics,Axis Bank,4282282368,UTIB1014626
SELL3033,"Apte, Srivastava and Ganesh",aptesrivastavaandganesh@gmail.com,+91 87887 06511,04-08-2022,LOC0035,4.3,Gaming,Bank of Baroda,3.68752E+11,BARB1514396
SELL3034,Zacharia-Sura,zacharia-sura7036@gmail.com,+91 68174 33963,23-12-2025,LOC0094,2.5,Jewellery,IndusInd Bank,3.99771E+13,INDB8640427
SELL3035,"Ganesh, Thakur and Dhar",ganeshthakuranddhar@gmail.com,+91 73896 42951,18-01-2024,LOC0078,2.8,Sports,Kotak Mahindra Bank,44283109522,KKBK5730411
SELL3036,Sandhu PLC,sandhuplc7028@gmail.com,+91 68138 31337,02-03-2024,LOC0069,2.4,Bags & Luggage,Union Bank of India,8.65325E+13,UBIN3390554
SELL3037,Chanda Ltd,chandaltd@gmail.com,+91 92582 37635,31-03-2023,LOC0085,1.7,Pets,IndusInd Bank,51392999646,INDB8768040
SELL3038,Kashyap and Sons,kashyapandsons5094@gmail.com,+91 96253 96444,23-04-2024,LOC0029,1.7,Books,Punjab National Bank,3.30058E+12,PUNB8013669
SELL3039,Soman-Rajagopal,soman-rajagopal@gmail.com,+91 82049 86286,31-08-2021,LOC0062,3.8,Sports,IndusInd Bank,71938532086,INDB3055786
SELL3040,Kibe-Zachariah,kibe-zachariah@gmail.com,+91 82360 92158,13-02-2026,LOC0103,4.3,Clothing,IndusInd Bank,5.68786E+11,INDB7882276
SELL3041,"Ramakrishnan, Dhar and Banerjee",ramakrishnandharandbanerjee@gmail.com,+91 76370 78525,07-12-2025,LOC0016,4.7,Books,Union Bank of India,2.51942E+12,UBIN7997771
SELL3042,Gaba LLC,gaballc8702@gmail.com,+91 87749 66716,07-02-2024,LOC0083,2.2,Beauty,Canara Bank,6114252721,CNRB1784480
SELL3043,Atwal-Varty,atwal-varty6726@gmail.com,+91 77845 71222,26-05-2024,LOC0046,5,Baby,ICICI Bank,79325584526,ICIC4533648
SELL3044,Kata Ltd,kataltd8552@gmail.com,+91 92402 70063,27-05-2021,LOC0028,4,Jewellery,Kotak Mahindra Bank,7.28787E+13,KKBK8919412
SELL3045,Basu Ltd,basultd@gmail.com,+91 87609 26616,01-02-2023,LOC0074,3.2,Gaming,Canara Bank,855026873,CNRB6886160
SELL3046,"Sathe, Goel and Kumar",sathegoelandkumar4901@gmail.com,+91 63978 61482,06-09-2025,LOC0039,4.1,Groceries,Punjab National Bank,143662694,PUNB6320042
SELL3047,Ramanathan-Baral,ramanathan-baral@gmail.com,+91 62775 09832,18-12-2023,LOC0073,1.1,Sports,Bank of Baroda,9.71689E+11,BARB2676960
SELL3048,Kunda-Dugar,kunda-dugar@gmail.com,+91 93581 00920,08-10-2021,LOC0017,4.9,Footwear,Axis Bank,22732999859,UTIB5189162
SELL3049,Baria-Deep,baria-deep1967@gmail.com,+91 67982 55775,20-04-2025,LOC0106,3.4,Automotive,IndusInd Bank,4.8762E+12,INDB5257048
SELL3050,Yadav-Ghose,yadav-ghose@gmail.com,+91 91199 96310,07-04-2022,LOC0063,2.5,Stationery,Punjab National Bank,97768368728,PUNB5756824
SELL3051,Master-Dave,master-dave633@gmail.com,+91 88358 72575,05-05-2022,LOC0111,3,Office Supplies,HDFC Bank,9.13357E+12,HDFC3723436
SELL3052,"Thakkar, Kadakia and Zachariah",thakkarkadakiaandzachariah2106@gmail.com,+91 73317 55357,22-09-2024,LOC0077,3,Baby,Union Bank of India,5.77119E+12,UBIN6281440
SELL3053,"Rana, Bal and Gour",ranabalandgour@gmail.com,+91 71262 86201,21-10-2022,LOC0058,1.3,Electronics,IndusInd Bank,4.10389E+13,INDB4969893
SELL3054,Basak and Sons,basakandsons@gmail.com,+91 61353 64948,05-08-2025,LOC0029,3.4,Jewellery,Axis Bank,8.48199E+13,UTIB9403043
SELL3055,"Wali, Char and Sule",walicharandsule@gmail.com,+91 72484 06878,18-02-2022,LOC0064,4.7,Automotive,Kotak Mahindra Bank,5250233200,KKBK1304988
SELL3056,"Ahluwalia, Mannan and Srivastava",ahluwaliamannanandsrivastava7545@gmail.com,+91 84010 35878,14-12-2024,LOC0098,4.2,Stationery,Kotak Mahindra Bank,2649310,KKBK5497531
SELL3057,"Bhatia, Atwal and Dewan",bhatiaatwalanddewan7300@gmail.com,+91 71412 99169,10-03-2024,LOC0036,1.3,Toys,Kotak Mahindra Bank,3.46855E+13,KKBK4539939
SELL3058,"Balan, Ratti and Jain",balanrattiandjain5142@gmail.com,+91 71707 88307,08-09-2022,LOC0022,2.1,Groceries,Union Bank of India,7783992538,UBIN6238069
SELL3059,Salvi Inc,salviinc4107@gmail.com,+91 74824 02908,19-11-2023,LOC0062,1.4,Health,HDFC Bank,6.48837E+11,HDFC9758522
SELL3060,Manda Ltd,mandaltd5279@gmail.com,+91 96341 71571,06-09-2023,LOC0002,3.9,Books,Axis Bank,965220126,UTIB7056457
SELL3061,"Sankar, Deshmukh and Khare",sankardeshmukhandkhare@gmail.com,+91 74761 66478,14-04-2023,LOC0068,2.9,Office Supplies,HDFC Bank,9.17409E+11,HDFC2985038
SELL3062,Chowdhury-Upadhyay,chowdhury-upadhyay2873@gmail.com,+91 95456 61942,26-03-2025,LOC0083,1.5,Books,Punjab National Bank,8502404922,PUNB2956291
SELL3063,Cheema and Sons,cheemaandsons@gmail.com,+91 86944 00144,19-05-2022,LOC0112,2.7,Office Supplies,Kotak Mahindra Bank,6.41566E+13,KKBK9316718
SELL3064,"Andra, Dhar and Gaba",andradharandgaba@gmail.com,+91 80678 68559,04-04-2023,LOC0098,3.8,Jewellery,HDFC Bank,3.73642E+13,HDFC9641422
SELL3065,Batta-Ganesh,batta-ganesh@gmail.com,+91 70141 04251,24-03-2023,LOC0049,1.3,Sports,Canara Bank,4.46799E+13,CNRB9479538
SELL3066,Bawa-Raja,bawa-raja4564@gmail.com,+91 85353 91430,25-04-2024,LOC0025,3.5,Groceries,Bank of Baroda,54626183445,BARB5809830
SELL3067,Agrawal LLC,agrawalllc@gmail.com,+91 67293 88345,24-06-2021,LOC0110,1.2,Books,Bank of Baroda,86481229440,BARB5167937
SELL3068,"Datta, Setty and Chawla",dattasettyandchawla@gmail.com,+91 91140 88879,12-08-2021,LOC0039,1.5,Music & Instruments,ICICI Bank,2863715191,ICIC8619438
SELL3069,Dada-Kaur,dada-kaur@gmail.com,+91 74119 34627,18-06-2021,LOC0039,4.4,Groceries,ICICI Bank,3.60509E+11,ICIC2716658
SELL3070,"Char, Varughese and Wali",charvarugheseandwali9191@gmail.com,+91 85399 16583,15-05-2025,LOC0094,1.8,Pets,Punjab National Bank,8920309004,PUNB6335848
SELL3071,"Mammen, Saini and Bassi",mammensainiandbassi@gmail.com,+91 75902 18232,25-08-2025,LOC0032,3.3,Electronics,Canara Bank,46805998601,CNRB3693269
SELL3072,Lanka-Bail,lanka-bail6842@gmail.com,+91 87544 77074,15-05-2025,LOC0071,1.5,Pets,HDFC Bank,6.5958E+11,HDFC2607752
SELL3073,"Basak, Baria and Gade",basakbariaandgade@gmail.com,+91 73369 73780,18-11-2025,LOC0049,2.9,Jewellery,Kotak Mahindra Bank,5.31738E+11,KKBK2067244
SELL3074,Batta PLC,battaplc@gmail.com,+91 87774 40071,18-07-2021,LOC0082,1.1,Music & Instruments,IndusInd Bank,92535083327,INDB8222432
SELL3075,Mani-Lalla,mani-lalla8070@gmail.com,+91 83749 32741,09-04-2021,LOC0071,4.6,Bags & Luggage,Canara Bank,71409277357,CNRB9144925
SELL3076,Bahl Group,bahlgroup1866@gmail.com,+91 79186 99750,15-09-2023,LOC0062,2.9,Clothing,ICICI Bank,5118395921,ICIC2786076
SELL3077,"Arora, Warrior and Sinha",arorawarriorandsinha@gmail.com,+91 93995 38510,25-07-2023,LOC0082,4.1,Music & Instruments,Axis Bank,4394600334,UTIB4607576
SELL3078,"Bahl, Sabharwal and Dara",bahlsabharwalanddara6438@gmail.com,+91 61520 30547,24-11-2021,LOC0017,4.3,Sports,Kotak Mahindra Bank,74029478729,KKBK2087720
SELL3079,"Dugar, Tiwari and Sharaf",dugartiwariandsharaf@gmail.com,+91 78110 46803,06-07-2021,LOC0109,1.4,Beauty,Axis Bank,52251232213,UTIB8291416
SELL3080,Kar-Vala,kar-vala2318@gmail.com,+91 92561 90515,26-08-2022,LOC0056,1.2,Pets,State Bank of India,2.9664E+11,SBIN5516577
SELL3081,"Dayal, Randhawa and Mann",dayalrandhawaandmann@gmail.com,+91 97500 36634,23-02-2023,LOC0040,2.4,Sports,ICICI Bank,4144602946,ICIC5384287
SELL3082,"Goda, Ramachandran and Jha",godaramachandranandjha5577@gmail.com,+91 99801 90416,08-11-2024,LOC0107,2,Gaming,Union Bank of India,2.73092E+13,UBIN4532925
SELL3083,"Chaudhari, Gopal and Gera",chaudharigopalandgera@gmail.com,+91 92765 06554,13-06-2021,LOC0005,2.7,Electronics,State Bank of India,6707490230,SBIN7125573
SELL3084,"Contractor, Zachariah and Date",contractorzachariahanddate@gmail.com,+91 98294 89680,22-06-2024,LOC0073,4.4,Sports,IndusInd Bank,3.61063E+13,INDB1434415
SELL3085,"Bali, Vasa and Joshi",balivasaandjoshi@gmail.com,+91 63551 31597,23-01-2025,LOC0013,2,Stationery,Axis Bank,1.55922E+13,UTIB4390386
SELL3086,"Sastry, Dewan and Vig",sastrydewanandvig@gmail.com,+91 63148 99345,21-12-2021,LOC0057,1.7,Clothing,ICICI Bank,66669875051,ICIC6754300
SELL3087,"Khalsa, Iyengar and Dey",khalsaiyengaranddey@gmail.com,+91 70613 50319,13-03-2026,LOC0014,4.4,Music & Instruments,IndusInd Bank,1227634207,INDB1006759
SELL3088,Bhakta-Taneja,bhakta-taneja@gmail.com,+91 77279 41027,07-11-2021,LOC0085,1.6,Toys,IndusInd Bank,6.59433E+12,INDB9268285
SELL3089,Ratti-Bhatti,ratti-bhatti@gmail.com,+91 94613 22960,16-05-2021,LOC0096,1.3,Bags & Luggage,Union Bank of India,6565442455,UBIN6261547
SELL3090,"Sachar, Bhandari and Kaul",sacharbhandariandkaul@gmail.com,+91 64709 48600,30-04-2024,LOC0098,2.2,Books,Bank of Baroda,5.27633E+12,BARB4582330
SELL3091,"Issac, Bhattacharyya and Ramanathan",issacbhattacharyyaandramanathan@gmail.com,+91 95931 79354,09-07-2023,LOC0105,2.4,Groceries,Axis Bank,5588574468,UTIB5202887
SELL3092,Karpe-Randhawa,karpe-randhawa@gmail.com,+91 81993 96608,21-11-2024,LOC0008,2.7,Sports,ICICI Bank,2487047845,ICIC7882020
SELL3093,Ghosh-Doctor,ghosh-doctor2367@gmail.com,+91 87526 30435,07-03-2025,LOC0036,3.9,Sports,IndusInd Bank,83617503211,INDB3344148
SELL3094,Bhardwaj-Rana,bhardwaj-rana1540@gmail.com,+91 79833 79321,25-08-2024,LOC0035,4.2,Health,State Bank of India,2.47611E+12,SBIN7055072
SELL3095,Ratti-Sheth,ratti-sheth@gmail.com,+91 74796 22831,19-03-2025,LOC0041,1.8,Sports,IndusInd Bank,2.32582E+11,INDB4990211
SELL3096,"Barad, Kurian and Dalal",baradkuriananddalal@gmail.com,+91 82645 62866,11-08-2024,LOC0005,4.6,Music & Instruments,Canara Bank,2.38257E+11,CNRB3539877
SELL3097,Gade-Tella,gade-tella@gmail.com,+91 96753 89702,20-08-2021,LOC0107,2.2,Books,Punjab National Bank,7051403331,PUNB8233602
SELL3098,Dugar Inc,dugarinc@gmail.com,+91 92254 17248,29-03-2025,LOC0094,2.7,Health,IndusInd Bank,1.83736E+13,INDB9051841
SELL3099,"Dugal, Bera and Sheth",dugalberaandsheth@gmail.com,+91 73262 29428,17-05-2024,LOC0105,4.4,Toys,Union Bank of India,14519082657,UBIN6832099
SELL3100,Barad Group,baradgroup3035@gmail.com,+91 65519 82929,26-04-2022,LOC0054,3.2,Sports,Union Bank of India,3.263E+11,UBIN5178664
SELL3101,Badami and Sons,badamiandsons6946@gmail.com,+91 77823 19798,08-05-2023,LOC0049,2.4,Stationery,ICICI Bank,8.96048E+13,ICIC6764537
SELL3102,Iyengar LLC,iyengarllc@gmail.com,+91 74289 62353,27-04-2024,LOC0001,3.9,Automotive,IndusInd Bank,44103341021,INDB5197843
SELL3103,"Ramanathan, Venkatesh and Rege",ramanathanvenkateshandrege@gmail.com,+91 92626 04461,22-04-2024,LOC0012,1.3,Health,IndusInd Bank,28668965644,INDB1873163
SELL3104,Bhavsar PLC,bhavsarplc@gmail.com,+91 62938 34457,04-12-2023,LOC0036,2.9,Footwear,Axis Bank,9988668765,UTIB6801057
SELL3105,"Salvi, Bala and Babu",salvibalaandbabu@gmail.com,+91 92672 12350,05-01-2024,LOC0022,1.1,Footwear,HDFC Bank,8.57575E+13,HDFC5277511
SELL3106,Ravi-Keer,ravi-keer@gmail.com,+91 70437 08366,01-07-2022,LOC0005,1.5,Home,Bank of Baroda,64379823060,BARB9009419
SELL3107,Kanda Inc,kandainc5021@gmail.com,+91 65742 57655,21-04-2024,LOC0088,1.1,Jewellery,Union Bank of India,2.42318E+13,UBIN3048973
SELL3108,Gokhale-Deshmukh,gokhale-deshmukh2372@gmail.com,+91 87468 84213,16-09-2025,LOC0111,1.4,Clothing,Axis Bank,2.39127E+11,UTIB7332891
SELL3109,Rege-Saraf,rege-saraf7292@gmail.com,+91 91761 19712,21-08-2022,LOC0111,3.6,Pets,Axis Bank,5.54752E+11,UTIB1343245
SELL3110,"Agrawal, Raman and Dass",agrawalramananddass9939@gmail.com,+91 69382 91061,05-05-2022,LOC0077,1.8,Bags & Luggage,HDFC Bank,2.93449E+11,HDFC1894233
SELL3111,Setty-Hayre,setty-hayre@gmail.com,+91 90062 09774,18-04-2024,LOC0052,2.7,Gaming,Union Bank of India,3574669997,UBIN2801653
SELL3112,Cherian Inc,cherianinc8402@gmail.com,+91 83984 08422,16-08-2024,LOC0021,4.3,Groceries,HDFC Bank,1.10652E+13,HDFC2375669
SELL3113,Hayer-Sant,hayer-sant@gmail.com,+91 76794 98954,01-05-2025,LOC0002,4.3,Books,Punjab National Bank,6.00993E+13,PUNB7324844
SELL3114,Sangha-Bakshi,sangha-bakshi9056@gmail.com,+91 92310 64295,30-09-2024,LOC0038,4.3,Home,Canara Bank,9.59806E+13,CNRB5493164
SELL3115,Shah Group,shahgroup@gmail.com,+91 82856 24648,22-08-2024,LOC0092,2.1,Clothing,ICICI Bank,1.15456E+12,ICIC3351147
SELL3116,Varty-Bhalla,varty-bhalla@gmail.com,+91 62327 52765,07-05-2025,LOC0017,1.3,Music & Instruments,Union Bank of India,64835478993,UBIN3751424
SELL3117,Khalsa and Sons,khalsaandsons118@gmail.com,+91 66142 61115,06-11-2021,LOC0017,4.9,Baby,ICICI Bank,2.52668E+13,ICIC6665840
SELL3118,Goel-Mane,goel-mane997@gmail.com,+91 70543 38022,22-10-2025,LOC0095,2.4,Music & Instruments,Bank of Baroda,7.6045E+12,BARB5455946
SELL3119,Randhawa LLC,randhawallc@gmail.com,+91 75831 05628,01-06-2022,LOC0043,1.6,Electronics,Canara Bank,122319061,CNRB2475836
SELL3120,Kar-Ramaswamy,kar-ramaswamy8494@gmail.com,+91 87747 20607,15-05-2025,LOC0098,3.5,Music & Instruments,State Bank of India,7.6456E+12,SBIN7254515
SELL3121,Gola-Tandon,gola-tandon@gmail.com,+91 82662 22046,25-01-2023,LOC0065,3.2,Books,Canara Bank,6.80502E+11,CNRB1395012
SELL3122,Borah-Chauhan,borah-chauhan@gmail.com,+91 96768 47267,07-02-2026,LOC0024,2.4,Pets,Canara Bank,8.52578E+13,CNRB5252989
SELL3123,Jaggi-Chad,jaggi-chad@gmail.com,+91 80584 23828,03-04-2022,LOC0035,1.4,Office Supplies,Union Bank of India,9702997914,UBIN9057537
SELL3124,Bahl-Sur,bahl-sur@gmail.com,+91 65927 04705,02-07-2023,LOC0071,3.7,Health,Canara Bank,1.94989E+13,CNRB5846485
SELL3125,Dani-Wali,dani-wali3309@gmail.com,+91 84940 83207,25-09-2023,LOC0098,3.6,Gaming,Axis Bank,9.34862E+11,UTIB7248844
SELL3126,"Bera, Karan and Raj",berakaranandraj@gmail.com,+91 69217 51438,31-10-2024,LOC0019,4.4,Home,Axis Bank,5389282477,UTIB8328191
SELL3127,Ratta-Bath,ratta-bath@gmail.com,+91 93115 14618,28-07-2023,LOC0101,1.5,Office Supplies,Punjab National Bank,7.44436E+12,PUNB3205902
SELL3128,"Char, Hans and Vohra",charhansandvohra@gmail.com,+91 89510 90616,24-07-2023,LOC0015,3.5,Home,Union Bank of India,7654066781,UBIN6647595
SELL3129,Rau Ltd,raultd@gmail.com,+91 73773 75123,23-02-2023,LOC0113,1.3,Music & Instruments,Canara Bank,8.59619E+11,CNRB1203156
SELL3130,Sundaram-Malhotra,sundaram-malhotra4966@gmail.com,+91 75193 63501,01-11-2023,LOC0109,1.3,Sports,State Bank of India,7.99984E+11,SBIN4240413
SELL3131,Dutt-Koshy,dutt-koshy@gmail.com,+91 71191 28696,11-03-2023,LOC0037,4.4,Toys,Punjab National Bank,9.76774E+13,PUNB2667562
SELL3132,"Grewal, Bhatnagar and Sibal",grewalbhatnagarandsibal@gmail.com,+91 82250 38607,16-06-2025,LOC0004,2.2,Pets,Union Bank of India,5.82195E+12,UBIN9449975
SELL3133,"Bava, Ramesh and Swaminathan",bavarameshandswaminathan8126@gmail.com,+91 73982 56205,18-04-2024,LOC0044,1.6,Jewellery,Axis Bank,8.63515E+11,UTIB4242328
SELL3134,Shetty and Sons,shettyandsons162@gmail.com,+91 77409 84382,10-06-2021,LOC0037,3,Toys,HDFC Bank,9.20653E+12,HDFC8658779
SELL3135,Mall-Mander,mall-mander@gmail.com,+91 99617 98151,11-11-2023,LOC0079,2,Automotive,HDFC Bank,5943279141,HDFC7251710
SELL3136,Luthra-Chhabra,luthra-chhabra5359@gmail.com,+91 99502 19563,22-10-2022,LOC0074,2.1,Sports,Axis Bank,2526115783,UTIB1745426
SELL3137,Bhat and Sons,bhatandsons7984@gmail.com,+91 89864 07227,02-12-2022,LOC0001,3.7,Books,HDFC Bank,1.91767E+13,HDFC4301116
SELL3138,"Deol, Chopra and Lalla",deolchopraandlalla4724@gmail.com,+91 82412 75954,30-08-2025,LOC0060,4.7,Music & Instruments,State Bank of India,8.67302E+12,SBIN3172816
SELL3139,"Gera, Gour and Thaman",geragourandthaman@gmail.com,+91 69096 12467,28-10-2024,LOC0099,2,Music & Instruments,ICICI Bank,4.24166E+12,ICIC7533717
SELL3140,"Bajwa, Krishnamurthy and Dara",bajwakrishnamurthyanddara@gmail.com,+91 67214 17224,03-09-2022,LOC0023,3.2,Beauty,HDFC Bank,4524708146,HDFC3187823
SELL3141,Dhar-Chad,dhar-chad@gmail.com,+91 81818 33225,28-02-2022,LOC0043,1.4,Baby,State Bank of India,15893961143,SBIN1293770
SELL3142,"Thakur, Bobal and Deol",thakurbobalanddeol3133@gmail.com,+91 75399 94161,30-06-2024,LOC0106,2.9,Baby,IndusInd Bank,9.17765E+12,INDB9257531
SELL3143,"Kamdar, Khanna and Lal",kamdarkhannaandlal1551@gmail.com,+91 65265 31931,16-03-2025,LOC0023,2,Baby,Canara Bank,67116769709,CNRB6547179
SELL3144,"Bhasin, Balay and Lanka",bhasinbalayandlanka5282@gmail.com,+91 99027 98597,29-08-2024,LOC0029,3.5,Toys,Union Bank of India,1154062788,UBIN6354202
SELL3145,Mani LLC,manillc2415@gmail.com,+91 60991 80783,13-04-2021,LOC0106,1.1,Music & Instruments,Punjab National Bank,2.0113E+13,PUNB6536991
SELL3146,"Sarma, Trivedi and Grover",sarmatrivediandgrover1517@gmail.com,+91 99486 56388,14-03-2023,LOC0075,3.7,Clothing,Union Bank of India,4.26742E+11,UBIN9984503
SELL3147,"Handa, Choudhary and Kapadia",handachoudharyandkapadia1477@gmail.com,+91 95010 75616,14-01-2024,LOC0095,2.5,Jewellery,Axis Bank,11775659938,UTIB6487901
SELL3148,Sinha Inc,sinhainc9572@gmail.com,+91 62869 07200,18-07-2023,LOC0073,2.2,Pets,IndusInd Bank,6.86052E+11,INDB8019483
SELL3149,Gill-Mahajan,gill-mahajan@gmail.com,+91 64363 38041,19-12-2022,LOC0104,1,Beauty,Axis Bank,5.6631E+13,UTIB4731226
SELL3150,"Sura, Ganguly and Solanki",suragangulyandsolanki@gmail.com,+91 60746 29986,05-04-2021,LOC0088,1.9,Books,Kotak Mahindra Bank,46889569571,KKBK6689228
SELL3151,Char-Srivastava,char-srivastava8441@gmail.com,+91 63970 83438,26-05-2023,LOC0084,1.5,Home,Bank of Baroda,2.75743E+13,BARB7489330
SELL3152,Goyal Ltd,goyalltd8334@gmail.com,+91 72036 31473,18-10-2023,LOC0097,2.4,Home,Kotak Mahindra Bank,41602843024,KKBK1469380
SELL3153,Gara Group,garagroup@gmail.com,+91 97786 65307,16-08-2024,LOC0100,3.4,Footwear,Axis Bank,5.47566E+13,UTIB5107250
SELL3154,Dayal-Chada,dayal-chada2936@gmail.com,+91 70525 84916,27-06-2023,LOC0089,2.8,Books,IndusInd Bank,8977695051,INDB4142043
SELL3155,"Kata, Acharya and Deep",kataacharyaanddeep8850@gmail.com,+91 90180 30040,23-08-2023,LOC0079,4.5,Bags & Luggage,Punjab National Bank,993273676,PUNB3296473
SELL3156,Kibe PLC,kibeplc2619@gmail.com,+91 72610 79198,07-05-2025,LOC0009,4.9,Jewellery,IndusInd Bank,2.76979E+11,INDB9753464
SELL3157,"Lala, Lad and Bhatti",lalaladandbhatti@gmail.com,+91 95204 37505,16-08-2025,LOC0082,2.4,Music & Instruments,HDFC Bank,8.88205E+11,HDFC3792143
SELL3158,Dasgupta-Mahajan,dasgupta-mahajan4441@gmail.com,+91 63540 02924,28-12-2021,LOC0013,2.3,Toys,Union Bank of India,5.16022E+11,UBIN9834862
SELL3159,Ratti Inc,rattiinc@gmail.com,+91 82399 80639,11-04-2022,LOC0064,2.1,Health,ICICI Bank,6.59568E+12,ICIC9385570
SELL3160,Golla-Chandra,golla-chandra2316@gmail.com,+91 82638 33406,15-12-2022,LOC0055,4.1,Sports,Canara Bank,5.49176E+12,CNRB2046300
SELL3161,Jha-Master,jha-master6798@gmail.com,+91 72577 74803,30-03-2024,LOC0049,4.9,Pets,HDFC Bank,8131917339,HDFC6563310
SELL3162,"Anand, Kuruvilla and Dubey",anandkuruvillaanddubey@gmail.com,+91 98496 67141,17-12-2023,LOC0035,3.1,Stationery,ICICI Bank,36076362796,ICIC8497918
SELL3163,"Taneja, Gola and Balasubramanian",tanejagolaandbalasubramanian@gmail.com,+91 75838 67511,26-01-2026,LOC0011,2.8,Automotive,Axis Bank,4.34233E+13,UTIB5374516
SELL3164,"Gour, Grewal and Kurian",gourgrewalandkurian@gmail.com,+91 90735 45976,02-12-2021,LOC0058,1.4,Stationery,ICICI Bank,38138098608,ICIC4595822
SELL3165,Kalla LLC,kallallc9368@gmail.com,+91 86764 70503,28-06-2023,LOC0071,4.1,Clothing,Punjab National Bank,5.29019E+13,PUNB7161431
SELL3166,"Lall, Bala and Grewal",lallbalaandgrewal@gmail.com,+91 81261 16912,15-05-2025,LOC0092,3.5,Pets,Bank of Baroda,7423090261,BARB1343939
SELL3167,Anne-Batra,anne-batra@gmail.com,+91 65773 87487,30-04-2021,LOC0021,1.8,Sports,Bank of Baroda,6.7835E+12,BARB1837279
SELL3168,"Ramanathan, Dhar and Boase",ramanathandharandboase@gmail.com,+91 98588 54974,14-01-2025,LOC0030,4.9,Baby,Bank of Baroda,5750817170,BARB4405201
SELL3169,"Zacharia, Baral and Kaur",zachariabaralandkaur@gmail.com,+91 71544 83776,18-12-2024,LOC0056,2,Toys,Kotak Mahindra Bank,4973699189,KKBK9625812
SELL3170,Bir Group,birgroup9081@gmail.com,+91 79217 76186,11-11-2023,LOC0096,3.7,Footwear,IndusInd Bank,7.36118E+12,INDB8073758
SELL3171,Atwal-Sane,atwal-sane4560@gmail.com,+91 84761 37429,05-02-2023,LOC0019,4.1,Sports,Punjab National Bank,1.283E+13,PUNB1993900
SELL3172,Chokshi-Master,chokshi-master7780@gmail.com,+91 90365 18492,15-05-2023,LOC0079,5,Home,Union Bank of India,2.89166E+12,UBIN4835663
SELL3173,Guha-Sengupta,guha-sengupta@gmail.com,+91 85261 67235,15-06-2023,LOC0027,1.1,Music & Instruments,IndusInd Bank,99380237780,INDB3503915
SELL3174,Madan-Tata,madan-tata@gmail.com,+91 62968 78647,25-11-2025,LOC0029,3.3,Books,Axis Bank,4.20592E+13,UTIB2542293
SELL3175,Kota and Sons,kotaandsons@gmail.com,+91 68407 20879,26-07-2021,LOC0080,1.9,Health,Canara Bank,1994966449,CNRB2199025
SELL3176,"Dave, Bhatt and Ravel",davebhattandravel@gmail.com,+91 69512 69943,08-01-2023,LOC0015,1.5,Footwear,State Bank of India,53499263490,SBIN8399281
SELL3177,Manne-Lanka,manne-lanka@gmail.com,+91 98567 00143,22-07-2022,LOC0002,2.7,Groceries,Axis Bank,9.35369E+12,UTIB3404836
SELL3178,"Luthra, Sibal and Bajaj",luthrasibalandbajaj@gmail.com,+91 89805 91692,28-01-2026,LOC0001,2.2,Beauty,Axis Bank,5.64312E+11,UTIB4772418
SELL3179,Dutt and Sons,duttandsons@gmail.com,+91 70737 46115,16-10-2023,LOC0030,2.7,Baby,ICICI Bank,5773266389,ICIC2534700
SELL3180,"Karnik, Brahmbhatt and Kumer",karnikbrahmbhattandkumer@gmail.com,+91 88109 39806,09-09-2021,LOC0059,2.7,Gaming,IndusInd Bank,7.98573E+11,INDB2729595
SELL3181,"Gala, Korpal and Soman",galakorpalandsoman@gmail.com,+91 92221 87198,12-03-2024,LOC0078,4.9,Health,Axis Bank,7.35986E+12,UTIB8018436
SELL3182,"Singh, Saha and Chauhan",singhsahaandchauhan@gmail.com,+91 63889 77389,08-10-2021,LOC0067,3.7,Music & Instruments,Punjab National Bank,4595345098,PUNB6545591
SELL3183,Varghese Group,varghesegroup@gmail.com,+91 65412 64339,13-11-2022,LOC0098,4,Pets,Kotak Mahindra Bank,28009648481,KKBK7239515
SELL3184,Khurana-Tak,khurana-tak@gmail.com,+91 84203 41231,15-06-2023,LOC0095,4.2,Baby,Kotak Mahindra Bank,477079999,KKBK5473516
SELL3185,Sethi-Samra,sethi-samra@gmail.com,+91 72600 75862,01-04-2025,LOC0080,3.7,Electronics,IndusInd Bank,3.25129E+12,INDB7376157
SELL3186,"Dayal, Arya and Amble",dayalaryaandamble@gmail.com,+91 88564 31518,09-03-2022,LOC0088,3.5,Groceries,Union Bank of India,7914922979,UBIN4359262
SELL3187,"Baria, Chada and Tank",bariachadaandtank4906@gmail.com,+91 72344 83024,11-03-2022,LOC0091,2.2,Stationery,Punjab National Bank,89943392308,PUNB5268805
SELL3188,"Verma, Kade and Dewan",vermakadeanddewan@gmail.com,+91 60903 35255,09-11-2025,LOC0006,3.2,Beauty,Union Bank of India,36543037471,UBIN6210110
SELL3189,"Mannan, Kamdar and Tata",mannankamdarandtata@gmail.com,+91 95944 96593,14-04-2022,LOC0101,2.4,Jewellery,Bank of Baroda,472775709,BARB2305530
SELL3190,Rao-Sarkar,rao-sarkar3925@gmail.com,+91 89495 94566,01-05-2025,LOC0113,2.5,Home,Union Bank of India,3.60532E+13,UBIN7330531
SELL3191,Baria-Handa,baria-handa@gmail.com,+91 99349 95968,25-02-2023,LOC0024,3.4,Automotive,Bank of Baroda,8.95151E+13,BARB1183206
SELL3192,Chandran Group,chandrangroup5912@gmail.com,+91 77312 84982,07-05-2021,LOC0024,4,Groceries,ICICI Bank,3.8051E+11,ICIC9625613
SELL3193,"Wable, Jaggi and Kala",wablejaggiandkala@gmail.com,+91 95856 35942,11-09-2021,LOC0053,4.4,Office Supplies,State Bank of India,27725041014,SBIN7099055
SELL3194,Iyer-Balakrishnan,iyer-balakrishnan5876@gmail.com,+91 96216 02551,02-04-2024,LOC0019,3.8,Sports,HDFC Bank,6.75175E+11,HDFC8062570
SELL3195,Kamdar and Sons,kamdarandsons@gmail.com,+91 79756 07660,30-12-2024,LOC0011,4.3,Health,Canara Bank,5951611553,CNRB1046371
SELL3196,Wali and Sons,waliandsons4098@gmail.com,+91 87152 87718,04-12-2025,LOC0030,2.7,Electronics,Kotak Mahindra Bank,7918875641,KKBK6199296
SELL3197,Bose-Singh,bose-singh@gmail.com,+91 64258 36390,31-01-2024,LOC0019,2.1,Health,Punjab National Bank,6.54531E+12,PUNB9033587
SELL3198,Bora Ltd,boraltd@gmail.com,+91 69259 35083,15-06-2023,LOC0055,4,Office Supplies,Canara Bank,6532931953,CNRB1722472
SELL3199,"Virk, Khatri and Sanghvi",virkkhatriandsanghvi@gmail.com,+91 61039 78537,19-04-2024,LOC0037,4,Pets,Union Bank of India,5.25436E+11,UBIN7175078
SELL3200,Jha Group,jhagroup@gmail.com,+91 64923 18477,23-06-2024,LOC0047,2.5,Office Supplies,Axis Bank,5.00766E+11,UTIB4765117
SELL3201,Guha-Gill,guha-gill@gmail.com,+91 88134 84091,03-05-2023,LOC0071,2,Sports,IndusInd Bank,3.04793E+12,INDB1570277
SELL3202,"Kapur, Bajwa and Sandal",kapurbajwaandsandal@gmail.com,+91 81128 98343,05-12-2025,LOC0113,3.4,Clothing,Union Bank of India,77346897085,UBIN9138899
SELL3203,Rajagopal PLC,rajagopalplc858@gmail.com,+91 68155 29941,26-06-2022,LOC0079,2,Bags & Luggage,State Bank of India,6.15113E+11,SBIN8604207
SELL3204,Dugar-Venkataraman,dugar-venkataraman1006@gmail.com,+91 97206 28050,29-12-2024,LOC0023,1.1,Toys,HDFC Bank,3845318621,HDFC5117112
SELL3205,Comar-Kumer,comar-kumer@gmail.com,+91 91851 32902,27-07-2021,LOC0057,2.8,Stationery,HDFC Bank,7.25176E+11,HDFC9796664
SELL3206,Dara Inc,darainc5517@gmail.com,+91 97724 29579,29-09-2025,LOC0032,4.8,Books,Kotak Mahindra Bank,28968641565,KKBK5940733
SELL3207,Chauhan Group,chauhangroup3326@gmail.com,+91 88274 82865,15-03-2022,LOC0104,4.2,Groceries,Axis Bank,4872176519,UTIB8407377
SELL3208,Hegde Group,hegdegroup@gmail.com,+91 67368 31598,12-10-2022,LOC0074,1.6,Clothing,ICICI Bank,60285929510,ICIC7351205
SELL3209,"Deol, Bassi and Solanki",deolbassiandsolanki@gmail.com,+91 94437 19164,27-01-2022,LOC0095,4.2,Automotive,Canara Bank,20239355449,CNRB3809736
SELL3210,Bava-Kaur,bava-kaur@gmail.com,+91 94219 04380,17-02-2024,LOC0016,3.1,Footwear,Axis Bank,80565651981,UTIB3236552
SELL3211,"Sandal, Desai and Sodhi",sandaldesaiandsodhi@gmail.com,+91 61362 26141,17-04-2023,LOC0054,1.9,Bags & Luggage,Canara Bank,6.9894E+11,CNRB2228528
SELL3212,Kamdar-Shere,kamdar-shere@gmail.com,+91 78558 93899,30-07-2024,LOC0095,4.8,Groceries,Punjab National Bank,2.29259E+12,PUNB9859351
SELL3213,Upadhyay-Kuruvilla,upadhyay-kuruvilla@gmail.com,+91 73839 36564,15-12-2023,LOC0003,1.5,Stationery,Axis Bank,30632775645,UTIB9509086
SELL3214,Sur Inc,surinc@gmail.com,+91 78038 71863,04-02-2025,LOC0103,2.6,Gaming,State Bank of India,8.50681E+11,SBIN6763273
SELL3215,"Karan, Krish and Lanka",karankrishandlanka792@gmail.com,+91 79378 36606,20-04-2025,LOC0049,4.6,Automotive,Axis Bank,7.19115E+11,UTIB5081613
SELL3216,Kalita LLC,kalitallc6310@gmail.com,+91 96851 09794,20-03-2022,LOC0096,1.3,Books,State Bank of India,6331016790,SBIN2949420
SELL3217,Borra-Kala,borra-kala@gmail.com,+91 93381 26444,13-10-2025,LOC0092,3.2,Sports,ICICI Bank,52917884535,ICIC2543804
SELL3218,Rau LLC,raullc@gmail.com,+91 89109 72985,22-07-2025,LOC0051,3.2,Electronics,Canara Bank,4757983744,CNRB8175836
SELL3219,Gade Ltd,gadeltd8819@gmail.com,+91 76753 27347,23-10-2025,LOC0061,4.3,Music & Instruments,HDFC Bank,7.96053E+13,HDFC6372146
SELL3220,"Seshadri, Shenoy and Deo",seshadrishenoyanddeo3378@gmail.com,+91 70707 44326,15-04-2022,LOC0071,2,Health,ICICI Bank,27769579362,ICIC9873307
SELL3221,Bal PLC,balplc@gmail.com,+91 96436 89346,30-03-2024,LOC0094,2,Stationery,HDFC Bank,4.36539E+12,HDFC6840058
SELL3222,"Behl, Gokhale and Batra",behlgokhaleandbatra6754@gmail.com,+91 81706 58533,18-12-2023,LOC0110,2.7,Office Supplies,IndusInd Bank,6.96801E+13,INDB8068252
SELL3223,Goda-De,goda-de9420@gmail.com,+91 76799 45207,17-01-2026,LOC0097,2.5,Automotive,HDFC Bank,5.18101E+12,HDFC3637963
SELL3224,Gulati Inc,gulatiinc5281@gmail.com,+91 95485 91376,05-10-2021,LOC0015,4.9,Bags & Luggage,Canara Bank,57576249054,CNRB2469439
SELL3225,"Varty, Brar and Wagle",vartybrarandwagle@gmail.com,+91 77964 27403,30-06-2025,LOC0029,3.8,Beauty,Kotak Mahindra Bank,1330045262,KKBK6054526
SELL3226,Rastogi-Majumdar,rastogi-majumdar@gmail.com,+91 87625 04637,30-04-2025,LOC0067,2.4,Footwear,HDFC Bank,9.38925E+11,HDFC4327554
SELL3227,Krishnamurthy Inc,krishnamurthyinc@gmail.com,+91 72927 81319,05-01-2022,LOC0042,4,Footwear,Axis Bank,46182487857,UTIB9850873
SELL3228,"Uppal, Bobal and Devi",uppalbobalanddevi619@gmail.com,+91 88785 54626,28-07-2025,LOC0031,2,Gaming,State Bank of India,31072078825,SBIN4120144
SELL3229,"Vyas, Kohli and Venkatesh",vyaskohliandvenkatesh@gmail.com,+91 65624 18700,08-08-2021,LOC0062,1.1,Baby,IndusInd Bank,5.50956E+13,INDB3347397
SELL3230,Shankar-Kannan,shankar-kannan6288@gmail.com,+91 65993 44533,29-11-2024,LOC0028,1.1,Groceries,ICICI Bank,8960005774,ICIC8767886
SELL3231,"Saran, Rastogi and Sathe",saranrastogiandsathe@gmail.com,+91 92670 97242,27-10-2023,LOC0094,1.1,Sports,Bank of Baroda,5.37942E+13,BARB7793999
SELL3232,"Issac, Verma and Krishnan",issacvermaandkrishnan@gmail.com,+91 95855 38221,23-04-2024,LOC0001,2.6,Bags & Luggage,IndusInd Bank,68106731441,INDB6769851
SELL3233,"Chanda, Krish and Dash",chandakrishanddash4015@gmail.com,+91 85229 71503,09-02-2025,LOC0101,1.4,Automotive,IndusInd Bank,7.53135E+12,INDB5628842
SELL3234,Varma-Ratta,varma-ratta@gmail.com,+91 83557 42962,23-05-2024,LOC0092,2.4,Office Supplies,Kotak Mahindra Bank,72469485362,KKBK4970514
SELL3235,"Kala, Vala and Dara",kalavalaanddara@gmail.com,+91 85908 85363,22-05-2021,LOC0100,3.7,Gaming,HDFC Bank,1.04939E+11,HDFC1928272
SELL3236,Ben-Venkataraman,ben-venkataraman2830@gmail.com,+91 88541 24372,25-12-2023,LOC0044,2.7,Pets,HDFC Bank,2.70377E+11,HDFC3531224
SELL3237,"Loke, Karan and D’Alia",lokekaranandd’alia@gmail.com,+91 67711 67792,02-01-2025,LOC0008,4.3,Beauty,Canara Bank,4079949771,CNRB2079197
SELL3238,Rajagopal-Gulati,rajagopal-gulati@gmail.com,+91 98556 89265,16-10-2023,LOC0016,1.7,Home,Axis Bank,9.30656E+12,UTIB7101213
SELL3239,Sagar-Chana,sagar-chana3666@gmail.com,+91 96573 39432,04-08-2025,LOC0048,1.7,Stationery,Canara Bank,3.40507E+11,CNRB9468836
SELL3240,"Shere, Keer and Badami",sherekeerandbadami@gmail.com,+91 96581 40283,16-10-2022,LOC0024,3.8,Beauty,HDFC Bank,3.14452E+12,HDFC5157005
SELL3241,Rajagopalan Inc,rajagopalaninc@gmail.com,+91 99248 53691,08-04-2023,LOC0031,5,Gaming,ICICI Bank,20805532698,ICIC1316404
SELL3242,"Malhotra, Bhalla and Contractor",malhotrabhallaandcontractor@gmail.com,+91 94174 52578,06-09-2022,LOC0053,1.1,Footwear,HDFC Bank,4.1567E+12,HDFC9745296
SELL3243,Gupta Group,guptagroup@gmail.com,+91 71356 96330,14-09-2022,LOC0098,1.9,Bags & Luggage,State Bank of India,1091188967,SBIN4713754
SELL3244,Kata-Sheth,kata-sheth@gmail.com,+91 66619 18320,29-01-2024,LOC0091,3.6,Gaming,Kotak Mahindra Bank,5.59291E+13,KKBK5561907
SELL3245,"Kamdar, Rao and Wali",kamdarraoandwali5699@gmail.com,+91 62834 33019,10-07-2023,LOC0095,2,Books,State Bank of India,6.90142E+13,SBIN8448504
SELL3246,Gara PLC,garaplc@gmail.com,+91 82037 60012,12-02-2026,LOC0059,2.4,Jewellery,ICICI Bank,39583683304,ICIC6088148
SELL3247,"Thakkar, Chahal and Tella",thakkarchahalandtella@gmail.com,+91 91522 64928,17-03-2024,LOC0012,2.7,Books,Union Bank of India,2.15552E+11,UBIN3163955
SELL3248,"Chacko, Khare and De",chackokhareandde3998@gmail.com,+91 97635 29790,24-11-2024,LOC0054,2.6,Bags & Luggage,HDFC Bank,5912996219,HDFC8472015
SELL3249,"Wable, Buch and Bhatti",wablebuchandbhatti4018@gmail.com,+91 80549 49161,22-10-2024,LOC0102,1.5,Music & Instruments,HDFC Bank,7.80632E+12,HDFC9293965
SELL3250,Venkataraman PLC,venkataramanplc6172@gmail.com,+91 89570 89923,29-09-2022,LOC0113,3,Books,Axis Bank,2.67701E+12,UTIB5442181
SELL3251,Loyal Inc,loyalinc8523@gmail.com,+91 97585 35577,21-08-2021,LOC0110,1.3,Gaming,Kotak Mahindra Bank,99213598490,KKBK1317190
SELL3252,"Bhat, Hayre and Gera",bhathayreandgera@gmail.com,+91 97606 17709,15-03-2023,LOC0053,2.6,Health,Union Bank of India,9.66792E+12,UBIN2666387
SELL3253,Varghese-Ganesan,varghese-ganesan@gmail.com,+91 69066 52929,14-04-2025,LOC0019,4.2,Home,Canara Bank,2.76642E+11,CNRB7852293
SELL3254,Malhotra-Bhalla,malhotra-bhalla@gmail.com,+91 87277 53549,06-08-2023,LOC0084,3.1,Automotive,Kotak Mahindra Bank,7.12525E+11,KKBK1292106
SELL3255,Chadha-Batta,chadha-batta370@gmail.com,+91 60061 55354,07-06-2022,LOC0020,4.3,Footwear,Axis Bank,8.6491E+12,UTIB1115584
SELL3256,Devi and Sons,deviandsons115@gmail.com,+91 60332 11768,19-04-2024,LOC0038,1.6,Bags & Luggage,Bank of Baroda,6.93864E+12,BARB2621528
SELL3257,"Jha, Hans and Lad",jhahansandlad@gmail.com,+91 85082 93212,03-12-2021,LOC0078,2.4,Pets,Bank of Baroda,24742796540,BARB5582661
SELL3258,"Tripathi, Desai and Dua",tripathidesaianddua9788@gmail.com,+91 64798 37065,10-04-2025,LOC0090,1.8,Pets,Kotak Mahindra Bank,5.0776E+11,KKBK2483011
SELL3259,Keer-Karnik,keer-karnik@gmail.com,+91 68084 04461,07-09-2025,LOC0091,4.6,Clothing,Bank of Baroda,8.541E+13,BARB2898220
SELL3260,Char-Bhatt,char-bhatt7735@gmail.com,+91 86311 54319,29-01-2024,LOC0101,3.3,Gaming,Kotak Mahindra Bank,9.59998E+11,KKBK1048101
SELL3261,"Choudhary, Krishnamurthy and Swaminathan",choudharykrishnamurthyandswaminathan@gmail.com,+91 96195 81737,06-04-2021,LOC0032,2.7,Groceries,IndusInd Bank,1.74266E+11,INDB7691171
SELL3262,"Anand, Ratti and Boase",anandrattiandboase@gmail.com,+91 98391 70356,09-10-2021,LOC0039,3.6,Music & Instruments,State Bank of India,68797602259,SBIN4520226
SELL3263,Chowdhury LLC,chowdhuryllc@gmail.com,+91 85798 91877,10-04-2021,LOC0068,1,Beauty,IndusInd Bank,6.04709E+11,INDB9255808
SELL3264,"Bobal, Kota and Brar",bobalkotaandbrar@gmail.com,+91 88052 72980,16-09-2021,LOC0110,2.7,Stationery,ICICI Bank,6.27302E+11,ICIC3101812
SELL3265,"Dixit, Bakshi and Mangal",dixitbakshiandmangal@gmail.com,+91 93937 08171,13-07-2021,LOC0097,1.3,Office Supplies,IndusInd Bank,2983093973,INDB7703758
SELL3266,"Tripathi, Zachariah and Lanka",tripathizachariahandlanka614@gmail.com,+91 91513 92645,19-10-2021,LOC0055,2.5,Bags & Luggage,Axis Bank,6.35648E+11,UTIB6498822
SELL3267,Sheth-Kara,sheth-kara@gmail.com,+91 72403 58493,16-12-2025,LOC0110,1.2,Electronics,Bank of Baroda,54970133695,BARB9988055
SELL3268,Krishna PLC,krishnaplc7604@gmail.com,+91 77587 87486,15-04-2023,LOC0103,3.4,Bags & Luggage,ICICI Bank,5.80995E+13,ICIC4609806
SELL3269,"Balan, Ghosh and Kashyap",balanghoshandkashyap@gmail.com,+91 95689 42258,27-03-2026,LOC0023,1.3,Office Supplies,Kotak Mahindra Bank,2.59811E+12,KKBK4205720
SELL3270,Bora Group,boragroup3055@gmail.com,+91 76164 83551,10-04-2022,LOC0036,3,Stationery,Kotak Mahindra Bank,8.19663E+12,KKBK5962820
SELL3271,Swaminathan-Madan,swaminathan-madan@gmail.com,+91 90837 02271,11-11-2021,LOC0096,2.3,Baby,Kotak Mahindra Bank,65463872,KKBK8401776
SELL3272,Agarwal-Kakar,agarwal-kakar@gmail.com,+91 93096 60226,15-02-2024,LOC0091,1.7,Stationery,State Bank of India,79745932083,SBIN1816014
SELL3273,"Rege, Amble and Shroff",regeambleandshroff@gmail.com,+91 65630 43660,16-02-2024,LOC0082,3.7,Baby,ICICI Bank,9.69421E+11,ICIC9063295
SELL3274,Sani-Gala,sani-gala7813@gmail.com,+91 60730 19521,30-03-2022,LOC0066,2.1,Stationery,Union Bank of India,56926350282,UBIN3703457
SELL3275,Suri PLC,suriplc@gmail.com,+91 76661 80674,24-01-2022,LOC0031,3.4,Groceries,Bank of Baroda,2531341352,BARB2938693
SELL3276,"Sane, Baria and Mand",sanebariaandmand@gmail.com,+91 66282 99495,27-09-2021,LOC0022,2.8,Electronics,Union Bank of India,4.40948E+11,UBIN7300879
SELL3277,"Devi, Garde and Sule",devigardeandsule8533@gmail.com,+91 74041 53509,26-07-2021,LOC0098,3.7,Electronics,Axis Bank,7.05026E+13,UTIB7962343
SELL3278,Sha PLC,shaplc@gmail.com,+91 81386 11679,28-12-2025,LOC0021,2,Office Supplies,ICICI Bank,3417131048,ICIC6970432
SELL3279,"Batta, Sanghvi and Ramaswamy",battasanghviandramaswamy4152@gmail.com,+91 66686 04543,03-10-2024,LOC0001,1.1,Jewellery,Punjab National Bank,9.27888E+13,PUNB2795977
SELL3280,"Deol, Tara and Grover",deoltaraandgrover6870@gmail.com,+91 67031 26289,28-03-2022,LOC0009,3.2,Sports,ICICI Bank,1543586165,ICIC1681987
SELL3281,Bhargava and Sons,bhargavaandsons1001@gmail.com,+91 76379 50924,25-09-2025,LOC0106,1.4,Footwear,Canara Bank,79227686420,CNRB3835443
SELL3282,Srinivas PLC,srinivasplc@gmail.com,+91 74793 36696,30-12-2021,LOC0113,3,Sports,Canara Bank,7.91288E+11,CNRB7879043
SELL3283,Shere-Sarma,shere-sarma6533@gmail.com,+91 99531 06347,06-07-2022,LOC0021,2.2,Pets,Punjab National Bank,2.16497E+11,PUNB1286734
SELL3284,Lala-Dhar,lala-dhar@gmail.com,+91 78811 29192,19-04-2022,LOC0109,2.2,Clothing,ICICI Bank,71418129205,ICIC5303126
SELL3285,Bains-Sarraf,bains-sarraf@gmail.com,+91 60383 30260,18-07-2022,LOC0013,4.3,Office Supplies,Kotak Mahindra Bank,6.19213E+13,KKBK4582963
SELL3286,Mannan-Mani,mannan-mani6561@gmail.com,+91 94448 51492,19-11-2022,LOC0074,2.9,Pets,Kotak Mahindra Bank,69332259273,KKBK6759410
SELL3287,Rau and Sons,rauandsons9138@gmail.com,+91 90522 81499,22-07-2022,LOC0040,4.1,Pets,Union Bank of India,7.54115E+13,UBIN2287523
SELL3288,Ghosh PLC,ghoshplc@gmail.com,+91 65705 31311,09-05-2022,LOC0085,3.5,Beauty,State Bank of India,7.31217E+11,SBIN7175942
SELL3289,Sarna PLC,sarnaplc@gmail.com,+91 75194 55628,16-07-2021,LOC0002,2.6,Music & Instruments,Bank of Baroda,2.7983E+12,BARB1087870
SELL3290,Khalsa-Trivedi,khalsa-trivedi34@gmail.com,+91 88310 68560,20-03-2023,LOC0084,2.4,Books,Canara Bank,7.52979E+12,CNRB4944608
SELL3291,Bhardwaj LLC,bhardwajllc@gmail.com,+91 81668 76848,24-11-2025,LOC0072,4.4,Books,ICICI Bank,5.82209E+12,ICIC3604653
SELL3292,Dara-Gopal,dara-gopal390@gmail.com,+91 68223 87217,18-09-2023,LOC0079,3.9,Books,Union Bank of India,88744874234,UBIN4463829
SELL3293,Varughese-Guha,varughese-guha@gmail.com,+91 70013 20408,29-08-2023,LOC0052,1.5,Stationery,Kotak Mahindra Bank,7.48145E+12,KKBK2280212
SELL3294,"Krishna, Arya and Magar",krishnaaryaandmagar@gmail.com,+91 92949 20984,21-02-2024,LOC0084,3.1,Bags & Luggage,Canara Bank,3.80731E+11,CNRB2549360
SELL3295,Deshpande LLC,deshpandellc7653@gmail.com,+91 92797 34667,24-04-2024,LOC0099,3.1,Electronics,Union Bank of India,8537936202,UBIN9168266
SELL3296,Raja-Manda,raja-manda@gmail.com,+91 85453 56458,21-01-2024,LOC0102,4.8,Baby,Union Bank of India,8.26262E+11,UBIN9462382
SELL3297,"Krish, Kara and Seshadri",krishkaraandseshadri@gmail.com,+91 92814 40509,08-10-2023,LOC0008,2.3,Clothing,Canara Bank,3.417E+13,CNRB4442227
SELL3298,Bandi PLC,bandiplc@gmail.com,+91 96421 97220,08-08-2023,LOC0017,2.7,Toys,Union Bank of India,98721271530,UBIN5696483
SELL3299,Goda-Balay,goda-balay@gmail.com,+91 96063 17769,28-12-2025,LOC0006,4.7,Automotive,HDFC Bank,5.1095E+11,HDFC2812289
SELL3300,Bhakta-Vala,bhakta-vala@gmail.com,+91 80324 83574,27-11-2021,LOC0016,4.6,Music & Instruments,Axis Bank,16241442914,UTIB1122608
SELL3301,Dayal-Tara,dayal-tara7694@gmail.com,+91 76108 28265,23-05-2024,LOC0021,1.9,Home,Punjab National Bank,23143186857,PUNB4686491
SELL3302,Dey Inc,deyinc@gmail.com,+91 70778 70853,25-06-2024,LOC0064,1.9,Stationery,Punjab National Bank,5.61947E+12,PUNB2268185
SELL3303,Madan-Krishnamurthy,madan-krishnamurthy@gmail.com,+91 70562 33575,06-05-2025,LOC0035,1.6,Pets,ICICI Bank,64399685339,ICIC7886669
SELL3304,"Virk, Kota and Buch",virkkotaandbuch@gmail.com,+91 71565 34797,02-07-2024,LOC0093,4.5,Office Supplies,HDFC Bank,6.78088E+13,HDFC3614226
SELL3305,"Mammen, Chawla and Chaudry",mammenchawlaandchaudry2237@gmail.com,+91 89731 83824,13-10-2023,LOC0044,1.7,Stationery,ICICI Bank,3534336372,ICIC4541426
SELL3306,Jain-Goyal,jain-goyal6650@gmail.com,+91 86793 81232,19-10-2021,LOC0056,1.1,Stationery,Kotak Mahindra Bank,2.73024E+12,KKBK7374577
SELL3307,Wagle PLC,wagleplc@gmail.com,+91 68975 74447,15-10-2025,LOC0085,1.2,Jewellery,Canara Bank,6579594287,CNRB6725976
SELL3308,Gokhale Group,gokhalegroup@gmail.com,+91 69172 05997,28-11-2021,LOC0067,4.3,Jewellery,Bank of Baroda,60331036653,BARB7059311
SELL3309,Warrior-Manne,warrior-manne8335@gmail.com,+91 64411 32741,03-04-2025,LOC0022,2.9,Electronics,Axis Bank,4.83576E+11,UTIB1415162
SELL3310,Ramesh PLC,rameshplc@gmail.com,+91 73619 94396,12-01-2025,LOC0010,4.6,Sports,IndusInd Bank,31938034802,INDB7201172
SELL3311,"Desai, Shroff and Saraf",desaishroffandsaraf@gmail.com,+91 84823 70073,09-03-2024,LOC0101,3.6,Books,IndusInd Bank,4092078194,INDB3359899
SELL3312,"Gour, Sankar and Acharya",goursankarandacharya8612@gmail.com,+91 75032 54297,28-12-2022,LOC0103,3.9,Footwear,Canara Bank,3.37775E+11,CNRB4238342
SELL3313,Chokshi-Krish,chokshi-krish@gmail.com,+91 81442 95837,27-06-2022,LOC0096,3.5,Jewellery,ICICI Bank,6.86528E+13,ICIC9564987
SELL3314,"Dani, Bose and Verma",daniboseandverma8515@gmail.com,+91 96805 17337,11-07-2023,LOC0101,4.3,Jewellery,Canara Bank,3.97949E+12,CNRB4239357
SELL3315,Jain-Sinha,jain-sinha5654@gmail.com,+91 69171 33248,04-03-2025,LOC0065,3.6,Bags & Luggage,State Bank of India,2.85106E+12,SBIN9408743
SELL3316,Ratta-Goda,ratta-goda@gmail.com,+91 91074 49122,04-10-2021,LOC0108,2.5,Bags & Luggage,ICICI Bank,8.8047E+12,ICIC4658987
SELL3317,Agrawal-Kant,agrawal-kant@gmail.com,+91 86000 25446,10-02-2026,LOC0037,3.2,Pets,IndusInd Bank,1.60527E+13,INDB2135807
SELL3318,Sahota Inc,sahotainc1294@gmail.com,+91 67408 20650,13-10-2023,LOC0086,3.3,Footwear,Bank of Baroda,6.60802E+12,BARB3256899
SELL3319,"Das, Sule and Dhar",dassuleanddhar@gmail.com,+91 66382 73175,01-11-2024,LOC0074,2.7,Music & Instruments,IndusInd Bank,97733694137,INDB9001053
SELL3320,Ramaswamy LLC,ramaswamyllc3505@gmail.com,+91 69671 08374,04-04-2023,LOC0012,4.5,Beauty,State Bank of India,3849686809,SBIN9944976
SELL3321,Biswas PLC,biswasplc@gmail.com,+91 70053 16095,16-09-2024,LOC0060,2.8,Electronics,Canara Bank,4.78671E+12,CNRB5601322
SELL3322,Sani and Sons,saniandsons@gmail.com,+91 90538 48049,09-02-2026,LOC0104,4.2,Jewellery,State Bank of India,86760724006,SBIN1841925
SELL3323,Sawhney-Ramaswamy,sawhney-ramaswamy5596@gmail.com,+91 96952 76325,06-03-2023,LOC0018,4.6,Home,Kotak Mahindra Bank,7403076129,KKBK5759260
SELL3324,"Goswami, Bahri and Hegde",goswamibahriandhegde5118@gmail.com,+91 79377 40624,07-07-2021,LOC0062,3.4,Pets,Union Bank of India,8.03465E+13,UBIN5545230
SELL3325,"Batra, Chokshi and Bora",batrachokshiandbora@gmail.com,+91 75781 89002,17-02-2024,LOC0078,1.8,Jewellery,Canara Bank,1.61029E+13,CNRB5737248
SELL3326,"Sachar, Loyal and Gole",sacharloyalandgole@gmail.com,+91 87617 67229,16-12-2025,LOC0104,1.8,Stationery,IndusInd Bank,78821288979,INDB5907910
SELL3327,Samra-Jha,samra-jha331@gmail.com,+91 82896 17890,14-10-2022,LOC0080,3.1,Sports,State Bank of India,4.82434E+13,SBIN9228970
SELL3328,Thakur-Guha,thakur-guha8483@gmail.com,+91 70419 44262,29-06-2023,LOC0025,2.4,Baby,HDFC Bank,8.58844E+12,HDFC5981282
SELL3329,"Ray, Kalla and Dave",raykallaanddave@gmail.com,+91 65515 77464,13-12-2025,LOC0053,3.5,Automotive,Union Bank of India,1230909526,UBIN3708684
SELL3330,Acharya-Cheema,acharya-cheema1771@gmail.com,+91 66009 28516,09-04-2022,LOC0019,3.2,Bags & Luggage,Axis Bank,1155400923,UTIB1160394
SELL3331,"Sastry, Mann and Sagar",sastrymannandsagar@gmail.com,+91 67338 88265,11-09-2023,LOC0113,2.7,Sports,Union Bank of India,7.53744E+11,UBIN6146945
SELL3332,Hora-Guha,hora-guha6137@gmail.com,+91 74563 72280,25-07-2022,LOC0012,2.6,Automotive,Bank of Baroda,8.81928E+12,BARB1533712
SELL3333,"Bahl, Bir and Dhawan",bahlbiranddhawan6648@gmail.com,+91 82199 81336,14-09-2021,LOC0015,4.2,Health,Kotak Mahindra Bank,16577095368,KKBK1118151
SELL3334,"Datta, Behl and Bir",dattabehlandbir5304@gmail.com,+91 64800 84973,30-09-2023,LOC0045,1.9,Pets,Union Bank of India,2.15926E+12,UBIN6324931
SELL3335,"Goswami, Kumar and Chandra",goswamikumarandchandra5871@gmail.com,+91 79041 49236,08-08-2025,LOC0050,3.8,Bags & Luggage,ICICI Bank,3.36414E+12,ICIC2293549
SELL3336,Jayaraman Group,jayaramangroup9527@gmail.com,+91 68428 21512,18-05-2024,LOC0070,3.9,Automotive,Bank of Baroda,2.81886E+12,BARB1141792
SELL3337,Ramanathan LLC,ramanathanllc@gmail.com,+91 99796 36060,25-01-2026,LOC0051,3.5,Stationery,Bank of Baroda,7203551231,BARB1260050
SELL3338,Dey-Choudhry,dey-choudhry998@gmail.com,+91 74090 93379,04-12-2023,LOC0045,3.5,Books,Canara Bank,7.62281E+13,CNRB6869591
SELL3339,Sinha-Srinivas,sinha-srinivas@gmail.com,+91 96871 83460,24-02-2022,LOC0070,1.3,Electronics,Union Bank of India,102851443,UBIN1902504
SELL3340,"Bora, Brar and Bora",borabrarandbora2771@gmail.com,+91 95221 92077,04-01-2025,LOC0057,1.7,Footwear,IndusInd Bank,7646018736,INDB6924445
SELL3341,Sahota Group,sahotagroup524@gmail.com,+91 62070 68373,23-08-2022,LOC0082,3.9,Baby,Kotak Mahindra Bank,254681535,KKBK4877179
SELL3342,"Lata, Krishna and Kothari",latakrishnaandkothari@gmail.com,+91 75141 49260,11-05-2024,LOC0070,3.7,Music & Instruments,Kotak Mahindra Bank,22360964140,KKBK9418753
SELL3343,Shroff Inc,shroffinc@gmail.com,+91 98045 72430,15-03-2025,LOC0108,4.1,Beauty,Kotak Mahindra Bank,1350368219,KKBK1086367
SELL3344,Behl and Sons,behlandsons9395@gmail.com,+91 94096 97946,13-10-2025,LOC0027,1.5,Sports,Bank of Baroda,5.07718E+11,BARB9447003
SELL3345,"Divan, Agrawal and Yogi",divanagrawalandyogi@gmail.com,+91 83687 20015,05-09-2024,LOC0110,4.4,Automotive,ICICI Bank,6.76738E+13,ICIC9783433
SELL3346,"Tripathi, Rajagopal and Hegde",tripathirajagopalandhegde7437@gmail.com,+91 62193 26751,25-06-2024,LOC0025,2.3,Baby,Union Bank of India,4615805764,UBIN1896872
SELL3347,Srinivasan-Rau,srinivasan-rau8182@gmail.com,+91 68117 63128,24-11-2025,LOC0103,2.2,Toys,Kotak Mahindra Bank,2.18016E+12,KKBK7433642
SELL3348,"Dhawan, Sankar and Sethi",dhawansankarandsethi@gmail.com,+91 93940 75376,14-05-2024,LOC0031,3.9,Automotive,Canara Bank,41550329,CNRB7493975
SELL3349,Chahal and Sons,chahalandsons@gmail.com,+91 87836 38097,21-07-2022,LOC0016,1.1,Sports,Axis Bank,4.67115E+11,UTIB9515905
SELL3350,Garg-Batta,garg-batta3348@gmail.com,+91 72511 26389,13-05-2021,LOC0108,2.2,Automotive,Bank of Baroda,47244028214,BARB2145583
SELL3351,Ravel-Wason,ravel-wason1866@gmail.com,+91 97990 81188,13-07-2025,LOC0012,4.8,Office Supplies,State Bank of India,5977848269,SBIN3514734
SELL3352,"Sane, Rajagopal and Kumer",sanerajagopalandkumer9812@gmail.com,+91 99560 60240,05-06-2022,LOC0112,1.3,Gaming,Punjab National Bank,5.74691E+13,PUNB5153462
SELL3353,Tailor-Gandhi,tailor-gandhi@gmail.com,+91 82430 06614,28-01-2024,LOC0026,1.1,Baby,Kotak Mahindra Bank,2.63339E+12,KKBK4140817
SELL3354,Jayaraman Ltd,jayaramanltd3219@gmail.com,+91 80918 72004,23-11-2023,LOC0042,1.1,Books,Punjab National Bank,9.75347E+11,PUNB8441181
SELL3355,"Thaker, Rastogi and Vyas",thakerrastogiandvyas@gmail.com,+91 62976 71192,06-10-2021,LOC0091,4.7,Gaming,Bank of Baroda,8.04819E+11,BARB5345625
SELL3356,"Dixit, Bhatia and Dugar",dixitbhatiaanddugar4566@gmail.com,+91 78410 17570,09-03-2022,LOC0046,4.9,Books,HDFC Bank,4.53373E+12,HDFC9035397
SELL3357,"Sankar, Chakraborty and Hans",sankarchakrabortyandhans4402@gmail.com,+91 63383 33051,03-11-2023,LOC0113,3.5,Beauty,Axis Bank,8.2921E+13,UTIB2423262
SELL3358,Bedi-Vala,bedi-vala@gmail.com,+91 95276 75732,02-01-2024,LOC0086,3.7,Office Supplies,Bank of Baroda,94675428811,BARB6311036
SELL3359,Bhargava-Bandi,bhargava-bandi5619@gmail.com,+91 95159 18916,29-07-2023,LOC0099,4.4,Bags & Luggage,State Bank of India,7.87976E+12,SBIN6870248
SELL3360,"Divan, Balan and Reddy",divanbalanandreddy@gmail.com,+91 96242 45683,10-10-2025,LOC0090,2.2,Office Supplies,HDFC Bank,8827631015,HDFC5641541
SELL3361,"Datta, Kohli and Aurora",dattakohliandaurora@gmail.com,+91 60270 83443,05-04-2024,LOC0008,4.8,Stationery,HDFC Bank,91267486485,HDFC5809026
SELL3362,Chandran-Gaba,chandran-gaba@gmail.com,+91 76509 57496,09-09-2023,LOC0070,2,Music & Instruments,State Bank of India,5.2516E+13,SBIN6249052
SELL3363,"Guha, Boase and Shanker",guhaboaseandshanker1181@gmail.com,+91 89526 41534,22-11-2025,LOC0065,1.6,Jewellery,HDFC Bank,9.44185E+12,HDFC6468410
SELL3364,"Taneja, Raj and Bhasin",tanejarajandbhasin@gmail.com,+91 85767 62936,25-06-2022,LOC0026,3.4,Toys,IndusInd Bank,1800137359,INDB9347762
SELL3365,Barad Ltd,baradltd@gmail.com,+91 62765 54920,10-10-2021,LOC0082,4.2,Beauty,Canara Bank,88985721330,CNRB7161916
SELL3366,Saran and Sons,saranandsons6593@gmail.com,+91 82836 17188,25-05-2023,LOC0101,4.3,Bags & Luggage,State Bank of India,5883955855,SBIN5058478
SELL3367,Sarna Group,sarnagroup9902@gmail.com,+91 96940 82841,07-06-2021,LOC0011,2.5,Jewellery,IndusInd Bank,2.63811E+12,INDB3037028
SELL3368,Chander-Char,chander-char@gmail.com,+91 96798 79170,02-09-2021,LOC0021,4.2,Jewellery,Canara Bank,9.92038E+12,CNRB4334954
SELL3369,Divan and Sons,divanandsons@gmail.com,+91 99081 19352,19-07-2022,LOC0099,3.5,Footwear,State Bank of India,5616773549,SBIN8735121
SELL3370,Kakar PLC,kakarplc@gmail.com,+91 75377 47451,31-10-2025,LOC0024,2.9,Home,Union Bank of India,4858470846,UBIN5851388
SELL3371,Loyal-Samra,loyal-samra@gmail.com,+91 71095 83004,07-10-2022,LOC0040,2,Stationery,Axis Bank,4.3478E+12,UTIB1886166
SELL3372,Som-Sen,som-sen@gmail.com,+91 64862 09023,07-02-2023,LOC0039,3.9,Electronics,Axis Bank,6.84025E+13,UTIB9118188
SELL3373,Sekhon Ltd,sekhonltd1365@gmail.com,+91 96770 80902,30-01-2025,LOC0112,2.2,Jewellery,Punjab National Bank,11005053994,PUNB6706726
SELL3374,Varghese Group,varghesegroup6001@gmail.com,+91 86290 44418,20-02-2025,LOC0030,3.2,Pets,Punjab National Bank,5.74333E+12,PUNB2943547
SELL3375,"Kuruvilla, Lalla and Chada",kuruvillalallaandchada@gmail.com,+91 66428 87588,30-05-2025,LOC0029,3.4,Gaming,Punjab National Bank,52500605878,PUNB2215012
SELL3376,"Ganesh, Sethi and Thakkar",ganeshsethiandthakkar416@gmail.com,+91 82050 91478,28-09-2024,LOC0079,1.9,Clothing,Canara Bank,2.41654E+13,CNRB5089482
SELL3377,"Madan, Amble and Kala",madanambleandkala635@gmail.com,+91 70683 55830,15-04-2025,LOC0003,4.4,Gaming,Canara Bank,2.16707E+11,CNRB7370241
SELL3378,Sehgal-Dutta,sehgal-dutta@gmail.com,+91 67091 76564,26-11-2023,LOC0106,4.7,Books,State Bank of India,3.11517E+11,SBIN8537340
SELL3379,Ramanathan PLC,ramanathanplc@gmail.com,+91 65090 61392,19-09-2021,LOC0083,1.5,Bags & Luggage,Canara Bank,8.71854E+13,CNRB2563983
SELL3380,Date PLC,dateplc@gmail.com,+91 90479 93687,09-03-2023,LOC0007,3,Groceries,HDFC Bank,8.42419E+12,HDFC4984032
SELL3381,Magar and Sons,magarandsons@gmail.com,+91 91728 65668,17-01-2025,LOC0079,4.2,Jewellery,Canara Bank,5.60685E+12,CNRB4022178
SELL3382,Chandran Ltd,chandranltd@gmail.com,+91 83683 20500,01-01-2025,LOC0032,4.1,Music & Instruments,Axis Bank,9.43849E+12,UTIB7025315
SELL3383,Ram Group,ramgroup@gmail.com,+91 62108 97738,02-10-2022,LOC0112,4.7,Sports,State Bank of India,3.3698E+13,SBIN6046953
SELL3384,Johal-Chhabra,johal-chhabra6170@gmail.com,+91 73311 83923,24-02-2022,LOC0038,1.2,Sports,Union Bank of India,6.7555E+13,UBIN3689690
SELL3385,Borra-Sodhi,borra-sodhi@gmail.com,+91 94155 30953,18-03-2025,LOC0047,3.8,Home,Kotak Mahindra Bank,4860276578,KKBK9287315
SELL3386,"Sharaf, Boase and Raman",sharafboaseandraman@gmail.com,+91 64718 79737,18-08-2023,LOC0052,3.5,Electronics,ICICI Bank,16790808281,ICIC8310457
SELL3387,"Sankar, Shukla and Mangal",sankarshuklaandmangal@gmail.com,+91 98470 46673,31-12-2024,LOC0089,4.6,Footwear,State Bank of India,2256933231,SBIN2288825
SELL3388,Mane and Sons,maneandsons1004@gmail.com,+91 60859 13955,28-10-2021,LOC0054,4.7,Toys,Kotak Mahindra Bank,13403121577,KKBK6287602
SELL3389,"Gupta, Sarna and Sangha",guptasarnaandsangha@gmail.com,+91 76279 98587,18-01-2025,LOC0008,2.9,Gaming,Union Bank of India,6.84196E+12,UBIN1972395
SELL3390,Iyer-De,iyer-de@gmail.com,+91 93490 71843,18-02-2025,LOC0072,1.2,Stationery,HDFC Bank,4.18934E+11,HDFC5718230
SELL3391,"Karan, Sood and Raman",karansoodandraman@gmail.com,+91 69994 03049,19-02-2022,LOC0010,1.1,Automotive,Kotak Mahindra Bank,7.62773E+11,KKBK4755833
SELL3392,Samra-Shere,samra-shere@gmail.com,+91 69301 87535,29-09-2024,LOC0009,1.1,Gaming,IndusInd Bank,69071195617,INDB4781707
SELL3393,"Mani, Sharaf and Mann",manisharafandmann@gmail.com,+91 92663 27106,24-04-2025,LOC0042,3.2,Books,Union Bank of India,9.94602E+11,UBIN7091533
SELL3394,"Sekhon, Saini and Gokhale",sekhonsainiandgokhale6712@gmail.com,+91 98780 93297,06-04-2023,LOC0057,3.7,Music & Instruments,IndusInd Bank,3553825015,INDB4300889
SELL3395,Apte-Varty,apte-varty@gmail.com,+91 64180 05607,10-11-2025,LOC0110,1.2,Pets,Union Bank of India,724914116,UBIN8285768
SELL3396,"Kulkarni, Raju and Sampath",kulkarnirajuandsampath528@gmail.com,+91 95929 41600,05-05-2023,LOC0091,2.1,Groceries,Canara Bank,8.06361E+11,CNRB1625770
SELL3397,"Konda, Bhandari and Basu",kondabhandariandbasu@gmail.com,+91 68280 57438,11-01-2022,LOC0082,4.9,Sports,Kotak Mahindra Bank,9.38379E+12,KKBK7246532
SELL3398,Goda-Dhaliwal,goda-dhaliwal6575@gmail.com,+91 66402 79755,05-10-2023,LOC0101,4,Office Supplies,State Bank of India,7.46818E+11,SBIN3522665
SELL3399,Choudhry-Kapoor,choudhry-kapoor@gmail.com,+91 90032 67704,19-06-2023,LOC0031,1.3,Office Supplies,IndusInd Bank,65781204754,INDB9606342
SELL3400,Jain-Ramanathan,jain-ramanathan@gmail.com,+91 62470 44390,08-10-2021,LOC0088,3.7,Home,State Bank of India,1369306653,SBIN1737421
SELL3401,Anne-Kar,anne-kar@gmail.com,+91 81683 22291,13-02-2025,LOC0050,2.6,Toys,Union Bank of India,1.5484E+11,UBIN4851789
SELL3402,"Choudhry, Apte and Kadakia",choudhryapteandkadakia@gmail.com,+91 74679 68731,19-02-2025,LOC0040,2.2,Sports,Punjab National Bank,8.70665E+13,PUNB3061332
SELL3403,Doshi Ltd,doshiltd5874@gmail.com,+91 74983 66816,05-09-2022,LOC0110,3.9,Health,Bank of Baroda,9.47751E+13,BARB4921032
SELL3404,"Keer, Sahota and Walia",keersahotaandwalia@gmail.com,+91 94954 40384,01-04-2023,LOC0082,1.9,Jewellery,IndusInd Bank,7589711173,INDB8603458
SELL3405,Shah-Gala,shah-gala7903@gmail.com,+91 88055 97217,17-08-2025,LOC0032,2,Home,State Bank of India,16059838829,SBIN7318188
SELL3406,Sankaran Group,sankarangroup@gmail.com,+91 69175 86436,09-06-2024,LOC0040,2.2,Stationery,Axis Bank,5326738546,UTIB7264818
SELL3407,Kota Inc,kotainc@gmail.com,+91 97841 40711,01-08-2024,LOC0040,3.1,Electronics,ICICI Bank,8.90181E+13,ICIC5588258
SELL3408,Loyal Ltd,loyalltd8625@gmail.com,+91 92970 22796,05-11-2025,LOC0089,2.6,Bags & Luggage,Canara Bank,5744667914,CNRB6228654
SELL3409,"Dara, Wali and Shah",darawaliandshah@gmail.com,+91 81367 60995,21-08-2022,LOC0110,4.2,Home,Canara Bank,63002763232,CNRB9376482
SELL3410,Balasubramanian-Goel,balasubramanian-goel@gmail.com,+91 80765 09069,07-07-2024,LOC0001,4.7,Stationery,Kotak Mahindra Bank,64222726865,KKBK3200963
SELL3411,Vyas-Dayal,vyas-dayal4760@gmail.com,+91 87744 92929,10-08-2025,LOC0084,5,Gaming,Union Bank of India,8.55583E+12,UBIN9802965
SELL3412,"Jain, Sawhney and Kohli",jainsawhneyandkohli@gmail.com,+91 76918 23473,01-06-2023,LOC0017,2,Toys,State Bank of India,6.35905E+13,SBIN1874043
SELL3413,Chakraborty PLC,chakrabortyplc7503@gmail.com,+91 73263 38825,06-09-2024,LOC0068,3.5,Clothing,Kotak Mahindra Bank,3.81872E+11,KKBK6407186
SELL3414,"Bera, Suri and Sami",berasuriandsami@gmail.com,+91 66986 40199,04-04-2024,LOC0001,2,Groceries,Canara Bank,8267563806,CNRB4750787
SELL3415,Malhotra LLC,malhotrallc@gmail.com,+91 86007 10311,13-12-2021,LOC0038,4.7,Beauty,Bank of Baroda,5392907776,BARB3780740
SELL3416,Thaker LLC,thakerllc@gmail.com,+91 85314 37314,01-01-2022,LOC0005,3.7,Home,State Bank of India,9803630120,SBIN7716686
SELL3417,Samra and Sons,samraandsons@gmail.com,+91 77846 95112,14-09-2023,LOC0090,4.6,Beauty,Axis Bank,6.42683E+13,UTIB6897924
SELL3418,Kaul-Bandi,kaul-bandi5753@gmail.com,+91 86828 54709,30-04-2025,LOC0034,4.4,Jewellery,ICICI Bank,8.23804E+13,ICIC5126427
SELL3419,Jaggi-Sathe,jaggi-sathe8844@gmail.com,+91 96477 32219,07-08-2023,LOC0079,2.8,Office Supplies,Union Bank of India,18920286370,UBIN6452056
SELL3420,Vyas-Sachar,vyas-sachar6951@gmail.com,+91 68244 78427,20-04-2022,LOC0009,3.9,Jewellery,Union Bank of India,4.19901E+13,UBIN1809775
SELL3421,Shere-Bora,shere-bora@gmail.com,+91 71343 93850,19-01-2025,LOC0016,3.9,Bags & Luggage,Kotak Mahindra Bank,6.43561E+12,KKBK4987198
SELL3422,Bassi LLC,bassillc7813@gmail.com,+91 63312 68482,27-11-2022,LOC0037,2.9,Groceries,Punjab National Bank,46604705179,PUNB4302572
SELL3423,Rama-Dugar,rama-dugar@gmail.com,+91 87853 48456,18-08-2022,LOC0056,1.7,Sports,IndusInd Bank,6.73903E+13,INDB6740811
SELL3424,Sunder-Bali,sunder-bali9243@gmail.com,+91 63244 40912,03-12-2023,LOC0037,4.7,Bags & Luggage,Axis Bank,7916870331,UTIB2099257
SELL3425,"Samra, Batta and Bandi",samrabattaandbandi@gmail.com,+91 66729 31418,13-04-2021,LOC0072,3.1,Bags & Luggage,IndusInd Bank,8.40117E+11,INDB6224040
SELL3426,"Mane, Ravel and Chauhan",maneravelandchauhan5383@gmail.com,+91 70083 77455,11-07-2025,LOC0008,1.4,Music & Instruments,Axis Bank,16708136102,UTIB1743268
SELL3427,Mammen-Buch,mammen-buch8122@gmail.com,+91 76458 50137,24-08-2025,LOC0061,4.5,Health,Axis Bank,4.74685E+11,UTIB1545179
SELL3428,"Babu, Trivedi and Dalal",babutrivedianddalal4531@gmail.com,+91 85625 92756,27-12-2021,LOC0026,4.6,Footwear,Axis Bank,68282764318,UTIB2561208
SELL3429,Roy PLC,royplc@gmail.com,+91 77250 23486,15-08-2022,LOC0084,3.2,Gaming,ICICI Bank,94209757015,ICIC7509980
SELL3430,Kulkarni Ltd,kulkarniltd7776@gmail.com,+91 83883 57226,13-12-2021,LOC0112,3.7,Electronics,Union Bank of India,3523754878,UBIN8050090
SELL3431,Walia Inc,waliainc9147@gmail.com,+91 60806 84409,05-08-2024,LOC0001,2.5,Automotive,Union Bank of India,9222910871,UBIN4083806
SELL3432,Koshy PLC,koshyplc8197@gmail.com,+91 95419 08967,18-10-2024,LOC0067,1.6,Health,Punjab National Bank,2796563554,PUNB1553414
SELL3433,"Wason, Kala and Kapur",wasonkalaandkapur2503@gmail.com,+91 70854 00497,24-02-2025,LOC0007,4.8,Baby,Kotak Mahindra Bank,5.07038E+11,KKBK9006508
SELL3434,Gara-Gaba,gara-gaba1474@gmail.com,+91 90522 84340,03-07-2023,LOC0029,4.2,Pets,State Bank of India,8639134085,SBIN4064569
SELL3435,"Saini, Tara and Yohannan",sainitaraandyohannan@gmail.com,+91 67891 20016,14-01-2024,LOC0040,2.6,Beauty,Union Bank of India,1.92395E+11,UBIN8322580
SELL3436,Seth and Sons,sethandsons6001@gmail.com,+91 65691 08998,18-12-2022,LOC0008,2.1,Music & Instruments,State Bank of India,9229246186,SBIN6105983
SELL3437,Cheema Ltd,cheemaltd@gmail.com,+91 69043 02537,18-02-2022,LOC0043,1.3,Office Supplies,Union Bank of India,31214345638,UBIN4167161
SELL3438,Joshi Ltd,joshiltd7648@gmail.com,+91 90640 85781,25-04-2022,LOC0008,1.1,Bags & Luggage,Union Bank of India,1.49366E+12,UBIN7387415
SELL3439,"Dalal, Karpe and Chadha",dalalkarpeandchadha5195@gmail.com,+91 93420 76659,07-04-2022,LOC0071,2.1,Jewellery,State Bank of India,3546282451,SBIN8955916
SELL3440,Jani Group,janigroup1042@gmail.com,+91 70321 50317,04-06-2022,LOC0022,3.1,Bags & Luggage,ICICI Bank,8.62858E+12,ICIC8947121
SELL3441,Bajaj LLC,bajajllc@gmail.com,+91 83680 68504,09-10-2022,LOC0096,4.3,Baby,ICICI Bank,5117644515,ICIC9088348
SELL3442,"Dash, Rajan and Raju",dashrajanandraju@gmail.com,+91 96931 76697,06-01-2022,LOC0053,2,Pets,Union Bank of India,9.20231E+12,UBIN2044825
SELL3443,Bedi-Korpal,bedi-korpal9480@gmail.com,+91 71774 30832,13-04-2025,LOC0017,3.4,Jewellery,Kotak Mahindra Bank,93188114111,KKBK7264928
SELL3444,Chana-Krishnan,chana-krishnan@gmail.com,+91 89379 80361,04-07-2021,LOC0021,1.3,Books,Axis Bank,5.96411E+12,UTIB6294382
SELL3445,"Chandra, Bedi and Chhabra",chandrabediandchhabra@gmail.com,+91 67266 59952,29-10-2023,LOC0034,4.7,Electronics,Punjab National Bank,1.05449E+13,PUNB3160032
SELL3446,Golla-Bala,golla-bala@gmail.com,+91 66962 50016,18-04-2025,LOC0090,1.8,Gaming,Axis Bank,96832863856,UTIB5741831
SELL3447,Dar Inc,darinc1978@gmail.com,+91 78004 56827,21-08-2025,LOC0025,3.2,Health,Kotak Mahindra Bank,8375537063,KKBK5033916
SELL3448,Atwal-Bhandari,atwal-bhandari@gmail.com,+91 73458 25176,01-02-2025,LOC0082,4.1,Office Supplies,State Bank of India,84337986,SBIN2646656
SELL3449,"Kashyap, Bhatia and Ramakrishnan",kashyapbhatiaandramakrishnan@gmail.com,+91 75784 06307,02-08-2021,LOC0026,2.3,Toys,Bank of Baroda,5328119070,BARB7909756
SELL3450,Bhandari-Kadakia,bhandari-kadakia@gmail.com,+91 68274 27616,10-10-2025,LOC0081,2.5,Sports,Union Bank of India,5991035539,UBIN1529409
SELL3451,"Doctor, Wali and Thaman",doctorwaliandthaman@gmail.com,+91 98442 68873,27-02-2026,LOC0109,1.6,Groceries,Kotak Mahindra Bank,7086239124,KKBK6088400
SELL3452,Sagar-Rama,sagar-rama@gmail.com,+91 97208 99207,09-09-2024,LOC0006,1.6,Bags & Luggage,Bank of Baroda,1.9226E+12,BARB8918942
SELL3453,"Chakrabarti, Char and Hegde",chakrabarticharandhegde6854@gmail.com,+91 93310 48169,10-02-2023,LOC0078,3,Pets,Union Bank of India,5.91904E+12,UBIN9788801
SELL3454,Sharma-Yogi,sharma-yogi@gmail.com,+91 82901 31436,29-07-2021,LOC0108,2.2,Bags & Luggage,HDFC Bank,90981376656,HDFC4304343
SELL3455,Tata Group,tatagroup2613@gmail.com,+91 77215 49694,10-01-2026,LOC0052,1.5,Home,IndusInd Bank,8097464329,INDB9708197
SELL3456,Subramaniam-Hans,subramaniam-hans@gmail.com,+91 96577 15611,16-11-2025,LOC0026,1.3,Sports,Axis Bank,8.31289E+12,UTIB7688883
SELL3457,Reddy-Khurana,reddy-khurana9714@gmail.com,+91 94476 34533,04-07-2025,LOC0003,1.3,Sports,Union Bank of India,1.65095E+11,UBIN5722544
SELL3458,Sastry-Dubey,sastry-dubey5324@gmail.com,+91 61821 12090,24-11-2024,LOC0009,3.1,Beauty,IndusInd Bank,8185321371,INDB5704198
SELL3459,Bhalla-Grewal,bhalla-grewal@gmail.com,+91 82474 52186,14-04-2022,LOC0066,2.7,Beauty,Kotak Mahindra Bank,5.51147E+12,KKBK5729023
SELL3460,Soni PLC,soniplc@gmail.com,+91 96826 00245,18-02-2026,LOC0077,2.4,Automotive,Axis Bank,8700381011,UTIB1770359
SELL3461,Bala-Balasubramanian,bala-balasubramanian@gmail.com,+91 82665 96299,18-03-2024,LOC0053,1.8,Beauty,IndusInd Bank,9870404506,INDB5441971
SELL3462,Bath LLC,bathllc@gmail.com,+91 91529 42329,15-10-2025,LOC0009,5,Toys,ICICI Bank,90534708004,ICIC5903707
SELL3463,Sen-Sankar,sen-sankar8956@gmail.com,+91 95354 21292,21-03-2025,LOC0038,4.9,Electronics,IndusInd Bank,93973901665,INDB2140041
SELL3464,Khosla PLC,khoslaplc3454@gmail.com,+91 91906 68521,25-01-2025,LOC0113,1.8,Home,State Bank of India,6.5825E+12,SBIN4584857
SELL3465,"Dewan, Dave and Keer",dewandaveandkeer@gmail.com,+91 78161 83861,29-08-2021,LOC0042,3.1,Baby,HDFC Bank,8914504847,HDFC3292806
SELL3466,"Dara, Keer and Basak",darakeerandbasak@gmail.com,+91 82712 44935,15-10-2022,LOC0008,1.7,Music & Instruments,Punjab National Bank,8.47061E+13,PUNB1986454
SELL3467,"Gala, Sengupta and Kapadia",galasenguptaandkapadia1281@gmail.com,+91 97504 84978,29-10-2021,LOC0011,4.8,Books,Kotak Mahindra Bank,92128250503,KKBK7228493
SELL3468,"Basak, Das and Sundaram",basakdasandsundaram962@gmail.com,+91 70615 96921,17-11-2022,LOC0091,4.8,Clothing,Punjab National Bank,6.51854E+11,PUNB8175586
SELL3469,"Dhawan, Zachariah and Kalla",dhawanzachariahandkalla@gmail.com,+91 69837 59287,08-08-2025,LOC0066,1.9,Health,State Bank of India,98307047402,SBIN5411902
SELL3470,"Bhagat, Mannan and Dani",bhagatmannananddani@gmail.com,+91 72035 07078,20-10-2023,LOC0061,4.1,Stationery,HDFC Bank,4.99566E+12,HDFC4425952
SELL3471,"Barad, Badami and Dhaliwal",baradbadamianddhaliwal@gmail.com,+91 85456 10202,17-10-2021,LOC0109,1.3,Baby,Punjab National Bank,7.63201E+12,PUNB9142354
SELL3472,Bera-Doctor,bera-doctor1954@gmail.com,+91 94979 62936,16-02-2026,LOC0066,4.4,Pets,HDFC Bank,9.97228E+12,HDFC3394774
SELL3473,"Doctor, Dar and Ramakrishnan",doctordarandramakrishnan622@gmail.com,+91 78985 93291,16-07-2022,LOC0016,1.4,Beauty,IndusInd Bank,3.28633E+13,INDB6940699
SELL3474,"Goyal, Kota and Venkataraman",goyalkotaandvenkataraman@gmail.com,+91 71589 60809,14-08-2022,LOC0099,1.4,Books,HDFC Bank,19984468982,HDFC1433267
SELL3475,Bhatt-Manda,bhatt-manda@gmail.com,+91 68365 40283,30-06-2025,LOC0079,1.6,Footwear,Punjab National Bank,1.76417E+12,PUNB3709588
SELL3476,Sastry-Soni,sastry-soni1911@gmail.com,+91 90865 92480,17-04-2023,LOC0092,4.5,Electronics,Axis Bank,4.05328E+12,UTIB4461967
SELL3477,Kohli Inc,kohliinc5718@gmail.com,+91 80847 17745,14-08-2025,LOC0009,4.1,Toys,IndusInd Bank,4.50529E+12,INDB3860256
SELL3478,"Chand, Yohannan and Sarin",chandyohannanandsarin@gmail.com,+91 84073 88795,27-05-2025,LOC0095,2.1,Home,Punjab National Bank,47792897352,PUNB4136889
SELL3479,Amble Inc,ambleinc8259@gmail.com,+91 65980 44644,23-07-2024,LOC0071,1.9,Baby,Punjab National Bank,2.44115E+13,PUNB5489940
SELL3480,"Dhar, Ray and Bal",dharrayandbal@gmail.com,+91 91012 39484,14-04-2024,LOC0083,4,Clothing,ICICI Bank,7342110481,ICIC6186246
SELL3481,"Tak, Gulati and Bahl",takgulatiandbahl@gmail.com,+91 66007 38582,16-07-2022,LOC0018,3.3,Home,Axis Bank,4.32502E+11,UTIB1154922
SELL3482,Sagar Ltd,sagarltd3982@gmail.com,+91 67214 12749,08-07-2022,LOC0113,2,Footwear,ICICI Bank,5039358789,ICIC1231888
SELL3483,"Raju, Shan and Kaur",rajushanandkaur@gmail.com,+91 61964 50549,19-05-2023,LOC0058,1.9,Sports,Punjab National Bank,5593499034,PUNB5255657
SELL3484,Varkey-Iyer,varkey-iyer940@gmail.com,+91 64669 67756,11-08-2025,LOC0080,2.2,Pets,ICICI Bank,1445200669,ICIC6313850
SELL3485,Lad-Grewal,lad-grewal@gmail.com,+91 99632 98926,05-05-2024,LOC0033,3,Toys,Union Bank of India,8.46656E+12,UBIN1541656
SELL3486,Kalla-Bhagat,kalla-bhagat@gmail.com,+91 65791 26415,22-11-2022,LOC0039,2.2,Toys,Punjab National Bank,4.12123E+13,PUNB1818487
SELL3487,Singhal LLC,singhalllc@gmail.com,+91 71261 11410,27-09-2021,LOC0089,1.8,Gaming,Canara Bank,7246060710,CNRB4078759
SELL3488,Choudhary-Acharya,choudhary-acharya4@gmail.com,+91 95719 86957,31-01-2026,LOC0028,4.1,Music & Instruments,Bank of Baroda,4.00563E+12,BARB5368686
SELL3489,Mani-Malhotra,mani-malhotra@gmail.com,+91 71132 58470,19-10-2025,LOC0075,4.7,Jewellery,Axis Bank,63298857702,UTIB4265530
SELL3490,Dixit PLC,dixitplc@gmail.com,+91 82945 58280,20-10-2024,LOC0106,3,Bags & Luggage,State Bank of India,2.50786E+11,SBIN4032735
SELL3491,Walla LLC,wallallc@gmail.com,+91 91703 57328,16-05-2023,LOC0011,2.3,Electronics,Canara Bank,91062050187,CNRB3623493
SELL3492,Chopra-Sood,chopra-sood@gmail.com,+91 91180 69367,27-08-2021,LOC0065,4.4,Beauty,Axis Bank,2.64761E+11,UTIB7706747
SELL3493,"Khosla, Dhingra and Dass",khosladhingraanddass@gmail.com,+91 95156 12698,13-02-2026,LOC0016,2.5,Clothing,Axis Bank,7.77488E+11,UTIB2818590
SELL3494,Kalla-Goel,kalla-goel6732@gmail.com,+91 71139 09103,05-07-2023,LOC0048,4.5,Groceries,IndusInd Bank,6.24498E+12,INDB9701780
SELL3495,Khalsa Group,khalsagroup8594@gmail.com,+91 80926 93783,28-03-2023,LOC0108,1.5,Jewellery,Bank of Baroda,1.58559E+11,BARB5715703
SELL3496,Gole-Divan,gole-divan6069@gmail.com,+91 97638 18919,26-09-2021,LOC0067,2.7,Groceries,Kotak Mahindra Bank,7.75177E+12,KKBK4106002
SELL3497,Salvi Inc,salviinc5365@gmail.com,+91 69557 36233,30-11-2024,LOC0110,4.2,Groceries,State Bank of India,6.35329E+13,SBIN9131425
SELL3498,Dutta-Koshy,dutta-koshy@gmail.com,+91 72780 81204,15-03-2026,LOC0091,1.6,Baby,Bank of Baroda,4.20472E+13,BARB2836249
SELL3499,"Bumb, Bhandari and Walia",bumbbhandariandwalia5408@gmail.com,+91 79784 74769,28-09-2024,LOC0066,3.7,Sports,Kotak Mahindra Bank,1.48718E+13,KKBK3345817
SELL3500,"Kala, Venkataraman and Saini",kalavenkataramanandsaini1447@gmail.com,+91 92269 83772,28-04-2022,LOC0098,3.7,Beauty,Punjab National Bank,4.96146E+13,PUNB6640144
SELL3501,Mallick-Dar,mallick-dar@gmail.com,+91 98130 57433,23-04-2025,LOC0046,3.4,Home,HDFC Bank,8.3618E+13,HDFC2015968
SELL3502,"Venkatesh, Dasgupta and Sharaf",venkateshdasguptaandsharaf9309@gmail.com,+91 80316 50498,12-07-2024,LOC0112,1.9,Bags & Luggage,State Bank of India,6028717364,SBIN4455545
SELL3503,Joshi-Buch,joshi-buch@gmail.com,+91 77648 69012,10-04-2023,LOC0092,3.1,Home,Punjab National Bank,8.4653E+11,PUNB2499380
SELL3504,"Khalsa, Balakrishnan and Mall",khalsabalakrishnanandmall@gmail.com,+91 85842 29579,09-01-2024,LOC0030,4.1,Pets,Axis Bank,3.08804E+12,UTIB2231866
SELL3505,Bajaj-Datta,bajaj-datta7396@gmail.com,+91 77581 51312,21-06-2022,LOC0031,3.9,Jewellery,State Bank of India,31535108263,SBIN4222015
SELL3506,"Dash, Deep and Sarraf",dashdeepandsarraf8210@gmail.com,+91 60903 48156,01-06-2025,LOC0050,1.8,Home,State Bank of India,1.89559E+12,SBIN8839984
SELL3507,"Butala, Biswas and Dada",butalabiswasanddada@gmail.com,+91 95164 06573,08-10-2021,LOC0017,2.4,Electronics,IndusInd Bank,6.3465E+12,INDB9231307
SELL3508,"Agarwal, Tella and Sarin",agarwaltellaandsarin@gmail.com,+91 90852 19279,07-07-2025,LOC0008,1.2,Home,ICICI Bank,8.87255E+11,ICIC1582053
SELL3509,Suri LLC,surillc9365@gmail.com,+91 71784 57959,22-01-2026,LOC0111,3.9,Automotive,Bank of Baroda,4402909467,BARB6392061
SELL3510,Mani-Buch,mani-buch9388@gmail.com,+91 66564 89478,30-08-2023,LOC0005,3.7,Clothing,State Bank of India,36349160579,SBIN3466593
SELL3511,"Khanna, Dhawan and Bose",khannadhawanandbose@gmail.com,+91 79504 32785,24-07-2025,LOC0099,1.8,Sports,Canara Bank,25262536016,CNRB2046929
SELL3512,Yohannan-Dube,yohannan-dube@gmail.com,+91 64133 50404,12-12-2022,LOC0044,4.8,Stationery,State Bank of India,9415511310,SBIN3337819
SELL3513,"Grewal, Garde and Walia",grewalgardeandwalia@gmail.com,+91 63886 48288,30-07-2025,LOC0082,2.7,Pets,Canara Bank,1.59835E+13,CNRB1700275
SELL3514,"Sule, Shan and Cherian",suleshanandcherian5623@gmail.com,+91 81410 93935,06-03-2026,LOC0110,4.7,Jewellery,State Bank of India,9.79437E+12,SBIN7431016
SELL3515,"Gour, Choudhary and Dhawan",gourchoudharyanddhawan@gmail.com,+91 60636 23176,11-07-2023,LOC0030,4.5,Bags & Luggage,Axis Bank,27232674134,UTIB8052375
SELL3516,Ratti Ltd,rattiltd7744@gmail.com,+91 88315 38194,06-04-2023,LOC0033,3.3,Sports,Kotak Mahindra Bank,8.48923E+13,KKBK2704961
SELL3517,Dada-Mahajan,dada-mahajan8711@gmail.com,+91 65264 92804,21-08-2024,LOC0002,2.6,Bags & Luggage,ICICI Bank,59577166551,ICIC5171267
SELL3518,Cherian Ltd,cherianltd9276@gmail.com,+91 66743 72342,28-07-2024,LOC0027,4.5,Groceries,Union Bank of India,59816326998,UBIN5067891
SELL3519,Dewan-Badami,dewan-badami@gmail.com,+91 88187 01740,12-10-2021,LOC0034,2.1,Home,Axis Bank,3.82158E+13,UTIB4798179
SELL3520,Raman-Soman,raman-soman5717@gmail.com,+91 97993 88872,17-10-2025,LOC0080,4.7,Health,State Bank of India,8.48159E+13,SBIN8549123
SELL3521,Deep and Sons,deepandsons@gmail.com,+91 82676 08533,03-07-2022,LOC0090,3,Automotive,Punjab National Bank,71539522150,PUNB8861616
SELL3522,Kibe Group,kibegroup@gmail.com,+91 68541 44938,05-02-2023,LOC0068,1.7,Sports,Union Bank of India,6.98038E+12,UBIN9844989
SELL3523,Ratti PLC,rattiplc@gmail.com,+91 69129 32589,23-11-2023,LOC0095,4.6,Home,Kotak Mahindra Bank,8994400123,KKBK8343051
SELL3524,"Karan, Issac and Dugar",karanissacanddugar@gmail.com,+91 66211 42392,01-11-2024,LOC0008,1.6,Books,Punjab National Bank,6.37708E+11,PUNB9858258
SELL3525,"Srivastava, Keer and Verma",srivastavakeerandverma4971@gmail.com,+91 84060 70510,02-02-2024,LOC0018,2.7,Toys,IndusInd Bank,1719630079,INDB9001733
SELL3526,Kakar Group,kakargroup@gmail.com,+91 64537 38657,17-10-2025,LOC0081,3.2,Bags & Luggage,Kotak Mahindra Bank,5.7698E+11,KKBK6613413
SELL3527,Cheema Inc,cheemainc@gmail.com,+91 79145 06569,01-02-2023,LOC0092,4.9,Toys,ICICI Bank,3.91575E+11,ICIC6546945
SELL3528,Khatri-Ramaswamy,khatri-ramaswamy@gmail.com,+91 88382 12136,04-01-2022,LOC0033,2.2,Clothing,Axis Bank,5.56465E+11,UTIB3058857
SELL3529,Acharya-Rau,acharya-rau@gmail.com,+91 72883 73599,13-11-2024,LOC0048,2.3,Baby,Kotak Mahindra Bank,5.80522E+12,KKBK8812033
SELL3530,Wali PLC,waliplc6891@gmail.com,+91 81136 29867,23-06-2025,LOC0078,1.7,Jewellery,Punjab National Bank,8.62461E+11,PUNB2110933
SELL3531,Sur and Sons,surandsons2779@gmail.com,+91 78490 53017,06-08-2024,LOC0006,2.7,Music & Instruments,State Bank of India,7970685376,SBIN1843239
SELL3532,Bhardwaj-Dugal,bhardwaj-dugal@gmail.com,+91 94984 85397,23-07-2024,LOC0093,4.1,Office Supplies,State Bank of India,4.11604E+12,SBIN7964778
SELL3533,"Chopra, Lata and Vala",chopralataandvala4227@gmail.com,+91 99900 33178,29-06-2025,LOC0107,4,Health,Canara Bank,8.02478E+13,CNRB4785515
SELL3534,Balay-Rajan,balay-rajan@gmail.com,+91 66809 73301,18-06-2023,LOC0082,2.5,Groceries,Canara Bank,1.35828E+13,CNRB6035591
SELL3535,Boase-Gandhi,boase-gandhi4765@gmail.com,+91 89461 04686,12-01-2023,LOC0023,3.6,Clothing,IndusInd Bank,9157587056,INDB4095405
SELL3536,Garde PLC,gardeplc@gmail.com,+91 70544 00027,16-09-2023,LOC0082,4.6,Electronics,Bank of Baroda,8.46674E+11,BARB6674420
SELL3537,"Saxena, Dugar and Issac",saxenadugarandissac@gmail.com,+91 93515 16163,22-01-2023,LOC0035,2,Groceries,Bank of Baroda,1070591653,BARB8102462
SELL3538,Tata-Kade,tata-kade@gmail.com,+91 95478 62372,07-01-2022,LOC0033,3,Jewellery,Axis Bank,9192640715,UTIB8935479
SELL3539,"Kohli, Ranganathan and Wable",kohliranganathanandwable8818@gmail.com,+91 79935 45370,13-02-2024,LOC0055,1.2,Pets,Union Bank of India,3.78698E+13,UBIN6887159
SELL3540,Chakrabarti-Badami,chakrabarti-badami@gmail.com,+91 84541 86335,22-09-2021,LOC0069,1.6,Gaming,Canara Bank,1469690835,CNRB3290690
SELL3541,Upadhyay-Dar,upadhyay-dar@gmail.com,+91 99457 33960,02-10-2022,LOC0110,4.5,Stationery,Kotak Mahindra Bank,9.22029E+13,KKBK5123550
SELL3542,"Keer, Khurana and Viswanathan",keerkhuranaandviswanathan@gmail.com,+91 69563 87138,09-04-2021,LOC0083,2.7,Bags & Luggage,ICICI Bank,4.13025E+12,ICIC1959656
SELL3543,"Kannan, Kade and Shroff",kannankadeandshroff@gmail.com,+91 79739 69684,22-05-2025,LOC0062,2.1,Music & Instruments,HDFC Bank,5609266553,HDFC8444908
SELL3544,"Madan, Bal and Amble",madanbalandamble@gmail.com,+91 79162 15800,06-03-2023,LOC0105,4.6,Baby,Bank of Baroda,47937450245,BARB5294919
SELL3545,"Saraf, Ramanathan and Ranganathan",saraframanathanandranganathan@gmail.com,+91 76189 77366,12-05-2025,LOC0011,2.5,Automotive,IndusInd Bank,1.45111E+12,INDB7986604
SELL3546,"Agarwal, Keer and Ganesan",agarwalkeerandganesan@gmail.com,+91 87656 36821,05-06-2024,LOC0113,3.8,Footwear,HDFC Bank,6081073294,HDFC6092996
SELL3547,"Ganesan, Dyal and Bhavsar",ganesandyalandbhavsar4588@gmail.com,+91 92819 31207,13-08-2022,LOC0023,4.9,Health,ICICI Bank,7.40851E+11,ICIC8631019
SELL3548,Shetty-Johal,shetty-johal@gmail.com,+91 84215 09799,24-02-2023,LOC0103,3.5,Sports,Kotak Mahindra Bank,5.11531E+13,KKBK5587099
SELL3549,Mangal LLC,mangalllc@gmail.com,+91 86468 53932,07-02-2023,LOC0103,2.3,Pets,Punjab National Bank,2.87857E+12,PUNB2454837
SELL3550,"Varma, Reddy and Ben",varmareddyandben7782@gmail.com,+91 69854 28790,01-08-2025,LOC0042,1.6,Gaming,IndusInd Bank,6.4839E+12,INDB1356066
SELL3551,"Saxena, Lad and Kurian",saxenaladandkurian2603@gmail.com,+91 79020 48713,06-02-2025,LOC0079,3.8,Toys,Canara Bank,6521032320,CNRB6801414
SELL3552,Basak-Chawla,basak-chawla@gmail.com,+91 79350 76389,07-01-2022,LOC0047,2.7,Office Supplies,Bank of Baroda,3.67196E+13,BARB5364566
SELL3553,"Bhagat, Kara and Wable",bhagatkaraandwable2669@gmail.com,+91 66728 17391,25-10-2021,LOC0079,4.7,Electronics,Canara Bank,2.28619E+13,CNRB3611651
SELL3554,"Dhar, Brahmbhatt and Gaba",dharbrahmbhattandgaba272@gmail.com,+91 90432 91857,20-11-2025,LOC0049,2.5,Groceries,Canara Bank,4.56724E+13,CNRB7120978
SELL3555,Deshpande LLC,deshpandellc5337@gmail.com,+91 61159 69608,06-04-2024,LOC0084,4.8,Footwear,State Bank of India,5.8764E+12,SBIN8117138
SELL3556,Banerjee-Devi,banerjee-devi7933@gmail.com,+91 73752 02300,30-05-2021,LOC0065,2.7,Footwear,Bank of Baroda,7.44779E+11,BARB7313027
SELL3557,"Venkataraman, Sarna and Saxena",venkataramansarnaandsaxena@gmail.com,+91 66661 31473,20-10-2023,LOC0106,3.6,Electronics,IndusInd Bank,30576790020,INDB5535789
SELL3558,"Kota, Sani and Ganguly",kotasaniandganguly5788@gmail.com,+91 94543 57304,28-10-2022,LOC0104,1.9,Baby,Axis Bank,4.82602E+11,UTIB8379592
SELL3559,Ravel-Reddy,ravel-reddy31@gmail.com,+91 78195 38780,26-09-2024,LOC0050,1.8,Home,State Bank of India,67204123118,SBIN2767519
SELL3560,Kapoor Ltd,kapoorltd6529@gmail.com,+91 92645 44229,16-02-2025,LOC0097,3.4,Music & Instruments,Union Bank of India,4.05762E+13,UBIN2103329
SELL3561,Chakrabarti-Yadav,chakrabarti-yadav@gmail.com,+91 62778 96877,25-07-2025,LOC0096,4.4,Pets,Union Bank of India,5.15195E+12,UBIN5067874
SELL3562,Goda-Kashyap,goda-kashyap@gmail.com,+91 89486 88059,08-09-2024,LOC0041,4.9,Footwear,Punjab National Bank,5176602065,PUNB5808189
SELL3563,Sarin-Gopal,sarin-gopal8116@gmail.com,+91 78350 01131,14-05-2024,LOC0029,4.4,Footwear,Axis Bank,9258223487,UTIB3673141
SELL3564,"Keer, Madan and Viswanathan",keermadanandviswanathan@gmail.com,+91 76969 61191,23-12-2023,LOC0029,1.7,Groceries,ICICI Bank,1.09205E+11,ICIC6548950
SELL3565,Rattan-Khurana,rattan-khurana@gmail.com,+91 92883 28142,19-11-2021,LOC0032,3.5,Baby,HDFC Bank,4.12429E+11,HDFC6154882
SELL3566,"Babu, Mander and Behl",babumanderandbehl@gmail.com,+91 70734 14323,21-05-2021,LOC0026,3.8,Pets,Axis Bank,40466372643,UTIB3056158
SELL3567,Chahal-Bhargava,chahal-bhargava6651@gmail.com,+91 96987 50708,02-03-2026,LOC0085,4.2,Music & Instruments,IndusInd Bank,3.85703E+11,INDB3188493
SELL3568,Vasa LLC,vasallc@gmail.com,+91 74251 99788,03-06-2021,LOC0076,2,Toys,IndusInd Bank,66708381682,INDB2957860
SELL3569,Grewal-Chowdhury,grewal-chowdhury@gmail.com,+91 88275 54853,23-05-2021,LOC0070,3.3,Books,State Bank of India,3.12917E+11,SBIN1322190
SELL3570,"Viswanathan, Setty and Barman",viswanathansettyandbarman@gmail.com,+91 97352 25087,14-07-2025,LOC0063,1.4,Footwear,Canara Bank,6050558205,CNRB9603626
SELL3571,Taneja LLC,tanejallc@gmail.com,+91 70894 42246,12-02-2026,LOC0090,2.1,Clothing,Canara Bank,3.66583E+13,CNRB5688141
SELL3572,Vora Group,voragroup4006@gmail.com,+91 84614 80616,28-12-2022,LOC0005,2.4,Books,Axis Bank,5.41878E+12,UTIB6224898
SELL3573,Bains-Gopal,bains-gopal8575@gmail.com,+91 96033 22261,12-05-2025,LOC0013,3.2,Automotive,Bank of Baroda,6.82423E+13,BARB8776600
SELL3574,Bhatti LLC,bhattillc254@gmail.com,+91 88202 08469,01-05-2023,LOC0067,4.8,Music & Instruments,HDFC Bank,9.29463E+12,HDFC3652687
SELL3575,"Kurian, Bhatnagar and Trivedi",kurianbhatnagarandtrivedi@gmail.com,+91 76429 22097,03-05-2021,LOC0077,1.5,Groceries,HDFC Bank,83254581470,HDFC2056165
SELL3576,Dhar Group,dhargroup9228@gmail.com,+91 74734 03861,01-09-2022,LOC0010,4.1,Toys,ICICI Bank,6.89608E+13,ICIC5240096
SELL3577,"Singhal, Sani and Zachariah",singhalsaniandzachariah@gmail.com,+91 75751 09297,29-01-2024,LOC0025,2.7,Pets,ICICI Bank,3072928271,ICIC6400493
SELL3578,"Ravel, Wable and Mani",ravelwableandmani@gmail.com,+91 66311 84188,17-09-2025,LOC0062,2.6,Clothing,Canara Bank,9.19217E+11,CNRB5308321
SELL3579,"Bhatnagar, Anne and Arora",bhatnagaranneandarora@gmail.com,+91 94972 03611,27-03-2024,LOC0020,3,Electronics,Punjab National Bank,9.23468E+12,PUNB5883808
SELL3580,Gour-Tara,gour-tara@gmail.com,+91 74363 77806,04-03-2023,LOC0067,4.9,Books,Kotak Mahindra Bank,7411231125,KKBK3158866
SELL3581,"Seshadri, Dar and Mannan",seshadridarandmannan5022@gmail.com,+91 89964 85469,23-04-2021,LOC0084,3.5,Footwear,Bank of Baroda,83928242229,BARB8038758
SELL3582,Venkataraman Inc,venkataramaninc@gmail.com,+91 77534 84339,26-06-2023,LOC0047,4.8,Health,Punjab National Bank,7762644245,PUNB7910225
SELL3583,Sarkar-Ratti,sarkar-ratti5042@gmail.com,+91 72391 41999,16-12-2022,LOC0032,2,Music & Instruments,Bank of Baroda,9.8695E+12,BARB3232673
SELL3584,Bansal-Bobal,bansal-bobal9474@gmail.com,+91 68958 41731,02-12-2022,LOC0047,2.9,Baby,Canara Bank,5.4972E+13,CNRB6912196
SELL3585,"Kuruvilla, Grewal and Dass",kuruvillagrewalanddass@gmail.com,+91 69601 43848,10-09-2025,LOC0007,2.3,Groceries,State Bank of India,53877544781,SBIN9554860
SELL3586,Maharaj PLC,maharajplc330@gmail.com,+91 68472 08182,11-08-2022,LOC0016,3.8,Books,ICICI Bank,7.09176E+13,ICIC4321089
SELL3587,Bains-Kamdar,bains-kamdar7263@gmail.com,+91 74067 71881,05-08-2024,LOC0089,4.9,Beauty,Kotak Mahindra Bank,8.21796E+12,KKBK5187528
SELL3588,"Chana, Ahuja and Basak",chanaahujaandbasak6354@gmail.com,+91 72580 64997,07-04-2024,LOC0050,3.8,Groceries,IndusInd Bank,3.87536E+12,INDB3736242
SELL3589,Kar-Dass,kar-dass8615@gmail.com,+91 68502 57613,16-09-2024,LOC0055,1.9,Pets,State Bank of India,2.0423E+13,SBIN5606454
SELL3590,"Mandal, Ram and Bhargava",mandalramandbhargava@gmail.com,+91 70512 72165,02-03-2022,LOC0011,2.3,Electronics,ICICI Bank,4.87726E+11,ICIC2110026
SELL3591,Ravi PLC,raviplc7709@gmail.com,+91 77580 57337,10-07-2025,LOC0006,2.8,Books,Kotak Mahindra Bank,6.87927E+12,KKBK2413880
SELL3592,Verma-Chandra,verma-chandra@gmail.com,+91 77914 40614,28-10-2024,LOC0077,1.3,Pets,HDFC Bank,403659787,HDFC3639361
SELL3593,"Mann, Dhawan and Chaudhry",manndhawanandchaudhry@gmail.com,+91 90415 07437,10-08-2024,LOC0006,4.1,Pets,State Bank of India,1266721497,SBIN9422885
SELL3594,Kohli-Goda,kohli-goda6202@gmail.com,+91 90818 93370,09-09-2021,LOC0006,2,Stationery,HDFC Bank,4379555511,HDFC1976765
SELL3595,Comar PLC,comarplc@gmail.com,+91 85616 59040,24-11-2021,LOC0059,3.6,Pets,HDFC Bank,3447996724,HDFC8721317
SELL3596,Chaudhary Group,chaudharygroup@gmail.com,+91 97616 18434,14-09-2022,LOC0108,4.6,Automotive,Bank of Baroda,9.46764E+13,BARB5561003
SELL3597,"Chander, Krishnan and Barad",chanderkrishnanandbarad3909@gmail.com,+91 96473 10520,08-02-2025,LOC0081,4.5,Books,Canara Bank,9.70501E+13,CNRB2835024
SELL3598,Gour-Rajagopalan,gour-rajagopalan4484@gmail.com,+91 73305 13743,02-12-2025,LOC0023,4.8,Office Supplies,IndusInd Bank,5.93741E+13,INDB2324655
SELL3599,Dash Ltd,dashltd583@gmail.com,+91 83262 75387,17-07-2022,LOC0036,3.1,Jewellery,Union Bank of India,2.74183E+13,UBIN9030348
SELL3600,Anand-Mani,anand-mani1037@gmail.com,+91 87148 97727,18-04-2022,LOC0038,4.1,Jewellery,State Bank of India,9.84084E+11,SBIN7697531
SELL3601,Swamy-Sem,swamy-sem6751@gmail.com,+91 64122 17148,09-03-2024,LOC0002,1.7,Jewellery,HDFC Bank,9.74516E+12,HDFC2825619
SELL3602,Sarna Group,sarnagroup3894@gmail.com,+91 90896 56329,01-12-2024,LOC0075,1.4,Groceries,Union Bank of India,2.96666E+12,UBIN5866651
SELL3603,Kade Group,kadegroup5045@gmail.com,+91 63496 95483,19-04-2021,LOC0044,2.5,Groceries,Bank of Baroda,624759882,BARB6222536
SELL3604,Subramanian Ltd,subramanianltd@gmail.com,+91 68334 32159,04-01-2022,LOC0103,2.9,Pets,State Bank of India,96653661689,SBIN8417544
SELL3605,Thakkar LLC,thakkarllc703@gmail.com,+91 62553 19536,07-12-2021,LOC0069,4.6,Automotive,Kotak Mahindra Bank,62952547332,KKBK9918408
SELL3606,"Kale, Chakrabarti and Vohra",kalechakrabartiandvohra@gmail.com,+91 81223 08302,21-08-2022,LOC0021,3.1,Toys,ICICI Bank,1055831509,ICIC9223293
SELL3607,Atwal Inc,atwalinc@gmail.com,+91 84785 37114,05-02-2022,LOC0072,4.1,Stationery,IndusInd Bank,13047672215,INDB2718699
SELL3608,Kunda Group,kundagroup1122@gmail.com,+91 63245 00415,25-05-2025,LOC0085,4.2,Jewellery,Union Bank of India,5.65616E+12,UBIN6078346
SELL3609,"Seth, Sangha and Gandhi",sethsanghaandgandhi@gmail.com,+91 86586 82267,28-11-2021,LOC0058,4.8,Jewellery,IndusInd Bank,6.76389E+12,INDB1922032
SELL3610,Dara-Sarna,dara-sarna@gmail.com,+91 72515 93600,13-03-2024,LOC0021,3.5,Books,Union Bank of India,9.80262E+12,UBIN1782929
SELL3611,"Sood, Keer and Rege",soodkeerandrege7579@gmail.com,+91 99138 12990,01-09-2025,LOC0064,3.3,Baby,IndusInd Bank,3478188759,INDB9408216
SELL3612,Swamy-Sidhu,swamy-sidhu@gmail.com,+91 88167 08590,29-01-2024,LOC0038,1,Electronics,Canara Bank,7117036123,CNRB8014886
SELL3613,Swamy-Gokhale,swamy-gokhale@gmail.com,+91 62890 16687,13-07-2025,LOC0008,1.2,Electronics,ICICI Bank,7.9865E+11,ICIC7461552
SELL3614,Iyer-Lal,iyer-lal@gmail.com,+91 93879 36364,04-11-2022,LOC0062,4.2,Toys,Axis Bank,6440531943,UTIB4920018
SELL3615,Toor PLC,toorplc@gmail.com,+91 62657 22625,02-09-2023,LOC0063,1.4,Beauty,ICICI Bank,3.41829E+13,ICIC5970337
SELL3616,"Batta, Kulkarni and Bala",battakulkarniandbala@gmail.com,+91 66912 42546,26-05-2023,LOC0061,3.8,Beauty,Union Bank of India,2.60542E+12,UBIN9196783
SELL3617,Raju-Srinivasan,raju-srinivasan@gmail.com,+91 87385 70367,19-07-2024,LOC0031,2.3,Gaming,ICICI Bank,1.25066E+13,ICIC5942534
SELL3618,Kade and Sons,kadeandsons@gmail.com,+91 77453 85864,05-09-2023,LOC0048,4.3,Electronics,Union Bank of India,81775154951,UBIN9754794
SELL3619,Ganesh-Sani,ganesh-sani@gmail.com,+91 87451 33820,07-11-2024,LOC0107,1.6,Clothing,Union Bank of India,3954988445,UBIN5899122
SELL3620,Gopal and Sons,gopalandsons7375@gmail.com,+91 79722 34552,16-11-2022,LOC0002,4.7,Footwear,Punjab National Bank,22749268732,PUNB8130070
SELL3621,Roy PLC,royplc5869@gmail.com,+91 78164 48697,11-10-2025,LOC0001,4.2,Baby,Kotak Mahindra Bank,8395176914,KKBK7558053
SELL3622,Solanki-De,solanki-de@gmail.com,+91 66608 75679,14-12-2023,LOC0077,1.5,Electronics,State Bank of India,65688451810,SBIN8161849
SELL3623,Sama Inc,samainc3601@gmail.com,+91 76873 47112,25-03-2026,LOC0014,2.6,Stationery,Axis Bank,3.74679E+13,UTIB1149214
SELL3624,Mannan PLC,mannanplc@gmail.com,+91 79246 70388,23-06-2023,LOC0094,4.2,Health,Axis Bank,3792406894,UTIB1464650
SELL3625,Sahni Ltd,sahniltd@gmail.com,+91 78295 29994,14-01-2026,LOC0002,2.3,Bags & Luggage,IndusInd Bank,2772153858,INDB5913305
SELL3626,Ravel Inc,ravelinc@gmail.com,+91 74867 94677,13-02-2025,LOC0031,2.4,Clothing,HDFC Bank,7172425596,HDFC5992502
SELL3627,Iyer Group,iyergroup1675@gmail.com,+91 60383 80972,06-12-2021,LOC0099,1.2,Sports,Bank of Baroda,96195470480,BARB8166461
SELL3628,Dhawan Inc,dhawaninc5808@gmail.com,+91 68302 71192,16-11-2021,LOC0069,1.5,Electronics,Canara Bank,2.31678E+12,CNRB9397397
SELL3629,Chanda Inc,chandainc@gmail.com,+91 70226 50513,08-12-2023,LOC0054,3.9,Home,Punjab National Bank,3.79902E+11,PUNB7285460
SELL3630,"Rout, Wason and Devan",routwasonanddevan@gmail.com,+91 85068 74610,09-07-2025,LOC0086,2.3,Bags & Luggage,Punjab National Bank,6.94352E+11,PUNB1875044
SELL3631,Bhardwaj PLC,bhardwajplc@gmail.com,+91 90716 29147,15-09-2022,LOC0096,3.6,Groceries,ICICI Bank,97725052180,ICIC5763438
SELL3632,Ramakrishnan and Sons,ramakrishnanandsons4602@gmail.com,+91 73348 29427,02-02-2024,LOC0081,3.2,Health,Punjab National Bank,99606956688,PUNB8248555
SELL3633,Dugal Group,dugalgroup@gmail.com,+91 92900 37635,17-11-2023,LOC0059,2.8,Automotive,Punjab National Bank,49103712211,PUNB9841905
SELL3634,Lad Inc,ladinc6576@gmail.com,+91 74707 94055,30-09-2025,LOC0012,2.3,Health,Axis Bank,2.0966E+13,UTIB4270212
SELL3635,Dani Inc,daniinc2820@gmail.com,+91 93581 64299,09-08-2021,LOC0105,2.1,Home,ICICI Bank,4.99936E+12,ICIC6157744
SELL3636,Swaminathan and Sons,swaminathanandsons@gmail.com,+91 67679 93695,09-03-2023,LOC0060,2.5,Music & Instruments,ICICI Bank,79118810226,ICIC8351676
SELL3637,"Balay, Bhavsar and Kadakia",balaybhavsarandkadakia@gmail.com,+91 73176 78447,04-03-2024,LOC0077,2,Music & Instruments,Canara Bank,1.31235E+11,CNRB1918075
SELL3638,"Lalla, Chada and Seshadri",lallachadaandseshadri7604@gmail.com,+91 88822 96891,28-12-2021,LOC0067,5,Groceries,HDFC Bank,8.22538E+11,HDFC8722039
SELL3639,Aggarwal-Bhatnagar,aggarwal-bhatnagar8037@gmail.com,+91 77658 23643,21-11-2024,LOC0022,3.2,Groceries,State Bank of India,4.17419E+11,SBIN5674113
SELL3640,"Shenoy, Goda and Koshy",shenoygodaandkoshy5585@gmail.com,+91 86527 80392,29-08-2023,LOC0006,3.1,Beauty,HDFC Bank,3.94691E+13,HDFC1238649
SELL3641,Bali Ltd,baliltd@gmail.com,+91 69423 35164,10-06-2025,LOC0034,1.3,Health,HDFC Bank,6.93108E+13,HDFC8890072
SELL3642,Talwar-Halder,talwar-halder@gmail.com,+91 84270 97649,27-10-2022,LOC0019,1.8,Toys,Axis Bank,26410994286,UTIB8476265
SELL3643,Lalla LLC,lallallc@gmail.com,+91 71286 72160,29-07-2021,LOC0066,3.4,Beauty,State Bank of India,136925338,SBIN4873409
SELL3644,Tara-Shah,tara-shah2568@gmail.com,+91 65373 76014,22-01-2023,LOC0074,2.7,Health,Union Bank of India,4637063432,UBIN5829320
SELL3645,Solanki and Sons,solankiandsons6744@gmail.com,+91 69576 05348,09-04-2024,LOC0038,2.6,Pets,Canara Bank,4.95803E+12,CNRB6333470
SELL3646,Balakrishnan-Wali,balakrishnan-wali@gmail.com,+91 96041 82133,28-08-2021,LOC0062,2,Home,Punjab National Bank,44075568871,PUNB1241759
SELL3647,"Sahni, Kumer and Ghosh",sahnikumerandghosh9966@gmail.com,+91 80701 41741,17-12-2023,LOC0065,3.3,Home,Canara Bank,8.1975E+11,CNRB6324080
SELL3648,Majumdar Group,majumdargroup@gmail.com,+91 94745 32165,15-03-2024,LOC0021,4.3,Automotive,IndusInd Bank,4.793E+13,INDB7782679
SELL3649,Bandi-Deshmukh,bandi-deshmukh@gmail.com,+91 88989 90370,19-05-2022,LOC0094,2,Footwear,Axis Bank,62343533824,UTIB3934983
SELL3650,Mahal-Hora,mahal-hora@gmail.com,+91 86433 28768,23-03-2024,LOC0051,4.1,Office Supplies,HDFC Bank,7.25228E+13,HDFC3733021
SELL3651,Yogi Ltd,yogiltd@gmail.com,+91 62396 15475,13-06-2021,LOC0047,2.7,Office Supplies,Axis Bank,2210087835,UTIB5739743
SELL3652,Gulati-Manda,gulati-manda@gmail.com,+91 96670 73357,23-04-2021,LOC0029,1.9,Beauty,Union Bank of India,54921486714,UBIN6161606
SELL3653,"Ranganathan, Deo and Rajagopalan",ranganathandeoandrajagopalan@gmail.com,+91 88089 84948,26-07-2022,LOC0010,4.3,Groceries,Bank of Baroda,6.96234E+12,BARB3776419
SELL3654,"Dube, Walla and Dixit",dubewallaanddixit@gmail.com,+91 94946 62295,06-12-2025,LOC0073,4.9,Groceries,State Bank of India,2826644114,SBIN4447122
SELL3655,Dhaliwal-Reddy,dhaliwal-reddy@gmail.com,+91 70688 61078,30-06-2025,LOC0001,2.8,Sports,Kotak Mahindra Bank,82656683823,KKBK6886121
SELL3656,Venkataraman and Sons,venkataramanandsons@gmail.com,+91 72740 92117,06-04-2022,LOC0056,4,Groceries,Bank of Baroda,79346954064,BARB7139227
SELL3657,"Hayre, Vasa and Jani",hayrevasaandjani8287@gmail.com,+91 74374 44767,06-12-2023,LOC0044,2.2,Office Supplies,ICICI Bank,7.79925E+12,ICIC6078359
SELL3658,Som-Dave,som-dave@gmail.com,+91 62593 45414,10-07-2023,LOC0044,1.9,Sports,Axis Bank,6.91701E+11,UTIB7345456
SELL3659,Raman Inc,ramaninc2178@gmail.com,+91 62847 70043,05-07-2023,LOC0082,4.8,Footwear,Bank of Baroda,4.32888E+12,BARB5607082
SELL3660,"Behl, Mander and Ranganathan",behlmanderandranganathan@gmail.com,+91 97910 35923,25-04-2021,LOC0038,1.4,Bags & Luggage,HDFC Bank,3.63938E+11,HDFC6047237
SELL3661,"Shankar, Kaul and Sathe",shankarkaulandsathe@gmail.com,+91 95144 05828,09-01-2022,LOC0072,4,Beauty,Kotak Mahindra Bank,7841849670,KKBK4571682
SELL3662,Vig Inc,viginc8697@gmail.com,+91 68336 90484,23-04-2024,LOC0006,4.6,Books,Bank of Baroda,48801250071,BARB4873191
SELL3663,Arora LLC,arorallc@gmail.com,+91 68316 29442,16-01-2026,LOC0022,3,Baby,IndusInd Bank,7.27444E+12,INDB8935217
SELL3664,"Jayaraman, Butala and Zachariah",jayaramanbutalaandzachariah4002@gmail.com,+91 95260 90431,14-04-2025,LOC0093,2.4,Jewellery,Bank of Baroda,3.47347E+13,BARB1394507
SELL3665,Rao-Majumdar,rao-majumdar6353@gmail.com,+91 89967 35252,07-06-2022,LOC0075,4.7,Office Supplies,HDFC Bank,1.07281E+12,HDFC9701235
SELL3666,"Jani, Choudhary and Bedi",janichoudharyandbedi1142@gmail.com,+91 84453 60410,09-10-2023,LOC0059,4.6,Health,ICICI Bank,4.40644E+12,ICIC1629633
SELL3667,Sankaran-Gola,sankaran-gola@gmail.com,+91 85454 98661,26-03-2024,LOC0071,1.9,Stationery,Punjab National Bank,8.06848E+13,PUNB2935779
SELL3668,Sant-Sundaram,sant-sundaram@gmail.com,+91 67510 90686,15-11-2023,LOC0073,1.1,Music & Instruments,Union Bank of India,6832795070,UBIN9120846
SELL3669,Banik-Amble,banik-amble@gmail.com,+91 60632 37560,30-12-2021,LOC0109,2.2,Baby,ICICI Bank,7234319131,ICIC8178878
SELL3670,"Iyengar, Char and Wali",iyengarcharandwali5606@gmail.com,+91 81522 08119,06-05-2021,LOC0054,3.1,Office Supplies,Kotak Mahindra Bank,9.45535E+11,KKBK4009695
SELL3671,"Toor, Sant and Tata",toorsantandtata@gmail.com,+91 93226 26303,11-12-2023,LOC0079,4.4,Groceries,Bank of Baroda,5980464198,BARB6758109
SELL3672,Balay-Dyal,balay-dyal@gmail.com,+91 96320 24881,16-10-2024,LOC0042,3.6,Gaming,ICICI Bank,62215947721,ICIC1799511
SELL3673,Doshi-Rege,doshi-rege@gmail.com,+91 76283 03325,29-06-2024,LOC0014,3.9,Music & Instruments,ICICI Bank,6.54188E+11,ICIC6920262
SELL3674,"Bawa, Hora and Chatterjee",bawahoraandchatterjee@gmail.com,+91 96004 26393,16-12-2025,LOC0090,2.7,Baby,Bank of Baroda,9.58205E+13,BARB4845811
SELL3675,Kothari-Chadha,kothari-chadha@gmail.com,+91 69632 66468,30-03-2024,LOC0001,1,Stationery,State Bank of India,5.44855E+11,SBIN5147196
SELL3676,Kothari and Sons,kothariandsons@gmail.com,+91 74205 82657,13-12-2021,LOC0109,4.7,Groceries,Kotak Mahindra Bank,7.39625E+11,KKBK4283407
SELL3677,"Goel, Kapoor and Mahal",goelkapoorandmahal@gmail.com,+91 76444 54077,02-05-2025,LOC0061,3.5,Beauty,Union Bank of India,6.20003E+13,UBIN3974327
SELL3678,Gole-Randhawa,gole-randhawa@gmail.com,+91 79060 51501,09-11-2022,LOC0053,1.4,Footwear,Bank of Baroda,8.77128E+12,BARB4008382
SELL3679,"Koshy, Choudhary and Cheema",koshychoudharyandcheema8045@gmail.com,+91 99118 60549,09-07-2024,LOC0060,3.9,Health,Bank of Baroda,2.32256E+12,BARB7188367
SELL3680,"Joshi, Wali and Ramachandran",joshiwaliandramachandran@gmail.com,+91 92082 34626,18-01-2025,LOC0049,3.6,Health,Bank of Baroda,4.94386E+13,BARB9225120
SELL3681,Kala Inc,kalainc2784@gmail.com,+91 65389 13901,09-04-2021,LOC0052,4.6,Baby,State Bank of India,1.35607E+11,SBIN1359724
SELL3682,"Kumar, Saha and Varkey",kumarsahaandvarkey@gmail.com,+91 96101 30290,28-06-2024,LOC0050,5,Books,Canara Bank,2.78131E+12,CNRB2912576
SELL3683,Sami and Sons,samiandsons9793@gmail.com,+91 64910 36616,31-08-2024,LOC0079,4.2,Footwear,State Bank of India,9.26598E+12,SBIN5784929
SELL3684,Sarraf Group,sarrafgroup4079@gmail.com,+91 92793 38197,26-10-2022,LOC0015,3.1,Home,Punjab National Bank,6.93272E+11,PUNB5997430
SELL3685,"Handa, Basak and Sandhu",handabasakandsandhu5894@gmail.com,+91 97216 50398,19-08-2023,LOC0096,2.8,Toys,Axis Bank,4.72604E+13,UTIB2806301
SELL3686,Sani LLC,sanillc@gmail.com,+91 93571 53555,03-07-2023,LOC0033,4.5,Footwear,Union Bank of India,5.31893E+12,UBIN9142293
SELL3687,Rege-Chaudhuri,rege-chaudhuri2030@gmail.com,+91 75599 61803,04-09-2025,LOC0047,1.2,Groceries,Canara Bank,8.69048E+13,CNRB5074197
SELL3688,Sibal-Lall,sibal-lall9953@gmail.com,+91 61767 96763,08-12-2025,LOC0002,1.5,Gaming,Kotak Mahindra Bank,5413542864,KKBK8625937
SELL3689,"Thakkar, Jha and Goyal",thakkarjhaandgoyal@gmail.com,+91 93320 61150,12-05-2024,LOC0053,1.8,Stationery,HDFC Bank,8604546637,HDFC8448387
SELL3690,Sarin and Sons,sarinandsons7238@gmail.com,+91 64463 16882,09-11-2024,LOC0006,3.2,Stationery,State Bank of India,6.17061E+13,SBIN6117632
SELL3691,Rau LLC,raullc6362@gmail.com,+91 81695 34961,27-06-2025,LOC0007,1.3,Home,HDFC Bank,84897510296,HDFC8820063
SELL3692,Kannan-Kalla,kannan-kalla@gmail.com,+91 85968 68356,22-12-2021,LOC0069,4.1,Stationery,ICICI Bank,7585922951,ICIC2855217
SELL3693,Banik-Sood,banik-sood8951@gmail.com,+91 69329 87264,19-03-2025,LOC0073,4.6,Gaming,Canara Bank,7998777289,CNRB4297958
SELL3694,"Batra, Tiwari and Agate",batratiwariandagate2091@gmail.com,+91 89691 30425,15-02-2025,LOC0033,2.3,Stationery,Axis Bank,64786399879,UTIB3409257
SELL3695,"Agarwal, Ghosh and Bandi",agarwalghoshandbandi6294@gmail.com,+91 90215 62586,15-06-2022,LOC0078,3.7,Stationery,IndusInd Bank,46706625718,INDB4398754
SELL3696,Dayal Inc,dayalinc3238@gmail.com,+91 79818 92417,28-09-2024,LOC0048,4.5,Baby,HDFC Bank,2424263576,HDFC5486538
SELL3697,Kanda and Sons,kandaandsons@gmail.com,+91 61697 16658,22-05-2023,LOC0079,4.1,Health,ICICI Bank,38823142182,ICIC2550903
SELL3698,Sant-Vohra,sant-vohra@gmail.com,+91 86437 85780,27-03-2025,LOC0071,5,Baby,Kotak Mahindra Bank,59852138373,KKBK8494626
SELL3699,Dhingra-Guha,dhingra-guha6345@gmail.com,+91 88151 01290,18-02-2023,LOC0046,1.9,Sports,Union Bank of India,8038247935,UBIN5559129
SELL3700,Chahal-Agarwal,chahal-agarwal@gmail.com,+91 90941 47433,28-08-2022,LOC0044,4.3,Bags & Luggage,IndusInd Bank,7.23947E+11,INDB3829534
SELL3701,"Srinivasan, Sama and Sinha",srinivasansamaandsinha@gmail.com,+91 82944 55308,27-08-2025,LOC0020,4,Groceries,State Bank of India,4.04836E+12,SBIN8259548
SELL3702,Savant PLC,savantplc6321@gmail.com,+91 90389 42550,22-06-2022,LOC0033,2.2,Pets,Kotak Mahindra Bank,1470443503,KKBK3326737
SELL3703,Dhillon-Krish,dhillon-krish@gmail.com,+91 66118 56538,08-08-2022,LOC0041,1.9,Sports,HDFC Bank,1608902421,HDFC9399874
SELL3704,Kale-Garde,kale-garde2426@gmail.com,+91 94907 26249,09-06-2023,LOC0039,1.2,Electronics,IndusInd Bank,2967525396,INDB2751750
SELL3705,Chandra and Sons,chandraandsons@gmail.com,+91 64748 81377,03-09-2023,LOC0086,2.1,Office Supplies,State Bank of India,24936547801,SBIN3681325
SELL3706,Wali-Kumer,wali-kumer@gmail.com,+91 77032 01107,02-06-2024,LOC0016,3,Electronics,Kotak Mahindra Bank,2.49216E+11,KKBK8560512
SELL3707,Goswami Inc,goswamiinc8416@gmail.com,+91 96441 89952,05-07-2023,LOC0107,4.8,Music & Instruments,State Bank of India,7193240616,SBIN8594041
SELL3708,Bobal-Ramachandran,bobal-ramachandran@gmail.com,+91 90311 84780,27-04-2024,LOC0079,4.8,Office Supplies,Axis Bank,9248090068,UTIB9238540
SELL3709,"Arora, Chaudhari and Thakkar",arorachaudhariandthakkar@gmail.com,+91 96646 64076,16-06-2022,LOC0010,1.7,Pets,Union Bank of India,88405933188,UBIN3269393
SELL3710,"Luthra, Choudhry and Din",luthrachoudhryanddin@gmail.com,+91 79037 52311,22-07-2023,LOC0113,1.7,Electronics,State Bank of India,8896896414,SBIN8805022
SELL3711,"Kara, Buch and Kara",karabuchandkara7713@gmail.com,+91 62767 25925,26-03-2024,LOC0023,3.3,Sports,Union Bank of India,25879122842,UBIN4769616
SELL3712,Brahmbhatt LLC,brahmbhattllc1145@gmail.com,+91 97706 29303,12-08-2022,LOC0007,4.3,Gaming,Union Bank of India,62326135884,UBIN9641664
SELL3713,Balasubramanian-Devan,balasubramanian-devan@gmail.com,+91 64147 37743,07-06-2021,LOC0015,2.3,Footwear,State Bank of India,1.46211E+12,SBIN1821572
SELL3714,"Vala, Sethi and Gade",valasethiandgade@gmail.com,+91 84597 75936,22-05-2023,LOC0079,4.9,Electronics,Axis Bank,1.03351E+11,UTIB3854174
SELL3715,Seshadri Group,seshadrigroup6101@gmail.com,+91 94890 41869,14-03-2023,LOC0093,2.9,Automotive,Bank of Baroda,5.99488E+12,BARB2221253
SELL3716,"Master, Halder and Ghosh",masterhalderandghosh@gmail.com,+91 99022 41786,28-08-2024,LOC0066,1.8,Groceries,Bank of Baroda,8.26618E+13,BARB3542143
SELL3717,"Ray, Ranganathan and Sathe",rayranganathanandsathe@gmail.com,+91 96539 37240,20-06-2025,LOC0019,3.4,Baby,State Bank of India,2400748530,SBIN4562214
SELL3718,"Ganesh, Sharma and Rama",ganeshsharmaandrama@gmail.com,+91 79391 85714,22-02-2022,LOC0028,2.3,Clothing,Axis Bank,6899661746,UTIB3777382
SELL3719,Sha-Bhalla,sha-bhalla@gmail.com,+91 63311 67199,22-05-2022,LOC0086,3,Jewellery,Axis Bank,5012778374,UTIB2182756
SELL3720,Badal-Chowdhury,badal-chowdhury@gmail.com,+91 79907 06606,19-01-2023,LOC0101,1.1,Jewellery,State Bank of India,4.26847E+13,SBIN2226349
SELL3721,Ram-Vaidya,ram-vaidya2555@gmail.com,+91 63422 62006,26-03-2022,LOC0006,4.8,Office Supplies,State Bank of India,57933681090,SBIN8215625
SELL3722,"Dutta, Kapadia and Chandra",duttakapadiaandchandra5906@gmail.com,+91 78445 40831,04-12-2024,LOC0068,1.1,Health,Kotak Mahindra Bank,9230345256,KKBK7155502
SELL3723,"Bansal, Sen and Kurian",bansalsenandkurian@gmail.com,+91 75672 84770,15-02-2025,LOC0038,4.4,Clothing,Punjab National Bank,98046330263,PUNB2004461
SELL3724,Bhandari-Brahmbhatt,bhandari-brahmbhatt@gmail.com,+91 70605 50156,01-09-2025,LOC0017,1.6,Bags & Luggage,Kotak Mahindra Bank,6707103466,KKBK3712702
SELL3725,Kamdar-Devan,kamdar-devan@gmail.com,+91 65026 31523,01-09-2022,LOC0103,2.3,Books,ICICI Bank,8.33004E+13,ICIC9891177
SELL3726,Wable Ltd,wableltd@gmail.com,+91 71082 11341,16-11-2022,LOC0096,3.1,Music & Instruments,Union Bank of India,7.17762E+12,UBIN2858580
SELL3727,Virk-Talwar,virk-talwar5665@gmail.com,+91 87753 94787,17-05-2021,LOC0102,2.7,Home,Axis Bank,3.5577E+12,UTIB4237043
SELL3728,Sinha Inc,sinhainc@gmail.com,+91 79210 10544,31-08-2024,LOC0051,1.2,Stationery,Axis Bank,9.28686E+13,UTIB7994400
SELL3729,"Soni, Acharya and Upadhyay",soniacharyaandupadhyay@gmail.com,+91 77737 31196,14-02-2022,LOC0042,3.9,Footwear,ICICI Bank,6.43287E+11,ICIC3213086
SELL3730,"Acharya, Agarwal and Singhal",acharyaagarwalandsinghal2172@gmail.com,+91 88240 04665,05-07-2022,LOC0065,3.8,Electronics,HDFC Bank,3.3065E+11,HDFC9051592
SELL3731,Tank LLC,tankllc@gmail.com,+91 76741 56726,22-07-2021,LOC0019,2.1,Beauty,IndusInd Bank,42923524897,INDB1428100
SELL3732,"Sankar, Cherian and Kibe",sankarcherianandkibe@gmail.com,+91 92793 40545,28-01-2025,LOC0052,4.2,Music & Instruments,Punjab National Bank,1.0655E+12,PUNB1359202
SELL3733,"Balasubramanian, Ramanathan and Sandhu",balasubramanianramanathanandsandhu@gmail.com,+91 74101 56851,17-06-2021,LOC0086,3.9,Sports,HDFC Bank,8.60597E+12,HDFC2442492
SELL3734,Dutta LLC,duttallc@gmail.com,+91 79006 07209,30-09-2025,LOC0058,4,Sports,Union Bank of India,6.00955E+12,UBIN4608759
SELL3735,Brahmbhatt-Chhabra,brahmbhatt-chhabra@gmail.com,+91 87251 00520,08-06-2024,LOC0007,4.3,Automotive,HDFC Bank,14292370547,HDFC4773939
SELL3736,Barad PLC,baradplc6423@gmail.com,+91 85984 22905,12-05-2021,LOC0048,2.9,Footwear,Kotak Mahindra Bank,6.90344E+13,KKBK7691894
SELL3737,"Kara, Bumb and Gill",karabumbandgill@gmail.com,+91 99987 49699,19-04-2022,LOC0110,3.3,Office Supplies,Kotak Mahindra Bank,9.64768E+12,KKBK9822415
SELL3738,"Varghese, Srinivas and Dora",varghesesrinivasanddora@gmail.com,+91 86496 41374,20-02-2026,LOC0093,3.5,Jewellery,HDFC Bank,34255487242,HDFC2005962
SELL3739,Behl Inc,behlinc@gmail.com,+91 69886 33429,20-01-2023,LOC0080,2.3,Groceries,Bank of Baroda,86667225578,BARB8770783
SELL3740,Divan-Suri,divan-suri@gmail.com,+91 85909 11738,22-02-2023,LOC0042,4.2,Books,Punjab National Bank,9.57631E+12,PUNB2691407
SELL3741,Butala-Srivastava,butala-srivastava7672@gmail.com,+91 67675 84637,12-04-2025,LOC0033,3.5,Pets,ICICI Bank,5487347899,ICIC1773378
SELL3742,Bora-Tak,bora-tak@gmail.com,+91 92235 31231,25-06-2023,LOC0071,4.9,Home,ICICI Bank,9.96564E+12,ICIC9795694
SELL3743,Keer-Lall,keer-lall@gmail.com,+91 80023 74520,12-08-2023,LOC0071,3.5,Office Supplies,HDFC Bank,7081787191,HDFC3265682
SELL3744,"Sehgal, Sridhar and Chaudry",sehgalsridharandchaudry@gmail.com,+91 70837 08628,27-09-2023,LOC0078,2.8,Home,ICICI Bank,4.05924E+12,ICIC4049560
SELL3745,"Dave, Shanker and Kibe",daveshankerandkibe9669@gmail.com,+91 76277 73831,18-08-2025,LOC0039,2,Clothing,HDFC Bank,2265772089,HDFC7936112
SELL3746,Bera-Dayal,bera-dayal7672@gmail.com,+91 68780 12319,21-09-2024,LOC0079,1.6,Sports,ICICI Bank,50867366779,ICIC6603798
SELL3747,"Maharaj, Dhawan and Sem",maharajdhawanandsem@gmail.com,+91 69584 12250,07-04-2025,LOC0050,3.3,Books,Axis Bank,5.94705E+11,UTIB5443404
SELL3748,"Borra, Dey and Shenoy",borradeyandshenoy@gmail.com,+91 98224 87148,07-10-2024,LOC0112,2.4,Pets,ICICI Bank,2.74271E+11,ICIC6015478
SELL3749,"Sangha, Srinivas and Dey",sanghasrinivasanddey@gmail.com,+91 64062 33736,17-11-2023,LOC0036,2,Books,Bank of Baroda,6.52265E+13,BARB7095356
SELL3750,"Iyengar, Issac and Barad",iyengarissacandbarad@gmail.com,+91 96549 30975,03-08-2025,LOC0100,1.7,Footwear,State Bank of India,6.64886E+12,SBIN2258041
SELL3751,"Bhatia, Keer and Barad",bhatiakeerandbarad@gmail.com,+91 75257 82161,04-08-2021,LOC0099,2.6,Stationery,State Bank of India,20960886665,SBIN5114886
SELL3752,Bal-Barad,bal-barad@gmail.com,+91 61763 77793,10-12-2023,LOC0026,1.6,Music & Instruments,Canara Bank,80230232801,CNRB1379235
SELL3753,Shukla Group,shuklagroup@gmail.com,+91 89259 61668,01-10-2022,LOC0038,4.3,Books,Punjab National Bank,2527718461,PUNB9417891
SELL3754,Andra-Bhattacharyya,andra-bhattacharyya@gmail.com,+91 95459 42363,04-07-2023,LOC0004,1,Clothing,IndusInd Bank,8.60809E+13,INDB9052294
SELL3755,Brar-Swamy,brar-swamy@gmail.com,+91 81452 40147,17-10-2025,LOC0060,2.9,Stationery,Bank of Baroda,7673168516,BARB8697337
SELL3756,Kannan-Dayal,kannan-dayal@gmail.com,+91 83735 32518,06-08-2021,LOC0102,4.7,Books,IndusInd Bank,8.4096E+11,INDB1476611
SELL3757,Gupta-Sidhu,gupta-sidhu1446@gmail.com,+91 76740 46248,04-04-2025,LOC0007,2.3,Music & Instruments,HDFC Bank,7157742604,HDFC2010081
SELL3758,Butala Ltd,butalaltd@gmail.com,+91 81142 25669,03-05-2024,LOC0079,4.1,Groceries,Bank of Baroda,3.21675E+12,BARB2211280
SELL3759,Biswas-Choudhry,biswas-choudhry@gmail.com,+91 61152 65784,12-08-2025,LOC0007,1.3,Stationery,Axis Bank,8.6519E+11,UTIB7028572
SELL3760,Loyal Inc,loyalinc@gmail.com,+91 69197 01612,04-02-2023,LOC0110,1.8,Office Supplies,IndusInd Bank,5.62252E+13,INDB5395865
SELL3761,Kala Inc,kalainc4383@gmail.com,+91 87349 00562,16-01-2024,LOC0066,3.3,Jewellery,IndusInd Bank,3.85379E+12,INDB4589600
SELL3762,Sami-Dhar,sami-dhar6524@gmail.com,+91 78080 03325,09-10-2025,LOC0108,1.2,Jewellery,Axis Bank,2.33487E+11,UTIB8560360
SELL3763,"Biswas, Goda and Lad",biswasgodaandlad@gmail.com,+91 62557 79742,11-09-2023,LOC0081,3.5,Footwear,Punjab National Bank,5.53057E+13,PUNB5937273
SELL3764,"Grewal, Venkatesh and Kannan",grewalvenkateshandkannan6308@gmail.com,+91 91952 33859,17-04-2021,LOC0048,1,Baby,Axis Bank,1931063438,UTIB1636911
SELL3765,"Chander, Kale and Tak",chanderkaleandtak@gmail.com,+91 69845 72746,08-05-2023,LOC0007,4.1,Pets,Kotak Mahindra Bank,4.79074E+13,KKBK8467347
SELL3766,Ratta Group,rattagroup4124@gmail.com,+91 63299 07715,17-04-2024,LOC0044,2.7,Jewellery,Kotak Mahindra Bank,54874211160,KKBK6486938
SELL3767,"Dass, Venkataraman and Seth",dassvenkataramanandseth@gmail.com,+91 95128 98203,27-01-2025,LOC0078,1.7,Clothing,Union Bank of India,3539757207,UBIN9263737
SELL3768,Jha-Kala,jha-kala@gmail.com,+91 87411 72322,04-11-2021,LOC0064,1.7,Health,State Bank of India,8.57743E+11,SBIN7733104
SELL3769,"Agrawal, Soni and Banerjee",agrawalsoniandbanerjee@gmail.com,+91 85367 05987,05-09-2025,LOC0015,1.9,Bags & Luggage,HDFC Bank,6.90129E+13,HDFC4274825
SELL3770,Korpal-Mangal,korpal-mangal@gmail.com,+91 78242 69715,04-11-2022,LOC0003,2.8,Gaming,HDFC Bank,4.75771E+12,HDFC4673372
SELL3771,Shan-Magar,shan-magar4257@gmail.com,+91 69051 94158,17-07-2022,LOC0014,4.3,Music & Instruments,Bank of Baroda,1728989279,BARB5313836
SELL3772,Krishnamurthy Ltd,krishnamurthyltd@gmail.com,+91 93631 74586,04-03-2024,LOC0007,3.8,Books,Canara Bank,1951656412,CNRB8554758
SELL3773,Reddy LLC,reddyllc7943@gmail.com,+91 92050 93094,25-01-2022,LOC0050,3.1,Electronics,ICICI Bank,8068103278,ICIC8777914
SELL3774,Raval-Mannan,raval-mannan2027@gmail.com,+91 77976 04079,21-01-2023,LOC0013,2.2,Health,Union Bank of India,6.19521E+13,UBIN3484133
SELL3775,Sangha LLC,sanghallc@gmail.com,+91 86090 03487,06-07-2023,LOC0086,4.4,Jewellery,ICICI Bank,5.241E+13,ICIC5614819
SELL3776,Sidhu PLC,sidhuplc7538@gmail.com,+91 96844 63672,28-03-2023,LOC0020,1.8,Groceries,Kotak Mahindra Bank,77610161511,KKBK1878203
SELL3777,"Kalla, Doshi and Kannan",kalladoshiandkannan@gmail.com,+91 85870 70521,17-03-2024,LOC0053,1.2,Automotive,Punjab National Bank,5176633033,PUNB1164337
SELL3778,Rama Inc,ramainc84@gmail.com,+91 71341 78914,07-02-2025,LOC0081,2.6,Clothing,IndusInd Bank,1.31909E+13,INDB4356455
SELL3779,Deshmukh PLC,deshmukhplc@gmail.com,+91 75832 66959,09-07-2025,LOC0087,4.2,Groceries,Punjab National Bank,6.32376E+13,PUNB4305332
SELL3780,"Subramaniam, Rajagopalan and Balan",subramaniamrajagopalanandbalan@gmail.com,+91 88094 29047,27-01-2023,LOC0104,3.4,Books,Punjab National Bank,9382249211,PUNB3642538
SELL3781,Thakkar LLC,thakkarllc8563@gmail.com,+91 99795 45737,08-09-2022,LOC0098,4.9,Home,Bank of Baroda,65863076168,BARB9955174
SELL3782,Shukla and Sons,shuklaandsons6122@gmail.com,+91 97671 59931,22-05-2023,LOC0074,3.7,Office Supplies,State Bank of India,9.71553E+11,SBIN6186328
SELL3783,Upadhyay Inc,upadhyayinc2666@gmail.com,+91 98521 58024,04-04-2023,LOC0043,4,Clothing,Punjab National Bank,8434053157,PUNB1687493
SELL3784,Issac-Aggarwal,issac-aggarwal@gmail.com,+91 65190 23419,29-05-2025,LOC0064,4.4,Electronics,Union Bank of India,25453656242,UBIN3256024
SELL3785,"Varughese, Mahal and Ramachandran",varughesemahalandramachandran3649@gmail.com,+91 73506 59146,18-07-2024,LOC0034,1.8,Clothing,State Bank of India,74118083466,SBIN4957717
SELL3786,"Sheth, Lad and Mandal",shethladandmandal@gmail.com,+91 61058 43016,07-05-2024,LOC0027,3.5,Bags & Luggage,Canara Bank,5.9912E+11,CNRB6121651
SELL3787,Choudhury-Viswanathan,choudhury-viswanathan@gmail.com,+91 60021 62465,17-10-2022,LOC0031,3.2,Clothing,Kotak Mahindra Bank,78390829392,KKBK6448709
SELL3788,"Dugal, Chawla and Acharya",dugalchawlaandacharya44@gmail.com,+91 65646 34423,03-07-2023,LOC0074,4.1,Jewellery,HDFC Bank,1429636010,HDFC5685826
SELL3789,Dhillon Inc,dhilloninc@gmail.com,+91 69622 50341,17-05-2024,LOC0036,3.6,Music & Instruments,IndusInd Bank,82774668392,INDB2728721
SELL3790,Agarwal-Sarin,agarwal-sarin7615@gmail.com,+91 72957 46179,22-03-2023,LOC0016,3.1,Books,IndusInd Bank,28158239709,INDB2973211
SELL3791,"Loyal, Sethi and Rattan",loyalsethiandrattan2593@gmail.com,+91 79051 21104,20-06-2021,LOC0057,2.7,Baby,IndusInd Bank,4.33761E+13,INDB7733470
SELL3792,Tara-Sampath,tara-sampath@gmail.com,+91 69130 37498,22-01-2024,LOC0041,4.6,Automotive,IndusInd Bank,8.09928E+13,INDB3738370
SELL3793,Boase Group,boasegroup1555@gmail.com,+91 85245 58152,03-05-2025,LOC0096,1.6,Sports,State Bank of India,14683324763,SBIN2330172
SELL3794,"Balakrishnan, Rout and Dugar",balakrishnanroutanddugar3841@gmail.com,+91 66878 38578,07-03-2022,LOC0101,4.9,Pets,Union Bank of India,77421875583,UBIN5956458
SELL3795,Shenoy-Char,shenoy-char@gmail.com,+91 85178 08961,18-01-2025,LOC0064,3.1,Electronics,Kotak Mahindra Bank,4.44068E+11,KKBK2979257
SELL3796,"Devi, Manne and Jha",devimanneandjha@gmail.com,+91 82969 06091,28-11-2021,LOC0112,4.9,Music & Instruments,HDFC Bank,91639437074,HDFC3510805
SELL3797,Doctor-Mani,doctor-mani@gmail.com,+91 66559 36966,10-04-2021,LOC0077,1.9,Gaming,Canara Bank,9.91984E+13,CNRB9176774
SELL3798,Bhasin-Khatri,bhasin-khatri1242@gmail.com,+91 86731 04409,13-09-2021,LOC0024,4.6,Electronics,Bank of Baroda,6.14643E+13,BARB4505000
SELL3799,Sankar-Dass,sankar-dass3807@gmail.com,+91 80742 02966,02-02-2023,LOC0054,2.3,Pets,IndusInd Bank,7.52215E+12,INDB4683624
SELL3800,"Korpal, Kapur and Sehgal",korpalkapurandsehgal@gmail.com,+91 64954 42718,05-04-2023,LOC0016,3.3,Music & Instruments,Axis Bank,2.73458E+11,UTIB8518614
SELL3801,Andra-Dixit,andra-dixit7766@gmail.com,+91 80963 01016,11-09-2021,LOC0049,1.7,Pets,ICICI Bank,72702243845,ICIC6223201
SELL3802,Majumdar Inc,majumdarinc@gmail.com,+91 61044 56817,16-11-2025,LOC0068,1.2,Stationery,State Bank of India,32353741884,SBIN8248529
SELL3803,"Bhandari, Bhagat and Balasubramanian",bhandaribhagatandbalasubramanian5939@gmail.com,+91 86080 27002,24-12-2022,LOC0046,4.5,Groceries,Canara Bank,44983348170,CNRB4883405
SELL3804,Wadhwa-Deo,wadhwa-deo7567@gmail.com,+91 65442 74005,03-08-2024,LOC0105,2.7,Automotive,Axis Bank,2.96369E+13,UTIB2400203
SELL3805,Aggarwal-Rau,aggarwal-rau5221@gmail.com,+91 93468 59352,25-03-2026,LOC0086,2,Footwear,Canara Bank,4.10749E+12,CNRB6396298
SELL3806,"Bawa, Sen and Balakrishnan",bawasenandbalakrishnan@gmail.com,+91 65145 71044,24-04-2025,LOC0070,2.1,Groceries,HDFC Bank,8.36517E+11,HDFC1316485
SELL3807,Deo Inc,deoinc@gmail.com,+91 66615 61187,02-01-2023,LOC0080,4.2,Pets,Punjab National Bank,40129654125,PUNB6701435
SELL3808,Solanki-Kapadia,solanki-kapadia@gmail.com,+91 61435 79427,12-11-2021,LOC0103,3.5,Beauty,HDFC Bank,3.80908E+11,HDFC8643407
SELL3809,"Hora, Sastry and Bose",horasastryandbose@gmail.com,+91 75295 88711,03-10-2021,LOC0063,2.2,Groceries,IndusInd Bank,4.64353E+11,INDB4622056
SELL3810,Shankar-Khanna,shankar-khanna@gmail.com,+91 72629 53411,15-07-2025,LOC0074,4.3,Toys,Union Bank of India,7.09636E+13,UBIN8270099
SELL3811,Char LLC,charllc5949@gmail.com,+91 71188 19137,02-07-2023,LOC0069,2.9,Sports,Punjab National Bank,24686152905,PUNB2699787
SELL3812,Thaman-Boase,thaman-boase124@gmail.com,+91 87049 95746,24-06-2021,LOC0085,3.1,Music & Instruments,Union Bank of India,4.09446E+12,UBIN8134611
SELL3813,Tripathi and Sons,tripathiandsons8352@gmail.com,+91 73790 65309,06-10-2022,LOC0080,3.7,Beauty,HDFC Bank,3.57785E+12,HDFC8708914
SELL3814,Bhatti-Sampath,bhatti-sampath5875@gmail.com,+91 75231 16362,06-05-2023,LOC0005,3.5,Stationery,Canara Bank,5667418797,CNRB8936765
SELL3815,"Chhabra, Keer and Date",chhabrakeeranddate8284@gmail.com,+91 88930 12643,20-02-2024,LOC0088,2.9,Gaming,Punjab National Bank,8.9829E+12,PUNB2444937
SELL3816,Chaudhry LLC,chaudhryllc8843@gmail.com,+91 96321 70604,17-09-2022,LOC0046,1.6,Footwear,Canara Bank,20931315572,CNRB7008255
SELL3817,Manne-Sunder,manne-sunder4358@gmail.com,+91 77147 01124,23-01-2026,LOC0064,1.3,Health,State Bank of India,28435742579,SBIN5564361
SELL3818,Bir-Dani,bir-dani8173@gmail.com,+91 79758 28325,15-02-2024,LOC0035,1.8,Toys,Axis Bank,9.37617E+11,UTIB8985152
SELL3819,"Kadakia, Deep and Khatri",kadakiadeepandkhatri@gmail.com,+91 78371 67774,03-09-2024,LOC0090,1.5,Jewellery,Bank of Baroda,82687495165,BARB2972815
SELL3820,Baria-Toor,baria-toor@gmail.com,+91 65515 17928,11-11-2021,LOC0086,3,Office Supplies,Kotak Mahindra Bank,8.81575E+11,KKBK1055327
SELL3821,Dixit-Bhattacharyya,dixit-bhattacharyya@gmail.com,+91 99319 72118,14-08-2023,LOC0081,2.8,Toys,Kotak Mahindra Bank,1993452998,KKBK2540887
SELL3822,Chander-Yohannan,chander-yohannan5913@gmail.com,+91 93798 81773,07-02-2025,LOC0103,2.8,Music & Instruments,Axis Bank,2733063531,UTIB6052674
SELL3823,Ram and Sons,ramandsons9635@gmail.com,+91 96429 42541,27-11-2024,LOC0064,1.6,Gaming,State Bank of India,3.9996E+12,SBIN9738509
SELL3824,Swamy-Tata,swamy-tata3497@gmail.com,+91 99588 94335,24-03-2023,LOC0043,1.5,Automotive,State Bank of India,8.12707E+13,SBIN3414511
SELL3825,Mand LLC,mandllc@gmail.com,+91 73421 48019,25-01-2024,LOC0047,3.9,Automotive,State Bank of India,3.04914E+11,SBIN7603315
SELL3826,Agarwal-Sibal,agarwal-sibal@gmail.com,+91 77387 56703,03-03-2025,LOC0039,3.4,Beauty,HDFC Bank,5430713543,HDFC3532366
SELL3827,"Gala, Bajwa and Date",galabajwaanddate@gmail.com,+91 61326 17071,12-04-2025,LOC0081,2.7,Pets,Axis Bank,1.95609E+11,UTIB7618710
SELL3828,Chanda PLC,chandaplc@gmail.com,+91 73254 16528,02-01-2024,LOC0078,4,Gaming,Union Bank of India,1.00803E+11,UBIN4896090
SELL3829,Sankaran LLC,sankaranllc1307@gmail.com,+91 97576 79301,21-05-2025,LOC0092,1.7,Toys,Union Bank of India,1.02485E+11,UBIN1416351
SELL3830,"Gola, Sahota and Chandra",golasahotaandchandra945@gmail.com,+91 94603 54436,20-10-2022,LOC0101,3.4,Baby,HDFC Bank,1.20299E+13,HDFC1638638
SELL3831,Borah-Savant,borah-savant@gmail.com,+91 88999 59025,28-10-2021,LOC0025,3.3,Pets,HDFC Bank,2.22844E+11,HDFC9647077
SELL3832,Mahajan Group,mahajangroup8506@gmail.com,+91 99892 19697,30-09-2021,LOC0079,2.2,Footwear,IndusInd Bank,2.16592E+12,INDB6738339
SELL3833,Butala Group,butalagroup7107@gmail.com,+91 92673 57895,05-04-2022,LOC0084,1.5,Sports,ICICI Bank,5338722660,ICIC5703766
SELL3834,"Anand, Banik and Kuruvilla",anandbanikandkuruvilla@gmail.com,+91 87006 83700,06-05-2025,LOC0088,4.8,Music & Instruments,Union Bank of India,9.23108E+13,UBIN7981250
SELL3835,Chacko-Virk,chacko-virk3402@gmail.com,+91 81384 15418,24-08-2025,LOC0080,3.2,Automotive,IndusInd Bank,5.28789E+13,INDB5148846
SELL3836,Singhal-Karnik,singhal-karnik4003@gmail.com,+91 68965 31286,17-08-2023,LOC0074,2.8,Jewellery,Axis Bank,71528990658,UTIB5333809
SELL3837,Deo-Sarma,deo-sarma4681@gmail.com,+91 86550 88510,05-07-2023,LOC0018,4.8,Toys,ICICI Bank,8.61835E+11,ICIC7949009
SELL3838,Lalla and Sons,lallaandsons8678@gmail.com,+91 84928 76227,15-09-2022,LOC0113,4.8,Footwear,Punjab National Bank,7.36922E+11,PUNB7378072
SELL3839,Bhat-Kar,bhat-kar@gmail.com,+91 60008 72411,24-07-2023,LOC0099,1.1,Pets,Canara Bank,8.49841E+11,CNRB9963704
SELL3840,Bhatt-Ravi,bhatt-ravi@gmail.com,+91 93923 95423,19-05-2023,LOC0109,4.2,Pets,Canara Bank,7.61531E+11,CNRB6529622
SELL3841,Dixit-Dhaliwal,dixit-dhaliwal1782@gmail.com,+91 95998 46077,02-12-2022,LOC0082,2.5,Clothing,IndusInd Bank,66575486690,INDB2306911
SELL3842,"Swaminathan, Chadha and Khanna",swaminathanchadhaandkhanna@gmail.com,+91 86100 68099,20-09-2021,LOC0077,2.3,Beauty,Canara Bank,8.31141E+12,CNRB9086095
SELL3843,Keer Inc,keerinc5359@gmail.com,+91 70063 68648,28-08-2025,LOC0015,2.6,Electronics,Punjab National Bank,6.66125E+13,PUNB1441684
SELL3844,Chaudhry-Kapur,chaudhry-kapur@gmail.com,+91 93539 74295,14-05-2022,LOC0099,2.5,Pets,ICICI Bank,5.94928E+11,ICIC9490583
SELL3845,Srivastava-Bumb,srivastava-bumb@gmail.com,+91 74766 78533,22-07-2022,LOC0061,4.4,Home,Canara Bank,5938805961,CNRB4897746
SELL3846,"Srinivas, Walla and Kala",srinivaswallaandkala@gmail.com,+91 66567 91983,01-04-2026,LOC0048,1.5,Health,Axis Bank,4.60995E+13,UTIB8449815
SELL3847,Bora and Sons,boraandsons@gmail.com,+91 60810 52099,11-05-2021,LOC0003,2.2,Office Supplies,HDFC Bank,1846282395,HDFC7603410
SELL3848,Gade-Chawla,gade-chawla535@gmail.com,+91 86308 08187,10-04-2024,LOC0010,2,Footwear,Union Bank of India,3.50034E+13,UBIN6029390
SELL3849,"Ranganathan, Behl and Dave",ranganathanbehlanddave9625@gmail.com,+91 77207 50304,28-04-2024,LOC0081,3.3,Electronics,Union Bank of India,4.43713E+13,UBIN6758229
SELL3850,"Divan, Tank and Bose",divantankandbose5122@gmail.com,+91 85505 75264,27-09-2021,LOC0055,3.2,Clothing,Union Bank of India,9.83873E+11,UBIN2000629
SELL3851,Iyengar-Sunder,iyengar-sunder@gmail.com,+91 68099 05029,06-06-2021,LOC0105,3.2,Footwear,Canara Bank,6.22209E+13,CNRB4559028
SELL3852,"Bhatnagar, Chaudhari and Chadha",bhatnagarchaudhariandchadha@gmail.com,+91 76303 24594,06-02-2025,LOC0016,3.4,Office Supplies,State Bank of India,9.02665E+11,SBIN3400843
SELL3853,Bansal-Koshy,bansal-koshy4812@gmail.com,+91 83050 49345,25-03-2023,LOC0032,4.1,Bags & Luggage,Union Bank of India,67003050663,UBIN7568277
SELL3854,Varughese-Gopal,varughese-gopal@gmail.com,+91 73614 59891,24-09-2024,LOC0075,2.8,Health,Axis Bank,2.17803E+12,UTIB6395847
SELL3855,Bava-Goyal,bava-goyal@gmail.com,+91 98656 70370,14-08-2022,LOC0026,2.5,Gaming,IndusInd Bank,1895274838,INDB8802499
SELL3856,"Sarkar, Mann and Babu",sarkarmannandbabu@gmail.com,+91 67133 21118,30-12-2024,LOC0069,2.2,Electronics,Canara Bank,4.35258E+11,CNRB5494632
SELL3857,"Bajwa, Bajaj and Hari",bajwabajajandhari@gmail.com,+91 91560 87097,22-10-2025,LOC0103,3.6,Bags & Luggage,Union Bank of India,9.30393E+13,UBIN1119064
SELL3858,Grover and Sons,groverandsons3617@gmail.com,+91 96986 28370,06-05-2023,LOC0037,2.5,Toys,Kotak Mahindra Bank,3288081426,KKBK9841444
SELL3859,Bir Inc,birinc5581@gmail.com,+91 77036 01372,04-07-2025,LOC0003,2.3,Clothing,ICICI Bank,4891131022,ICIC1568563
SELL3860,Kale Ltd,kaleltd@gmail.com,+91 60087 02370,04-07-2024,LOC0105,3.6,Clothing,Union Bank of India,4.58976E+11,UBIN7754776
SELL3861,"Johal, Arora and Viswanathan",johalaroraandviswanathan1564@gmail.com,+91 84218 24235,24-06-2023,LOC0012,2.7,Baby,Canara Bank,4.50931E+11,CNRB3684074
SELL3862,Chhabra-Arora,chhabra-arora@gmail.com,+91 91419 90735,19-07-2025,LOC0113,3,Gaming,ICICI Bank,6.19956E+12,ICIC6499138
SELL3863,"Cherian, Rajan and Wali",cherianrajanandwali@gmail.com,+91 71262 86268,21-07-2025,LOC0081,1.7,Clothing,IndusInd Bank,8302050965,INDB1362460
SELL3864,"Kaul, Ratti and Lanka",kaulrattiandlanka@gmail.com,+91 78791 55747,19-07-2022,LOC0011,3.6,Pets,Punjab National Bank,1.23437E+13,PUNB5555700
SELL3865,"Bajaj, Chad and Sangha",bajajchadandsangha5265@gmail.com,+91 82582 72778,01-01-2023,LOC0047,1.4,Gaming,Canara Bank,7.92254E+13,CNRB4890517
SELL3866,Lala PLC,lalaplc@gmail.com,+91 98429 67263,10-02-2023,LOC0099,3.1,Books,ICICI Bank,8.11628E+12,ICIC1094705
SELL3867,"Sheth, Batra and Shankar",shethbatraandshankar@gmail.com,+91 88609 25404,24-11-2023,LOC0015,3,Electronics,Union Bank of India,3.59135E+13,UBIN1927164
SELL3868,"Shere, Dhaliwal and Srivastava",sheredhaliwalandsrivastava@gmail.com,+91 70243 31134,06-11-2025,LOC0014,3.7,Toys,Punjab National Bank,9.1751E+13,PUNB1416287
SELL3869,Lalla-Yogi,lalla-yogi@gmail.com,+91 77586 63145,24-03-2023,LOC0039,3.9,Music & Instruments,Kotak Mahindra Bank,31230984165,KKBK8984077
SELL3870,"Trivedi, Bal and Setty",trivedibalandsetty780@gmail.com,+91 71860 85883,24-09-2021,LOC0061,2.4,Baby,State Bank of India,9.37925E+11,SBIN9187399
SELL3871,Handa Inc,handainc@gmail.com,+91 89854 75467,02-11-2021,LOC0071,3.1,Gaming,HDFC Bank,80164436875,HDFC5337080
SELL3872,Thaman-Dubey,thaman-dubey@gmail.com,+91 67855 96439,09-08-2021,LOC0096,4.1,Groceries,Kotak Mahindra Bank,5.19379E+13,KKBK9152854
SELL3873,Gera Inc,gerainc1236@gmail.com,+91 89144 14680,15-08-2025,LOC0070,1,Music & Instruments,Union Bank of India,2.63061E+11,UBIN7691634
SELL3874,Butala Group,butalagroup@gmail.com,+91 98095 40244,22-08-2024,LOC0070,3.8,Toys,Punjab National Bank,8.97208E+12,PUNB7936372
SELL3875,Ghosh LLC,ghoshllc3008@gmail.com,+91 98695 44174,17-06-2024,LOC0046,2.9,Office Supplies,Axis Bank,8.4016E+11,UTIB8468114
SELL3876,Tiwari-Lal,tiwari-lal305@gmail.com,+91 84690 84621,22-08-2023,LOC0058,4.9,Sports,ICICI Bank,4.29675E+13,ICIC3548667
SELL3877,"Sahota, Agrawal and Barad",sahotaagrawalandbarad@gmail.com,+91 61014 19281,18-04-2022,LOC0084,2.8,Stationery,State Bank of India,2.9051E+13,SBIN6348958
SELL3878,"Babu, Chaudhuri and Sheth",babuchaudhuriandsheth@gmail.com,+91 80378 74105,22-05-2023,LOC0091,3,Groceries,Axis Bank,1.84595E+12,UTIB2487019
SELL3879,Luthra PLC,luthraplc@gmail.com,+91 84608 16249,26-08-2025,LOC0064,2.3,Electronics,IndusInd Bank,5.52897E+12,INDB6722888
SELL3880,Uppal LLC,uppalllc4232@gmail.com,+91 72990 39009,05-10-2021,LOC0027,2.4,Footwear,Kotak Mahindra Bank,1.92086E+12,KKBK1855526
SELL3881,"Shanker, Vohra and Raval",shankervohraandraval8726@gmail.com,+91 88644 01701,22-10-2023,LOC0099,2.8,Home,State Bank of India,8227647399,SBIN6819673
SELL3882,Ranganathan Group,ranganathangroup@gmail.com,+91 63497 20090,15-12-2022,LOC0016,2.4,Beauty,Punjab National Bank,7385055996,PUNB8065801
SELL3883,Swaminathan Group,swaminathangroup@gmail.com,+91 99051 72251,15-09-2021,LOC0070,1.6,Jewellery,Punjab National Bank,5.23059E+11,PUNB1941425
SELL3884,Goda-Char,goda-char3539@gmail.com,+91 93330 73162,09-07-2021,LOC0086,3.9,Health,Punjab National Bank,96803712769,PUNB6616660
SELL3885,Barman Inc,barmaninc4468@gmail.com,+91 68556 82221,27-07-2023,LOC0025,1.1,Electronics,Axis Bank,50291559431,UTIB6642385
SELL3886,Bala-Kari,bala-kari@gmail.com,+91 60844 90454,23-04-2023,LOC0042,3.7,Sports,Kotak Mahindra Bank,40542312037,KKBK3658366
SELL3887,"Thaman, Divan and Batta",thamandivanandbatta8219@gmail.com,+91 93215 18719,09-05-2021,LOC0025,3.9,Footwear,IndusInd Bank,9184687678,INDB6157391
SELL3888,"Jaggi, Dhillon and Walla",jaggidhillonandwalla@gmail.com,+91 61874 25345,13-02-2023,LOC0097,1.4,Jewellery,State Bank of India,95799623111,SBIN1930144
SELL3889,Dhillon LLC,dhillonllc@gmail.com,+91 80065 99841,14-05-2023,LOC0070,3.9,Home,State Bank of India,84091897725,SBIN5251434
SELL3890,Bobal Ltd,boballtd8042@gmail.com,+91 86377 84608,11-08-2021,LOC0108,3.3,Clothing,Canara Bank,21931232300,CNRB9805578
SELL3891,Hayre Inc,hayreinc@gmail.com,+91 94885 59162,09-10-2021,LOC0059,1.7,Bags & Luggage,ICICI Bank,9.01497E+12,ICIC1736124
SELL3892,Borah-Korpal,borah-korpal8434@gmail.com,+91 91771 64096,17-06-2022,LOC0073,4.2,Baby,Canara Bank,4.68279E+11,CNRB7624971
SELL3893,Dora LLC,dorallc1907@gmail.com,+91 96930 01429,18-06-2024,LOC0022,2.4,Toys,ICICI Bank,3.69397E+12,ICIC9870785
SELL3894,"Gole, Raju and Loyal",golerajuandloyal@gmail.com,+91 87347 26525,09-12-2022,LOC0039,1.7,Books,Bank of Baroda,13673480199,BARB9900002
SELL3895,Sahni-Chakraborty,sahni-chakraborty@gmail.com,+91 74739 05548,07-09-2024,LOC0060,4.7,Jewellery,ICICI Bank,1.52009E+11,ICIC6464528
SELL3896,Hayer-Apte,hayer-apte@gmail.com,+91 64450 00002,14-10-2021,LOC0092,3.3,Beauty,Union Bank of India,6.86498E+13,UBIN3172065
SELL3897,Buch-Cheema,buch-cheema@gmail.com,+91 68505 23565,13-01-2022,LOC0046,3.8,Music & Instruments,Canara Bank,6.9418E+13,CNRB4011988
SELL3898,Vohra-Rattan,vohra-rattan@gmail.com,+91 85654 63389,01-08-2021,LOC0022,2,Electronics,Axis Bank,4.0418E+12,UTIB3225045
SELL3899,Bail PLC,bailplc@gmail.com,+91 68350 23794,03-02-2023,LOC0021,1.7,Toys,Bank of Baroda,4384006164,BARB3185182
SELL3900,Mandal-Saraf,mandal-saraf@gmail.com,+91 92737 13871,07-08-2022,LOC0085,2.1,Baby,State Bank of India,6332736727,SBIN2977280
SELL3901,"Gade, Butala and Deo",gadebutalaanddeo1154@gmail.com,+91 81584 17496,11-08-2025,LOC0053,4,Baby,State Bank of India,788669189,SBIN7798207
SELL3902,"Gill, Bhat and Bath",gillbhatandbath996@gmail.com,+91 73563 99493,26-12-2023,LOC0100,1.6,Home,Axis Bank,6.78466E+11,UTIB7657038
SELL3903,Dhawan-Borra,dhawan-borra4445@gmail.com,+91 61084 64471,25-12-2021,LOC0038,4.9,Stationery,ICICI Bank,1.11753E+13,ICIC2978671
SELL3904,"Lanka, Sastry and Arora",lankasastryandarora7712@gmail.com,+91 98075 20693,04-04-2022,LOC0080,3.8,Clothing,Bank of Baroda,4.96483E+13,BARB8522092
SELL3905,Dixit Inc,dixitinc3242@gmail.com,+91 77195 45578,17-01-2024,LOC0019,2.9,Clothing,Punjab National Bank,5.80205E+13,PUNB3966552
SELL3906,Saraf-Jain,saraf-jain@gmail.com,+91 86529 88048,31-10-2021,LOC0055,4,Beauty,State Bank of India,38422776858,SBIN7636522
SELL3907,"Sen, Kota and Shukla",senkotaandshukla@gmail.com,+91 90901 59360,20-05-2025,LOC0061,2.8,Pets,Canara Bank,2234101620,CNRB8854346
SELL3908,Borde-Chaudhari,borde-chaudhari4062@gmail.com,+91 74262 94765,20-11-2022,LOC0058,3,Beauty,Union Bank of India,55539579251,UBIN7984477
SELL3909,Badal-Salvi,badal-salvi1210@gmail.com,+91 64700 78354,15-11-2024,LOC0098,2,Automotive,Canara Bank,1.28496E+13,CNRB4225943
SELL3910,"Jaggi, Golla and Goyal",jaggigollaandgoyal@gmail.com,+91 88149 02354,04-12-2021,LOC0029,1.8,Music & Instruments,Union Bank of India,75579449180,UBIN7555975
SELL3911,"Soman, Zacharia and Goda",somanzachariaandgoda6962@gmail.com,+91 86552 86403,10-09-2025,LOC0047,1.5,Music & Instruments,Bank of Baroda,4.02367E+11,BARB1362128
SELL3912,"Kata, Dash and Rattan",katadashandrattan@gmail.com,+91 83083 38105,17-10-2025,LOC0077,3.9,Electronics,HDFC Bank,8439889695,HDFC5380442
SELL3913,"Sood, Dey and Bava",sooddeyandbava2472@gmail.com,+91 99499 71188,27-02-2026,LOC0060,1.7,Home,Bank of Baroda,84511699417,BARB5990054
SELL3914,Jani-Karpe,jani-karpe@gmail.com,+91 85811 86980,17-06-2021,LOC0086,3,Bags & Luggage,Canara Bank,1086181274,CNRB4714820
SELL3915,Shan-Raju,shan-raju@gmail.com,+91 60703 90919,06-06-2022,LOC0109,1.9,Music & Instruments,IndusInd Bank,98015688737,INDB5878649
SELL3916,Doctor-Banik,doctor-banik@gmail.com,+91 95669 68491,22-06-2022,LOC0074,3,Electronics,Kotak Mahindra Bank,2.08993E+13,KKBK1440658
SELL3917,Soni and Sons,soniandsons1425@gmail.com,+91 78388 80066,08-02-2026,LOC0105,2.9,Books,IndusInd Bank,4889572035,INDB5768552
SELL3918,"Shere, Gandhi and Choudhry",sheregandhiandchoudhry@gmail.com,+91 97702 86533,14-02-2025,LOC0046,1.3,Gaming,Punjab National Bank,34738949410,PUNB7940654
SELL3919,Bedi-Verma,bedi-verma@gmail.com,+91 68524 39405,30-11-2025,LOC0105,2.8,Toys,Canara Bank,46739985641,CNRB6555184
SELL3920,Kannan-Halder,kannan-halder@gmail.com,+91 89408 60389,14-06-2025,LOC0099,1.8,Pets,State Bank of India,74063063525,SBIN6731483
SELL3921,Chandran-Shah,chandran-shah@gmail.com,+91 97979 67936,16-09-2022,LOC0108,1.7,Music & Instruments,Axis Bank,6.1583E+11,UTIB8062160
SELL3922,Raju PLC,rajuplc@gmail.com,+91 77519 43094,29-04-2024,LOC0006,4.4,Home,Axis Bank,5.2588E+11,UTIB5742823
SELL3923,Dixit-Rau,dixit-rau2869@gmail.com,+91 82722 38413,05-02-2022,LOC0036,3.1,Pets,Punjab National Bank,2.84547E+11,PUNB6126108
SELL3924,Roy LLC,royllc572@gmail.com,+91 84022 17557,11-02-2022,LOC0095,3,Jewellery,Kotak Mahindra Bank,6.35549E+11,KKBK6143364
SELL3925,Saha-Boase,saha-boase@gmail.com,+91 84845 06876,29-05-2022,LOC0041,2.6,Stationery,Bank of Baroda,6.31735E+11,BARB6432414
SELL3926,"Badami, Mangat and Dhar",badamimangatanddhar@gmail.com,+91 97730 91568,23-02-2023,LOC0107,2.8,Groceries,Bank of Baroda,82976857119,BARB3341781
SELL3927,Kurian Inc,kurianinc@gmail.com,+91 93988 43245,01-02-2025,LOC0002,4.3,Home,Kotak Mahindra Bank,5.81943E+11,KKBK7892755
SELL3928,Swaminathan Ltd,swaminathanltd@gmail.com,+91 69085 61193,04-11-2023,LOC0029,4.1,Beauty,Axis Bank,1.34729E+12,UTIB7864254
SELL3929,Sachar-Mangal,sachar-mangal@gmail.com,+91 77180 07551,06-04-2024,LOC0055,3.4,Jewellery,HDFC Bank,65571839532,HDFC2042895
SELL3930,"Dhaliwal, Gandhi and Rajagopalan",dhaliwalgandhiandrajagopalan@gmail.com,+91 76464 23604,10-10-2024,LOC0088,3.7,Automotive,Bank of Baroda,11701198110,BARB7976782
SELL3931,Dutta-Chakrabarti,dutta-chakrabarti@gmail.com,+91 70374 40957,30-06-2024,LOC0017,4.2,Bags & Luggage,Punjab National Bank,7.00583E+13,PUNB9731900
SELL3932,Dhaliwal PLC,dhaliwalplc254@gmail.com,+91 63110 20555,11-05-2023,LOC0029,2.3,Groceries,IndusInd Bank,7.54492E+12,INDB7539592
SELL3933,"Luthra, Thaman and Toor",luthrathamanandtoor@gmail.com,+91 66268 25448,17-11-2025,LOC0111,1.5,Pets,Canara Bank,1980293220,CNRB8183950
SELL3934,Tara-Loyal,tara-loyal@gmail.com,+91 90197 39634,04-05-2021,LOC0110,3.9,Stationery,State Bank of India,50367953506,SBIN2440422
SELL3935,Banik PLC,banikplc@gmail.com,+91 75806 00323,06-02-2025,LOC0031,2.3,Books,IndusInd Bank,82167236156,INDB6506979
SELL3936,Krishna-Dani,krishna-dani@gmail.com,+91 99843 78996,21-12-2024,LOC0083,4.6,Jewellery,Axis Bank,3409137546,UTIB5114358
SELL3937,"Ray, Yogi and Toor",rayyogiandtoor393@gmail.com,+91 96044 74730,26-05-2024,LOC0084,2.6,Stationery,Canara Bank,1.5581E+12,CNRB4168215
SELL3938,Kata-Sule,kata-sule6513@gmail.com,+91 99053 39096,23-11-2025,LOC0015,2.4,Office Supplies,ICICI Bank,5.7659E+12,ICIC5686920
SELL3939,Chauhan-Bhasin,chauhan-bhasin3737@gmail.com,+91 92881 37599,21-01-2023,LOC0082,3.7,Music & Instruments,ICICI Bank,7.36457E+12,ICIC5940468
SELL3940,"Dixit, Sathe and Choudhury",dixitsatheandchoudhury@gmail.com,+91 81819 52630,04-03-2024,LOC0014,3.8,Groceries,Punjab National Bank,1.27105E+13,PUNB8879102
SELL3941,Subramanian PLC,subramanianplc@gmail.com,+91 99119 46036,03-11-2025,LOC0098,3.2,Groceries,Axis Bank,44684317796,UTIB6776990
SELL3942,Sem-Swamy,sem-swamy@gmail.com,+91 96109 99096,27-08-2024,LOC0065,4.2,Toys,HDFC Bank,55307994187,HDFC5984468
SELL3943,"Ganguly, Kalla and Savant",gangulykallaandsavant2364@gmail.com,+91 88874 96812,14-10-2022,LOC0078,4.6,Footwear,ICICI Bank,26936168436,ICIC1857730
SELL3944,Goda and Sons,godaandsons@gmail.com,+91 98144 39513,27-09-2025,LOC0111,3.5,Pets,HDFC Bank,1068871632,HDFC6850571
SELL3945,Sami-Madan,sami-madan@gmail.com,+91 78908 47792,11-02-2024,LOC0074,4.9,Health,HDFC Bank,9.17963E+11,HDFC5442537
SELL3946,Rao LLC,raollc@gmail.com,+91 73952 84815,18-12-2021,LOC0037,3,Sports,Canara Bank,5.68613E+13,CNRB9608894
SELL3947,Bhandari Ltd,bhandariltd@gmail.com,+91 66622 46605,02-11-2024,LOC0012,4.6,Books,Union Bank of India,8.61527E+11,UBIN9062839
SELL3948,Goda-Bhandari,goda-bhandari4394@gmail.com,+91 85466 72921,12-02-2022,LOC0062,2.9,Books,ICICI Bank,7638784584,ICIC8622482
SELL3949,Deol Ltd,deolltd4078@gmail.com,+91 76218 44761,07-09-2021,LOC0084,4.6,Beauty,Kotak Mahindra Bank,3.51377E+11,KKBK1864989
SELL3950,Bir Inc,birinc9806@gmail.com,+91 71684 40518,29-05-2024,LOC0041,2.2,Electronics,State Bank of India,27369933613,SBIN7644065
SELL3951,Raval Group,ravalgroup1200@gmail.com,+91 74279 93338,28-09-2023,LOC0107,1.8,Stationery,Punjab National Bank,1.31581E+13,PUNB9876578
SELL3952,Dash-Luthra,dash-luthra6228@gmail.com,+91 77512 39484,04-01-2025,LOC0113,2.8,Automotive,IndusInd Bank,2.23834E+11,INDB4949302
SELL3953,Gour-Kuruvilla,gour-kuruvilla@gmail.com,+91 88204 66187,24-06-2023,LOC0068,2.7,Office Supplies,Union Bank of India,63752307542,UBIN7960234
SELL3954,"Wadhwa, Walla and Buch",wadhwawallaandbuch@gmail.com,+91 98000 51210,04-09-2023,LOC0113,4.3,Jewellery,Union Bank of India,7482623033,UBIN8249592
SELL3955,"Badami, Garde and Sarkar",badamigardeandsarkar@gmail.com,+91 78624 02565,05-05-2024,LOC0022,2.1,Health,ICICI Bank,6.39708E+12,ICIC3061663
SELL3956,"Sharma, Loke and Shroff",sharmalokeandshroff@gmail.com,+91 63887 21421,22-08-2025,LOC0039,4.2,Electronics,ICICI Bank,4.18148E+11,ICIC6978332
SELL3957,"Grover, Lanka and Gaba",groverlankaandgaba4403@gmail.com,+91 82401 98997,14-03-2023,LOC0054,3.9,Home,IndusInd Bank,9334329489,INDB5244908
SELL3958,"Yadav, Lata and Kothari",yadavlataandkothari@gmail.com,+91 90191 03496,03-03-2025,LOC0061,1.5,Toys,Axis Bank,39595063185,UTIB3882625
SELL3959,"Saraf, Iyer and Tara",sarafiyerandtara4149@gmail.com,+91 64902 60269,17-11-2025,LOC0083,1.9,Gaming,Canara Bank,4665817370,CNRB1335675
SELL3960,Datta Inc,dattainc9022@gmail.com,+91 73802 94745,08-09-2021,LOC0035,4.1,Footwear,Axis Bank,5219552698,UTIB1996646
SELL3961,"Sarraf, Saha and Agate",sarrafsahaandagate@gmail.com,+91 72598 69221,03-02-2025,LOC0086,4.6,Automotive,Kotak Mahindra Bank,7808544616,KKBK7942240
SELL3962,Dora LLC,dorallc@gmail.com,+91 68918 39469,20-11-2024,LOC0094,3.1,Office Supplies,HDFC Bank,6.32264E+13,HDFC8194676
SELL3963,"Kar, D’Alia and Choudhary",kard’aliaandchoudhary3473@gmail.com,+91 86299 63119,13-11-2022,LOC0084,2.9,Bags & Luggage,Canara Bank,7.50636E+13,CNRB4300876
SELL3964,Saran-Bhalla,saran-bhalla1945@gmail.com,+91 91973 85872,22-05-2024,LOC0111,2.8,Music & Instruments,State Bank of India,4.76779E+12,SBIN7313572
SELL3965,Dave-Keer,dave-keer@gmail.com,+91 91208 82586,20-02-2025,LOC0071,1.5,Beauty,Axis Bank,2.53313E+11,UTIB9138159
SELL3966,Divan Ltd,divanltd@gmail.com,+91 60048 71655,15-03-2023,LOC0013,1.2,Electronics,Canara Bank,3.51551E+13,CNRB6638056
SELL3967,Taneja Inc,tanejainc2917@gmail.com,+91 91687 35720,13-02-2022,LOC0002,3.5,Office Supplies,Kotak Mahindra Bank,4.44912E+11,KKBK4479115
SELL3968,"Dalal, Kalita and Dasgupta",dalalkalitaanddasgupta@gmail.com,+91 89040 21154,23-04-2024,LOC0055,1.8,Groceries,Canara Bank,8.18744E+12,CNRB1125311
SELL3969,Khalsa Inc,khalsainc@gmail.com,+91 65586 55771,22-02-2024,LOC0092,4.1,Sports,Canara Bank,7579111464,CNRB1738079
SELL3970,Mall-Dutt,mall-dutt@gmail.com,+91 99080 62361,13-07-2021,LOC0079,2.6,Bags & Luggage,Axis Bank,4.00405E+13,UTIB2993056
SELL3971,Babu-Shukla,babu-shukla@gmail.com,+91 65348 16677,23-04-2021,LOC0041,2.2,Gaming,State Bank of India,3563517153,SBIN5349433
SELL3972,"Handa, Krish and Bandi",handakrishandbandi2172@gmail.com,+91 93857 63390,30-11-2023,LOC0102,3.8,Beauty,ICICI Bank,4448075023,ICIC4377649
SELL3973,Bhat Group,bhatgroup6765@gmail.com,+91 86422 27407,26-07-2025,LOC0001,2.4,Gaming,Axis Bank,8.50999E+13,UTIB7386635
SELL3974,Sahota-Sachar,sahota-sachar@gmail.com,+91 77281 97355,07-11-2021,LOC0073,2.8,Clothing,Canara Bank,8.95913E+13,CNRB7712738
SELL3975,Thaker Group,thakergroup4435@gmail.com,+91 98313 56070,18-03-2023,LOC0042,1.5,Bags & Luggage,Kotak Mahindra Bank,1402540112,KKBK9176302
SELL3976,Bawa LLC,bawallc@gmail.com,+91 70200 20058,10-01-2025,LOC0053,4.7,Electronics,ICICI Bank,4.87362E+12,ICIC5279310
SELL3977,"Roy, Din and Malhotra",roydinandmalhotra3894@gmail.com,+91 80290 64886,23-11-2022,LOC0041,2.2,Electronics,HDFC Bank,1.5183E+12,HDFC8513481
SELL3978,Badal-Bhatnagar,badal-bhatnagar@gmail.com,+91 92106 96024,11-12-2025,LOC0100,2.6,Sports,Union Bank of India,44919176097,UBIN4276549
SELL3979,Dasgupta LLC,dasguptallc@gmail.com,+91 96596 87669,15-01-2026,LOC0106,1.3,Clothing,ICICI Bank,9.38958E+11,ICIC6411643
SELL3980,Malhotra-Koshy,malhotra-koshy@gmail.com,+91 80015 63284,06-08-2024,LOC0102,1.5,Gaming,Kotak Mahindra Bank,56224192176,KKBK7523125
SELL3981,Tank PLC,tankplc@gmail.com,+91 93441 97519,09-08-2022,LOC0004,2.6,Jewellery,IndusInd Bank,7.0245E+12,INDB8756073
SELL3982,"Kothari, Tripathi and Bhakta",kotharitripathiandbhakta8893@gmail.com,+91 87447 74908,05-04-2021,LOC0018,2.4,Bags & Luggage,Kotak Mahindra Bank,48514327931,KKBK5226598
SELL3983,"Chander, Goswami and Saha",chandergoswamiandsaha4133@gmail.com,+91 91532 63876,19-09-2022,LOC0099,2,Bags & Luggage,Axis Bank,9401994812,UTIB5661516
SELL3984,Biswas-Kota,biswas-kota7502@gmail.com,+91 61898 71601,19-09-2022,LOC0060,4.8,Beauty,ICICI Bank,1.33319E+13,ICIC8177184
SELL3985,"Date, Bhandari and Upadhyay",datebhandariandupadhyay3890@gmail.com,+91 99229 64624,02-02-2024,LOC0093,1.8,Electronics,IndusInd Bank,2.09314E+11,INDB1009753
SELL3986,"Wali, Doctor and Bhavsar",walidoctorandbhavsar@gmail.com,+91 71138 23193,28-08-2023,LOC0062,2.6,Baby,Punjab National Bank,1.0263E+11,PUNB2402530
SELL3987,"Wali, Din and Ghose",walidinandghose3998@gmail.com,+91 88001 33298,25-08-2023,LOC0083,4.2,Sports,ICICI Bank,4.9308E+12,ICIC4892111
SELL3988,"Sharaf, Agrawal and Buch",sharafagrawalandbuch@gmail.com,+91 93364 60768,09-07-2021,LOC0007,1.9,Pets,IndusInd Bank,6.03778E+11,INDB4254978
SELL3989,Sehgal Ltd,sehgalltd3384@gmail.com,+91 75009 40774,29-05-2025,LOC0033,3.9,Clothing,ICICI Bank,2.39955E+12,ICIC6089005
SELL3990,"Grover, Bumb and Chand",groverbumbandchand7799@gmail.com,+91 68252 67985,18-12-2023,LOC0037,1,Pets,Bank of Baroda,66507137459,BARB4744145
SELL3991,Tata Inc,tatainc402@gmail.com,+91 69617 36539,27-10-2025,LOC0073,4.4,Beauty,HDFC Bank,6381729778,HDFC9892280
SELL3992,Biswas and Sons,biswasandsons5820@gmail.com,+91 92242 50808,09-06-2025,LOC0090,1.5,Footwear,ICICI Bank,9.92711E+11,ICIC4033742
SELL3993,"Mand, Deep and Bhardwaj",manddeepandbhardwaj7180@gmail.com,+91 91547 15779,04-05-2022,LOC0086,1,Electronics,ICICI Bank,7.36179E+12,ICIC1529285
SELL3994,Shanker LLC,shankerllc6892@gmail.com,+91 80601 84795,09-11-2025,LOC0082,3.6,Stationery,State Bank of India,5047358899,SBIN6274353
SELL3995,Dugar-Jayaraman,dugar-jayaraman8084@gmail.com,+91 68989 45890,19-10-2021,LOC0107,4.5,Electronics,Kotak Mahindra Bank,64487675114,KKBK2928927
SELL3996,Mani-Lalla,mani-lalla@gmail.com,+91 75180 95371,09-04-2023,LOC0020,4,Gaming,State Bank of India,7.91225E+12,SBIN6896672
SELL3997,"Saran, Wagle and Kanda",saranwagleandkanda@gmail.com,+91 78092 54625,07-03-2022,LOC0083,4,Gaming,HDFC Bank,24960645749,HDFC7943028
SELL3998,Subramaniam-Chauhan,subramaniam-chauhan@gmail.com,+91 86437 88519,17-05-2023,LOC0038,4.1,Toys,Punjab National Bank,995034606,PUNB1106638
SELL3999,Ramaswamy-Bhatnagar,ramaswamy-bhatnagar5714@gmail.com,+91 61646 60744,27-08-2021,LOC0006,1.1,Electronics,Canara Bank,7.72958E+13,CNRB3365343
SELL4000,Wali PLC,waliplc@gmail.com,+91 64199 11416,09-07-2021,LOC0038,2.5,Toys,State Bank of India,8.4893E+11,SBIN4026914
SELL4001,"Walla, Choudhury and Zachariah",wallachoudhuryandzachariah@gmail.com,+91 62850 89249,18-09-2022,LOC0024,4.9,Baby,HDFC Bank,4.12803E+13,HDFC4774182
SELL4002,Comar-Mand,comar-mand@gmail.com,+91 77041 32761,08-10-2024,LOC0054,2.6,Office Supplies,Punjab National Bank,4.8728E+12,PUNB8666702
SELL4003,Hayer-Deo,hayer-deo@gmail.com,+91 93356 78150,03-11-2025,LOC0100,4,Gaming,Kotak Mahindra Bank,3.31041E+11,KKBK8428581
SELL4004,Gara LLC,garallc@gmail.com,+91 87995 75900,10-05-2022,LOC0011,1.4,Stationery,HDFC Bank,36931221561,HDFC2840536
SELL4005,Dara PLC,daraplc8502@gmail.com,+91 79292 07886,12-10-2024,LOC0080,1.5,Groceries,State Bank of India,3.12439E+11,SBIN6821993
SELL4006,Luthra PLC,luthraplc5544@gmail.com,+91 66683 00037,12-01-2022,LOC0095,4.7,Books,Punjab National Bank,1.55382E+11,PUNB7000867
SELL4007,Mallick Ltd,mallickltd@gmail.com,+91 70120 89694,25-12-2023,LOC0040,3,Home,HDFC Bank,24423952390,HDFC4677142
SELL4008,Jaggi LLC,jaggillc@gmail.com,+91 84121 56356,28-10-2022,LOC0081,1.4,Office Supplies,Canara Bank,5.17024E+11,CNRB8333804
SELL4009,"Warrior, Kale and Chaudhary",warriorkaleandchaudhary@gmail.com,+91 80475 01479,05-12-2021,LOC0030,2.2,Clothing,State Bank of India,6.78413E+11,SBIN3970761
SELL4010,"Loyal, Suresh and Sabharwal",loyalsureshandsabharwal@gmail.com,+91 66352 19013,03-05-2025,LOC0009,2.7,Automotive,Kotak Mahindra Bank,7.27835E+12,KKBK4822539
SELL4011,Reddy LLC,reddyllc469@gmail.com,+91 84422 47734,05-12-2024,LOC0004,3.1,Jewellery,HDFC Bank,3119324388,HDFC2870065
SELL4012,Chhabra-Batta,chhabra-batta3049@gmail.com,+91 67143 95395,05-04-2024,LOC0065,1,Health,ICICI Bank,4.96313E+11,ICIC8048627
SELL4013,Kibe Ltd,kibeltd7701@gmail.com,+91 79083 26149,28-05-2024,LOC0003,4.6,Gaming,Axis Bank,69783906048,UTIB5392432
SELL4014,Karan-Talwar,karan-talwar@gmail.com,+91 77569 05279,15-05-2025,LOC0061,1.6,Home,HDFC Bank,2.34451E+12,HDFC2701661
SELL4015,"Gupta, Taneja and Kari",guptatanejaandkari348@gmail.com,+91 93837 52021,07-07-2025,LOC0045,3.4,Clothing,IndusInd Bank,6.04299E+12,INDB4619372
SELL4016,Jani PLC,janiplc@gmail.com,+91 64043 81657,01-04-2024,LOC0084,3.3,Books,Kotak Mahindra Bank,70269044422,KKBK1606368
SELL4017,"Bhat, Chaudhary and Subramanian",bhatchaudharyandsubramanian@gmail.com,+91 95294 77383,25-03-2025,LOC0027,3.4,Clothing,Punjab National Bank,8.40547E+11,PUNB1738159
SELL4018,"Bassi, Saraf and Baral",bassisarafandbaral48@gmail.com,+91 84350 69863,08-02-2025,LOC0002,3.9,Baby,Canara Bank,77386952972,CNRB4081717
SELL4019,Rajagopalan-Sahota,rajagopalan-sahota7503@gmail.com,+91 91765 62942,28-07-2025,LOC0032,3.5,Jewellery,IndusInd Bank,7.13261E+13,INDB7167717
SELL4020,Ahluwalia Group,ahluwaliagroup@gmail.com,+91 86838 39221,23-05-2022,LOC0050,2.9,Health,Kotak Mahindra Bank,89478452339,KKBK1001478
SELL4021,Barman PLC,barmanplc@gmail.com,+91 66758 57756,25-11-2025,LOC0069,2.3,Pets,Bank of Baroda,3.73281E+12,BARB7362710
SELL4022,Kar PLC,karplc6117@gmail.com,+91 91324 11942,04-08-2022,LOC0102,2.9,Electronics,Axis Bank,7133704814,UTIB7382633
SELL4023,Tiwari Ltd,tiwariltd@gmail.com,+91 78067 96337,07-06-2023,LOC0010,3.7,Beauty,Axis Bank,5215960134,UTIB3780750
SELL4024,"Venkatesh, Comar and Viswanathan",venkateshcomarandviswanathan2883@gmail.com,+91 84555 13362,18-01-2023,LOC0015,4.2,Beauty,Kotak Mahindra Bank,6.40349E+13,KKBK7550731
SELL4025,Sur LLC,surllc@gmail.com,+91 91553 66706,12-08-2021,LOC0063,3,Clothing,Axis Bank,2.49031E+12,UTIB2054493
SELL4026,Rattan-Kala,rattan-kala3931@gmail.com,+91 82661 28493,06-03-2026,LOC0028,4.9,Electronics,IndusInd Bank,8866584214,INDB9348054
SELL4027,"Sharma, Wadhwa and Vasa",sharmawadhwaandvasa9514@gmail.com,+91 86929 81413,23-07-2024,LOC0060,3.2,Home,Union Bank of India,5.28696E+12,UBIN3867730
SELL4028,Soman-Arora,soman-arora3338@gmail.com,+91 90929 55137,15-05-2022,LOC0019,3,Bags & Luggage,Kotak Mahindra Bank,9.57431E+13,KKBK7841931
SELL4029,Chhabra-Ghose,chhabra-ghose4990@gmail.com,+91 76074 65764,27-08-2025,LOC0056,2.6,Home,Kotak Mahindra Bank,3134789973,KKBK8051093
SELL4030,Singhal-Dubey,singhal-dubey8593@gmail.com,+91 81791 71605,02-09-2025,LOC0013,2.9,Beauty,Union Bank of India,76686727316,UBIN8872571
SELL4031,"Brar, Salvi and Mahal",brarsalviandmahal@gmail.com,+91 91334 77789,15-05-2021,LOC0079,1.8,Beauty,Bank of Baroda,7.30825E+12,BARB5100948
SELL4032,Dewan Group,dewangroup1918@gmail.com,+91 72655 18362,05-05-2021,LOC0100,3.3,Baby,Axis Bank,7.70871E+13,UTIB2466353
SELL4033,Ramachandran-Kaur,ramachandran-kaur@gmail.com,+91 97360 47969,09-10-2023,LOC0037,2.8,Sports,Kotak Mahindra Bank,5.58115E+12,KKBK1045494
SELL4034,Chowdhury Ltd,chowdhuryltd@gmail.com,+91 78866 78163,24-03-2025,LOC0064,2.8,Footwear,IndusInd Bank,30591034023,INDB6036169
SELL4035,Chhabra Group,chhabragroup@gmail.com,+91 72046 56605,30-06-2022,LOC0007,1.4,Pets,Punjab National Bank,9.96538E+11,PUNB9382003
SELL4036,"Rama, Dua and Ray",ramaduaandray7182@gmail.com,+91 61374 60207,30-09-2022,LOC0112,1.2,Stationery,HDFC Bank,6897585587,HDFC3863320
SELL4037,"Viswanathan, Yohannan and Kata",viswanathanyohannanandkata@gmail.com,+91 76345 33257,01-12-2024,LOC0084,3.8,Office Supplies,Canara Bank,3.63152E+11,CNRB1785991
SELL4038,"Sule, Raju and Khalsa",sulerajuandkhalsa@gmail.com,+91 67578 71769,12-04-2021,LOC0102,3.4,Automotive,Union Bank of India,2.36403E+13,UBIN3334354
SELL4039,Warrior-Sinha,warrior-sinha1376@gmail.com,+91 86566 64603,07-02-2023,LOC0039,3.7,Health,IndusInd Bank,4.61711E+13,INDB6614775
SELL4040,Sen-Reddy,sen-reddy@gmail.com,+91 75524 35366,25-08-2022,LOC0018,1.8,Bags & Luggage,HDFC Bank,57550384833,HDFC7970805
SELL4041,Sengupta-Sawhney,sengupta-sawhney@gmail.com,+91 88177 24827,29-09-2021,LOC0066,2.2,Groceries,Punjab National Bank,5.43595E+13,PUNB1295988
SELL4042,"Keer, Boase and Dhar",keerboaseanddhar@gmail.com,+91 88778 50228,28-09-2023,LOC0108,1.2,Baby,Union Bank of India,3462376213,UBIN9344813
SELL4043,"Sahota, Dora and Sachdev",sahotadoraandsachdev7765@gmail.com,+91 65192 96372,21-07-2022,LOC0005,3.2,Health,ICICI Bank,2542158403,ICIC7476278
SELL4044,Bhat Ltd,bhatltd9430@gmail.com,+91 89016 48573,23-10-2025,LOC0047,4.8,Office Supplies,Bank of Baroda,7.59412E+11,BARB5218766
SELL4045,Buch-Suri,buch-suri@gmail.com,+91 95583 82607,07-04-2024,LOC0099,1.7,Automotive,ICICI Bank,5.86877E+11,ICIC6968394
SELL4046,Vyas-Dhawan,vyas-dhawan6332@gmail.com,+91 62778 45144,02-12-2022,LOC0015,4.3,Clothing,HDFC Bank,8.39484E+13,HDFC9502511
SELL4047,"Kapoor, Chaudry and Barad",kapoorchaudryandbarad989@gmail.com,+91 96056 16838,08-05-2021,LOC0081,3.2,Stationery,Canara Bank,5503772151,CNRB8374943
SELL4048,"Chana, Tripathi and Chaudhuri",chanatripathiandchaudhuri6841@gmail.com,+91 65302 30660,31-10-2023,LOC0101,2.2,Automotive,Canara Bank,3.71039E+11,CNRB8059444
SELL4049,Srinivas-Malhotra,srinivas-malhotra8297@gmail.com,+91 85279 39076,01-05-2021,LOC0105,3.1,Bags & Luggage,Bank of Baroda,8.83515E+13,BARB1319018
SELL4050,"Mammen, Sathe and Sharma",mammensatheandsharma@gmail.com,+91 72589 95705,12-09-2024,LOC0103,1.7,Stationery,Union Bank of India,2.23824E+12,UBIN8719247
SELL4051,"Dayal, Hayer and Amble",dayalhayerandamble9399@gmail.com,+91 97276 02517,15-04-2024,LOC0068,3.8,Baby,Bank of Baroda,8.29063E+12,BARB5545950
SELL4052,"Dube, Rout and Chander",duberoutandchander@gmail.com,+91 87341 59322,27-09-2023,LOC0071,3.4,Toys,Punjab National Bank,8.76627E+13,PUNB6673544
SELL4053,Ravi Inc,raviinc7756@gmail.com,+91 90270 37777,31-01-2022,LOC0098,1.3,Music & Instruments,Axis Bank,9.2377E+12,UTIB6227221
SELL4054,"Dutt, Ganguly and Madan",duttgangulyandmadan@gmail.com,+91 84394 13037,21-04-2023,LOC0019,2.3,Electronics,IndusInd Bank,8112099293,INDB9729171
SELL4055,Dua-Mandal,dua-mandal@gmail.com,+91 69967 37669,12-11-2023,LOC0009,4.4,Electronics,Axis Bank,7.1032E+12,UTIB6718984
SELL4056,"Mall, Kakar and Majumdar",mallkakarandmajumdar@gmail.com,+91 68365 76293,03-02-2026,LOC0027,4.9,Stationery,Punjab National Bank,8.08222E+12,PUNB8388805
SELL4057,"Hans, Sengupta and Arya",hanssenguptaandarya6001@gmail.com,+91 89827 65936,10-03-2025,LOC0032,3.7,Automotive,Bank of Baroda,6315574718,BARB3315069
SELL4058,Sarin-Shetty,sarin-shetty9181@gmail.com,+91 74619 66696,22-01-2025,LOC0087,3.2,Footwear,Bank of Baroda,5190101887,BARB5935107
SELL4059,Walia-Sunder,walia-sunder@gmail.com,+91 84038 29431,27-12-2023,LOC0094,4.8,Stationery,Kotak Mahindra Bank,8.67912E+11,KKBK8783804
SELL4060,Sathe-Swaminathan,sathe-swaminathan698@gmail.com,+91 76856 75908,29-09-2021,LOC0101,2.1,Footwear,IndusInd Bank,1.52531E+12,INDB7504023
SELL4061,"Iyer, Lata and Boase",iyerlataandboase@gmail.com,+91 79102 80892,21-04-2022,LOC0107,1.6,Office Supplies,State Bank of India,9944989569,SBIN4155334
SELL4062,Krishna-Chahal,krishna-chahal@gmail.com,+91 71252 62752,24-07-2024,LOC0104,4.1,Bags & Luggage,Bank of Baroda,1.38474E+11,BARB2819760
SELL4063,Kara-Choudhary,kara-choudhary@gmail.com,+91 69185 46368,13-09-2022,LOC0016,4.6,Home,Kotak Mahindra Bank,88983829582,KKBK2248307
SELL4064,Cherian and Sons,cherianandsons@gmail.com,+91 69844 26763,14-03-2026,LOC0108,5,Stationery,Canara Bank,9.9145E+13,CNRB9878275
SELL4065,Agarwal-Kota,agarwal-kota2123@gmail.com,+91 90707 09980,19-12-2025,LOC0105,1.9,Gaming,HDFC Bank,9.72455E+12,HDFC2910818
SELL4066,"Bawa, Sawhney and Divan",bawasawhneyanddivan@gmail.com,+91 66268 81464,12-09-2025,LOC0042,4.3,Groceries,IndusInd Bank,5.13966E+11,INDB5579720
SELL4067,Bera-Sarin,bera-sarin@gmail.com,+91 60907 86011,26-01-2026,LOC0105,2.9,Bags & Luggage,State Bank of India,41215288921,SBIN5527979
SELL4068,Bir-Rege,bir-rege@gmail.com,+91 74456 46187,20-07-2021,LOC0102,1.4,Footwear,ICICI Bank,6.12098E+11,ICIC5898516
SELL4069,Deol-Hayer,deol-hayer4634@gmail.com,+91 63868 26887,13-02-2026,LOC0003,3.5,Toys,Kotak Mahindra Bank,2.29108E+11,KKBK1770441
SELL4070,Guha-Walia,guha-walia5253@gmail.com,+91 92944 94531,17-12-2023,LOC0075,3.1,Clothing,Union Bank of India,7283296330,UBIN1624473
SELL4071,"Bakshi, Bora and Seshadri",bakshiboraandseshadri7210@gmail.com,+91 64418 98694,01-12-2021,LOC0064,1.2,Clothing,Axis Bank,5.51647E+13,UTIB3832563
SELL4072,Ben-Lall,ben-lall@gmail.com,+91 84252 31680,18-03-2026,LOC0094,4.2,Jewellery,Kotak Mahindra Bank,79114184259,KKBK3400325
SELL4073,Gour-Bhakta,gour-bhakta@gmail.com,+91 84621 35029,04-08-2025,LOC0072,2.6,Bags & Luggage,Bank of Baroda,4112388537,BARB3774501
SELL4074,Garde-Ray,garde-ray5124@gmail.com,+91 86280 67202,14-08-2022,LOC0050,4.4,Books,ICICI Bank,7.22233E+12,ICIC8080746
SELL4075,"Sarma, Amble and Anne",sarmaambleandanne@gmail.com,+91 61073 81074,17-12-2024,LOC0110,4.5,Books,Axis Bank,5233196014,UTIB3335055
SELL4076,"Chakrabarti, Hora and Bedi",chakrabartihoraandbedi@gmail.com,+91 84720 52220,09-02-2024,LOC0005,4.2,Books,Punjab National Bank,9.48703E+11,PUNB3809821
SELL4077,"Tank, Madan and Goda",tankmadanandgoda8457@gmail.com,+91 94644 12230,29-12-2024,LOC0064,4.9,Clothing,HDFC Bank,2.53725E+13,HDFC8267663
SELL4078,Salvi PLC,salviplc@gmail.com,+91 69306 24569,19-07-2024,LOC0035,1.1,Footwear,ICICI Bank,9522461815,ICIC3262823
SELL4079,"Mahal, Tandon and Ben",mahaltandonandben@gmail.com,+91 68373 15858,22-01-2026,LOC0061,1.7,Groceries,Bank of Baroda,3.07371E+12,BARB7271620
SELL4080,Rao-Malhotra,rao-malhotra@gmail.com,+91 73314 36794,16-03-2022,LOC0011,4,Music & Instruments,Union Bank of India,7863822612,UBIN5493265
SELL4081,"Sarna, Kannan and Doshi",sarnakannananddoshi472@gmail.com,+91 63455 24728,14-05-2023,LOC0078,1.7,Sports,Punjab National Bank,74657054397,PUNB4001582
SELL4082,Kota Ltd,kotaltd@gmail.com,+91 79695 11000,24-09-2021,LOC0084,3.3,Gaming,Kotak Mahindra Bank,98481520932,KKBK8176770
SELL4083,"Mall, Arora and Kumer",mallaroraandkumer8425@gmail.com,+91 64072 45139,24-03-2024,LOC0054,5,Office Supplies,Axis Bank,4.66385E+12,UTIB3634183
SELL4084,Dada-Venkatesh,dada-venkatesh@gmail.com,+91 85132 55805,15-07-2021,LOC0061,1.2,Jewellery,Kotak Mahindra Bank,63270025793,KKBK3125130
SELL4085,Dass Group,dassgroup@gmail.com,+91 98209 77790,12-03-2026,LOC0094,5,Automotive,Bank of Baroda,8.63694E+11,BARB1456692
SELL4086,Ghosh PLC,ghoshplc8737@gmail.com,+91 73180 43313,25-12-2024,LOC0083,4.7,Jewellery,ICICI Bank,1.57669E+11,ICIC2173135
SELL4087,Vig Inc,viginc@gmail.com,+91 80438 47466,12-05-2022,LOC0003,4.8,Books,Canara Bank,7452886685,CNRB3997181
SELL4088,Vasa-Tank,vasa-tank@gmail.com,+91 83444 61060,06-08-2025,LOC0017,3.4,Toys,Union Bank of India,4.10193E+12,UBIN7074820
SELL4089,Sehgal Ltd,sehgalltd4806@gmail.com,+91 80216 86174,02-05-2022,LOC0060,2.9,Electronics,ICICI Bank,412626546,ICIC6038391
SELL4090,"Lalla, Bahri and Mall",lallabahriandmall@gmail.com,+91 65441 60359,21-05-2021,LOC0033,2.8,Health,Bank of Baroda,66728544311,BARB7760633
SELL4091,Dua Ltd,dualtd@gmail.com,+91 87807 64719,28-01-2023,LOC0080,4.6,Clothing,Canara Bank,7139052858,CNRB6004541
SELL4092,"Mander, Dara and Koshy",manderdaraandkoshy6764@gmail.com,+91 92875 17155,01-01-2025,LOC0064,4.5,Automotive,Union Bank of India,6.16753E+12,UBIN9113733
SELL4093,"Chawla, Dave and Sood",chawladaveandsood@gmail.com,+91 98785 59707,27-08-2025,LOC0070,1.9,Pets,HDFC Bank,7.19679E+11,HDFC9232961
SELL4094,Kari-Buch,kari-buch8074@gmail.com,+91 92438 65415,28-05-2025,LOC0105,4.9,Books,Punjab National Bank,5643338784,PUNB1027327
SELL4095,"Bawa, Samra and Bakshi",bawasamraandbakshi3094@gmail.com,+91 92313 40870,23-03-2024,LOC0072,1.5,Footwear,State Bank of India,8.41584E+12,SBIN1772799
SELL4096,Sastry LLC,sastryllc1789@gmail.com,+91 61555 74371,11-08-2021,LOC0057,3.5,Beauty,Union Bank of India,7784716937,UBIN9479569
SELL4097,"Choudhury, Bhargava and Shenoy",choudhurybhargavaandshenoy1504@gmail.com,+91 73163 66044,30-03-2022,LOC0063,3.7,Toys,ICICI Bank,3.51766E+11,ICIC5965629
SELL4098,Madan Group,madangroup@gmail.com,+91 72026 68814,22-01-2023,LOC0046,4.9,Baby,Kotak Mahindra Bank,58366701018,KKBK3102684
SELL4099,"Dhawan, Bath and Tella",dhawanbathandtella2807@gmail.com,+91 73926 81142,02-12-2025,LOC0020,4.5,Books,ICICI Bank,39488860874,ICIC8833709
SELL4100,Gala-Ramachandran,gala-ramachandran@gmail.com,+91 87634 87495,10-11-2023,LOC0077,1.6,Stationery,Union Bank of India,1.95306E+13,UBIN7387246
SELL4101,Kamdar and Sons,kamdarandsons1803@gmail.com,+91 89795 39142,04-10-2023,LOC0073,3.7,Home,State Bank of India,9.86469E+13,SBIN4228191
SELL4102,Chowdhury-Soni,chowdhury-soni@gmail.com,+91 99643 78056,25-12-2025,LOC0111,1.7,Footwear,Punjab National Bank,8.11442E+12,PUNB5065296
SELL4103,Chandra LLC,chandrallc@gmail.com,+91 91978 53300,02-10-2023,LOC0089,3.5,Automotive,Canara Bank,4.82946E+12,CNRB3890923
SELL4104,"Amble, Badami and Toor",amblebadamiandtoor@gmail.com,+91 84639 45301,22-03-2024,LOC0005,4,Bags & Luggage,Union Bank of India,7.67766E+13,UBIN7998676
SELL4105,"Deshpande, Choudhary and Kade",deshpandechoudharyandkade@gmail.com,+91 96103 24317,26-03-2024,LOC0038,3.1,Health,Punjab National Bank,60041431199,PUNB8548024
SELL4106,"Tara, Yogi and Savant",tarayogiandsavant8926@gmail.com,+91 80539 17377,14-11-2024,LOC0033,3.5,Health,Canara Bank,5.9557E+12,CNRB7654030
SELL4107,"Anand, Boase and Sandhu",anandboaseandsandhu3092@gmail.com,+91 61489 52062,18-04-2024,LOC0061,1.3,Home,Canara Bank,9.71902E+12,CNRB3398738
SELL4108,Sandhu PLC,sandhuplc301@gmail.com,+91 75518 17017,08-09-2025,LOC0030,1.5,Clothing,Axis Bank,7.23909E+13,UTIB5270459
SELL4109,Gade-Grover,gade-grover8321@gmail.com,+91 78138 86078,24-07-2024,LOC0024,3.7,Electronics,Bank of Baroda,2.95645E+12,BARB2637090
SELL4110,"Dyal, Borah and Ahuja",dyalborahandahuja@gmail.com,+91 72307 51215,10-08-2021,LOC0077,3.1,Baby,Kotak Mahindra Bank,3.52072E+11,KKBK2729930
SELL4111,Kapadia Inc,kapadiainc@gmail.com,+91 66544 33929,12-06-2023,LOC0017,2.6,Health,Axis Bank,1251942993,UTIB6608405
SELL4112,"Ratti, Viswanathan and Chada",rattiviswanathanandchada8351@gmail.com,+91 77731 90942,05-01-2026,LOC0108,3.9,Sports,Bank of Baroda,14543509300,BARB5397215
SELL4113,Thaman-Agate,thaman-agate9209@gmail.com,+91 69869 97956,12-11-2024,LOC0050,3.4,Automotive,HDFC Bank,7.81906E+12,HDFC9590428
SELL4114,Thaman-Ghosh,thaman-ghosh@gmail.com,+91 68463 16046,22-09-2024,LOC0111,4,Jewellery,ICICI Bank,4320368807,ICIC3736811
SELL4115,"Dara, Kala and Goda",darakalaandgoda716@gmail.com,+91 84317 11660,19-09-2025,LOC0104,1,Gaming,ICICI Bank,6382864680,ICIC7640395
SELL4116,Bhakta-Jaggi,bhakta-jaggi@gmail.com,+91 93422 39764,14-05-2022,LOC0063,4.6,Books,ICICI Bank,7.47822E+13,ICIC6782185
SELL4117,"Keer, Tata and Krishna",keertataandkrishna@gmail.com,+91 64650 85476,25-08-2025,LOC0027,3.3,Electronics,Axis Bank,4.34265E+12,UTIB1498089
SELL4118,Randhawa-Khare,randhawa-khare@gmail.com,+91 60391 07159,10-02-2022,LOC0062,2,Clothing,IndusInd Bank,39717534779,INDB3083777
SELL4119,Walia-Bains,walia-bains6202@gmail.com,+91 60759 51285,24-05-2023,LOC0075,3.9,Books,Canara Bank,3.47473E+11,CNRB7370288
SELL4120,"Chahal, Hegde and Savant",chahalhegdeandsavant@gmail.com,+91 79200 92041,01-05-2025,LOC0004,3.6,Jewellery,Union Bank of India,5.06358E+12,UBIN6291556
SELL4121,Sengupta-D’Alia,sengupta-d’alia@gmail.com,+91 77922 02599,11-03-2026,LOC0025,4.1,Home,State Bank of India,9.13221E+12,SBIN8958553
SELL4122,Bobal-Kulkarni,bobal-kulkarni@gmail.com,+91 84109 36203,25-04-2025,LOC0046,4.8,Pets,State Bank of India,28098276572,SBIN5222884
SELL4123,Virk PLC,virkplc@gmail.com,+91 64463 48364,06-06-2024,LOC0024,2.4,Beauty,Canara Bank,8.10829E+11,CNRB5836888
SELL4124,"Dayal, Acharya and Dalal",dayalacharyaanddalal4086@gmail.com,+91 65541 96415,08-03-2023,LOC0036,2.6,Groceries,Punjab National Bank,5.77934E+11,PUNB2359691
SELL4125,"Dyal, Edwin and Kohli",dyaledwinandkohli@gmail.com,+91 74081 42334,27-10-2022,LOC0092,2.8,Clothing,Canara Bank,1.15071E+11,CNRB2823916
SELL4126,Sagar Group,sagargroup9576@gmail.com,+91 61321 90218,27-03-2023,LOC0047,4.7,Pets,Bank of Baroda,61946405057,BARB5594433
SELL4127,Sheth LLC,shethllc4541@gmail.com,+91 66218 15658,12-06-2024,LOC0075,4,Office Supplies,HDFC Bank,80770655282,HDFC9767771
SELL4128,Chokshi PLC,chokshiplc@gmail.com,+91 94922 06196,11-06-2024,LOC0091,2.9,Electronics,Bank of Baroda,5.17575E+13,BARB6516004
SELL4129,Kumer-Saha,kumer-saha@gmail.com,+91 68456 75610,08-01-2026,LOC0096,1.1,Clothing,Union Bank of India,9.17745E+12,UBIN3250220
SELL4130,"Kunda, Shroff and Sani",kundashroffandsani@gmail.com,+91 69075 34427,19-10-2024,LOC0073,4.7,Office Supplies,ICICI Bank,8.90308E+11,ICIC1610089
SELL4131,Chowdhury-Sawhney,chowdhury-sawhney@gmail.com,+91 89527 48371,19-09-2021,LOC0087,2.6,Gaming,IndusInd Bank,9.21018E+13,INDB6846110
SELL4132,Chad-Ramaswamy,chad-ramaswamy3536@gmail.com,+91 61287 34769,19-07-2023,LOC0069,2.3,Baby,Bank of Baroda,7.77012E+11,BARB7983363
SELL4133,Chanda Ltd,chandaltd5746@gmail.com,+91 85337 34598,21-09-2022,LOC0001,3.8,Books,Bank of Baroda,7.61657E+11,BARB9472203
SELL4134,Dayal-Chana,dayal-chana265@gmail.com,+91 60263 82531,25-10-2024,LOC0019,4.3,Bags & Luggage,Canara Bank,56701018795,CNRB5810839
SELL4135,"Sarin, Garg and Ben",saringargandben101@gmail.com,+91 77819 65947,11-03-2024,LOC0076,1.7,Electronics,State Bank of India,4.60488E+12,SBIN9647109
SELL4136,"Kaur, Kalita and Kohli",kaurkalitaandkohli@gmail.com,+91 86945 19374,22-09-2023,LOC0018,4.2,Beauty,ICICI Bank,4.09817E+12,ICIC8599439
SELL4137,Salvi Ltd,salviltd2062@gmail.com,+91 80898 36980,30-09-2024,LOC0105,2.8,Jewellery,Bank of Baroda,9706449601,BARB4532178
SELL4138,"Doshi, Dara and Sunder",doshidaraandsunder@gmail.com,+91 98420 93222,11-04-2022,LOC0088,2.7,Electronics,ICICI Bank,3.33096E+12,ICIC2203555
SELL4139,"Mangat, Kant and Khanna",mangatkantandkhanna@gmail.com,+91 90164 25654,26-05-2025,LOC0112,1.6,Health,ICICI Bank,9007742035,ICIC2811646
SELL4140,Dave Inc,daveinc332@gmail.com,+91 64726 04914,19-09-2022,LOC0018,1.5,Baby,Axis Bank,67112458259,UTIB1404977
SELL4141,Bains LLC,bainsllc8771@gmail.com,+91 76823 17361,09-06-2022,LOC0016,1.8,Health,IndusInd Bank,4913663365,INDB3648366
SELL4142,"Bail, Sheth and Walia",bailshethandwalia@gmail.com,+91 66216 83858,26-07-2021,LOC0024,3.8,Groceries,Bank of Baroda,7.91874E+13,BARB9990592
SELL4143,Dixit-Khalsa,dixit-khalsa@gmail.com,+91 79354 87899,23-03-2026,LOC0078,1.6,Jewellery,IndusInd Bank,2.94258E+12,INDB2487537
SELL4144,Krishnamurthy LLC,krishnamurthyllc@gmail.com,+91 77402 00463,14-08-2024,LOC0023,3.8,Sports,Axis Bank,52453802677,UTIB8371945
SELL4145,"Bansal, Dora and Bali",bansaldoraandbali8710@gmail.com,+91 92952 18432,15-05-2024,LOC0085,1.9,Bags & Luggage,Axis Bank,84016882810,UTIB5085876
SELL4146,Savant-Singh,savant-singh2410@gmail.com,+91 90433 62329,10-11-2022,LOC0073,2.8,Gaming,State Bank of India,8.61024E+11,SBIN4704823
SELL4147,Sur-Zacharia,sur-zacharia@gmail.com,+91 84443 16062,04-09-2022,LOC0080,2.1,Stationery,State Bank of India,1.77372E+11,SBIN6929638
SELL4148,Sachar-Desai,sachar-desai@gmail.com,+91 61565 93725,03-09-2024,LOC0051,2.2,Stationery,Axis Bank,1479686822,UTIB5790185
SELL4149,"Sandal, Dixit and Thakur",sandaldixitandthakur@gmail.com,+91 88384 18427,31-03-2024,LOC0036,1.5,Footwear,Canara Bank,5.54994E+11,CNRB1240984
SELL4150,Madan-Batta,madan-batta4465@gmail.com,+91 76896 04721,10-11-2023,LOC0093,1.6,Bags & Luggage,HDFC Bank,7.30773E+12,HDFC6551942
SELL4151,Krishna-Anne,krishna-anne@gmail.com,+91 69321 93363,11-02-2026,LOC0074,1.7,Gaming,Union Bank of India,7.70956E+12,UBIN5307249
SELL4152,Dayal and Sons,dayalandsons5302@gmail.com,+91 66808 55828,01-06-2024,LOC0011,2.7,Bags & Luggage,Canara Bank,5.71438E+12,CNRB9117928
SELL4153,Cherian Ltd,cherianltd@gmail.com,+91 68030 04589,09-11-2023,LOC0101,4.6,Electronics,Bank of Baroda,94338377266,BARB9632900
SELL4154,Sathe Group,sathegroup3075@gmail.com,+91 99909 02789,26-04-2021,LOC0088,3.4,Automotive,Canara Bank,69288656958,CNRB7028082
SELL4155,"Varughese, Sama and Mann",varughesesamaandmann@gmail.com,+91 97408 53379,20-09-2023,LOC0014,3.5,Books,HDFC Bank,3225793775,HDFC7238681
SELL4156,Mammen-Seth,mammen-seth@gmail.com,+91 68758 24304,21-08-2022,LOC0048,3.5,Home,HDFC Bank,1.2374E+11,HDFC9943357
SELL4157,Dixit-Sidhu,dixit-sidhu@gmail.com,+91 87416 89456,16-05-2024,LOC0045,1.8,Music & Instruments,ICICI Bank,7107425475,ICIC8523295
SELL4158,"Khanna, Mann and Keer",khannamannandkeer@gmail.com,+91 64865 80744,15-09-2021,LOC0076,3.3,Books,Canara Bank,37892797982,CNRB3275572
SELL4159,"Dalal, Comar and Mahajan",dalalcomarandmahajan@gmail.com,+91 74632 14005,08-05-2023,LOC0005,2.1,Groceries,Canara Bank,163641137,CNRB7782684
SELL4160,Chakraborty Group,chakrabortygroup7696@gmail.com,+91 60824 06444,24-09-2021,LOC0035,2.5,Jewellery,IndusInd Bank,2888940399,INDB4548834
SELL4161,Banik Ltd,banikltd@gmail.com,+91 72294 35279,30-04-2023,LOC0007,4.8,Footwear,Axis Bank,69888259869,UTIB8301243
SELL4162,Shere LLC,sherellc8486@gmail.com,+91 93567 02078,18-12-2024,LOC0013,3.2,Books,ICICI Bank,3.3339E+11,ICIC7975448
SELL4163,"Sarma, Barad and Chand",sarmabaradandchand1784@gmail.com,+91 89941 84435,22-04-2023,LOC0094,1.2,Pets,Kotak Mahindra Bank,80804602459,KKBK5294156
SELL4164,Raju-Koshy,raju-koshy@gmail.com,+91 69122 39805,27-11-2024,LOC0042,2.9,Groceries,IndusInd Bank,3.75815E+13,INDB9952990
SELL4165,Vora Inc,vorainc@gmail.com,+91 99338 94876,24-01-2025,LOC0014,4.5,Electronics,Union Bank of India,99839534778,UBIN4284447
SELL4166,Bains-Chadha,bains-chadha1926@gmail.com,+91 97269 45635,07-08-2021,LOC0070,4.7,Bags & Luggage,Canara Bank,5.68553E+11,CNRB1506754
SELL4167,Balakrishnan-Tella,balakrishnan-tella@gmail.com,+91 66187 07082,28-08-2022,LOC0004,4.3,Groceries,Bank of Baroda,2.75342E+12,BARB4041821
SELL4168,"Shanker, Dara and Chaudhari",shankerdaraandchaudhari@gmail.com,+91 77596 51232,21-11-2022,LOC0108,2.8,Toys,Axis Bank,8517945801,UTIB7597854
SELL4169,Badami-Rajagopalan,badami-rajagopalan8962@gmail.com,+91 81811 12343,03-06-2023,LOC0017,2.2,Books,Axis Bank,3.44694E+12,UTIB6435642
SELL4170,Bahri-Khalsa,bahri-khalsa8378@gmail.com,+91 97253 37039,20-09-2024,LOC0054,3.3,Toys,ICICI Bank,1.88163E+12,ICIC9263238
SELL4171,Bhatt PLC,bhattplc@gmail.com,+91 65591 17964,17-08-2025,LOC0106,1.7,Home,Canara Bank,397784103,CNRB5634550
SELL4172,Balan LLC,balanllc@gmail.com,+91 99997 99513,13-04-2024,LOC0045,1.2,Baby,Bank of Baroda,2968663264,BARB3090626
SELL4173,Bhardwaj-Sachdeva,bhardwaj-sachdeva6433@gmail.com,+91 66166 07575,17-06-2021,LOC0020,4,Jewellery,Axis Bank,1.73969E+11,UTIB9058387
SELL4174,Tella Group,tellagroup448@gmail.com,+91 89389 82087,28-06-2023,LOC0106,3.9,Music & Instruments,ICICI Bank,2.38736E+12,ICIC9619548
SELL4175,Dhingra-Srivastava,dhingra-srivastava@gmail.com,+91 62250 57857,02-06-2021,LOC0063,1.7,Office Supplies,Canara Bank,820135152,CNRB7520316
SELL4176,Jhaveri-Kapadia,jhaveri-kapadia@gmail.com,+91 93816 15780,27-09-2023,LOC0037,1.9,Music & Instruments,IndusInd Bank,5245822361,INDB9945863
SELL4177,Kaul and Sons,kaulandsons3528@gmail.com,+91 87178 85773,06-05-2021,LOC0111,2.3,Health,Kotak Mahindra Bank,11149309749,KKBK4490195
SELL4178,"Gulati, Sandal and Kuruvilla",gulatisandalandkuruvilla627@gmail.com,+91 95252 85251,07-02-2023,LOC0035,1.3,Baby,Bank of Baroda,7.87521E+13,BARB4626651
SELL4179,"Suri, Sur and Chacko",surisurandchacko@gmail.com,+91 84442 99239,07-05-2023,LOC0030,1.6,Books,Canara Bank,6.86236E+13,CNRB5655712
SELL4180,Trivedi Group,trivedigroup7452@gmail.com,+91 71729 17639,09-11-2021,LOC0016,2.7,Stationery,IndusInd Bank,64859643146,INDB2865155
SELL4181,Sami Ltd,samiltd@gmail.com,+91 68604 51204,10-07-2021,LOC0051,5,Home,Axis Bank,9768468857,UTIB1640027
SELL4182,"Chopra, Gill and Bava",chopragillandbava8718@gmail.com,+91 81514 39462,21-04-2025,LOC0009,2.6,Pets,Union Bank of India,3.52745E+11,UBIN5582681
SELL4183,Dass Group,dassgroup5331@gmail.com,+91 61790 55964,26-06-2021,LOC0066,2.8,Music & Instruments,Punjab National Bank,3.52221E+12,PUNB4180036
SELL4184,Saha Inc,sahainc@gmail.com,+91 83943 09078,18-10-2025,LOC0090,4.2,Stationery,State Bank of India,3.45574E+11,SBIN7400506
SELL4185,Deshmukh-Madan,deshmukh-madan@gmail.com,+91 73495 12436,23-09-2022,LOC0063,3.7,Automotive,Punjab National Bank,23880692886,PUNB3054876
SELL4186,Choudhury-Chaudry,choudhury-chaudry5805@gmail.com,+91 93558 31976,28-03-2023,LOC0054,4.2,Jewellery,IndusInd Bank,3.58119E+11,INDB6572762
SELL4187,Ghose Ltd,ghoseltd1320@gmail.com,+91 73455 98157,16-07-2025,LOC0098,2.9,Groceries,Axis Bank,9.03383E+11,UTIB8693806
SELL4188,Borra-Dasgupta,borra-dasgupta@gmail.com,+91 94525 12178,07-12-2024,LOC0106,4.7,Pets,Punjab National Bank,1.43472E+13,PUNB2109365
SELL4189,Shetty Group,shettygroup@gmail.com,+91 96072 28504,13-11-2021,LOC0009,2.1,Pets,Axis Bank,7463698493,UTIB3356219
SELL4190,Master Ltd,masterltd6076@gmail.com,+91 80181 22028,01-04-2026,LOC0002,1.2,Clothing,ICICI Bank,5.07387E+13,ICIC6278432
SELL4191,Varughese LLC,varughesellc1732@gmail.com,+91 79598 97093,27-09-2021,LOC0103,1.9,Electronics,Bank of Baroda,9.81883E+11,BARB2322345
SELL4192,Mahal-Dutt,mahal-dutt7567@gmail.com,+91 89596 74869,18-12-2024,LOC0014,1.6,Music & Instruments,HDFC Bank,9.60205E+11,HDFC2186631
SELL4193,Gala-Acharya,gala-acharya@gmail.com,+91 89255 24758,18-08-2022,LOC0023,3.7,Bags & Luggage,Canara Bank,4.24858E+11,CNRB3165135
SELL4194,Sankaran-Suresh,sankaran-suresh@gmail.com,+91 63884 05363,17-02-2025,LOC0075,3.9,Toys,Union Bank of India,2.40939E+12,UBIN3578683
SELL4195,Kapur-Sundaram,kapur-sundaram@gmail.com,+91 96762 72376,24-04-2021,LOC0063,1.2,Music & Instruments,Union Bank of India,3.81774E+13,UBIN4706622
SELL4196,Din PLC,dinplc8705@gmail.com,+91 64679 94340,24-06-2022,LOC0104,4.1,Pets,Bank of Baroda,1.45151E+11,BARB1549940
SELL4197,"Bali, Ahuja and Bhatnagar",baliahujaandbhatnagar4851@gmail.com,+91 64829 43166,24-02-2026,LOC0107,4,Pets,ICICI Bank,9.80763E+12,ICIC4258324
SELL4198,"Jani, Wali and Barad",janiwaliandbarad7192@gmail.com,+91 73439 34430,31-08-2021,LOC0081,2.2,Automotive,Kotak Mahindra Bank,9.79579E+13,KKBK6357569
SELL4199,Jayaraman Inc,jayaramaninc3349@gmail.com,+91 84655 68917,28-12-2021,LOC0072,2.4,Groceries,Kotak Mahindra Bank,8.00622E+11,KKBK7748763
SELL4200,Bahri PLC,bahriplc357@gmail.com,+91 86992 14903,07-10-2024,LOC0039,2.1,Beauty,Kotak Mahindra Bank,6268349747,KKBK6023452
SELL4201,Shanker PLC,shankerplc8874@gmail.com,+91 70188 62648,29-10-2023,LOC0049,3.9,Bags & Luggage,ICICI Bank,5.08678E+13,ICIC9239897
SELL4202,Varghese-Chahal,varghese-chahal7010@gmail.com,+91 84245 09867,03-03-2024,LOC0069,3.5,Beauty,Kotak Mahindra Bank,9749878816,KKBK1444335
SELL4203,Krish LLC,krishllc@gmail.com,+91 93790 25900,04-03-2022,LOC0096,4.2,Footwear,Kotak Mahindra Bank,1.84206E+11,KKBK3236561
SELL4204,"Bobal, Walia and Batra",bobalwaliaandbatra5138@gmail.com,+91 88112 43177,15-04-2021,LOC0108,2.7,Bags & Luggage,Bank of Baroda,476232898,BARB6010739
SELL4205,Barad LLC,baradllc@gmail.com,+91 75012 19793,05-08-2023,LOC0019,2.8,Office Supplies,Punjab National Bank,44076256766,PUNB3891814
SELL4206,Shanker LLC,shankerllc@gmail.com,+91 84984 51145,24-05-2025,LOC0062,1.7,Books,HDFC Bank,4468251602,HDFC4140798
SELL4207,Walia Ltd,walialtd309@gmail.com,+91 96797 59290,03-07-2025,LOC0074,3.9,Sports,State Bank of India,4.87284E+12,SBIN8040070
SELL4208,"Khanna, Viswanathan and Bhavsar",khannaviswanathanandbhavsar4534@gmail.com,+91 94453 90560,17-09-2024,LOC0095,3.8,Stationery,IndusInd Bank,7.67763E+12,INDB4558702
SELL4209,"Srivastava, Mangal and Saran",srivastavamangalandsaran@gmail.com,+91 63250 52854,18-06-2025,LOC0042,2.2,Books,Union Bank of India,4.48498E+12,UBIN1026034
SELL4210,Khalsa PLC,khalsaplc@gmail.com,+91 94467 83456,01-11-2022,LOC0086,3.1,Footwear,Bank of Baroda,3.7262E+13,BARB2009713
SELL4211,"Sinha, Doshi and Doctor",sinhadoshianddoctor1683@gmail.com,+91 62944 20902,30-05-2023,LOC0070,4.3,Music & Instruments,Canara Bank,7.02516E+13,CNRB8777523
SELL4212,"Aggarwal, Doctor and Handa",aggarwaldoctorandhanda7883@gmail.com,+91 61424 65362,26-08-2023,LOC0057,3.9,Gaming,Punjab National Bank,4.08201E+13,PUNB4093397
SELL4213,Ghose and Sons,ghoseandsons6850@gmail.com,+91 88027 00173,22-05-2023,LOC0100,3.5,Office Supplies,ICICI Bank,6.65553E+12,ICIC8868213
SELL4214,Varty-Vig,varty-vig733@gmail.com,+91 65144 63592,24-08-2023,LOC0042,5,Electronics,ICICI Bank,17882481939,ICIC9493534
SELL4215,Virk-Lad,virk-lad@gmail.com,+91 63135 04629,07-08-2025,LOC0052,3.9,Books,Bank of Baroda,8.49273E+13,BARB9608037
SELL4216,"Kant, Varkey and Sinha",kantvarkeyandsinha2722@gmail.com,+91 61248 31037,01-03-2026,LOC0091,4.8,Baby,Union Bank of India,8.56411E+11,UBIN5776776
SELL4217,Subramanian LLC,subramanianllc@gmail.com,+91 61994 12366,24-05-2023,LOC0012,3.4,Music & Instruments,Punjab National Bank,9.67288E+11,PUNB2575368
SELL4218,Ravi Inc,raviinc@gmail.com,+91 93246 49557,03-08-2024,LOC0074,2.2,Music & Instruments,ICICI Bank,9.06999E+11,ICIC3675811
SELL4219,Goyal Ltd,goyalltd532@gmail.com,+91 71589 29001,30-04-2021,LOC0054,4,Clothing,Canara Bank,7941360246,CNRB9963436
SELL4220,Borra-Sabharwal,borra-sabharwal463@gmail.com,+91 83842 07657,08-09-2024,LOC0007,3.4,Music & Instruments,Bank of Baroda,9.97099E+12,BARB6386027
SELL4221,"Kale, Ramaswamy and Chadha",kaleramaswamyandchadha@gmail.com,+91 78763 15785,03-03-2025,LOC0057,3.8,Clothing,Union Bank of India,37970742439,UBIN6233525
SELL4222,Rana and Sons,ranaandsons@gmail.com,+91 60049 77667,29-12-2025,LOC0067,2.5,Pets,HDFC Bank,2.6008E+13,HDFC3232962
SELL4223,Dhar and Sons,dharandsons@gmail.com,+91 70331 93547,07-10-2021,LOC0066,3.8,Pets,State Bank of India,2.44267E+12,SBIN8223052
SELL4224,Vora and Sons,voraandsons3799@gmail.com,+91 77299 27255,04-04-2021,LOC0044,4.7,Toys,Union Bank of India,49424688881,UBIN9503355
SELL4225,Korpal Group,korpalgroup4244@gmail.com,+91 79801 62152,31-12-2022,LOC0038,3.7,Jewellery,Axis Bank,9986369089,UTIB4719865
SELL4226,Issac-Swaminathan,issac-swaminathan@gmail.com,+91 67496 81661,07-08-2023,LOC0020,3.7,Health,IndusInd Bank,3.61815E+13,INDB3244527
SELL4227,Seshadri LLC,seshadrillc5996@gmail.com,+91 82018 99480,21-02-2025,LOC0100,4.6,Pets,State Bank of India,7852691175,SBIN3522941
SELL4228,Buch Group,buchgroup7547@gmail.com,+91 93935 97116,05-06-2025,LOC0027,4.3,Sports,Canara Bank,8.22372E+11,CNRB4788277
SELL4229,Chadha-Shah,chadha-shah4923@gmail.com,+91 97530 86765,17-03-2024,LOC0088,4.3,Music & Instruments,State Bank of India,22466274403,SBIN9184971
SELL4230,Krish Group,krishgroup@gmail.com,+91 74900 06805,26-03-2022,LOC0077,3.1,Sports,Union Bank of India,1.0288E+12,UBIN3895220
SELL4231,Kari and Sons,kariandsons984@gmail.com,+91 68402 12808,19-11-2021,LOC0086,2.2,Pets,HDFC Bank,3.77016E+13,HDFC3816030
SELL4232,Grewal-Malhotra,grewal-malhotra@gmail.com,+91 78118 59873,09-12-2025,LOC0024,1.6,Baby,Axis Bank,3953219076,UTIB5320675
SELL4233,Bajwa-Lala,bajwa-lala1494@gmail.com,+91 96865 36311,11-09-2025,LOC0091,3.1,Pets,Union Bank of India,8.55329E+12,UBIN9904463
SELL4234,Dube PLC,dubeplc@gmail.com,+91 93140 87549,26-04-2022,LOC0061,1.5,Toys,State Bank of India,7.61099E+13,SBIN8890319
SELL4235,Shan-Uppal,shan-uppal7601@gmail.com,+91 63355 01677,19-06-2025,LOC0001,1.2,Clothing,Kotak Mahindra Bank,70841638629,KKBK9066702
SELL4236,"Kumer, Sankaran and Raman",kumersankaranandraman@gmail.com,+91 83107 86983,14-05-2023,LOC0033,4,Clothing,ICICI Bank,2346034496,ICIC6097743
SELL4237,Balan LLC,balanllc8961@gmail.com,+91 85688 15335,08-11-2022,LOC0052,2.9,Clothing,Kotak Mahindra Bank,4087496603,KKBK9891964
SELL4238,Behl-Sarin,behl-sarin9674@gmail.com,+91 79046 47664,28-03-2024,LOC0097,3.4,Bags & Luggage,IndusInd Bank,2.56665E+12,INDB1070289
SELL4239,"Kala, Chandran and Khanna",kalachandranandkhanna@gmail.com,+91 98059 80282,15-06-2021,LOC0062,4,Toys,Kotak Mahindra Bank,6.78977E+11,KKBK3675380
SELL4240,De-Sastry,de-sastry@gmail.com,+91 67017 62770,16-12-2023,LOC0095,3.6,Music & Instruments,Bank of Baroda,4554943863,BARB6481340
SELL4241,Malhotra Inc,malhotrainc@gmail.com,+91 86989 92094,20-03-2025,LOC0063,1.5,Home,Kotak Mahindra Bank,9.34244E+12,KKBK7939293
SELL4242,Basu Inc,basuinc@gmail.com,+91 96600 16915,16-11-2025,LOC0100,1.1,Automotive,Punjab National Bank,7.84085E+11,PUNB6686265
SELL4243,"Kapur, Kar and Wali",kapurkarandwali@gmail.com,+91 80840 09452,18-08-2023,LOC0041,4,Jewellery,Punjab National Bank,8.11652E+13,PUNB4408777
SELL4244,Chaudry-Jha,chaudry-jha805@gmail.com,+91 72542 97894,19-07-2023,LOC0016,2.9,Stationery,Kotak Mahindra Bank,96369681995,KKBK7297862
SELL4245,Vyas-Toor,vyas-toor2318@gmail.com,+91 91565 14266,20-02-2026,LOC0104,2.7,Groceries,State Bank of India,8.04646E+12,SBIN5103924
SELL4246,Talwar-Barman,talwar-barman@gmail.com,+91 60145 91116,13-04-2023,LOC0024,2.4,Stationery,ICICI Bank,1907312535,ICIC7299572
SELL4247,"Rau, Tripathi and Sridhar",rautripathiandsridhar2057@gmail.com,+91 83978 72633,04-11-2022,LOC0006,3.6,Home,Kotak Mahindra Bank,7.64017E+11,KKBK6765800
SELL4248,Jayaraman-Halder,jayaraman-halder2922@gmail.com,+91 77200 57516,18-12-2025,LOC0058,4.5,Stationery,Punjab National Bank,7639948627,PUNB1868874
SELL4249,"Mahal, Walia and Salvi",mahalwaliaandsalvi@gmail.com,+91 85117 85412,19-05-2023,LOC0092,4.5,Health,Canara Bank,6.1073E+11,CNRB2451461
SELL4250,Khalsa-Sood,khalsa-sood@gmail.com,+91 96892 25578,31-05-2021,LOC0055,2.1,Home,Bank of Baroda,33130613660,BARB6978826
SELL4251,Manne and Sons,manneandsons@gmail.com,+91 72021 52072,26-07-2025,LOC0030,2,Pets,Bank of Baroda,3504696079,BARB2179385
SELL4252,Karnik-Solanki,karnik-solanki@gmail.com,+91 81846 09395,19-04-2023,LOC0007,4.1,Stationery,IndusInd Bank,5.35426E+12,INDB8081716
SELL4253,Deshpande-Varma,deshpande-varma@gmail.com,+91 67612 97925,23-12-2025,LOC0090,3.2,Health,HDFC Bank,9.89647E+11,HDFC7873656
SELL4254,"Saini, Vasa and Wason",sainivasaandwason1962@gmail.com,+91 71504 42618,07-10-2025,LOC0017,3.8,Clothing,IndusInd Bank,8086391185,INDB4225092
SELL4255,Sankar-Kata,sankar-kata3316@gmail.com,+91 67826 44286,26-03-2024,LOC0030,4.9,Groceries,Bank of Baroda,79756002124,BARB9813249
SELL4256,Mahal LLC,mahalllc@gmail.com,+91 85956 90390,16-03-2023,LOC0019,4.3,Automotive,Axis Bank,7243089730,UTIB7467019
SELL4257,"Chandran, Thaman and Batta",chandranthamanandbatta9699@gmail.com,+91 93661 19589,16-05-2023,LOC0087,2.7,Sports,State Bank of India,3.05854E+13,SBIN4782469
SELL4258,Bawa Inc,bawainc8306@gmail.com,+91 92617 81376,26-05-2025,LOC0073,1,Gaming,Canara Bank,8.28582E+13,CNRB8294752
SELL4259,Khare Ltd,khareltd8308@gmail.com,+91 79834 95593,09-02-2022,LOC0065,1.1,Automotive,State Bank of India,2.21264E+12,SBIN9196060
SELL4260,Saha PLC,sahaplc@gmail.com,+91 95821 30610,29-02-2024,LOC0049,2.8,Bags & Luggage,Kotak Mahindra Bank,6606972164,KKBK2624559
SELL4261,"Solanki, Rastogi and Bandi",solankirastogiandbandi3968@gmail.com,+91 96054 42010,09-04-2023,LOC0019,4.1,Beauty,Bank of Baroda,5649361189,BARB2371871
SELL4262,Buch-Gaba,buch-gaba@gmail.com,+91 99477 23468,11-04-2024,LOC0008,1.2,Beauty,IndusInd Bank,2.39951E+13,INDB5027276
SELL4263,"Subramanian, Dixit and Chad",subramaniandixitandchad@gmail.com,+91 96404 01793,15-03-2025,LOC0085,4,Jewellery,Kotak Mahindra Bank,7033147561,KKBK1135248
SELL4264,Tata-Chandran,tata-chandran@gmail.com,+91 62546 80167,23-04-2023,LOC0040,2.6,Stationery,Kotak Mahindra Bank,3.88369E+13,KKBK4994125
SELL4265,"D’Alia, Bedi and Dua",d’aliabedianddua@gmail.com,+91 76372 18059,24-09-2021,LOC0096,4,Electronics,Kotak Mahindra Bank,54277372388,KKBK5077633
SELL4266,"Badami, Kanda and Balasubramanian",badamikandaandbalasubramanian2348@gmail.com,+91 75603 30622,17-11-2023,LOC0034,1.4,Automotive,HDFC Bank,93013267378,HDFC9807615
SELL4267,"Walla, Lanka and Saha",wallalankaandsaha3463@gmail.com,+91 82755 67919,06-06-2023,LOC0094,4.9,Stationery,ICICI Bank,2.48644E+11,ICIC3329761
SELL4268,Sridhar and Sons,sridharandsons6978@gmail.com,+91 63056 70747,15-08-2023,LOC0086,2.1,Music & Instruments,State Bank of India,5.13758E+11,SBIN2540698
SELL4269,"Dugar, Aggarwal and Khare",dugaraggarwalandkhare1658@gmail.com,+91 64999 34326,06-03-2022,LOC0021,3,Footwear,Bank of Baroda,7.02417E+11,BARB4191160
SELL4270,Basu-Rana,basu-rana@gmail.com,+91 92264 58954,15-12-2024,LOC0002,2.5,Beauty,Axis Bank,1.52365E+11,UTIB3349355
SELL4271,Wadhwa LLC,wadhwallc7982@gmail.com,+91 98590 20479,20-01-2024,LOC0041,4.4,Stationery,ICICI Bank,14607958691,ICIC7250324
SELL4272,Bandi Ltd,bandiltd@gmail.com,+91 89728 99792,10-11-2023,LOC0056,3.2,Beauty,Punjab National Bank,66236334867,PUNB8334565
SELL4273,Chahal and Sons,chahalandsons2801@gmail.com,+91 97519 96747,01-08-2023,LOC0108,3.4,Clothing,IndusInd Bank,73503525892,INDB9040905
SELL4274,"Dewan, Sarkar and Yohannan",dewansarkarandyohannan2943@gmail.com,+91 81666 56954,22-08-2024,LOC0090,3,Office Supplies,Kotak Mahindra Bank,1.67322E+12,KKBK7125847
SELL4275,Bobal Ltd,boballtd5949@gmail.com,+91 67198 53624,09-05-2021,LOC0041,2.1,Music & Instruments,ICICI Bank,17758344053,ICIC3430522
SELL4276,"Goel, Rao and Wable",goelraoandwable8234@gmail.com,+91 70252 07421,30-05-2024,LOC0101,4.5,Footwear,Bank of Baroda,1.1384E+12,BARB9301897
SELL4277,Sahni-Sachdeva,sahni-sachdeva4808@gmail.com,+91 87836 22614,21-03-2022,LOC0033,4,Gaming,Axis Bank,99634173454,UTIB7784264
SELL4278,Srivastava-Mannan,srivastava-mannan@gmail.com,+91 96582 39131,16-11-2024,LOC0019,4.7,Pets,Canara Bank,91095856396,CNRB1951767
SELL4279,Ghosh Inc,ghoshinc448@gmail.com,+91 88536 20207,11-03-2023,LOC0095,2.9,Toys,Kotak Mahindra Bank,6824888984,KKBK1161031
SELL4280,Upadhyay-Wable,upadhyay-wable9011@gmail.com,+91 87075 55566,02-11-2024,LOC0100,3.6,Baby,IndusInd Bank,2158713751,INDB9874960
SELL4281,"Dey, Kara and Raju",deykaraandraju@gmail.com,+91 72755 49530,03-01-2025,LOC0094,2.3,Sports,ICICI Bank,64078233488,ICIC1317525
SELL4282,Subramanian-Lalla,subramanian-lalla@gmail.com,+91 78840 72062,07-04-2024,LOC0028,2.5,Electronics,ICICI Bank,6617621552,ICIC2751557
SELL4283,Grover-Virk,grover-virk@gmail.com,+91 72078 43263,23-08-2023,LOC0034,1.2,Office Supplies,Canara Bank,2.21343E+12,CNRB4035536
SELL4284,"Bhandari, Mahajan and Tailor",bhandarimahajanandtailor@gmail.com,+91 68854 06372,10-12-2024,LOC0091,1.4,Electronics,Bank of Baroda,4126257811,BARB7835150
SELL4285,"Garde, Bose and Bhatnagar",gardeboseandbhatnagar@gmail.com,+91 75539 59239,17-02-2025,LOC0054,1.5,Home,State Bank of India,6.39096E+12,SBIN2276943
SELL4286,"Sengupta, Bhardwaj and Shetty",senguptabhardwajandshetty1671@gmail.com,+91 63820 97615,28-07-2021,LOC0060,3.3,Music & Instruments,Bank of Baroda,3001588073,BARB1271353
SELL4287,Varma-Sant,varma-sant423@gmail.com,+91 87903 80570,30-11-2024,LOC0023,1.2,Stationery,State Bank of India,8.75385E+11,SBIN3142675
SELL4288,Vala Inc,valainc9079@gmail.com,+91 80462 14538,19-06-2024,LOC0050,2,Gaming,ICICI Bank,3.84189E+11,ICIC9168163
SELL4289,Agarwal-Krish,agarwal-krish@gmail.com,+91 75234 32111,02-10-2024,LOC0045,1.3,Sports,Bank of Baroda,6.44156E+11,BARB2903320
SELL4290,"Sachdeva, Rege and Wable",sachdevaregeandwable9310@gmail.com,+91 74542 06004,21-05-2025,LOC0022,1.3,Music & Instruments,State Bank of India,2.65343E+12,SBIN6553201
SELL4291,Bora-Bir,bora-bir@gmail.com,+91 72699 22279,19-12-2025,LOC0066,3.4,Jewellery,IndusInd Bank,4.93768E+13,INDB6915576
SELL4292,Sane-Andra,sane-andra8874@gmail.com,+91 77026 75319,12-02-2025,LOC0005,1.6,Automotive,Canara Bank,9.84681E+11,CNRB6694834
SELL4293,Dara-Kar,dara-kar3567@gmail.com,+91 63030 09451,22-10-2025,LOC0032,4.4,Gaming,Axis Bank,2.75352E+11,UTIB2215043
SELL4294,"Ramanathan, Thaker and Deol",ramanathanthakeranddeol@gmail.com,+91 92301 29767,30-12-2024,LOC0074,1.6,Groceries,Kotak Mahindra Bank,55035907363,KKBK3475108
SELL4295,"Sundaram, Arora and Som",sundaramaroraandsom@gmail.com,+91 95737 60388,14-12-2022,LOC0007,3.8,Beauty,ICICI Bank,6.34642E+11,ICIC6887393
SELL4296,Anne and Sons,anneandsons4132@gmail.com,+91 71161 56554,12-07-2022,LOC0102,3.2,Beauty,HDFC Bank,3089975165,HDFC8956590
SELL4297,"Chowdhury, Sankaran and Gupta",chowdhurysankaranandgupta@gmail.com,+91 68633 13987,16-12-2023,LOC0069,3,Clothing,Canara Bank,92103143183,CNRB4775662
SELL4298,Khalsa-Chowdhury,khalsa-chowdhury@gmail.com,+91 60905 64225,02-10-2022,LOC0037,1.7,Stationery,Bank of Baroda,1.42988E+12,BARB6601304
SELL4299,Gala Group,galagroup8645@gmail.com,+91 67766 96142,09-03-2022,LOC0088,4.8,Bags & Luggage,Punjab National Bank,78635926473,PUNB8391141
SELL4300,Tailor Inc,tailorinc@gmail.com,+91 83661 78003,18-02-2024,LOC0028,3,Health,Union Bank of India,4298632248,UBIN5505761
SELL4301,Varty-Rao,varty-rao@gmail.com,+91 97447 75330,26-01-2024,LOC0003,1.2,Footwear,HDFC Bank,7.95376E+13,HDFC4256385
SELL4302,"Kannan, Devan and Mani",kannandevanandmani6666@gmail.com,+91 88792 99161,09-12-2021,LOC0040,2.3,Clothing,Axis Bank,2.00754E+11,UTIB9906108
SELL4303,Kaul LLC,kaulllc@gmail.com,+91 76290 19799,24-09-2021,LOC0101,4.7,Electronics,Kotak Mahindra Bank,3.09114E+12,KKBK8863601
SELL4304,Shan PLC,shanplc1094@gmail.com,+91 94445 00957,22-08-2025,LOC0027,3.1,Clothing,Canara Bank,8583503933,CNRB1193178
SELL4305,Lala Group,lalagroup@gmail.com,+91 86498 03732,12-03-2025,LOC0055,2.9,Stationery,ICICI Bank,3.48943E+12,ICIC6933704
SELL4306,"Dass, Tiwari and Kurian",dasstiwariandkurian@gmail.com,+91 91239 03078,29-11-2021,LOC0059,3.4,Health,Axis Bank,6134599054,UTIB7097265
SELL4307,Kumar LLC,kumarllc@gmail.com,+91 88933 77004,07-01-2022,LOC0048,2.7,Toys,Punjab National Bank,1798570788,PUNB6867311
SELL4308,"Rattan, Mangat and Kuruvilla",rattanmangatandkuruvilla@gmail.com,+91 89563 16795,07-11-2022,LOC0033,4.4,Electronics,Axis Bank,1316859733,UTIB1257272
SELL4309,"Ram, Rajagopal and Bhakta",ramrajagopalandbhakta@gmail.com,+91 65103 64059,23-05-2025,LOC0106,4.5,Clothing,Punjab National Bank,7.21905E+12,PUNB3326916
SELL4310,Tara LLC,tarallc@gmail.com,+91 66188 97131,19-12-2021,LOC0004,3.5,Sports,Union Bank of India,3009184222,UBIN1745703
SELL4311,Talwar Group,talwargroup@gmail.com,+91 95320 54124,01-09-2021,LOC0009,4.8,Sports,Union Bank of India,2503484008,UBIN1961659
SELL4312,"Sekhon, Suresh and Bala",sekhonsureshandbala6609@gmail.com,+91 61268 08682,09-04-2024,LOC0064,2.6,Electronics,Bank of Baroda,8.17885E+13,BARB8152585
SELL4313,Sehgal and Sons,sehgalandsons@gmail.com,+91 98592 46718,15-10-2023,LOC0044,2.2,Footwear,IndusInd Bank,1.06354E+11,INDB9309469
SELL4314,"Borra, Gole and Sunder",borragoleandsunder@gmail.com,+91 81288 21427,21-07-2024,LOC0085,4.8,Electronics,Canara Bank,7.64419E+12,CNRB8888244
SELL4315,"Sankar, Bora and Andra",sankarboraandandra@gmail.com,+91 77796 10335,31-10-2022,LOC0042,4,Pets,Kotak Mahindra Bank,4.28656E+12,KKBK6275153
SELL4316,Anne-Anand,anne-anand9634@gmail.com,+91 90233 28850,27-10-2022,LOC0050,3.2,Automotive,State Bank of India,7.47698E+13,SBIN2930472
SELL4317,"Ganguly, Ghosh and Upadhyay",gangulyghoshandupadhyay4225@gmail.com,+91 63439 03686,25-07-2022,LOC0080,3.3,Pets,Bank of Baroda,3.06766E+11,BARB7019011
SELL4318,"Gulati, Behl and Tank",gulatibehlandtank@gmail.com,+91 95452 80999,06-05-2021,LOC0055,4.8,Pets,IndusInd Bank,39150173447,INDB5006553
SELL4319,Kalla Group,kallagroup@gmail.com,+91 60141 63972,03-03-2022,LOC0033,1.2,Gaming,State Bank of India,1.37638E+11,SBIN6592014
SELL4320,Varghese-Bhakta,varghese-bhakta@gmail.com,+91 68830 01185,01-01-2023,LOC0108,3,Footwear,HDFC Bank,58874407486,HDFC5816959
SELL4321,Ahluwalia-Ray,ahluwalia-ray@gmail.com,+91 85797 34134,24-04-2023,LOC0090,3.4,Groceries,Canara Bank,6.78396E+12,CNRB9786939
SELL4322,"Jaggi, Sachdev and Karpe",jaggisachdevandkarpe@gmail.com,+91 86384 14331,09-07-2024,LOC0067,3.6,Stationery,State Bank of India,69160404,SBIN7851531
SELL4323,"Rau, Chada and Bahl",rauchadaandbahl@gmail.com,+91 73270 95312,03-02-2023,LOC0042,4.9,Stationery,Canara Bank,3607529463,CNRB6515898
SELL4324,Baria Ltd,barialtd@gmail.com,+91 81532 40110,23-02-2025,LOC0036,1.7,Pets,State Bank of India,6892769601,SBIN5147322
SELL4325,Keer-Konda,keer-konda@gmail.com,+91 68617 61226,12-12-2024,LOC0037,4.2,Office Supplies,ICICI Bank,93667465760,ICIC4942772
SELL4326,Issac LLC,issacllc@gmail.com,+91 71237 62636,19-02-2025,LOC0025,2.5,Home,Canara Bank,1.3261E+12,CNRB4898575
SELL4327,"Sankaran, Talwar and Ranganathan",sankarantalwarandranganathan@gmail.com,+91 66010 06154,02-04-2023,LOC0047,4.2,Baby,State Bank of India,2.49636E+12,SBIN8120010
SELL4328,"Bhasin, Rout and Kamdar",bhasinroutandkamdar2792@gmail.com,+91 94837 07504,07-04-2024,LOC0036,3.4,Books,Punjab National Bank,3.72528E+13,PUNB5233105
SELL4329,Kulkarni-Bhattacharyya,kulkarni-bhattacharyya@gmail.com,+91 73293 75061,30-09-2024,LOC0106,1.2,Baby,Axis Bank,4455986415,UTIB9183858
SELL4330,"Varghese, Contractor and Dugal",varghesecontractoranddugal@gmail.com,+91 69368 05022,04-05-2021,LOC0033,1.9,Music & Instruments,ICICI Bank,7490386137,ICIC6669453
SELL4331,"Behl, Kurian and Lal",behlkurianandlal@gmail.com,+91 83997 17930,08-11-2024,LOC0110,2.3,Home,Kotak Mahindra Bank,68169809994,KKBK8076619
SELL4332,Bandi-Bava,bandi-bava@gmail.com,+91 94354 41336,05-03-2025,LOC0087,3.2,Stationery,ICICI Bank,2873823406,ICIC9739366
SELL4333,Chatterjee-Tata,chatterjee-tata@gmail.com,+91 78402 13304,19-09-2023,LOC0058,3.8,Sports,State Bank of India,50201305727,SBIN7334332
SELL4334,Thaman Inc,thamaninc@gmail.com,+91 82824 92380,22-01-2024,LOC0008,1.9,Baby,Canara Bank,5976916887,CNRB8299025
SELL4335,"Hari, Das and Ratti",haridasandratti9477@gmail.com,+91 86148 75688,11-02-2026,LOC0028,1.4,Bags & Luggage,Bank of Baroda,3.59917E+12,BARB6007170
SELL4336,Mann-Jaggi,mann-jaggi2452@gmail.com,+91 82666 63730,25-09-2023,LOC0065,4.5,Electronics,Union Bank of India,1.83217E+13,UBIN1358748
SELL4337,"Tandon, Tak and Bal",tandontakandbal@gmail.com,+91 92391 12127,11-04-2024,LOC0041,1.9,Footwear,Union Bank of India,13833774641,UBIN4098866
SELL4338,Tandon Group,tandongroup6846@gmail.com,+91 60021 98471,29-08-2022,LOC0070,4.7,Toys,Axis Bank,3.2627E+11,UTIB6194141
SELL4339,Biswas and Sons,biswasandsons4509@gmail.com,+91 93117 66812,10-06-2023,LOC0054,4.3,Footwear,Punjab National Bank,38692614623,PUNB9873079
SELL4340,Chanda Inc,chandainc4868@gmail.com,+91 86526 73858,27-07-2021,LOC0005,1.9,Clothing,IndusInd Bank,1123172176,INDB2950939
SELL4341,Devan-Deo,devan-deo6171@gmail.com,+91 99943 33765,07-08-2025,LOC0062,1.5,Health,IndusInd Bank,2314023282,INDB9312907
SELL4342,"Gola, Yogi and Ben",golayogiandben9645@gmail.com,+91 65076 45834,07-06-2023,LOC0036,1.8,Electronics,Union Bank of India,8.33032E+12,UBIN2528973
SELL4343,Badami Ltd,badamiltd@gmail.com,+91 65198 90846,27-11-2023,LOC0065,1.5,Music & Instruments,Bank of Baroda,5224702170,BARB4562554
SELL4344,Sagar PLC,sagarplc@gmail.com,+91 80681 44462,30-05-2023,LOC0075,1.4,Health,Union Bank of India,7873062852,UBIN8627873
SELL4345,"Swamy, Koshy and Borah",swamykoshyandborah@gmail.com,+91 72360 77228,28-12-2024,LOC0047,3.5,Beauty,State Bank of India,3815474159,SBIN1308168
SELL4346,Mangal-Ratta,mangal-ratta8550@gmail.com,+91 85554 92594,11-12-2021,LOC0051,4.4,Footwear,HDFC Bank,7.8032E+13,HDFC1682576
SELL4347,Dada-Anand,dada-anand4401@gmail.com,+91 74432 19690,10-10-2021,LOC0095,1.7,Gaming,Bank of Baroda,4.47645E+12,BARB2143600
SELL4348,Rana-Sabharwal,rana-sabharwal@gmail.com,+91 64583 16501,09-06-2024,LOC0015,4.3,Health,Kotak Mahindra Bank,8.29143E+12,KKBK6712460
SELL4349,Chakraborty Ltd,chakrabortyltd3383@gmail.com,+91 73604 69272,18-11-2023,LOC0049,1.5,Bags & Luggage,HDFC Bank,7899182865,HDFC6676040
SELL4350,Maharaj and Sons,maharajandsons@gmail.com,+91 90854 73475,12-07-2025,LOC0072,2,Baby,Axis Bank,4.13106E+13,UTIB2523087
SELL4351,"Varma, Wadhwa and Ramaswamy",varmawadhwaandramaswamy320@gmail.com,+91 78979 53241,05-04-2025,LOC0083,4.3,Books,ICICI Bank,3.12334E+11,ICIC5861866
SELL4352,Raman PLC,ramanplc6078@gmail.com,+91 97740 74650,23-12-2022,LOC0097,4.5,Groceries,Bank of Baroda,3.05154E+13,BARB9030494
SELL4353,"Shan, Dhingra and Goswami",shandhingraandgoswami3157@gmail.com,+91 76751 40503,22-01-2025,LOC0061,1.1,Automotive,Canara Bank,66701348457,CNRB2740293
SELL4354,Kala Group,kalagroup1142@gmail.com,+91 85415 62220,14-04-2021,LOC0110,1.7,Toys,Bank of Baroda,6.75336E+11,BARB3815788
SELL4355,"Bhagat, Contractor and Mangat",bhagatcontractorandmangat7832@gmail.com,+91 68462 35126,27-01-2023,LOC0019,3,Music & Instruments,IndusInd Bank,1238025276,INDB4320220
SELL4356,Kashyap Inc,kashyapinc@gmail.com,+91 61957 67017,29-09-2024,LOC0099,1.5,Office Supplies,Kotak Mahindra Bank,3.27595E+11,KKBK2000654
SELL4357,"Kadakia, Srinivasan and Gopal",kadakiasrinivasanandgopal@gmail.com,+91 63048 14482,28-09-2021,LOC0084,3.2,Toys,Axis Bank,5640068432,UTIB8448806
SELL4358,Walla Group,wallagroup@gmail.com,+91 81313 48201,25-02-2024,LOC0036,3.6,Baby,ICICI Bank,6.68749E+13,ICIC5433228
SELL4359,"Contractor, Bail and Bakshi",contractorbailandbakshi@gmail.com,+91 67753 57916,07-08-2025,LOC0018,4.9,Electronics,ICICI Bank,7477518529,ICIC4660325
SELL4360,Chaudhry Ltd,chaudhryltd6027@gmail.com,+91 77343 63743,02-04-2024,LOC0055,4,Office Supplies,Union Bank of India,4.1621E+13,UBIN4535653
SELL4361,Balakrishnan-Banerjee,balakrishnan-banerjee2163@gmail.com,+91 77236 62750,11-08-2022,LOC0014,1.4,Bags & Luggage,Axis Bank,6.79067E+12,UTIB8892142
SELL4362,Thaker Inc,thakerinc6643@gmail.com,+91 83603 78867,02-02-2023,LOC0106,2.8,Books,ICICI Bank,6.61992E+11,ICIC1570175
SELL4363,Mahal and Sons,mahalandsons2784@gmail.com,+91 96438 24550,18-05-2022,LOC0106,1.9,Baby,IndusInd Bank,5.67766E+11,INDB8777283
SELL4364,Sheth-Dhingra,sheth-dhingra@gmail.com,+91 83220 84807,18-02-2023,LOC0035,3.1,Stationery,Bank of Baroda,5620508073,BARB2065672
SELL4365,Goda-Reddy,goda-reddy453@gmail.com,+91 68451 69616,26-03-2022,LOC0087,2,Automotive,HDFC Bank,4.52503E+12,HDFC5127719
SELL4366,Sarin-Sangha,sarin-sangha@gmail.com,+91 69094 79258,17-03-2022,LOC0073,2.2,Clothing,HDFC Bank,9.96492E+12,HDFC8986722
SELL4367,"Dugar, Mammen and Kapadia",dugarmammenandkapadia@gmail.com,+91 73184 79139,10-05-2023,LOC0012,1.7,Toys,Canara Bank,6.25261E+13,CNRB9294816
SELL4368,Barad-Vig,barad-vig@gmail.com,+91 91665 81740,20-10-2023,LOC0105,4.4,Groceries,Union Bank of India,83275788840,UBIN7424743
SELL4369,Kapoor Ltd,kapoorltd7345@gmail.com,+91 83895 46341,17-12-2022,LOC0098,4.1,Music & Instruments,HDFC Bank,4.62749E+11,HDFC9055122
SELL4370,"Dave, Upadhyay and Krish",daveupadhyayandkrish1599@gmail.com,+91 66680 16336,15-03-2026,LOC0047,1.5,Electronics,ICICI Bank,2.17904E+12,ICIC6901135
SELL4371,Sundaram-Devi,sundaram-devi@gmail.com,+91 68770 65536,15-03-2024,LOC0110,1.4,Automotive,Union Bank of India,5.77731E+12,UBIN8800992
SELL4372,Mammen PLC,mammenplc8389@gmail.com,+91 67088 50299,20-04-2021,LOC0075,2.2,Books,Bank of Baroda,8.03516E+13,BARB8770901
SELL4373,Buch-Sem,buch-sem9650@gmail.com,+91 68047 99423,27-07-2024,LOC0101,4.7,Stationery,Union Bank of India,1.59611E+12,UBIN8378079
SELL4374,Arora-Bhatia,arora-bhatia@gmail.com,+91 71309 49798,12-06-2021,LOC0089,1.6,Sports,Union Bank of India,693552788,UBIN5590673
SELL4375,Bedi-Tata,bedi-tata@gmail.com,+91 94450 51062,05-04-2023,LOC0002,3.9,Books,ICICI Bank,88148213573,ICIC3070539
SELL4376,Chada Ltd,chadaltd1665@gmail.com,+91 89671 45164,28-03-2026,LOC0027,4.8,Pets,HDFC Bank,4663029367,HDFC5441141
SELL4377,Mangat Group,mangatgroup@gmail.com,+91 96574 61803,28-07-2023,LOC0088,3.1,Baby,State Bank of India,17860433228,SBIN2193391
SELL4378,Dube Inc,dubeinc6983@gmail.com,+91 65613 02586,06-09-2021,LOC0042,3.7,Health,Union Bank of India,9.99508E+11,UBIN2295087
SELL4379,Lall PLC,lallplc7995@gmail.com,+91 95346 24833,16-06-2022,LOC0062,1.1,Stationery,Kotak Mahindra Bank,4709063007,KKBK9164208
SELL4380,Dara-Brar,dara-brar5026@gmail.com,+91 84996 54011,03-11-2025,LOC0087,3,Books,IndusInd Bank,2.18651E+13,INDB6015289
SELL4381,Chandra-Bahri,chandra-bahri@gmail.com,+91 75542 29776,30-10-2021,LOC0027,1.5,Electronics,HDFC Bank,7.44416E+13,HDFC5785487
SELL4382,"Sabharwal, Venkatesh and Khanna",sabharwalvenkateshandkhanna@gmail.com,+91 88297 63875,03-06-2024,LOC0045,3.2,Music & Instruments,Bank of Baroda,6697912546,BARB5119361
SELL4383,Dara-Ramachandran,dara-ramachandran4834@gmail.com,+91 66193 12866,07-02-2023,LOC0102,3.8,Music & Instruments,Union Bank of India,5.31365E+12,UBIN8362593
SELL4384,Loke-Mandal,loke-mandal@gmail.com,+91 67615 80937,23-08-2025,LOC0111,3.5,Beauty,IndusInd Bank,4.11783E+11,INDB9262498
SELL4385,"Raja, Majumdar and Arora",rajamajumdarandarora@gmail.com,+91 76610 21020,20-09-2022,LOC0050,3.4,Home,State Bank of India,2.85618E+11,SBIN7476744
SELL4386,Shenoy-Shankar,shenoy-shankar@gmail.com,+91 95522 29184,22-03-2025,LOC0025,1.8,Toys,Axis Bank,5.97827E+12,UTIB2298323
SELL4387,"Hayer, Sha and Chadha",hayershaandchadha@gmail.com,+91 97171 69096,30-05-2022,LOC0010,3.1,Clothing,Punjab National Bank,9.39599E+13,PUNB2744573
SELL4388,"Khare, Sahni and Chand",kharesahniandchand@gmail.com,+91 94493 49835,17-12-2022,LOC0048,3.2,Office Supplies,Canara Bank,2.31651E+13,CNRB1786529
SELL4389,Rana Ltd,ranaltd@gmail.com,+91 69902 23956,04-09-2024,LOC0008,3.8,Sports,Union Bank of India,2.31353E+12,UBIN8040250
SELL4390,Ramakrishnan Ltd,ramakrishnanltd@gmail.com,+91 88543 62046,02-08-2021,LOC0006,1.3,Sports,Kotak Mahindra Bank,5.67671E+11,KKBK5846220
SELL4391,Basak-Aurora,basak-aurora4470@gmail.com,+91 96824 80887,04-01-2022,LOC0025,3.2,Baby,Bank of Baroda,4.63602E+11,BARB7846308
SELL4392,"Anand, Shenoy and Brar",anandshenoyandbrar757@gmail.com,+91 78955 67122,26-11-2024,LOC0071,1.6,Music & Instruments,Axis Bank,1.52166E+12,UTIB8157240
SELL4393,Bhat and Sons,bhatandsons@gmail.com,+91 95519 77972,29-12-2024,LOC0086,4.5,Groceries,Kotak Mahindra Bank,1.24989E+13,KKBK4392919
SELL4394,"Ravel, Mane and Dhingra",ravelmaneanddhingra831@gmail.com,+91 82398 40935,27-02-2025,LOC0092,5,Jewellery,State Bank of India,52437814101,SBIN1234340
SELL4395,Kalla Ltd,kallaltd@gmail.com,+91 69126 75013,05-03-2022,LOC0064,4.4,Sports,Axis Bank,48618236298,UTIB8301140
SELL4396,"Tripathi, Kalla and Gulati",tripathikallaandgulati7591@gmail.com,+91 89392 59744,20-04-2025,LOC0109,1.7,Books,HDFC Bank,3.07975E+13,HDFC9308338
SELL4397,"Kaul, Bedi and Swamy",kaulbediandswamy@gmail.com,+91 83850 80853,29-03-2023,LOC0095,4,Sports,Union Bank of India,419372272,UBIN2244278
SELL4398,Grewal and Sons,grewalandsons@gmail.com,+91 97944 13872,05-08-2022,LOC0034,4.5,Bags & Luggage,Union Bank of India,77540651797,UBIN9592277
SELL4399,Ravi-Guha,ravi-guha6705@gmail.com,+91 89196 63695,09-07-2023,LOC0068,4.7,Automotive,HDFC Bank,9.47547E+11,HDFC1090263
SELL4400,Bhargava-Anne,bhargava-anne@gmail.com,+91 97462 12548,25-10-2022,LOC0006,4.1,Health,HDFC Bank,48631009154,HDFC2352103
SELL4401,"Sekhon, Balay and Mahal",sekhonbalayandmahal@gmail.com,+91 73482 75283,04-02-2025,LOC0059,2.4,Music & Instruments,Union Bank of India,8.57477E+13,UBIN6586290
SELL4402,Devi-Kapadia,devi-kapadia@gmail.com,+91 67097 58829,01-07-2022,LOC0067,4.8,Gaming,Union Bank of India,8073948393,UBIN5648393
SELL4403,"Dalal, Sarin and Chand",dalalsarinandchand@gmail.com,+91 65832 73589,20-10-2023,LOC0017,2.8,Footwear,HDFC Bank,6.68386E+12,HDFC6242649
SELL4404,Warrior Ltd,warriorltd8957@gmail.com,+91 60252 34423,09-08-2024,LOC0064,3.9,Toys,Axis Bank,9.54511E+13,UTIB5342229
SELL4405,Suri-Virk,suri-virk@gmail.com,+91 94563 45174,03-12-2021,LOC0088,1.3,Footwear,Punjab National Bank,25508055139,PUNB7126000
SELL4406,Tank-Chad,tank-chad620@gmail.com,+91 75255 02541,27-03-2025,LOC0020,4.1,Home,Axis Bank,5.13818E+11,UTIB4058125
SELL4407,Varkey-Bajaj,varkey-bajaj@gmail.com,+91 99937 68601,03-10-2024,LOC0063,4,Home,Axis Bank,2.12937E+11,UTIB2161084
SELL4408,Divan-Dayal,divan-dayal@gmail.com,+91 82450 34897,04-11-2024,LOC0037,2.1,Pets,Punjab National Bank,6047616343,PUNB5419857
SELL4409,"Grewal, Dhar and Goda",grewaldharandgoda@gmail.com,+91 94770 68917,11-09-2024,LOC0097,2,Gaming,Axis Bank,8814904491,UTIB3212361
SELL4410,"Thakkar, Madan and Maharaj",thakkarmadanandmaharaj@gmail.com,+91 97438 44827,23-09-2021,LOC0035,1.6,Music & Instruments,Axis Bank,9734504718,UTIB3617721
SELL4411,Das Group,dasgroup@gmail.com,+91 99037 21977,04-05-2025,LOC0035,3.1,Home,ICICI Bank,7064089876,ICIC6616710
SELL4412,"Sethi, Edwin and Sahota",sethiedwinandsahota@gmail.com,+91 64597 56067,22-06-2025,LOC0011,3.3,Music & Instruments,Union Bank of India,7.73548E+11,UBIN6768795
SELL4413,"Rana, Ben and Bhargava",ranabenandbhargava2354@gmail.com,+91 91420 68517,06-06-2025,LOC0006,4.6,Stationery,HDFC Bank,5126369538,HDFC3460158
SELL4414,"Rajagopalan, Aggarwal and Soni",rajagopalanaggarwalandsoni@gmail.com,+91 61702 11115,01-12-2025,LOC0080,3.6,Jewellery,Axis Bank,8.40476E+11,UTIB1461706
SELL4415,Brahmbhatt-Bains,brahmbhatt-bains@gmail.com,+91 76167 63164,17-06-2023,LOC0104,3.9,Health,IndusInd Bank,97076420840,INDB4750793
SELL4416,Sinha PLC,sinhaplc2594@gmail.com,+91 71724 05610,03-12-2022,LOC0101,3.5,Groceries,Union Bank of India,38052230965,UBIN1627196
SELL4417,Shan Ltd,shanltd140@gmail.com,+91 89158 45076,04-07-2024,LOC0052,4.1,Electronics,Punjab National Bank,7822380434,PUNB1362224
SELL4418,Desai Inc,desaiinc8142@gmail.com,+91 69311 75017,18-08-2021,LOC0030,3.2,Pets,Axis Bank,1811687295,UTIB7591430
SELL4419,Datta-Khurana,datta-khurana@gmail.com,+91 79733 28435,23-11-2021,LOC0032,4.6,Books,IndusInd Bank,4.95675E+11,INDB4190727
SELL4420,Sangha Group,sanghagroup5932@gmail.com,+91 85876 68569,06-04-2024,LOC0016,4.5,Baby,Union Bank of India,5995522571,UBIN9966086
SELL4421,Rajan-Gopal,rajan-gopal@gmail.com,+91 63075 50166,07-03-2025,LOC0029,2.4,Electronics,Axis Bank,8758884656,UTIB3747574
SELL4422,Sama Ltd,samaltd@gmail.com,+91 84014 16799,08-11-2023,LOC0036,5,Books,HDFC Bank,6.15718E+11,HDFC9688045
SELL4423,Hans-Cheema,hans-cheema2989@gmail.com,+91 87184 19983,12-08-2025,LOC0020,2.4,Clothing,IndusInd Bank,4.93389E+13,INDB7168115
SELL4424,"Gour, Keer and Thakkar",gourkeerandthakkar@gmail.com,+91 92068 81212,31-03-2023,LOC0029,4.3,Beauty,Canara Bank,6002372052,CNRB3337085
SELL4425,"Kadakia, Wagle and Basak",kadakiawagleandbasak@gmail.com,+91 95993 32813,03-07-2021,LOC0018,4.1,Health,Union Bank of India,3.56952E+13,UBIN1438570
SELL4426,Shankar-Sridhar,shankar-sridhar6520@gmail.com,+91 99450 21084,03-02-2022,LOC0047,1.3,Gaming,Canara Bank,40249076531,CNRB2075306
SELL4427,Garde PLC,gardeplc9155@gmail.com,+91 86041 29933,20-01-2022,LOC0030,1.6,Electronics,Canara Bank,9.39477E+12,CNRB1948631
SELL4428,Mani-Sani,mani-sani@gmail.com,+91 88585 23737,16-09-2022,LOC0067,2.4,Home,Canara Bank,8829635641,CNRB1307598
SELL4429,Jaggi-Majumdar,jaggi-majumdar@gmail.com,+91 80807 31883,14-08-2021,LOC0010,1.6,Footwear,Axis Bank,8.319E+13,UTIB3828575
SELL4430,Jha PLC,jhaplc1034@gmail.com,+91 71692 75634,06-07-2023,LOC0045,4.7,Office Supplies,Axis Bank,7.14968E+12,UTIB4510048
SELL4431,Gole-Bhatia,gole-bhatia@gmail.com,+91 92590 00062,09-12-2021,LOC0058,4.7,Music & Instruments,Kotak Mahindra Bank,9172671762,KKBK4464002
SELL4432,Aurora Group,auroragroup8314@gmail.com,+91 91975 34294,05-06-2025,LOC0081,1.5,Electronics,ICICI Bank,9681166156,ICIC6456977
SELL4433,Bhagat-Shere,bhagat-shere9467@gmail.com,+91 71167 86101,05-02-2026,LOC0033,4.7,Health,HDFC Bank,2.93048E+12,HDFC1337728
SELL4434,Bala-Gour,bala-gour@gmail.com,+91 92223 82118,31-05-2025,LOC0049,3,Groceries,Canara Bank,5.55487E+12,CNRB6970628
SELL4435,Singh Ltd,singhltd@gmail.com,+91 90362 90800,29-09-2022,LOC0107,4.6,Beauty,Punjab National Bank,4.29953E+13,PUNB9335516
SELL4436,Bhardwaj Inc,bhardwajinc@gmail.com,+91 63977 19008,14-09-2025,LOC0064,2.8,Music & Instruments,IndusInd Bank,5.82334E+13,INDB4775762
SELL4437,"Kunda, Gill and Grewal",kundagillandgrewal4355@gmail.com,+91 69351 27255,26-03-2025,LOC0016,1.4,Clothing,Bank of Baroda,6484278980,BARB1165021
SELL4438,Balay and Sons,balayandsons@gmail.com,+91 75509 31771,09-09-2022,LOC0072,1.7,Footwear,HDFC Bank,6.53446E+12,HDFC9590746
SELL4439,Dara-Balasubramanian,dara-balasubramanian@gmail.com,+91 78663 38065,18-08-2022,LOC0059,4,Beauty,Axis Bank,8.54025E+11,UTIB3375648
SELL4440,"Lad, Taneja and Manne",ladtanejaandmanne@gmail.com,+91 93525 44762,24-08-2025,LOC0035,2.1,Beauty,Punjab National Bank,5.34514E+12,PUNB8180574
SELL4441,Badami-Rajagopal,badami-rajagopal@gmail.com,+91 95741 09240,31-07-2021,LOC0110,1.3,Toys,IndusInd Bank,8.12391E+11,INDB2776458
SELL4442,Kakar and Sons,kakarandsons2017@gmail.com,+91 78534 41312,30-06-2024,LOC0013,4.4,Toys,Axis Bank,23706541826,UTIB4400853
SELL4443,"Dugar, Kara and Sodhi",dugarkaraandsodhi@gmail.com,+91 86050 21508,11-05-2021,LOC0023,1.2,Beauty,Canara Bank,6.01712E+11,CNRB2160336
SELL4444,Hans-Kala,hans-kala2652@gmail.com,+91 72336 71199,29-10-2025,LOC0002,3,Books,HDFC Bank,56492481352,HDFC4126278
SELL4445,"Bobal, Solanki and Sahota",bobalsolankiandsahota@gmail.com,+91 73324 18075,26-09-2023,LOC0107,2.1,Footwear,HDFC Bank,3829759565,HDFC9666708
SELL4446,"Bajwa, Dey and Dhar",bajwadeyanddhar@gmail.com,+91 89624 58772,11-01-2025,LOC0102,1.6,Electronics,Union Bank of India,5.48638E+12,UBIN9975761
SELL4447,Choudhry Group,choudhrygroup8183@gmail.com,+91 95642 21118,07-07-2023,LOC0064,2.5,Jewellery,Bank of Baroda,3.68571E+13,BARB1949932
SELL4448,Dutt-Magar,dutt-magar@gmail.com,+91 87283 45329,08-09-2022,LOC0039,1.7,Sports,HDFC Bank,6.38592E+13,HDFC8238893
SELL4449,Setty-Sampath,setty-sampath5254@gmail.com,+91 89998 71962,24-11-2024,LOC0043,3.8,Automotive,ICICI Bank,5399355285,ICIC4625499
SELL4450,Mangat PLC,mangatplc9043@gmail.com,+91 80233 33589,10-09-2022,LOC0097,3.1,Books,Canara Bank,2.36283E+13,CNRB3405331
SELL4451,"Jani, Mammen and Din",janimammenanddin@gmail.com,+91 94982 91567,12-01-2023,LOC0033,2.8,Office Supplies,ICICI Bank,6273153693,ICIC4159858
SELL4452,"Babu, Dasgupta and Chad",babudasguptaandchad@gmail.com,+91 78838 60309,08-04-2025,LOC0030,1.3,Toys,Bank of Baroda,5.07653E+13,BARB5605795
SELL4453,Bhandari PLC,bhandariplc1554@gmail.com,+91 93718 74725,25-10-2024,LOC0059,2.4,Automotive,Union Bank of India,1.28096E+12,UBIN6108352
SELL4454,"Wable, Bhatia and Dubey",wablebhatiaanddubey@gmail.com,+91 98499 58823,18-01-2024,LOC0075,4,Toys,Axis Bank,66953514360,UTIB5150834
SELL4455,Maharaj-Lanka,maharaj-lanka328@gmail.com,+91 63083 43709,16-03-2025,LOC0021,1.6,Books,ICICI Bank,5.7005E+12,ICIC2246746
SELL4456,Deep Group,deepgroup3637@gmail.com,+91 66432 26572,28-10-2023,LOC0084,4.9,Music & Instruments,Canara Bank,5.74529E+12,CNRB9553204
SELL4457,Dhar PLC,dharplc@gmail.com,+91 79513 95579,10-05-2025,LOC0008,3.7,Jewellery,HDFC Bank,5.22479E+13,HDFC6913589
SELL4458,Shukla-Rajagopalan,shukla-rajagopalan@gmail.com,+91 90499 48663,08-09-2021,LOC0015,1.6,Health,Axis Bank,92368238407,UTIB6569918
SELL4459,Krishnan-Mani,krishnan-mani@gmail.com,+91 81921 06089,21-05-2024,LOC0022,2.2,Books,HDFC Bank,7.1573E+13,HDFC4313161
SELL4460,Dash PLC,dashplc@gmail.com,+91 84324 25289,13-02-2024,LOC0037,4.6,Office Supplies,HDFC Bank,7223014847,HDFC7372023
SELL4461,Dutt-Khalsa,dutt-khalsa@gmail.com,+91 88632 93202,24-11-2024,LOC0028,2.3,Pets,ICICI Bank,1871019642,ICIC4773005
SELL4462,"Tak, Subramanian and Gaba",taksubramanianandgaba@gmail.com,+91 67465 36653,25-11-2021,LOC0085,1.3,Office Supplies,IndusInd Bank,77566024393,INDB4999830
SELL4463,Swamy Group,swamygroup@gmail.com,+91 92872 89530,13-07-2025,LOC0023,4,Books,Union Bank of India,9.21764E+11,UBIN1626165
SELL4464,Sastry Group,sastrygroup4635@gmail.com,+91 95685 58687,17-03-2024,LOC0065,1.3,Groceries,Kotak Mahindra Bank,2616628686,KKBK1563545
SELL4465,"Varma, Solanki and Sekhon",varmasolankiandsekhon@gmail.com,+91 97033 41206,11-08-2025,LOC0088,4.5,Electronics,Punjab National Bank,1.32191E+12,PUNB8672563
SELL4466,Agate-Chander,agate-chander5344@gmail.com,+91 97117 11593,16-11-2022,LOC0108,4.2,Toys,Axis Bank,50441441984,UTIB6667497
SELL4467,Sule-Bhatt,sule-bhatt@gmail.com,+91 96207 47247,16-04-2023,LOC0077,4.2,Gaming,Kotak Mahindra Bank,8.28695E+12,KKBK7862410
SELL4468,Mangat Ltd,mangatltd4708@gmail.com,+91 62217 65522,17-04-2022,LOC0023,2.1,Gaming,HDFC Bank,4865964156,HDFC9249723
SELL4469,Balasubramanian Ltd,balasubramanianltd3621@gmail.com,+91 83066 28315,21-06-2021,LOC0048,1.4,Health,Kotak Mahindra Bank,5009058341,KKBK5841517
SELL4470,Lad and Sons,ladandsons@gmail.com,+91 97873 76866,13-03-2024,LOC0100,4.2,Toys,Kotak Mahindra Bank,1.38403E+11,KKBK2536579
SELL4471,Kala-Kadakia,kala-kadakia@gmail.com,+91 63254 94388,17-12-2025,LOC0096,4.7,Pets,HDFC Bank,9.76135E+13,HDFC7476046
SELL4472,"Master, Sarkar and Gola",mastersarkarandgola@gmail.com,+91 87917 28864,27-11-2024,LOC0028,3.4,Gaming,Kotak Mahindra Bank,8.23498E+11,KKBK1515885
SELL4473,"Shere, Kara and Yadav",sherekaraandyadav@gmail.com,+91 76898 29542,10-02-2023,LOC0040,1.1,Pets,State Bank of India,6.52671E+13,SBIN1143954
SELL4474,Rege Inc,regeinc5777@gmail.com,+91 82637 23032,01-12-2025,LOC0055,1.4,Pets,IndusInd Bank,90516163555,INDB4352502
SELL4475,Karpe PLC,karpeplc@gmail.com,+91 82316 68873,02-01-2025,LOC0091,1.1,Books,State Bank of India,5.37738E+11,SBIN2530361
SELL4476,"Bhatti, Kumar and Andra",bhattikumarandandra6696@gmail.com,+91 94428 76509,17-09-2021,LOC0102,2.2,Bags & Luggage,Bank of Baroda,2.00683E+13,BARB7924160
SELL4477,"Master, Chahal and Mann",masterchahalandmann9237@gmail.com,+91 85358 80613,25-01-2025,LOC0099,2.2,Books,Punjab National Bank,5.4656E+12,PUNB1342969
SELL4478,Manne-Singh,manne-singh3198@gmail.com,+91 97868 18662,26-06-2025,LOC0008,2.9,Music & Instruments,Union Bank of India,9.88063E+12,UBIN6385553
SELL4479,Raju-Chakrabarti,raju-chakrabarti5462@gmail.com,+91 91395 69034,17-08-2022,LOC0070,3,Music & Instruments,IndusInd Bank,34007237128,INDB5144502
SELL4480,"Mandal, Goda and Sarna",mandalgodaandsarna@gmail.com,+91 78451 49701,04-05-2025,LOC0087,3.1,Home,Kotak Mahindra Bank,1.9331E+12,KKBK9252750
SELL4481,De Inc,deinc1007@gmail.com,+91 79311 51821,20-01-2023,LOC0093,1.9,Home,Bank of Baroda,4.62489E+12,BARB8430899
SELL4482,"Sagar, Soni and Sastry",sagarsoniandsastry9396@gmail.com,+91 65163 90711,30-10-2021,LOC0060,3.6,Bags & Luggage,Bank of Baroda,26455152533,BARB9567350
SELL4483,"Grewal, Shah and Tank",grewalshahandtank9143@gmail.com,+91 99790 54592,19-02-2024,LOC0109,1.4,Music & Instruments,Kotak Mahindra Bank,6.62325E+11,KKBK8539295
SELL4484,Ramachandran-Koshy,ramachandran-koshy@gmail.com,+91 84926 79063,11-03-2025,LOC0046,1.5,Gaming,Axis Bank,6.53488E+11,UTIB6760545
SELL4485,"Deol, Mahajan and Guha",deolmahajanandguha@gmail.com,+91 87235 56609,25-06-2021,LOC0113,3.3,Groceries,Bank of Baroda,9.51475E+13,BARB3121057
SELL4486,Cheema-Barman,cheema-barman1520@gmail.com,+91 70332 32467,21-05-2022,LOC0033,2.7,Music & Instruments,State Bank of India,76744103054,SBIN2126700
SELL4487,"Kala, Badal and Saxena",kalabadalandsaxena3277@gmail.com,+91 99884 36014,19-02-2025,LOC0028,2.6,Health,Canara Bank,3043230395,CNRB2123894
SELL4488,Babu and Sons,babuandsons@gmail.com,+91 61498 57490,14-05-2025,LOC0095,2.6,Electronics,Bank of Baroda,4.37367E+12,BARB6847252
SELL4489,"Talwar, Baral and Ben",talwarbaralandben2518@gmail.com,+91 97009 87744,02-01-2024,LOC0086,2.3,Sports,Canara Bank,1.76742E+12,CNRB2586569
SELL4490,"Desai, Gade and Borah",desaigadeandborah1491@gmail.com,+91 81240 43338,19-05-2022,LOC0102,4.4,Jewellery,ICICI Bank,6.41323E+11,ICIC6775843
SELL4491,Sundaram PLC,sundaramplc@gmail.com,+91 79771 02301,25-01-2025,LOC0006,3.9,Toys,HDFC Bank,9284375475,HDFC6032461
SELL4492,Sane Ltd,saneltd2011@gmail.com,+91 67174 76561,27-09-2025,LOC0044,1.2,Electronics,Axis Bank,5.24336E+12,UTIB6405970
SELL4493,"Mani, Bhavsar and Shankar",manibhavsarandshankar5819@gmail.com,+91 66917 02736,17-02-2024,LOC0053,4.3,Music & Instruments,Canara Bank,6.86709E+11,CNRB3461912
SELL4494,Kadakia Group,kadakiagroup@gmail.com,+91 96441 93566,26-07-2025,LOC0002,1.1,Bags & Luggage,Canara Bank,2.7285E+11,CNRB7043379
SELL4495,Batta-Bansal,batta-bansal@gmail.com,+91 77811 63433,14-08-2025,LOC0100,4.8,Sports,HDFC Bank,2.21329E+13,HDFC8419230
SELL4496,Ray-Goswami,ray-goswami4098@gmail.com,+91 63909 10133,01-05-2023,LOC0044,2.4,Baby,Axis Bank,5.35371E+13,UTIB7085325
SELL4497,"Kakar, Madan and Krish",kakarmadanandkrish@gmail.com,+91 80388 04653,23-06-2022,LOC0063,2.1,Jewellery,Kotak Mahindra Bank,8.04694E+11,KKBK2506358
SELL4498,Sibal and Sons,sibalandsons@gmail.com,+91 66052 73397,03-05-2025,LOC0081,3.6,Bags & Luggage,Canara Bank,4.89787E+13,CNRB4689821
SELL4499,Sankaran LLC,sankaranllc6744@gmail.com,+91 82376 45090,26-11-2024,LOC0110,2.4,Jewellery,Bank of Baroda,1949866960,BARB7493767
SELL4500,Bhattacharyya-Vohra,bhattacharyya-vohra@gmail.com,+91 74287 26425,26-12-2025,LOC0097,4.2,Footwear,Punjab National Bank,5.1394E+11,PUNB6989649
SELL4501,Dube-Datta,dube-datta383@gmail.com,+91 78330 29718,04-07-2021,LOC0062,4.6,Stationery,Axis Bank,1.40945E+12,UTIB8407743
SELL4502,Lalla Ltd,lallaltd6465@gmail.com,+91 88603 93500,05-05-2021,LOC0079,1.6,Baby,ICICI Bank,5.5842E+11,ICIC1954067
SELL4503,Bhagat-Krishnan,bhagat-krishnan@gmail.com,+91 79905 09356,20-02-2024,LOC0104,4.2,Beauty,Axis Bank,2.50477E+12,UTIB4205642
SELL4504,Sane-Bhagat,sane-bhagat4216@gmail.com,+91 65745 95589,16-12-2021,LOC0064,3.7,Sports,Axis Bank,4770690388,UTIB1305365
SELL4505,Gandhi and Sons,gandhiandsons@gmail.com,+91 84722 43144,28-10-2022,LOC0104,4.8,Home,State Bank of India,7.35893E+13,SBIN1577556
SELL4506,"Tak, Vala and Kunda",takvalaandkunda1324@gmail.com,+91 72051 39165,10-05-2025,LOC0029,1.1,Stationery,Union Bank of India,73230579859,UBIN5446809
SELL4507,Dara LLC,darallc@gmail.com,+91 79341 46361,14-07-2024,LOC0038,3.3,Pets,State Bank of India,7.81311E+13,SBIN5117951
SELL4508,"Batra, Bajwa and Mangat",batrabajwaandmangat@gmail.com,+91 74032 67223,15-12-2023,LOC0044,4.5,Toys,Axis Bank,4204518384,UTIB6066391
SELL4509,Sharma and Sons,sharmaandsons@gmail.com,+91 72951 40543,12-03-2025,LOC0009,4.3,Sports,Union Bank of India,7.42209E+13,UBIN7235758
SELL4510,"Gara, Bala and Bumb",garabalaandbumb@gmail.com,+91 84397 01633,22-10-2025,LOC0057,3.1,Gaming,State Bank of India,1.92217E+12,SBIN9567329
SELL4511,Buch-Cheema,buch-cheema5219@gmail.com,+91 63917 09621,18-03-2026,LOC0053,2.7,Sports,IndusInd Bank,31382291689,INDB5331685
SELL4512,Ahuja Inc,ahujainc@gmail.com,+91 65436 03154,17-01-2022,LOC0060,1.7,Sports,Canara Bank,4.5392E+11,CNRB5483652
SELL4513,Karan-Sha,karan-sha@gmail.com,+91 65587 23866,08-11-2025,LOC0056,2.5,Sports,Punjab National Bank,7.70026E+13,PUNB2187644
SELL4514,"Bali, Kanda and Handa",balikandaandhanda@gmail.com,+91 69741 99678,22-03-2024,LOC0081,4.1,Toys,State Bank of India,8575694193,SBIN2406134
SELL4515,Deep-Konda,deep-konda@gmail.com,+91 98684 53899,15-11-2021,LOC0031,2.3,Automotive,Canara Bank,1.26639E+12,CNRB5015516
SELL4516,"Sandhu, Bhatt and Ganesh",sandhubhattandganesh@gmail.com,+91 97327 85308,02-05-2022,LOC0063,4.7,Beauty,Bank of Baroda,5.25228E+13,BARB7868021
SELL4517,Butala-Chaudhuri,butala-chaudhuri@gmail.com,+91 71637 95161,13-12-2024,LOC0048,2.7,Office Supplies,ICICI Bank,5.25193E+12,ICIC9542831
SELL4518,Dora-Garde,dora-garde3302@gmail.com,+91 74553 54267,16-12-2023,LOC0052,2.7,Jewellery,Bank of Baroda,9.3986E+13,BARB1371540
SELL4519,Zachariah-Sha,zachariah-sha@gmail.com,+91 97684 60332,21-03-2023,LOC0096,3.5,Bags & Luggage,IndusInd Bank,4.86383E+13,INDB3759269
SELL4520,Dara Ltd,daraltd3247@gmail.com,+91 95316 57479,23-03-2026,LOC0100,1.5,Office Supplies,Kotak Mahindra Bank,4.64271E+13,KKBK7773262
SELL4521,"Khalsa, Batra and Gera",khalsabatraandgera5011@gmail.com,+91 81081 42959,30-03-2022,LOC0024,3.2,Stationery,HDFC Bank,2489578139,HDFC3599537
SELL4522,"Wali, Dasgupta and Raman",walidasguptaandraman@gmail.com,+91 87415 86525,22-04-2022,LOC0003,2.9,Footwear,IndusInd Bank,8080723864,INDB4902365
SELL4523,Tandon PLC,tandonplc2607@gmail.com,+91 80545 50281,06-01-2024,LOC0014,3.4,Beauty,Axis Bank,6.78489E+13,UTIB8915521
SELL4524,Lad-Mangal,lad-mangal@gmail.com,+91 60065 45076,17-12-2025,LOC0037,4.7,Electronics,Bank of Baroda,2.70956E+11,BARB5393434
SELL4525,Kapoor Inc,kapoorinc@gmail.com,+91 64398 75615,16-03-2024,LOC0072,1.2,Groceries,Kotak Mahindra Bank,1.72624E+12,KKBK1973398
SELL4526,"Biswas, Sethi and Mand",biswassethiandmand7283@gmail.com,+91 76174 98707,23-12-2022,LOC0001,1.2,Gaming,Punjab National Bank,1.37148E+12,PUNB6726471
SELL4527,Chakraborty-Issac,chakraborty-issac@gmail.com,+91 72061 74158,22-09-2025,LOC0076,1.4,Baby,ICICI Bank,9.76092E+11,ICIC3173689
SELL4528,"Sanghvi, Banik and Jha",sanghvibanikandjha@gmail.com,+91 69670 68500,29-03-2023,LOC0102,3.3,Automotive,HDFC Bank,97820486589,HDFC1061272
SELL4529,Bail PLC,bailplc6213@gmail.com,+91 86202 08286,10-05-2022,LOC0112,4.6,Stationery,State Bank of India,5631675207,SBIN9676688
SELL4530,"Kurian, Kant and Ramachandran",kuriankantandramachandran@gmail.com,+91 93158 67806,09-06-2024,LOC0093,2.9,Office Supplies,HDFC Bank,6.81974E+11,HDFC5126674
SELL4531,Khare-Sami,khare-sami@gmail.com,+91 61365 63850,23-12-2023,LOC0039,1.8,Health,Canara Bank,1751365638,CNRB6897139
SELL4532,Randhawa-Jayaraman,randhawa-jayaraman@gmail.com,+91 66182 39829,23-10-2021,LOC0099,4.4,Footwear,HDFC Bank,3.23783E+11,HDFC6128462
SELL4533,Thakur and Sons,thakurandsons@gmail.com,+91 98141 30167,22-10-2024,LOC0100,3.4,Electronics,Punjab National Bank,21888395521,PUNB6049823
SELL4534,Balakrishnan-Mahal,balakrishnan-mahal1400@gmail.com,+91 64852 53684,20-05-2022,LOC0090,4.6,Stationery,Canara Bank,76440175041,CNRB9582841
SELL4535,Arora-Buch,arora-buch@gmail.com,+91 65654 76414,27-04-2024,LOC0012,2.5,Health,Union Bank of India,9.29122E+11,UBIN7776554
SELL4536,Master and Sons,masterandsons5441@gmail.com,+91 94151 26294,17-05-2024,LOC0055,1.3,Home,State Bank of India,6854055494,SBIN5634277
SELL4537,"Ramachandran, Chaudhari and Aurora",ramachandranchaudhariandaurora@gmail.com,+91 63736 53474,01-11-2021,LOC0100,3,Clothing,State Bank of India,8.93309E+12,SBIN6738526
SELL4538,"Madan, Dewan and Khanna",madandewanandkhanna@gmail.com,+91 82876 29011,23-04-2024,LOC0087,2.3,Bags & Luggage,Punjab National Bank,72378583421,PUNB5028267
SELL4539,Hora Ltd,horaltd@gmail.com,+91 60305 46707,23-11-2025,LOC0095,4.2,Books,Union Bank of India,57596583711,UBIN7073415
SELL4540,Ravel Group,ravelgroup8540@gmail.com,+91 89436 77547,04-03-2025,LOC0021,4.9,Toys,Punjab National Bank,9.72634E+13,PUNB3846037
SELL4541,"Sheth, Saxena and Bhat",shethsaxenaandbhat@gmail.com,+91 61036 88375,13-03-2026,LOC0009,1.3,Baby,State Bank of India,4.41187E+13,SBIN3288127
SELL4542,Deep and Sons,deepandsons9989@gmail.com,+91 64853 06833,05-10-2023,LOC0035,4.8,Pets,Axis Bank,7.96995E+12,UTIB7317955
SELL4543,"Setty, Hari and Yadav",settyhariandyadav@gmail.com,+91 94576 39686,31-07-2025,LOC0056,1.3,Home,Kotak Mahindra Bank,5905434472,KKBK6573882
SELL4544,Baria-Chakrabarti,baria-chakrabarti@gmail.com,+91 68795 97513,18-02-2024,LOC0109,3.2,Automotive,HDFC Bank,6.99817E+12,HDFC4468202
SELL4545,"Sha, Gill and Iyengar",shagillandiyengar@gmail.com,+91 61474 77932,30-10-2024,LOC0002,3.4,Footwear,Bank of Baroda,4.46767E+13,BARB7634872
SELL4546,Sengupta-Dyal,sengupta-dyal@gmail.com,+91 90671 99770,03-02-2025,LOC0033,4.7,Office Supplies,Kotak Mahindra Bank,72361467146,KKBK5952495
SELL4547,Kapoor-Shankar,kapoor-shankar4429@gmail.com,+91 87192 43257,27-10-2023,LOC0076,3.9,Bags & Luggage,HDFC Bank,467949794,HDFC3760709
SELL4548,"Buch, Barad and Dugal",buchbaradanddugal310@gmail.com,+91 76456 15695,10-07-2022,LOC0022,4.3,Stationery,HDFC Bank,2.6218E+12,HDFC6453071
SELL4549,Ravel-Hayer,ravel-hayer7490@gmail.com,+91 91211 10676,29-09-2025,LOC0068,4.7,Pets,Union Bank of India,6.04994E+12,UBIN5866984
SELL4550,Vohra Inc,vohrainc638@gmail.com,+91 68998 32755,20-09-2025,LOC0017,4.9,Toys,Punjab National Bank,8.3107E+12,PUNB9776303
SELL4551,Divan Inc,divaninc2188@gmail.com,+91 63455 49761,26-03-2022,LOC0009,3.5,Clothing,Punjab National Bank,1.81714E+12,PUNB7069911
SELL4552,Jain-Maharaj,jain-maharaj@gmail.com,+91 85678 16901,07-12-2024,LOC0011,1.2,Bags & Luggage,ICICI Bank,4.84915E+13,ICIC1229494
SELL4553,Varkey-Chaudry,varkey-chaudry@gmail.com,+91 64213 18445,23-09-2021,LOC0057,4.6,Footwear,Union Bank of India,2.53159E+11,UBIN3680993
SELL4554,Vora Inc,vorainc4917@gmail.com,+91 88363 55353,09-09-2025,LOC0018,1,Home,Union Bank of India,9.71247E+11,UBIN9525034
SELL4555,Yadav-Dayal,yadav-dayal9049@gmail.com,+91 86886 57765,06-07-2022,LOC0015,4.2,Bags & Luggage,Axis Bank,2.54861E+11,UTIB6746703
SELL4556,Hegde-Sarkar,hegde-sarkar2257@gmail.com,+91 86486 32725,20-04-2023,LOC0079,3.3,Pets,HDFC Bank,6010774009,HDFC6872031
SELL4557,Golla PLC,gollaplc7453@gmail.com,+91 83066 86951,10-10-2022,LOC0033,2.6,Home,Canara Bank,9235694099,CNRB9248477
SELL4558,Konda-Barad,konda-barad2813@gmail.com,+91 78601 42552,26-10-2022,LOC0081,1.3,Baby,Punjab National Bank,5112803852,PUNB9641907
SELL4559,Dutt Inc,duttinc7675@gmail.com,+91 85905 93321,16-08-2025,LOC0108,4.8,Stationery,Axis Bank,99689632134,UTIB8149234
SELL4560,Gupta-Subramaniam,gupta-subramaniam@gmail.com,+91 77157 74101,08-01-2025,LOC0097,2.9,Gaming,HDFC Bank,4.02327E+11,HDFC8234697
SELL4561,Yogi-Rajan,yogi-rajan@gmail.com,+91 90805 55958,24-01-2026,LOC0064,4.9,Electronics,State Bank of India,8.83876E+12,SBIN3194915
SELL4562,"Anand, Lalla and Bedi",anandlallaandbedi@gmail.com,+91 95925 97099,14-04-2023,LOC0104,3.5,Home,Canara Bank,55552013696,CNRB9356717
SELL4563,"Basu, Ganguly and Kar",basugangulyandkar465@gmail.com,+91 61713 06137,05-10-2022,LOC0099,4,Clothing,State Bank of India,8.09873E+11,SBIN5012558
